,pv01_3Y,pv01_10Y,dv01_3Y,dv01_10Y,face_3Y,face_10Y,face_total,margin
2017-01-06,29266,91619,0,0,0,0,0,0
2017-01-09,29261,91502,0,0,0,0,0,0
2017-01-10,29267,91664,0,0,0,0,0,0
2017-01-11,29265,91637,0,0,0,0,0,0
2017-01-12,29281,91908,0,0,0,0,0,0
2017-01-13,29275,91804,0,0,0,0,0,0
2017-01-16,29268,91696,0,0,0,0,0,0
2017-01-17,29270,91730,0,0,0,0,0,0
2017-01-18,29263,91631,0,0,0,0,0,0
2017-01-19,29253,91451,0,0,0,0,0,0
2017-01-20,29265,91643,0,0,0,0,0,0
2017-01-23,29264,91632,0,0,0,0,0,0
2017-01-24,29268,91697,0,0,0,0,0,0
2017-01-25,29259,91562,0,0,0,0,0,0
2017-01-26,29241,91311,0,0,0,0,0,0
2017-01-31,29248,91433,0,0,0,0,0,0
2017-02-01,29243,91362,0,0,0,0,0,0
2017-02-02,29246,91388,0,0,0,0,0,0
2017-02-03,29241,91303,0,0,0,0,0,0
2017-02-06,29248,91384,0,0,0,0,0,0
2017-02-07,29254,91457,0,0,0,0,0,0
2017-02-08,29258,91522,0,0,0,0,0,0
2017-02-09,29250,91429,0,0,0,0,0,0
2017-02-10,29249,91463,0,0,0,0,0,0
2017-02-13,29246,91465,0,0,0,0,0,0
2017-02-14,29247,91501,0,0,0,0,0,0
2017-02-15,29239,91415,0,0,0,0,0,0
2017-02-16,29241,91441,0,0,0,0,0,0
2017-02-17,29243,91450,0,0,0,0,0,0
2017-02-20,29238,91312,0,0,0,0,0,0
2017-02-21,29239,91307,0,0,0,0,0,0
2017-02-22,29230,91189,0,0,0,0,0,0
2017-02-23,29239,91323,0,0,0,0,0,0
2017-02-24,29238,91353,0,0,0,0,0,0
2017-02-27,29237,91393,0,0,0,0,0,0
2017-02-28,29237,91385,0,0,0,0,0,0
2017-03-02,29223,91185,0,0,0,0,0,0
2017-03-03,29225,91188,0,0,0,0,0,0
2017-03-06,29219,91103,0,0,0,0,0,0
2017-03-07,29200,90851,0,0,0,0,0,0
2017-03-08,29206,90950,0,0,0,0,0,0
2017-03-09,29204,90874,0,0,0,0,0,0
2017-03-10,29210,90882,0,0,0,0,0,0
2017-03-13,29214,90927,0,0,0,0,0,0
2017-03-14,29214,90917,0,0,0,0,0,0
2017-03-15,29214,90967,0,0,0,0,0,0
2017-03-16,29231,91286,0,0,0,0,0,0
2017-03-17,29232,91293,0,0,0,0,0,0
2017-03-20,29229,91246,0,0,0,0,0,0
2017-03-21,29229,91237,0,0,0,0,0,0
2017-03-22,29236,91389,0,0,0,0,0,0
2017-03-23,29236,91384,0,0,0,0,0,0
2017-03-24,29230,91263,0,0,0,0,0,0
2017-03-27,29240,91430,0,0,0,0,0,0
2017-03-28,29234,91389,0,0,0,0,0,0
2017-03-29,29242,91420,0,0,0,0,0,0
2017-03-30,29242,91360,0,0,0,0,0,0
2017-03-31,29239,91326,0,0,0,0,0,0
2017-04-03,29242,91367,0,0,0,0,0,0
2017-04-04,29251,91517,0,0,0,0,0,0
2017-04-05,29251,91485,0,0,0,0,0,0
2017-04-06,29241,91316,0,0,0,0,0,0
2017-04-07,29247,91381,0,0,0,0,0,0
2017-04-10,29240,91274,0,0,0,0,0,0
2017-04-11,29252,91463,0,0,0,0,0,0
2017-04-12,29255,91471,0,0,0,0,0,0
2017-04-13,29260,91573,0,0,0,0,0,0
2017-04-14,29256,91540,0,0,0,0,0,0
2017-04-17,29260,91620,0,0,0,0,0,0
2017-04-18,29260,91633,0,0,0,0,0,0
2017-04-19,29263,91730,0,0,0,0,0,0
2017-04-20,29262,91746,1789575,1479858,6115795063,1613000219,7728795282,386439764
2017-04-21,29253,91603,1652230,1491445,5648127033,1628163081,7276290114,363814506
2017-04-24,29241,91433,1543144,1395971,5277251058,1526769434,6804020491,340201025
2017-04-25,29242,91425,1246109,1325068,4261355057,1449342764,5710697822,285534891
2017-04-26,29241,91373,194859,1189358,666386482,1301657531,1968044013,98402201
2017-04-27,29245,91397,443175,476326,1515409779,521160323,2036570102,101828505
2017-04-28,29245,91407,730208,637863,2496883495,697827642,3194711137,159735557
2017-05-02,29238,91269,393181,705549,1344744449,773044549,2117788997,105889450
2017-05-04,29245,91364,371493,659398,1270291478,721729520,1992020998,99601050
2017-05-08,29238,91257,287260,553808,982482503,606863715,1589346218,79467311
2017-05-10,29225,91042,-2373317,-1091872,8120814041,1199305833,9320119874,466005994
2017-05-11,29229,91072,-2252388,-1139824,7705920317,1251566117,8957486434,447874322
2017-05-12,29239,91197,-1938196,-1117948,6628826102,1225864781,7854690882,392734544
2017-05-15,29240,91191,-1666433,-980595,5699114257,1075317140,6774431397,338721570
2017-05-16,29242,91217,-1407269,-1163509,4812482795,1275537675,6088020470,304401023
2017-05-17,29255,91434,-1291387,-1892905,4414314711,2070236721,6484551431,324227572
2017-05-18,29254,91413,-2857512,-1979057,9768005510,2164951793,11932957303,596647865
2017-05-19,29261,91569,746607,-1855792,2551501384,2026668815,4578170199,228908510
2017-05-22,29255,91467,537105,-900556,1835914112,984569912,2820484024,141024201
2017-05-23,29260,91551,338462,-1113351,1156736851,1216104209,2372841059,118642053
2017-05-24,29254,91477,694164,-1309330,2372870809,1431313266,3804184075,190209204
2017-05-25,29257,91547,1190949,-1177135,4070580675,1285821951,5356402625,267820131
2017-05-26,29257,91524,1307662,-677241,4469539377,739961237,5209500614,260475031
2017-05-29,29253,91417,1447166,848934,4947149814,928639336,5875789149,293789457
2017-05-30,29256,91477,1536019,971148,5250317990,1061632384,6311950375,315597519
2017-05-31,29253,91456,1754527,1107763,5997697016,1211254647,7208951662,360447583
2017-06-01,29262,91553,1784721,1213692,6099166463,1325674252,7424840714,371242036
2017-06-02,29264,91577,1745067,1191013,5963109942,1300552773,7263662715,363183136
2017-06-05,29270,91689,1887084,1074090,6447200444,1171449907,7618650352,380932518
2017-06-07,29271,91752,2087981,1092039,7133363351,1190213145,8323576496,416178825
2017-06-08,29266,91689,2139749,1100875,7311359850,1200655995,8512015845,425600792
2017-06-09,29266,91687,2255161,1118654,7705812915,1220076912,8925889827,446294491
2017-06-12,29248,91479,1694300,860042,5792919021,940156915,6733075936,336653797
2017-06-13,29255,91608,1395043,826702,4768589177,902432656,5671021833,283551092
2017-06-14,29251,91634,1043038,859365,3565781161,937823417,4503604579,225180229
2017-06-15,29253,91762,448940,1087661,1534676540,1185309438,2719985978,135999299
2017-06-16,29245,91618,607798,1158669,2078300864,1264678442,3342979306,167148965
2017-06-19,29247,91643,538485,1299658,1841178135,1418168347,3259346482,162967324
2017-06-20,29245,91614,300070,1436359,1026062535,1567835030,2593897565,129694878
2017-06-21,29241,91614,176159,1638918,602428413,1788930108,2391358522,119567926
2017-06-22,29239,91635,-47176,1696112,161343399,1850937344,2012280743,100614037
2017-06-23,29240,91633,-2218878,1746464,7588394625,1905931473,9494326099,474716305
2017-06-26,29239,91638,-2426530,1854579,8298980217,2023807751,10322787968,516139398
2017-06-27,29240,91655,-2825913,1865854,9664665422,2035740729,11700406150,585020308
2017-06-28,29227,91414,-2703442,1434133,9249892986,1568837926,10818730911,540936546
2017-06-29,29228,91381,-2600933,882316,8898889267,965540758,9864430025,493221501
2017-06-30,29227,91278,-2646100,692017,9053509779,758140788,9811650567,490582528
2017-07-03,29224,91207,-2910410,335203,9958953506,367517258,10326470764,516323538
2017-07-04,29219,91109,-2398087,479445,8207216827,526234850,8733451677,436672584
2017-07-05,29219,91105,-4683362,-1096283,16028256058,1203314003,17231570061,861578503
2017-07-06,29217,91093,-5438369,-1129753,18613688895,1240219906,19853908801,992695440
2017-07-07,29205,90849,-5594236,-1173327,19154905132,1291515285,20446420416,1022321021
2017-07-10,29214,90961,-5660346,-1252066,19375751568,1376488381,20752239948,1037611997
2017-07-11,29212,90976,-5889491,-1556961,20160950717,1711391351,21872342068,1093617103
2017-07-12,29213,90995,-5914537,-1819809,20246352286,1999896036,22246248323,1112312416
2017-07-13,29218,91123,-5770707,-1897458,19750189226,2082305899,21832495124,1091624756
2017-07-14,29216,91097,-5784211,-2037469,19797765136,2236597047,22034362183,1101718109
2017-07-17,29214,91015,-5801168,-2105603,19857658743,2313466774,22171125517,1108556276
2017-07-18,29216,91079,-5826572,-2145454,19943250871,2355609093,22298859964,1114942998
2017-07-19,29216,91116,-5883126,-2157342,20136435272,2367695524,22504130796,1125206540
2017-07-20,29220,91188,-5836172,-2103001,19973113672,2306226634,22279340306,1113967015
2017-07-21,29224,91245,-5868607,-1940549,20081564300,2126747156,22208311456,1110415573
2017-07-24,29225,91267,-5567731,-921833,19051058236,1010041571,20061099807,1003054990
2017-07-25,29230,91314,-4415424,-1218347,15105747746,1334234407,16439982154,821999108
2017-07-26,29226,91217,-4658242,-1933490,15938936236,2119650933,18058587170,902929358
2017-07-27,29231,91314,-4207813,-1627663,14394910480,1782497967,16177408447,808870422
2017-07-28,29228,91280,-3723281,-1341053,12738732568,1469169295,14207901863,710395093
2017-07-31,29228,91282,-3399766,-1237188,11631867772,1355345996,12987213768,649360688
2017-08-01,29224,91188,-3442432,-1254308,11779390548,1375515346,13154905894,657745295
2017-08-02,29226,91216,-3479631,-1318510,11905825206,1445483431,13351308638,667565432
2017-08-03,29225,91195,-3637082,-1528176,12445062308,1675717227,14120779535,706038977
2017-08-04,29226,91216,-4779850,-2346305,16354831123,2572240618,18927071741,946353587
2017-08-07,29214,91044,-4999376,-2634299,17112973564,2893419137,20006392702,1000319635
2017-08-08,29202,90931,-6104358,-3260259,20903589547,3585411320,24489000867,1224450043
2017-08-09,29192,90843,-6071424,-3174783,20798553117,3494788047,24293341164,1214667058
2017-08-10,29201,90966,-6473768,-3348384,22169397920,3680901136,25850299056,1292514953
2017-08-11,29209,91065,-6523282,-3357058,22333451754,3686427544,26019879299,1300993965
2017-08-14,29207,91055,-6949468,-3658147,23793836762,4017518114,27811354876,1390567744
2017-08-16,29198,90938,-7067917,-3792677,24206611271,4170596412,28377207683,1418860384
2017-08-17,29203,90983,-7054430,-3862055,24156379870,4244804955,28401184825,1420059241
2017-08-18,29204,90980,-7109856,-3921232,24345196762,4309999573,28655196336,1432759817
2017-08-21,29202,90972,-7166815,-3929678,24541798249,4319641870,28861440120,1443072006
2017-08-22,29195,90939,-7035291,-3854835,24097277045,4238911706,28336188750,1416809438
2017-08-23,29198,90982,-7007357,-3795892,23999151911,4172157477,28171309388,1408565469
2017-08-24,29197,90960,-7029502,-3760771,24075911701,4134535575,28210447276,1410522364
2017-08-25,29207,91086,-5574556,-2690111,19086223902,2953374116,22039598018,1101979901
2017-08-28,29207,91096,-6499858,-3108169,22254081643,3411952159,25666033802,1283301690
2017-08-29,29210,91101,-5043653,-1787063,17266884572,1961631706,19228516278,961425814
2017-08-30,29216,91161,-5100758,-2759019,17458544305,3026533946,20485078252,1024253913
2017-08-31,29215,91125,-5353192,-2611850,18323173147,2866213741,21189386887,1059469344
2017-09-01,29213,91098,-5030025,-2458600,17218209345,2698857143,19917066488,995853324
2017-09-04,29207,91005,-4605944,-2359291,15770030087,2592480902,18362510989,918125549
2017-09-05,29209,91021,-4614351,-2610298,15797633785,2867805804,18665439589,933271979
2017-09-06,29212,91091,-4704450,-2057629,16104386267,2258865730,18363251998,918162600
2017-09-07,29215,91150,-4701910,-2025576,16093992931,2222251742,18316244672,915812234
2017-09-08,29223,91277,-2847898,-2250643,9745561463,2465734102,12211295565,610564778
2017-09-11,29220,91235,-2982278,-2393876,10206271188,2623855981,12830127169,641506358
2017-09-12,29222,91289,-3057097,-2399869,10461650546,2628869185,13090519731,654525987
2017-09-13,29224,91325,-3182458,-2316189,10889886970,2536217136,13426104106,671305205
2017-09-14,29222,91285,-3317379,-1083742,11352191290,1187207932,12539399223,626969961
2017-09-15,29222,91287,-3289802,-1148422,11257960144,1258034308,12515994452,625799723
2017-09-18,29219,91242,-1297723,-1210950,4441435521,1327188123,5768623644,288431182
2017-09-19,29203,91076,-1414531,-1240197,4843800553,1361718887,6205519440,310275972
2017-09-20,29207,91125,-2063860,-1108900,7066225682,1216897336,8283123018,414156151
2017-09-21,29200,91086,-3094767,-1294459,10598343727,1421146093,12019489820,600974491
2017-09-22,29201,91105,-3064641,-1925512,10494810246,2113512657,12608322903,630416145
2017-09-25,29196,91050,-3312975,-1613965,11347408667,1772612787,13120021455,656001073
2017-09-26,29180,90882,-4757307,-1354771,16303078739,1490698614,17793777353,889688868
2017-09-27,29155,90573,-4649513,-1874311,15947698998,2069393128,18017092126,900854606
2017-09-28,29152,90501,-5103248,-2796197,17505709526,3089698954,20595408480,1029770424
2017-09-29,29158,90594,-5341521,-2869603,18319037677,3167535536,21486573213,1074328661
2017-10-10,29145,90387,-5278025,-3323277,18109692417,3676706440,21786398858,1089319943
2017-10-11,29150,90442,-5430595,-3647291,18629966103,4032718524,22662684627,1133134231
2017-10-12,29158,90540,-5420573,-3841004,18590428760,4242331764,22832760524,1141638026
2017-10-13,29153,90507,-5583726,-4104904,19153251563,4535462537,23688714101,1184435705
2017-10-16,29142,90427,-5552552,-4374761,19053339979,4837908333,23891248312,1194562416
2017-10-17,29137,90411,-5548285,-4506858,19041761934,4984833323,24026595257,1201329763
2017-10-18,29137,90429,-5572823,-4635618,19126462977,5126256665,24252719642,1212635982
2017-10-19,29103,90151,-4146255,-3858443,14246850782,4279968638,18526819420,926340971
2017-10-20,29066,89909,-3353007,-3427852,11535868883,3812566474,15348435357,767421768
2017-10-23,29094,90061,-3047367,-3291701,10474328165,3654950771,14129278936,706463947
2017-10-24,29091,89985,-2494104,-2693977,8573494473,2993803397,11567297870,578364893
2017-10-25,29084,89816,-2467837,-2591196,8485172645,2885016838,11370189483,568509474
2017-10-26,29067,89610,-2894160,-3053280,9956977458,3407282565,13364260023,668213001
2017-10-27,29074,89705,-2849975,-3007125,9802557563,3352241838,13154799401,657739970
2017-10-30,29071,89711,-2319926,-2458541,7980284822,2740518212,10720803035,536040152
2017-10-31,29058,89548,-2260722,-2349423,7780025874,2623635587,10403661461,520183073
2017-11-01,29066,89666,-2212327,-2286577,7611270033,2550108785,10161378818,508068941
2017-11-02,29071,89762,-2198766,-2260055,7563452372,2517834463,10081286835,504064342
2017-11-03,29067,89710,-2199248,-2262417,7566108427,2521924757,10088033184,504401659
2017-11-06,29064,89650,-2208937,-2271362,7600338167,2533601580,10133939746,506696987
2017-11-07,29070,89758,-2174810,-2224368,7481222031,2478171755,9959393786,497969689
2017-11-08,29064,89757,-2200122,-2273933,7569834068,2533440881,10103274949,505163747
2017-11-09,29064,89734,-2213017,-2285216,7614243953,2546648287,10160892240,508044612
2017-11-10,29064,89734,-2215620,-2282105,7623199305,2543180855,10166380160,508319008
2017-11-13,29055,89599,-2220768,-2257435,7643208470,2519478435,10162686905,508134345
2017-11-14,29038,89482,-2192953,-2254694,7551910107,2519719439,10071629546,503581477
2017-11-15,29049,89648,-2129702,-2141567,7331504956,2388850689,9720355645,486017782
2017-11-16,29045,89593,-2133916,-2105857,7346926780,2350479440,9697406219,484870311
2017-11-17,29054,89647,-2114881,-2052941,7279209419,2290020899,9569230318,478461516
2017-11-20,29064,89749,-2048619,-1910970,7048606333,2129228151,9177834484,458891724
2017-11-21,29065,89715,-1921112,-1811929,6609673488,2019657435,8629330923,431466546
2017-11-22,29059,89693,-1839090,-1760920,6328872216,1963285469,8292157685,414607884
2017-11-23,29069,89814,-1596941,-1718474,5493622616,1913366497,7406989112,370349456
2017-11-24,29060,89738,-1639375,-1684003,5641284014,1876583967,7517867981,375893399
2017-11-27,29066,89784,-1651737,-1650828,5682746500,1838671624,7521418124,376070906
2017-11-28,29076,89912,-1581469,-1612004,5439057746,1792866367,7231924113,361596206
2017-11-29,29080,89949,-1493020,-1554514,5134168457,1728214376,6862382833,343119142
2017-11-30,29082,89958,-1375564,-1476358,4729914331,1641163648,6371077979,318553899
2017-12-01,29078,89909,-1290721,-1430252,4438749246,1590772384,6029521630,301476081
2017-12-04,29077,89917,-1291494,-1410875,4441617805,1569088292,6010706097,300535305
2017-12-05,29067,89827,-1287762,-1369501,4430308563,1524589761,5954898324,297744916
2017-12-06,29073,89934,-595788,-614255,2049310703,683008871,2732319575,136615979
2017-12-07,29071,89894,-670709,-689984,2307165259,767554913,3074720172,153736009
2017-12-08,29070,89904,-743709,-763054,2558328017,848745093,3407073111,170353656
2017-12-11,29070,89936,-828826,-859038,2851145565,955170276,3806315841,190315792
2017-12-12,29074,90001,-927221,-958781,3189204632,1065301665,4254506297,212725315
2017-12-13,29072,90007,-795127,-838353,2735025498,931428397,3666453894,183322695
2017-12-14,29068,89980,-681650,-709923,2345050631,788976288,3134026919,156701346
2017-12-15,29067,90041,-661469,-602529,2275648552,669172386,2944820938,147241047
2017-12-18,29061,89973,-656342,-570020,2258488942,633548943,2892037885,144601894
2017-12-19,29057,89908,-775109,-569630,2667549291,633571573,3301120865,165056043
2017-12-20,29062,89879,-997348,-577572,3431757743,642610130,4074367873,203718394
2017-12-21,29059,89846,-993801,-676399,3419901259,752840076,4172741335,208637067
2017-12-22,29048,89763,-1203951,-1127452,4144695313,1256030891,5400726204,270036310
2017-12-26,29046,89733,-1372689,-1002166,4725857959,1116828835,5842686793,292134340
2017-12-27,29039,89661,-1485594,-1084686,5115936078,1209765165,6325701244,316285062
2017-12-28,29047,89791,-1933701,-353110,6657128254,393257528,7050385782,352519289
2017-12-29,29047,89791,-1982275,-435976,6824352048,485545537,7309897584,365494879
2018-01-02,29053,89770,-1948528,-532008,6706717702,592635032,7299352733,364967637
2018-01-03,29053,89719,-1916583,-708789,6596810187,790006619,7386816807,369340840
2018-01-04,29047,89628,-1916957,-1634222,6599425428,1823345702,8422771130,421138557
2018-01-05,29052,89697,-1863596,-2060838,6414762671,2297559107,8712321778,435616089
2018-01-08,29043,89592,-1804190,-1953769,6212073239,2180729029,8392802268,419640113
2018-01-09,29037,89503,-1827596,-1829201,6294077906,2043739955,8337817861,416890893
2018-01-10,29025,89308,-1884782,-1710877,6493656664,1915701013,8409357677,420467884
2018-01-11,29036,89460,-1934895,-1746973,6663829169,1952803973,8616633143,430831657
2018-01-12,29029,89384,-2014506,-1817926,6939723979,2033842551,8973566530,448678327
2018-01-15,29005,89189,-2498274,-2356834,8613302323,2642511756,11255814079,562790704
2018-01-16,29010,89277,-2824988,-2480646,9737868711,2778582303,12516451014,625822551
2018-01-17,29020,89375,-3006437,-2476435,10359941913,2770849301,13130791214,656539561
2018-01-18,29040,89491,-2840446,-2415213,9781313060,2698831748,12480144809,624007240
2018-01-19,29039,89392,-2855059,-2487754,9831689420,2782959375,12614648795,630732440
2018-01-22,29031,89330,-3027649,-2614049,10429133641,2926271832,13355405473,667770274
2018-01-23,29034,89361,-3079901,-2684522,10608072739,3004117056,13612189795,680609490
2018-01-24,29032,89354,-3073626,-2735107,10586908818,3060987056,13647895874,682394794
2018-01-25,29029,89318,-3148808,-2909648,10847197072,3257644952,14104842025,705242101
2018-01-26,29025,89241,-3174993,-2949839,10938966012,3305463000,14244429012,712221451
2018-01-29,28997,88907,-2564846,-2415819,8845106051,2717252015,11562358066,578117903
2018-01-30,28996,88804,-2562246,-2388695,8836528778,2689842535,11526371313,576318566
2018-01-31,29011,88926,-2449454,-2320607,8443089591,2609606746,11052696337,552634817
2018-02-01,29020,88979,-2431397,-2343022,8378208783,2633215357,11011424140,550571207
2018-02-02,29026,89011,-2369091,-2348451,8161971087,2638373729,10800344817,540017241
2018-02-05,29016,88821,-2280505,-2222574,7859403223,2502320604,10361723827,518086191
2018-02-06,29030,89026,-2101757,-2068475,7239935740,2323461865,9563397606,478169880
2018-02-07,29040,89226,-2011224,-2005522,6925731892,2247691679,9173423572,458671179
2018-02-08,29024,89024,-1950988,-1928929,6721877485,2166745230,8888622715,444431136
2018-02-09,29023,89005,-1962505,-1976361,6761799192,2220517622,8982316814,449115841
2018-02-12,29015,88845,-1726377,-1917141,5949894215,2157859585,8107753800,405387690
2018-02-13,29026,88964,-1999782,-1883746,6889623130,2117431524,9007054654,450352733
2018-02-14,29026,89014,-2005296,-1889954,6908517586,2123217528,9031735114,451586756
2018-02-19,29012,88826,-1926588,-1828543,6640684697,2058559000,8699243698,434962185
2018-02-20,29008,88785,-1919381,-1828696,6616789845,2059691953,8676481798,433824090
2018-02-21,29010,88807,-1942636,-1848424,6696432122,2081401478,8777833600,438891680
2018-02-22,29013,88828,-1924573,-1848920,6633391630,2081458343,8714849973,435742499
2018-02-23,29016,88854,-1907764,-1861063,6574923628,2094510815,8669434443,433471722
2018-02-26,29025,88998,-1834108,-1763687,6319037145,1981721173,8300758318,415037916
2018-02-27,29027,89057,-1900439,-1666348,6547197705,1871098736,8418296441,420914822
2018-02-28,29023,89033,-1799247,-1639911,6199402541,1841914416,8041316957,402065848
2018-03-02,29006,88955,-1175144,-1000903,4051369021,1125179919,5176548940,258827447
2018-03-05,29008,89050,-1119980,-1025620,3860870015,1151734452,5012604467,250630223
2018-03-06,29011,89064,-1354318,-1058421,4668367874,1188379277,5856747151,292837358
2018-03-07,29012,89138,-1338592,-1001393,4613859027,1123419148,5737278175,286863909
2018-03-08,29012,89112,-1351463,-996357,4658210536,1118097143,5776307679,288815384
2018-03-09,29007,89033,-1318002,-963937,4543694312,1082672727,5626367039,281318352
2018-03-12,29007,88978,-1279013,-868468,4409321114,976048073,5385369187,269268459
2018-03-13,29010,89007,-1235743,-820092,4259689091,921376144,5181065234,259053262
2018-03-14,29019,89123,-1117955,-787627,3852464103,883754700,4736218803,236810940
2018-03-15,29022,89148,-1093331,-304071,3767263492,341084454,4108347945,205417397
2018-03-16,29021,89132,-1024383,-344663,3529771429,386686343,3916457772,195822889
2018-03-19,29022,89105,-917943,-387644,3162963115,435041711,3598004827,179900241
2018-03-20,29019,89095,-888298,-437104,3061113233,490605325,3551718558,177585928
2018-03-21,29018,89094,-890788,-482715,3069733374,541803391,3611536765,180576838
2018-03-22,29029,89212,-726513,-519617,2502751528,582449147,3085200675,154260034
2018-03-23,29038,89349,-711784,-433042,2451215779,484661990,2935877769,146793888
2018-03-26,29030,89203,-631039,-352938,2173753442,395657739,2569411181,128470559
2018-03-27,29029,89239,-500299,-257799,1723444606,288887683,2012332289,100616614
2018-03-28,29035,89361,-369064,-253380,1271119466,283546363,1554665829,77733291
2018-03-29,29035,89372,-335252,254731,1154632646,285023879,1439656524,71982826
2018-03-30,29038,89434,135277,205286,465858499,229539236,695397735,34769887
2018-04-02,29035,89385,-524973,-357454,1808041291,399903713,2207945004,110397250
2018-04-03,29046,89451,-559645,-413474,1926783985,462235634,2389019620,119450981
2018-04-04,29055,89555,-603077,-468385,2075608103,523016096,2598624198,129931210
2018-04-05,29050,89457,-538400,-516869,1853346186,577783483,2431129669,121556483
2018-04-06,29059,89621,-457102,-465033,1573005663,518890304,2091895967,104594798
2018-04-09,29056,89597,-420854,-442200,1448440725,493541506,1941982230,97099112
2018-04-10,29054,89602,-364027,-400048,1252943292,446469692,1699412984,84970649
2018-04-11,29056,89688,-315890,-348961,1087182532,389084789,1476267320,73813366
2018-04-12,29054,89702,-353168,-330542,1215577106,368486947,1584064052,79203203
2018-04-13,29048,89599,-364341,-294352,1254254423,328521331,1582775754,79138788
2018-04-16,29044,89536,-373474,-299534,1285878826,334539418,1620418244,81020912
2018-04-17,29042,89495,-384839,-301018,1325110410,336352087,1661462498,83073125
2018-04-18,29039,89469,-388069,-307734,1336381526,343957324,1680338850,84016942
2018-04-19,29039,89474,-467037,-325232,1608319988,363494361,1971814349,98590717
2018-04-20,29034,89394,-1033069,-843070,3558132829,943091924,4501224753,225061238
2018-04-23,29021,89189,-824165,-647761,2839904936,726275363,3566180299,178309015
2018-04-24,29023,89203,-848222,-677626,2922564955,759641493,3682206448,184110322
2018-04-25,29012,89029,-960620,-762453,3311070547,856413047,4167483594,208374180
2018-04-26,29022,89117,-1199425,-909140,4132823454,1020159568,5152983022,257649151
2018-04-27,29031,89281,-1261356,-931121,4344864327,1042907457,5387771784,269388589
2018-04-30,29026,89219,-2173686,-1581559,7488640223,1772679818,9261320041,463066002
2018-05-02,29023,89127,-1258813,-887196,4337288456,995431480,5332719936,266635997
2018-05-03,29017,89077,-1180976,-834057,4069881217,936329549,5006210766,250310538
2018-05-04,29008,89023,-1103677,-806757,3804671431,906238179,4710909610,235545480
2018-05-08,29001,88980,-1033669,-773005,3564268261,868739813,4433008074,221650404
2018-05-09,28998,88932,-1932282,-752789,6663518278,846478346,7509996625,375499831
2018-05-10,29004,89016,-2033764,-859761,7012094374,965847748,7977942122,398897106
2018-05-11,29001,88984,-2077355,-1717426,7163084744,1930039421,9093124165,454656208
2018-05-14,28992,88916,-2053612,-1828985,7083348010,2056975697,9140323707,457016185
2018-05-15,28989,88834,-1167618,-1083468,4027850038,1219648926,5247498964,262374948
2018-05-16,28999,88946,-1175559,-1100880,4053846762,1237690636,5291537399,264576870
2018-05-17,29006,88942,-1167744,-1091077,4025877709,1226730164,5252607873,262630394
2018-05-18,29024,89129,-1040461,-969375,3584791184,1087608794,4672399978,233619999
2018-05-21,29013,89030,-954348,-900931,3289342121,1011939859,4301281980,215064099
2018-05-23,29020,89115,-816380,-782465,2813208304,878039796,3691248100,184562405
2018-05-24,29032,89228,-391979,-591567,1350154470,662986853,2013141323,100657066
2018-05-25,29028,89196,-491308,-350729,1692539140,393211172,2085750312,104287516
2018-05-28,29030,89211,-528382,-411909,1820102394,461723999,2281826393,114091320
2018-05-29,29041,89354,-405436,-423320,1396085556,473757634,1869843189,93492159
2018-05-30,29039,89332,-292285,-304100,1006512684,340414406,1346927090,67346354
2018-05-31,29038,89340,-144058,-158631,496109679,177558737,673668416,33683421
2018-06-01,29036,89303,819275,-136049,2821577047,152345055,2973922102,148696105
2018-06-04,29029,89196,759406,-152952,2616012043,171479496,2787491539,139374577
2018-06-05,29032,89261,692295,-165556,2384572262,185474079,2570046341,128502317
2018-06-07,29025,89147,594228,536873,2047283117,602234375,2649517491,132475875
2018-06-08,29035,89280,500923,453177,1725250015,507588376,2232838391,111641920
2018-06-11,29030,89200,818450,367972,2819299638,412524068,3231823706,161591185
2018-06-12,29033,89260,808573,289933,2785038455,324819367,3109857822,155492891
2018-06-14,29018,89201,763765,198921,2632054987,223001624,2855056611,142752831
2018-06-15,29029,89347,710175,108771,2446401599,121740727,2568142326,128407116
2018-06-18,29035,89443,800359,94685,2756547677,105861412,2862409089,143120454
2018-06-19,29042,89565,927156,765831,3192458742,855053144,4047511886,202375594
2018-06-20,29041,89554,1105214,921847,3805738627,1029374289,4835112916,241755646
2018-06-21,29046,89632,1265279,1071671,4356088075,1195634502,5551722577,277586129
2018-06-22,29044,89571,1241127,1092504,4273233468,1219702380,5492935848,274646792
2018-06-25,29049,89626,1397057,1140010,4809320760,1271970061,6081290821,304064541
2018-06-26,29048,89595,1434486,1160265,4938357651,1295014274,6233371925,311668596
2018-06-27,29059,89782,1465801,1137586,5044166050,1267052468,6311218517,315560926
2018-06-28,29061,89811,1501327,1155674,5166081482,1286787995,6452869478,322643474
2018-06-29,29060,89800,1619964,1258678,5574511150,1401648906,6976160056,348808003
2018-07-02,29073,89941,1710897,1355693,5884880335,1507308667,7392189002,369609450
2018-07-03,29064,89779,1765543,1397977,6074611219,1557133685,7631744904,381587245
2018-07-04,29075,89934,1823678,1476137,6272279147,1641364606,7913643754,395682188
2018-07-05,29080,89966,1899019,1544811,6530386496,1717097468,8247483964,412374198
2018-07-06,29074,89918,2013539,1638505,6925521151,1822223707,8747744858,437387243
2018-07-09,29071,89896,2091139,1710525,7193194898,1902784483,9095979381,454798969
2018-07-10,29070,89894,2107936,1721828,7251254202,1915400974,9166655176,458332759
2018-07-11,29082,90061,2046196,1679772,7036007700,1865153917,8901161617,445058081
2018-07-12,29059,89863,1914472,1625173,6588336799,1808495136,8396831935,419841597
2018-07-13,29054,89814,1928098,1644939,6636156086,1831486722,8467642808,423382140
2018-07-16,29060,89865,1940663,1659133,6678043639,1846250533,8524294172,426214709
2018-07-17,29062,89846,1908843,1685423,6568137265,1875903362,8444040628,422202031
2018-07-18,29064,89918,1278730,1679073,4399688038,1867346253,6267034291,313351715
2018-07-19,29061,89851,1350048,1625448,4645524910,1809037952,6454562862,322728143
2018-07-20,29067,89918,1405258,1583529,4834575085,1761089904,6595664989,329783249
2018-07-23,29064,89861,1515393,1563031,5213963121,1739396443,6953359564,347667978
2018-07-24,29057,89740,1552055,1338880,5341340064,1491954180,6833294244,341664712
2018-07-25,29061,89807,1521728,1338090,5236334297,1489963921,6726298219,336314911
2018-07-26,29060,89789,1625146,1413662,5592393526,1574421335,7166814862,358340743
2018-07-27,29042,89666,1407181,1292648,4845306655,1441630914,6286937568,314346878
2018-07-30,29039,89651,1368851,1282489,4713801605,1430542679,6144344284,307217214
2018-07-31,29040,89687,1328373,1184612,4574223223,1320828723,5895051946,294752597
2018-08-01,29044,89629,520355,460424,1791628297,513697223,2305325520,115266276
2018-08-02,29046,89655,549742,482593,1892632964,538279290,2430912254,121545613
2018-08-03,29053,89618,-506476,506989,1743305095,565723073,2309028168,115451408
2018-08-06,29058,89691,-436948,-476880,1503710789,531694810,2035405599,101770280
2018-08-07,29060,89741,-243048,-406104,836372455,452527151,1288899606,64444980
2018-08-08,29064,89777,476510,-314872,1639510664,350724949,1990235613,99511781
2018-08-09,29074,89930,357645,-136692,1230132002,151997863,1382129865,69106493
2018-08-10,29079,90060,453519,516367,1559601083,573358099,2132959183,106647959
2018-08-13,29078,90051,1282505,371093,4410536888,412093952,4822630840,241131542
2018-08-14,29077,90039,1484374,971041,5104981364,1078462255,6183443619,309172181
2018-08-16,29083,90134,1728471,1192073,5943158718,1322553142,7265711860,363285593
2018-08-17,29095,90294,1952502,1391269,6710698860,1540814566,8251513426,412575671
2018-08-20,29100,90362,2023891,1585195,6955018211,1754275520,8709293731,435464687
2018-08-21,29111,90460,2083871,1621951,7158449154,1793005784,8951454937,447572747
2018-08-22,29096,90308,2069204,1614036,7111564017,1787251783,8898815800,444940790
2018-08-23,29094,90296,2132470,2888341,7329709215,3198750662,10528459877,526422994
2018-08-24,29098,90358,2218850,2983890,7625404834,3302304739,10927709572,546385479
2018-08-27,29098,90370,2259583,3087940,7765333473,3416992697,11182326170,559116309
2018-08-28,29094,90316,3737893,3123876,12847745416,3458842195,16306587611,815329381
2018-08-29,29097,90298,3741955,3128730,12860205736,3464903284,16325109020,816255451
2018-08-30,29089,90231,3687827,3127935,12677679085,3466582277,16144261361,807213068
2018-08-31,29111,90482,2964545,2584740,10183623627,2856644920,13040268547,652013427
2018-09-03,29104,90402,3772765,3307362,12962935877,3658499112,16621434990,831071749
2018-09-04,29103,90396,3809380,3347584,13089314604,3703240660,16792555264,839627763
2018-09-05,29113,90544,3672112,3167829,12613401302,3498669963,16112071265,805603563
2018-09-06,29111,90505,3687420,3167181,12666930950,3499461774,16166392724,808319636
2018-09-07,29114,90551,3767256,3169487,12939673111,3500222368,16439895479,821994774
2018-09-10,29116,90600,3818824,3204851,13115905975,3537352014,16653257989,832662899
2018-09-11,29109,90520,3763227,3151314,12927929962,3481357708,16409287670,820464383
2018-09-12,29119,90599,3710930,3102497,12743936093,3424428185,16168364278,808418214
2018-09-13,29108,90509,3533003,2983544,12137450236,3296421872,15433872108,771693605
2018-09-14,29095,90366,3157896,2761498,10853808914,3055905441,13909714355,695485718
2018-09-17,29092,90325,2979229,2618050,10240680049,2898472568,13139152617,656957631
2018-09-18,29088,90245,2511939,2101518,8635544950,2328683795,10964228745,548211437
2018-09-19,29077,90083,2535736,2139240,8720824132,2374741590,11095565721,554778286
2018-09-20,29060,89848,2173158,1893577,7478220034,2107532662,9585752696,479287635
2018-09-21,29068,89964,1999345,1744775,6878123545,1939412762,8817536307,440876815
2018-09-27,29069,90099,1867809,1619314,6425363095,1797253664,8222616759,411130838
2018-09-28,29067,90130,1694751,1554822,5830439297,1725095769,7555535066,377776753
2018-10-01,29057,89989,883906,725390,3041925189,806086617,3848011806,192400590
2018-10-02,29059,89983,1060390,848496,3649136850,942955017,4592091867,229604593
2018-10-04,29042,89718,1180183,920398,4063643094,1025877108,5089520201,254476010
2018-10-05,29037,89663,1210591,1064718,4169109162,1187461805,5356570967,267828548
2018-10-08,29033,89586,291791,993543,1005037437,1109034436,2114071873,105703594
2018-10-10,29042,89718,280975,279645,967477105,311694920,1279172025,63958601
2018-10-11,29058,89909,240924,228493,829104386,254138681,1083243066,54162153
2018-10-12,29045,89786,280531,197582,965865353,220058551,1185923903,59296195
2018-10-15,29046,89846,373408,236675,1285555362,263423389,1548978751,77448938
2018-10-16,29046,89857,463847,294525,1596921180,327770159,1924691340,96234567
2018-10-17,29061,90031,515438,339029,1773654319,376570192,2150224511,107511226
2018-10-18,29071,90152,642357,523875,2209577454,581104329,2790681783,139534089
2018-10-19,29064,90047,1226694,891825,4220641416,990403894,5211045310,260552266
2018-10-22,29054,89929,1161098,837368,3996293996,931146858,4927440854,246372043
2018-10-23,29061,90025,1075694,831423,3701531290,923551730,4625083020,231254151
2018-10-24,29061,90035,1149804,917475,3956523105,1019025103,4975548208,248777410
2018-10-25,29080,90238,1170036,934178,4023515015,1035235754,5058750769,252937538
2018-10-26,29089,90357,1271357,994258,4370626075,1100369938,5470996013,273549801
2018-10-29,29129,90768,1822127,1534655,6255354598,1690739994,7946094592,397304730
2018-10-30,29107,90539,2396177,1975310,8232172582,2181722231,10413894813,520694741
2018-10-31,29099,90415,2311562,2058954,7943736302,2277235122,10220971424,511048571
2018-11-01,29098,90397,2264357,2031776,7781902646,2247626207,10029528853,501476443
2018-11-02,29079,90226,2127036,1939168,7314639251,2149223103,9463862354,473193118
2018-11-05,29080,90253,2292817,1897061,7884418596,2101944973,9986363568,499318178
2018-11-06,29076,90184,2304425,1902384,7925616005,2109452164,10035068168,501753408
2018-11-07,29088,90331,2241049,1858973,7704481672,2057958315,9762439986,488121999
2018-11-08,29089,90362,2200071,1861654,7563139925,2060215258,9623355182,481167759
2018-11-09,29092,90404,2178359,1930513,7487944754,2135420957,9623365711,481168286
2018-11-12,29097,90485,2215678,1994886,7614852165,2204671113,9819523278,490976164
2018-11-13,29096,90502,2261411,2052317,7772223046,2267707420,10039930466,501996523
2018-11-14,29099,90528,2332856,2128714,8017047845,2351445612,10368493458,518424673
2018-11-15,29089,90383,2449153,2173619,8419465023,2404907170,10824372192,541218610
2018-11-16,29095,90479,2473836,2154380,8502570296,2381082489,10883652785,544182639
2018-11-19,29100,90555,2416013,2109654,8302385115,2329695858,10632080973,531604049
2018-11-20,29098,90531,2378504,2132948,8174078341,2356038699,10530117040,526505852
2018-11-21,29095,90479,2322849,2118924,7983651881,2341889091,10325540972,516277049
2018-11-22,29099,90513,2273751,2114508,7813826378,2336131153,10149957530,507497877
2018-11-23,29105,90633,2309194,2176906,7933911190,2401891611,10335802800,516790140
2018-11-26,29105,90621,2560954,2430978,8799151333,2682583749,11481735082,574086754
2018-11-27,29107,90653,2709366,2469828,9308355401,2724476515,12032831916,601641596
2018-11-28,29097,90547,2694243,2448754,9259610777,2704390780,11964001557,598200078
2018-11-29,29103,90626,2723087,2466624,9356754064,2721762274,12078516338,603925817
2018-11-30,29082,90541,2842955,2556296,9775531083,2823366869,12598897952,629944898
2018-12-03,29067,90448,2702286,2579765,9296696245,2852205945,12148902190,607445110
2018-12-04,29071,90590,2339764,2566697,8048573576,2833318863,10881892439,544094622
2018-12-05,29083,90883,2336467,2431909,8033726658,2675876877,10709603535,535480177
2018-12-06,29104,91110,2215889,2325241,7613777211,2552124013,10165901223,508295061
2018-12-07,29108,91143,2534364,2330464,8706849450,2556926002,11263775452,563188773
2018-12-10,29121,91278,2565544,2307971,8810094452,2528520103,11338614555,566930728
2018-12-11,29119,91233,2622410,2312776,9005879929,2535023941,11540903870,577045194
2018-12-12,29111,91097,2656699,2274617,9126097547,2496917130,11623014677,581150734
2018-12-13,29110,91082,2176439,1855426,7476598529,2037084099,9513682628,475684131
2018-12-14,29117,91224,2717562,2266388,9333256934,2484426320,11817683254,590884163
2018-12-17,29116,91223,2710905,2261802,9310627511,2479423017,11790050528,589502526
2018-12-18,29121,91309,2705387,2268854,9290002617,2484811977,11774814593,588740730
2018-12-19,29133,91487,2686497,2251632,9221456902,2461142972,11682599874,584129994
2018-12-20,29124,91414,2772096,2317128,9518172168,2534754001,12052926168,602646308
2018-12-21,29110,91234,2684418,2253345,9221521934,2469862722,11691384657,584569233
2018-12-24,29111,91206,2684352,2271951,9221223964,2491006050,11712230013,585611501
2018-12-26,29125,91395,2621708,2215668,9001557548,2424282698,11425840246,571292012
2018-12-27,29123,91384,2664223,2257206,9148266556,2470036496,11618303052,580915153
2018-12-28,29119,91334,2673818,2262596,9182406216,2477281218,11659687434,582984372
2018-12-31,29119,91334,2743116,2366058,9420389047,2590559881,12010948928,600547446
2019-01-02,29127,91377,1672134,1443089,5740780120,1579274544,7320054664,366002733
2019-01-03,29134,91490,1664799,1439693,5714188770,1573607764,7287796534,364389827
2019-01-04,29158,91712,1597273,1392594,5477958898,1518437501,6996396399,349819820
2019-01-07,29149,91588,1598042,1393416,5482324298,1521398063,7003722361,350186118
2019-01-08,29141,91463,1623669,1408229,5571701449,1539662524,7111363973,355568199
2019-01-09,29137,91427,1619593,1408260,5558492584,1540311410,7098803994,354940200
2019-01-10,29139,91479,1619000,1406117,5556202756,1537093021,7093295777,354664789
2019-01-11,29133,91315,1575627,1318135,5408387367,1443500518,6851887885,342594394
2019-01-14,29142,91490,1535330,1256493,5268355373,1373360546,6641715919,332085796
2019-01-15,29143,91556,1542005,1261897,5291081311,1378278936,6669360247,333468012
2019-01-16,29140,91501,1520951,1249643,5219535950,1365715112,6585251062,329262553
2019-01-17,29137,91457,1493595,1223374,5126192943,1337653237,6463846180,323192309
2019-01-18,29125,91292,1422818,1164637,4885207575,1275732787,6160940362,308047018
2019-01-21,29120,91222,1185320,1018595,4070499616,1116607784,5187107400,259355370
2019-01-22,29132,91365,1220686,1051913,4190146112,1151326528,5341472640,267073632
2019-01-23,29132,91374,1400537,1098996,4807537315,1202740199,6010277513,300513876
2019-01-24,29129,91359,1417823,1119504,4867346579,1225387823,6092734402,304636720
2019-01-25,29131,91378,1386719,1120515,4760302706,1226237449,5986540155,299327008
2019-01-28,29130,91330,1304278,1062634,4477484127,1163516001,5641000128,282050006
2019-01-29,29127,91306,1220281,1013513,4189506484,1110022855,5299529338,264976467
2019-01-30,29125,91266,1173776,897568,4030165075,983462822,5013627896,250681395
2019-01-31,29135,91422,1126182,384039,3865386537,420074790,4285461327,214273066
2019-02-01,29135,91452,1906240,1042332,6542673589,1139763300,7682436889,384121844
2019-02-07,29134,91440,1291601,1007422,4433247100,1101725546,5534972646,276748632
2019-02-08,29143,91579,1473728,1120808,5056811201,1223870122,6280681323,314034066
2019-02-11,29149,91650,1496716,1165341,5134793720,1271511485,6406305205,320315260
2019-02-12,29143,91553,2206776,1717402,7572242410,1875856299,9448098709,472404935
2019-02-13,29140,91517,2185779,1684578,7501012465,1840730880,9341743345,467087167
2019-02-14,29142,91539,2274885,1740070,7806202405,1900897492,9707099897,485354995
2019-02-15,29146,91618,2446136,1862107,8392619880,2032466613,10425086492,521254325
2019-02-18,29137,91490,2414391,1860999,8286354957,2034110490,10320465446,516023272
2019-02-19,29129,91478,2386891,1860828,8194207437,2034183016,10228390454,511419523
2019-02-20,29126,91462,2332943,1905242,8009938847,2083098050,10093036897,504651845
2019-02-21,29123,91392,1834450,1841495,6299063952,2014951213,8314015165,415700758
2019-02-22,29124,91425,1838245,1806556,6311807350,1975987470,8287794820,414389741
2019-02-25,29121,91383,1826308,1715391,6271485719,1877146652,8148632371,407431619
2019-02-26,29126,91440,1783121,1391767,6122105472,1522047803,7644153275,382207664
2019-02-27,29126,91461,1735437,1433339,5958350836,1567159093,7525509929,376275496
2019-02-28,29124,91431,1632097,1474437,5603863767,1612625834,7216489601,360824480
2019-03-04,29113,91273,734825,995354,2524038496,1090528894,3614567390,180728369
2019-03-05,29112,91294,516586,784697,1774456639,859525451,2633982090,131699105
2019-03-06,29113,91327,1131091,1273888,3885196553,1394859066,5280055619,264002781
2019-03-07,29113,91349,684910,1287833,2352559644,1409791241,3762350884,188117544
2019-03-08,29119,91461,10780,774420,37019524,846718253,883737778,44186889
2019-03-11,29115,91417,72271,1012115,248224456,1107145243,1355369699,67768485
2019-03-12,29116,91414,94963,1479385,326152890,1618336853,1944489744,97224487
2019-03-13,29119,91466,946525,2088204,3250579096,2283047158,5533626254,276681313
2019-03-14,29120,91445,624,1412310,2142377,1544432974,1546575352,77328768
2019-03-15,29115,91371,-92674,1361234,318303784,1489788182,1808091966,90404598
2019-03-18,29110,91307,-189515,1414969,651032452,1549681536,2200713988,110035699
2019-03-19,29114,91390,-268581,1438985,922504852,1574558074,2497062927,124853146
2019-03-20,29112,91370,-353405,1476678,1213936495,1616156847,2830093342,141504667
2019-03-21,29124,91568,-116172,1677462,398890729,1831935727,2230826456,111541323
2019-03-22,29124,91570,11095,1826592,38096385,1994753162,2032849547,101642477
2019-03-25,29140,91764,387430,1970710,1329542173,2147593264,3477135437,173856772
2019-03-26,29146,91743,675574,2101094,2317902957,2290183858,4608086815,230404341
2019-03-27,29162,91979,1399599,2104073,4799370839,2287567426,7086938266,354346913
2019-03-28,29183,92177,1471060,2014206,5040798556,2185158998,7225957554,361297878
2019-03-29,29176,92109,1649495,2005708,5653517653,2177533281,7831050934,391552547
2019-04-01,29165,91985,2463298,2588617,8446053625,2814179798,11260233423,563011671
2019-04-02,29173,92038,2579733,2584358,8842999870,2807935944,11650935814,582546791
2019-04-03,29166,91896,2666672,2527515,9143207520,2750410906,11893618426,594680921
2019-04-04,29171,91978,2973846,2591303,10194511559,2817293303,13011804862,650590243
2019-04-05,29162,91877,3100135,2571870,10630830025,2799258447,13430088473,671504424
2019-04-08,29167,91963,3247851,2581217,11135336424,2806794053,13942130477,697106524
2019-04-09,29169,91980,3363230,2583520,11530317315,2808797037,14339114352,716955718
2019-04-10,29164,91978,3413856,2592016,11705549032,2818082081,14523631112,726181556
2019-04-11,29161,91930,3440617,2685600,11798883813,2921363668,14720247481,736012374
2019-04-12,29159,91907,3522276,2762008,12079654336,3005215504,15084869840,754243492
2019-04-15,29144,91721,3188125,2464744,10939094943,2687226617,13626321560,681316078
2019-04-16,29142,91671,2552710,2088493,8759538157,2278253577,11037791734,551889587
2019-04-17,29140,91609,2713916,2189573,9313491116,2390117545,11703608661,585180433
2019-04-18,29152,91803,2690113,2043396,9227812808,2225847198,11453660006,572683000
2019-04-19,29145,91725,2483364,1890966,8520696700,2061550278,10582246978,529112349
2019-04-22,29144,91648,2355849,1790618,8083549418,1953808626,10037358044,501867902
2019-04-23,29147,91688,2382664,1844568,8174680791,2011784469,10186465260,509323263
2019-04-24,29153,91738,2396279,1860276,8219619703,2027824993,10247444696,512372235
2019-04-25,29165,91883,2343915,1825564,8036761158,1986835231,10023596389,501179819
2019-04-26,29171,91906,2474660,1862829,8483249753,2026886766,10510136519,525506826
2019-04-29,29176,91953,3041510,1994233,10424751087,2168763472,12593514559,629675728
2019-04-30,29183,92042,2852224,2316973,9773485786,2517293021,12290778807,614538940
2019-05-02,29163,91827,2622196,2196646,8991626761,2392163258,11383790019,569189501
2019-05-03,29160,91794,2640644,2145795,9055606116,2337631813,11393237929,569661896
2019-05-07,29165,91860,2655340,2098074,9104588571,2283992345,11388580917,569429046
2019-05-08,29165,91874,2738598,2059397,9390064856,2241555398,11631620254,581581013
2019-05-09,29169,91933,2833540,2095262,9714079878,2279125448,11993205326,599660266
2019-05-10,29164,91837,2881179,2118053,9879313817,2306316608,12185630424,609281521
2019-05-13,29166,91850,2925795,2150832,10031503354,2341686498,12373189852,618659493
2019-05-14,29172,91891,2976179,2213629,10202321341,2408965263,12611286605,630564330
2019-05-15,29173,91932,2945500,2189945,10096763142,2382138559,12478901701,623945085
2019-05-16,29185,92105,2866263,2149560,9821050830,2333802327,12154853158,607742658
2019-05-17,29187,92121,2854259,2118404,9779298366,2299599001,12078897367,603944868
2019-05-20,29182,92059,2809508,2119303,9627561672,2302126068,11929687740,596484387
2019-05-21,29189,92117,2778240,2127656,9518200777,2309721451,11827922227,591396111
2019-05-22,29194,92172,2787863,2134987,9549491729,2316317202,11865808930,593290447
2019-05-23,29208,92336,2735315,2108404,9365044829,2283412432,11648457260,582422863
2019-05-24,29213,92404,2792587,2174427,9559314138,2353165640,11912479778,595623989
2019-05-27,29215,92436,2929898,2290035,10028909670,2477435285,12506344954,625317248
2019-05-28,29211,92431,2936488,2389071,10052778156,2584716249,12637494405,631874720
2019-05-29,29226,92643,2874996,2354333,9837049276,2541304725,12378354001,618917700
2019-05-30,29219,92563,2844322,2336231,9734531482,2523941719,12258473201,612923660
2019-05-31,29237,92842,2660639,2132706,9100279095,2297140824,11397419919,569870996
2019-06-03,29240,92791,2706400,2153119,9255772820,2320408534,11576181355,578809068
2019-06-04,29243,92795,2756152,2205882,9424994177,2377164448,11802158625,590107931
2019-06-05,29253,92930,2720126,2170212,9298507227,2335321970,11633829197,581691460
2019-06-07,29253,92916,2731688,2178022,9338028681,2344070622,11682099304,584104965
2019-06-10,29249,92828,2704236,2150513,9245657321,2316664157,11562321478,578116074
2019-06-11,29249,92790,2720477,2159911,9301003865,2327748608,11628752473,581437624
2019-06-12,29279,93130,2372431,1915917,8102967484,2057251938,10160219421,508010971
2019-06-13,29275,93047,2378680,1909223,8125297502,2051893130,10177190631,508859532
2019-06-14,29290,93203,2332547,1887733,7963585571,2025398901,9988984472,499449224
2019-06-17,29283,93100,2297760,1858885,7846726208,1996648415,9843374624,492168731
2019-06-18,29285,93145,2342887,1910744,8000334750,2051374099,10051708848,502585442
2019-06-19,29296,93264,2311120,1894475,7888760187,2031298385,9920058572,496002929
2019-06-20,29311,93469,2317615,1898896,7907043689,2031578595,9938622284,496931114
2019-06-21,29303,93353,2282846,1868155,7790473288,2001169447,9791642735,489582137
2019-06-24,29301,93330,2340006,1945184,7986021588,2084191661,10070213249,503510662
2019-06-25,29283,93155,2295988,1912220,7840593736,2052727348,9893321084,494666054
2019-06-26,29279,93122,2299962,1918953,7855437472,2060683479,9916120950,495806048
2019-06-27,29266,92974,2278768,1898873,7786398917,2042374893,9828773811,491438691
2019-06-28,29274,93041,2276218,1847663,7775600608,1985850979,9761451587,488072579
2019-07-01,29270,92996,1053242,916675,3598313132,985712713,4584025846,229201292
2019-07-02,29282,93152,1096628,950537,3745082395,1020411956,4765494351,238274718
2019-07-03,29298,93344,1110622,951661,3790828277,1019522905,4810351182,240517559
2019-07-04,29301,93390,1458445,1251089,4977408441,1339646435,6317054876,315852744
2019-07-05,29296,93322,1427532,1240648,4872761043,1329433318,6202194360,310109718
2019-07-08,29297,93345,1396004,1224986,4764969162,1312321320,6077290482,303864524
2019-07-09,29295,93306,1353941,1196622,4621778395,1282468189,5904246584,295212329
2019-07-10,29289,93185,1329453,1164629,4539045323,1249800578,5788845901,289442295
2019-07-11,29297,93275,1350312,1171660,4609016289,1256139405,5865155694,293257785
2019-07-12,29296,93228,1364169,1165411,4656455575,1250065092,5906520667,295326033
2019-07-15,29295,93183,1350389,1106814,4609619832,1187786506,5797406337,289870317
2019-07-16,29298,93220,1379350,1133087,4707933828,1215498212,5923432040,296171602
2019-07-17,29307,93308,1437026,1154839,4903318068,1237665569,6140983636,307049182
2019-07-18,29334,93575,1491724,1212546,5085301309,1295802231,6381103540,319055177
2019-07-19,29342,93609,1622638,1294552,5530140319,1382933295,6913073614,345653681
2019-07-22,29347,93655,1636882,1385310,5577610440,1479156396,7056766836,352838342
2019-07-23,29349,93623,1645459,1398438,5606497568,1493690829,7100188397,355009420
2019-07-24,29362,93705,1634060,1395840,5565190870,1489618977,7054809847,352740492
2019-07-25,29375,93899,1589726,1347769,5411868186,1435344277,6847212463,342360623
2019-07-26,29371,93864,1585481,1346467,5398091419,1434480417,6832571836,341628592
2019-07-29,29368,93852,1670635,1401062,5688688231,1492841039,7181529270,359076464
2019-07-30,29368,93891,1676919,1406571,5709971666,1498087455,7208059120,360402956
2019-07-31,29380,94013,1659393,1392924,5648077747,1481629823,7129707570,356485379
2019-08-01,29369,93912,2292520,1941193,7806030330,2067040145,9873070475,493653524
2019-08-02,29395,94239,2096537,1776199,7132179409,1884785566,9016964975,450848249
2019-08-05,29432,94741,1777701,1488247,6039941265,1570862734,7610803999,380540200
2019-08-06,29439,94786,1778970,1490241,6042826871,1572216844,7615043714,380752186
2019-08-07,29448,94871,1774350,1487167,6025412184,1567564568,7592976752,379648838
2019-08-08,29447,94852,1771638,1483486,6016449893,1563997306,7580447200,379022360
2019-08-09,29440,94769,1774217,1489532,6026563136,1571750302,7598313438,379915672
2019-08-12,29434,94689,1761049,1477983,5982963914,1560885461,7543849375,377192469
2019-08-13,29448,94853,1756384,1470921,5964317523,1550730664,7515048188,375752409
2019-08-14,29444,94804,1753083,1465849,5953909742,1546187474,7500097217,375004861
2019-08-16,29467,95087,1687611,1409486,5727196429,1482306139,7209502569,360475128
2019-08-19,29462,95047,1690986,1415380,5739552317,1489139413,7228691729,361434586
2019-08-20,29457,94969,1677396,1403401,5694454597,1477752400,7172206996,358610350
2019-08-21,29432,94621,1537917,1284237,5225246620,1357246413,6582493032,329124652
2019-08-22,29450,94866,1511810,1254989,5133534049,1322911754,6456445802,322822290
2019-08-23,29436,94705,1498467,1253553,5090604060,1323633965,6414238025,320711901
2019-08-26,29452,94940,1480016,1232966,5025178200,1298680854,6323859054,316192953
2019-08-27,29433,94721,1440077,1220257,4892652244,1288264966,6180917210,309045860
2019-08-28,29434,94741,1388957,1187285,4718959227,1253191189,5972150417,298607521
2019-08-29,29437,94745,1344833,1149217,4568513108,1212961639,5781474748,289073737
2019-08-30,29425,94569,1192713,1019671,4053335131,1078227326,5131562457,256578123
2019-09-02,29409,94358,1105268,943662,3758251258,1000084397,4758335655,237916783
2019-09-03,29413,94432,1054024,910057,3583483419,963712792,4547196211,227359811
2019-09-04,29409,94385,1003534,875627,3412382822,927718402,4340101224,217005061
2019-09-05,29393,94250,1025735,883555,3489764708,937462429,4427227137,221361357
2019-09-06,29387,94171,1025193,885387,3488595986,940195109,4428791095,221439555
2019-09-09,29391,94230,1035756,890905,3524036541,945461300,4469497841,223474892
2019-09-10,29384,94150,1035929,892613,3525472138,948080178,4473552316,223677616
2019-09-11,29372,94005,668061,556134,2274478452,591602719,2866081171,143304059
2019-09-16,29342,93477,674405,540614,2298396854,578337964,2876734818,143836741
2019-09-17,29356,93699,721299,575819,2457055974,614541265,3071597238,153579862
2019-09-18,29370,93888,749688,597838,2552569179,636755244,3189324423,159466221
2019-09-19,29372,93919,760137,630219,2588008494,671024404,3259032899,162951645
2019-09-20,29375,94016,749357,621257,2551034788,660800297,3211835085,160591754
2019-09-23,29373,94003,718262,594628,2445314748,632566170,3077880918,153894046
2019-09-24,29376,94044,700857,578693,2385834311,615341275,3001175586,150058779
2019-09-25,29381,94125,282011,242221,959851400,257338564,1217189964,60859498
2019-09-26,29378,94100,239973,210387,816835920,223578411,1040414331,52020717
2019-09-27,29376,94051,241905,221604,823468510,235620164,1059088674,52954434
2019-09-30,29376,94022,297359,264459,1012239393,281274865,1293514258,64675713
2019-10-01,29372,93910,348925,297457,1187956719,316748439,1504705158,75235258
2019-10-02,29380,93989,404080,328569,1375356865,349582833,1724939698,86246985
2019-10-04,29414,94472,488577,374181,1661037843,396074079,2057111922,102855596
2019-10-07,29406,94378,536652,409563,1824955167,433960655,2258915823,112945791
2019-10-08,29397,94263,594383,453251,2021916257,480834775,2502751032,125137552
2019-10-10,29395,94192,661719,497694,2251104613,528383152,2779487765,138974388
2019-10-11,29396,94150,743604,547010,2529617617,580998446,3110616063,155530803
2019-10-14,29390,94062,767689,585252,2612112429,622197463,3234309892,161715495
2019-10-15,29383,93986,782852,599452,2664295626,637812167,3302107793,165105390
2019-10-16,29380,93879,701447,396468,2387511933,422318669,2809830602,140491530
2019-10-17,29364,93649,476896,431326,1624102623,460576267,2084678890,104233945
2019-10-18,29368,93613,487011,357473,1658290390,381861011,2040151401,102007570
2019-10-21,29357,93366,393352,271517,1339912007,290810744,1630722751,81536138
2019-10-22,29372,93506,326351,206416,1111112521,220752871,1331865392,66593270
2019-10-23,29373,93593,293822,167706,1000312397,179186233,1179498630,58974931
2019-10-24,29360,93567,264797,169782,901895296,181455942,1083351239,54167562
2019-10-25,29345,93415,224931,168394,766506253,180264439,946770692,47338535
2019-10-28,29313,93068,200698,162426,684681956,174523356,859205312,42960266
2019-10-29,29326,93181,198522,161722,676943666,173556843,850500509,42525025
2019-10-30,29339,93318,198132,161449,675320994,173009173,848330167,42416508
2019-10-31,29342,93386,-186310,-151303,634948913,162019203,796968116,39848406
2019-11-01,29338,93400,-192305,-155548,655482305,166540241,822022546,41101127
2019-11-04,29309,93025,-201608,-163759,687879314,176038316,863917630,43195882
2019-11-05,29317,93116,-200958,-163156,685474148,175217705,860691853,43034593
2019-11-06,29312,93040,-202094,-163678,689463913,175921579,865385492,43269275
2019-11-07,29288,92798,-198249,-161759,676888505,174313901,851202406,42560120
2019-11-08,29305,92931,-197102,-481030,672593029,517619564,1190212594,59510630
2019-11-11,29310,92993,-196456,-479807,670261642,515962575,1186224217,59311211
2019-11-12,29301,92844,-592742,-483597,2022959890,520871363,2543831253,127191563
2019-11-13,29320,93080,-578129,-463670,1971779780,498141089,2469920868,123496043
2019-11-14,29323,93127,-593778,-455591,2024986524,489217197,2514203721,125710186
2019-11-15,29322,93147,-598050,-440510,2039608990,472918433,2512527423,125626371
2019-11-18,29326,93234,-581241,-394451,1981988233,423077688,2405065921,120253296
2019-11-19,29334,93425,-255246,-177641,870135870,190142809,1060278679,53013934
2019-11-20,29338,93570,-311050,-229507,1060217596,245277747,1305495343,65274767
2019-11-21,29329,93467,68828,143569,234675172,153603240,388278413,19413921
2019-11-22,29326,93396,136757,196548,466334506,210445777,676780282,33839014
2019-11-25,29319,93241,-298789,-144301,1019107699,154761621,1173869320,58693466
2019-11-26,29319,93269,-270962,-123466,924178658,132375736,1056554395,52827720
2019-11-27,29332,93384,-205990,-80528,702274518,86233408,788507925,39425396
2019-11-28,29335,93391,-117885,-25465,401864535,27267082,429131617,21456581
2019-11-29,29346,93510,415639,343948,1416323412,367818350,1784141762,89207088
2019-12-02,29332,93293,431716,683797,1471804166,732952410,2204756576,110237829
2019-12-03,29327,93204,428490,655604,1461068159,703407469,2164475628,108223781
2019-12-04,29343,93470,419942,620962,1431158527,664341374,2095499901,104774995
2019-12-05,29337,93408,408711,568454,1393161371,608569457,2001730828,100086541
2019-12-06,29329,93299,399269,489796,1361360893,524976030,1886336924,94316846
2019-12-09,29336,93380,710952,416887,2423470835,446442993,2869913828,143495691
2019-12-10,29335,93376,612391,330228,2087570828,353652734,2441223562,122061178
2019-12-11,29336,93362,80285,-60166,273669731,64443652,338113383,16905669
2019-12-12,29336,93352,4670,-92967,15920247,99587699,115507945,5775397
2019-12-13,29323,93148,-142590,-181989,486268523,195374832,681643355,34082168
2019-12-16,29336,93312,-186645,-245841,636230833,263459935,899690768,44984538
2019-12-17,29331,93262,-165324,-268912,563648840,288341113,851989953,42599498
2019-12-18,29337,93315,-162319,-227000,553286909,243262906,796549815,39827491
2019-12-19,29334,93237,-129006,-202131,439776124,216792278,656568401,32828420
2019-12-20,29337,93239,32633,-208516,111235784,223636071,334871856,16743593
2019-12-23,29341,93325,19792,-260022,67454980,278621296,346076277,17303814
2019-12-24,29344,93388,37106,-263182,126451962,281815962,408267924,20413396
2019-12-26,29341,93365,67632,-227417,230500488,243579110,474079598,23703980
2019-12-27,29340,93331,89410,-512282,304733666,548884401,853618067,42680903
2019-12-30,29344,93384,208580,17489,710807860,18727691,729535551,36476778
2019-12-31,29344,93384,278614,12947,949472291,13863934,963336224,48166811
2020-01-02,29361,93550,786970,44612,2680305401,47687680,2727993081,136399654
2020-01-03,29372,93763,759304,120453,2585130030,128465209,2713595239,135679762
2020-01-06,29378,93841,683558,266811,2326770958,284322210,2611093168,130554658
2020-01-07,29361,93573,601189,358139,2047559540,382738345,2430297885,121514894
2020-01-08,29351,93489,648025,370925,2207865089,396759543,2604624632,130231232
2020-01-09,29331,93202,609874,285022,2079271643,305810435,2385082077,119254104
2020-01-10,29321,93040,504843,171082,1721763620,183878946,1905642566,95282128
2020-01-13,29325,93083,277247,75902,945442982,81542190,1026985172,51349259
2020-01-14,29331,93166,307019,173041,1046734011,185732552,1232466563,61623328
2020-01-15,29331,93215,246470,182202,840304588,195464708,1035769296,51788465
2020-01-16,29318,93096,156428,-84242,533556219,90489611,624045830,31202292
2020-01-17,29313,92925,-4436,-147990,15132676,159257262,174389939,8719497
2020-01-20,29306,92791,-76470,-258352,260940180,278422562,539362742,26968137
2020-01-21,29324,93061,-153724,-407616,524221655,438010110,962231764,48111588
2020-01-22,29307,92858,-296795,-469131,1012706953,505212628,1517919581,75895979
2020-01-23,29316,92992,-592712,-505362,2021768367,543446007,2565214374,128260719
2020-01-28,29343,93410,-569419,-390031,1940592681,417548651,2358141331,117907067
2020-01-29,29354,93556,-507983,-302390,1730554439,323217698,2053772137,102688607
2020-01-30,29364,93670,41620,322163,141734557,343935318,485669875,24283494
2020-01-31,29366,93671,362924,327044,1235848125,349139718,1584987842,79249392
2020-02-03,29376,93775,259558,287268,883556471,306337068,1189893538,59494677
2020-02-04,29359,93486,269262,375675,917123308,401853526,1318976834,65948842
2020-02-05,29367,93577,531119,532377,1808558885,568917555,2377476441,118873822
2020-02-06,29367,93516,1325293,645759,4512919033,690533840,5203452873,260172644
2020-02-07,29381,93663,1449740,909506,4934270918,971042177,5905313095,295265655
2020-02-10,29380,93700,1520872,956276,5176488389,1020566640,6197055029,309852751
2020-02-11,29385,93758,1620890,1016694,5515999444,1084378986,6600378430,330018921
2020-02-12,29383,93692,1197724,672301,4076306679,717562209,4793868888,239693444
2020-02-13,29387,93742,1239937,689663,4219334663,735704610,4955039274,247751964
2020-02-14,29362,93503,1191794,674491,4058960287,721354052,4780314339,239015717
2020-02-17,29369,93632,1400530,824217,4768730784,880274256,5649005040,282450252
2020-02-18,29385,93856,2143275,1426301,7293894768,1519674025,8813568793,440678440
2020-02-19,29385,93863,2272386,1561631,7733241120,1663736808,9396977928,469848896
2020-02-20,29399,94015,2448768,1755664,8329287501,1867424028,10196711529,509835576
2020-02-21,29422,94320,2502310,1885750,8504751017,1999300958,10504051975,525202599
2020-02-24,29440,94516,2509237,1933340,8523108124,2045507923,10568616047,528430802
2020-02-25,29428,94393,3569094,1951669,12128327076,2067595093,14195922168,709796108
2020-02-26,29443,94604,3376607,2866892,11468335237,3030421252,14498756489,724937824
2020-02-27,29414,94365,2995483,2621272,10183790926,2777786671,12961577597,648078880
2020-02-28,29461,95006,1974078,1735496,6700586057,1826716767,8527302824,426365141
2020-03-02,29463,94891,1906542,1665648,6470909805,1755330210,8226240015,411312001
2020-03-03,29470,94850,2000535,1649930,6788416031,1739507265,8527923296,426396165
2020-03-04,29514,95276,1828245,1483629,6194586307,1557196216,7751782524,387589126
2020-03-05,29496,95099,1849646,1511164,6270775599,1589046878,7859822477,392991124
2020-03-06,29487,95020,1886961,1548305,6399335135,1629444825,8028779960,401438998
2020-03-09,29518,95542,1741683,1395312,5900389421,1460411838,7360801259,368040063
2020-03-10,29495,95231,1707635,1367916,5789540123,1436425310,7225965433,361298272
2020-03-11,29488,95106,1719422,1380613,5830999041,1451656052,7282655093,364132755
2020-03-12,29492,95004,1743555,1415620,5911902886,1490068643,7401971529,370098576
2020-03-13,29490,94282,1589865,1158964,5391186844,1229259035,6620445879,331022294
2020-03-16,29529,94798,1461205,1057637,4948304712,1115674819,6063979530,303198977
2020-03-17,29560,95062,1432563,1020792,4846260086,1073814549,5920074636,296003732
2020-03-18,29537,94644,1367943,790075,4631233840,834787003,5466020842,273301042
2020-03-19,29470,94047,1140210,784586,3869034080,834251228,4703285308,235164265
2020-03-20,29499,94366,1071718,745027,3633048100,789509265,4422557365,221127868
2020-03-23,29492,94309,927259,718081,3144082823,761409237,3905492059,195274603
2020-03-24,29494,94448,958244,685214,3249000214,725496892,3974497106,198724855
2020-03-25,29502,94746,963683,664068,3266521926,700889358,3967411284,198370564
2020-03-26,29527,95259,929653,640645,3148467135,672526402,3820993538,191049677
2020-03-27,29533,95110,937476,661516,3174333422,695528398,3869861820,193493091
2020-03-30,29520,94948,971757,780980,3291833195,822538195,4114371390,205718570
2020-03-31,29519,94813,987112,782751,3343964774,825575167,4169539940,208476997
2020-04-01,29502,94635,974170,771767,3302069035,815522357,4117591393,205879570
2020-04-02,29512,94720,982383,772550,3328758965,815615124,4144374089,207218704
2020-04-03,29507,94594,910849,675166,3086918510,713750361,3800668871,190033444
2020-04-06,29527,94644,950497,683923,3219111182,722626907,3941738089,197086904
2020-04-07,29531,94622,958493,682195,3245703401,720968293,3966671695,198333585
2020-04-08,29537,94840,988673,665400,3347272410,701605910,4048878319,202443916
2020-04-09,29542,95016,1006320,702756,3406371141,739620001,4145991142,207299557
2020-04-10,29547,95054,1010268,684092,3419184508,719686888,4138871396,206943570
2020-04-13,29538,94959,1039638,613392,3519621873,645953076,4165574949,208278747
2020-04-14,29537,94995,1110658,659249,3760189702,693986737,4454176438,222708822
2020-04-16,29548,95258,1141715,703593,3863932518,738619330,4602551849,230127592
2020-04-17,29540,95144,1146225,687619,3880245632,722710617,4602956249,230147812
2020-04-20,29542,95168,1159845,688928,3926030255,723904538,4649934793,232496740
2020-04-21,29541,95156,1139823,680522,3858435991,715162562,4573598554,228679928
2020-04-22,29533,94854,1096785,657225,3713726483,692882894,4406609377,220330469
2020-04-23,29537,94936,1071977,653564,3629212825,688425518,4317638343,215881917
2020-04-24,29551,95056,1115196,697429,3773840662,733704909,4507545571,225377279
2020-04-27,29546,94944,1126588,713402,3813047204,751391814,4564439018,228221951
2020-04-28,29544,94957,1123349,719523,3802237892,757731157,4559969049,227998452
2020-04-29,29553,95096,1132598,728321,3832369771,765876253,4598246024,229912301
2020-05-04,29568,95282,860808,512125,2911255054,537484374,3448739428,172436971
2020-05-06,29574,95314,883867,535386,2988627946,561705729,3550333676,177516684
2020-05-07,29589,95468,882455,553408,2982364820,579677502,3562042322,178102116
2020-05-08,29601,95650,878881,599410,2969104840,626668171,3595773012,179788651
2020-05-11,29590,95509,875985,628482,2960413026,658034891,3618447917,180922396
2020-05-12,29604,95676,871455,631585,2943673354,660126224,3603799578,180189979
2020-05-13,29614,95842,867487,647856,2929278830,675965175,3605244005,180262200
2020-05-14,29608,95827,882166,654518,2979502288,683022005,3662524292,183126215
2020-05-15,29600,95761,881055,656047,2976490975,685088188,3661579163,183078958
2020-05-18,29591,95622,879260,656318,2971365502,686364652,3657730153,182886508
2020-05-19,29591,95538,878716,654765,2969516656,685348256,3654864912,182743246
2020-05-20,29596,95584,881156,655826,2977312732,686128919,3663441651,183172083
2020-05-21,29601,95684,892901,661540,3016424687,691378127,3707802813,185390141
2020-05-22,29611,95849,895211,659692,3023198223,688262578,3711460801,185573040
2020-05-25,29610,95857,900766,661401,3042091799,689983969,3732075768,186603788
2020-05-26,29601,95751,900978,662327,3043749821,691716155,3735465976,186773299
2020-05-27,29597,95733,922868,665831,3118067053,695508409,3813575463,190678773
2020-05-28,29616,95723,989101,701650,3339754219,732998210,4072752429,203637621
2020-05-29,29636,95928,979628,696778,3305570747,726359064,4031929811,201596491
2020-06-01,29636,95895,979531,697503,3305261381,727363251,4032624632,201631232
2020-06-02,29638,95940,1031648,711184,3480796990,741278681,4222075672,211103784
2020-06-03,29616,95609,956120,636433,3228384571,665661797,3894046368,194702318
2020-06-04,29604,95419,863845,565368,2918022107,592513670,3510535776,175526789
2020-06-05,29606,95290,802684,545541,2711264854,572507174,3283772028,164188601
2020-06-08,29603,95286,810387,508116,2737523749,533254552,3270778301,163538915
2020-06-09,29609,95506,791755,486242,2673990930,509123852,3183114781,159155739
2020-06-10,29609,95520,797959,488156,2694978783,511049934,3206028717,160301436
2020-06-11,29608,95533,817134,560261,2759884239,586455403,3346339642,167316982
2020-06-12,29612,95621,1286031,924968,4342951764,967325134,5310276898,265513845
2020-06-15,29605,95542,1265461,910799,4274516024,953299276,5227815300,261390765
2020-06-16,29606,95543,813078,259688,2746288147,271801265,3018089412,150904471
2020-06-17,29600,95452,935956,268198,3162016113,280976286,3442992399,172149620
2020-06-18,29607,95596,955674,287657,3227815599,300909416,3528725015,176436251
2020-06-19,29604,95519,973218,320261,3287421179,335283995,3622705174,181135259
2020-06-22,29605,95495,960848,372179,3245590149,389738292,3635328441,181766422
2020-06-23,29610,95556,1575123,819358,5319477316,857465047,6176942363,308847118
2020-06-24,29611,95577,630477,538028,2129227315,562928295,2692155610,134607780
2020-06-25,29615,95680,1536191,1063009,5187124759,1111000014,6298124773,314906239
2020-06-26,29617,95753,1013371,732728,3421582080,765224234,4186806314,209340316
2020-06-29,29615,95702,1754633,1200052,5924872630,1253951531,7178824162,358941208
2020-06-30,29608,95587,2035917,1306027,6876320299,1366321277,8242641576,412132079
2020-07-01,29601,95453,1926276,1237980,6507429819,1296951461,7804381280,390219064
2020-07-02,29603,95443,1090431,680650,3683509065,713146367,4396655432,219832772
2020-07-03,29603,95426,861786,486099,2911121824,509400335,3420522159,171026108
2020-07-06,29595,95308,765472,429691,2586514847,450845751,3037360599,151868030
2020-07-07,29599,95374,693257,365775,2342164837,383514762,2725679599,136283980
2020-07-08,29606,95461,1423995,825534,4809866105,864782507,5674648612,283732431
2020-07-09,29603,95403,666642,277608,2251942972,290985850,2542928822,127146441
2020-07-10,29601,95415,1382808,474671,4671546470,497481555,5169028025,258451401
2020-07-13,29591,95289,500502,-19079,1691394408,20022008,1711416416,85570821
2020-07-14,29591,95283,1123521,493794,3796895179,518241063,4315136243,215756812
2020-07-15,29590,95254,-262475,-59138,887052836,62084134,949136970,47456848
2020-07-16,29597,95384,-210979,-38468,712838769,40329395,753168163,37658408
2020-07-17,29600,95456,-164536,6614,555874185,6928479,562802664,28140133
2020-07-20,29605,95523,-114069,62349,385305932,65271702,450577634,22528882
2020-07-21,29606,95494,-8075,75899,27273936,79480909,106754846,5337742
2020-07-22,29613,95539,1404956,991640,4744309632,1037947457,5782257089,289112854
2020-07-23,29619,95639,487048,312025,1644396513,326252241,1970648755,98532438
2020-07-24,29622,95710,579480,358225,1956278996,374283935,2330562931,116528147
2020-07-27,29621,95755,791880,625899,2673342065,653647018,3326989083,166349454
2020-07-28,29616,95629,973982,703705,3288725051,735872349,4024597400,201229870
2020-07-29,29619,95685,1061145,727506,3582614264,760312493,4342926757,217146338
2020-07-30,29624,95761,1979082,1392329,6680665144,1453954787,8134619932,406730997
2020-07-31,29624,95734,2092542,1443235,7063617685,1507546914,8571164598,428558230
2020-08-03,29627,95751,2579118,1467046,8705396521,1532146299,10237542821,511877141
2020-08-04,29625,95684,2668623,1945565,9008031689,2033318333,11041350023,552067501
2020-08-05,29637,95783,2669599,1951008,9007794865,2036903985,11044698850,552234943
2020-08-06,29635,95724,2684434,1943370,9058475106,2030182439,11088657545,554432877
2020-08-07,29635,95700,2793796,1952327,9427271946,2040054222,11467326167,573366308
2020-08-10,29629,95559,2849018,1918223,9615725891,2007367825,11623093716,581154686
2020-08-11,29633,95630,2875070,1829255,9702337406,1912837139,11615174545,580758727
2020-08-12,29624,95476,2786633,1468061,9406699499,1537620434,10944319934,547215997
2020-08-13,29639,95615,2798481,1512258,9442032211,1581603903,11023636114,551181806
2020-08-14,29633,95476,2810615,1379507,9484796375,1444874399,10929670773,546483539
2020-08-18,29643,95647,2773690,1263076,9357116888,1320559613,10677676501,533883825
2020-08-19,29641,95643,2839342,1187813,9579166406,1241923954,10821090359,541054518
2020-08-20,29639,95578,2870649,886448,9685498521,927458680,10612957202,530647860
2020-08-21,29625,95419,2851672,955745,9625744914,1001629669,10627374584,531368729
2020-08-24,29635,95560,2966869,904825,10011208079,946862541,10958070620,547903531
2020-08-25,29633,95511,2886577,852092,9740981728,892136819,10633118547,531655927
2020-08-26,29627,95407,2910451,870615,9823639734,912528743,10736168477,536808424
2020-08-27,29620,95330,3041230,1049957,10267374784,1101393117,11368767901,568438395
2020-08-28,29609,95091,2863911,1050430,9672428397,1104652822,10777081219,538854061
2020-08-31,29600,94922,2625677,876196,8870665561,923068649,9793734210,489686710
2020-09-01,29594,94763,1706406,650960,5766147681,686937958,6453085639,322654282
2020-09-02,29609,95004,1678249,508963,5668126169,535727589,6203853758,310192688
2020-09-03,29609,95015,1700789,409255,5744239492,430726165,6174965657,308748283
2020-09-04,29603,94979,1512919,333308,5110612990,350929656,5461542646,273077132
2020-09-07,29589,94834,1489466,297868,5033862406,314093021,5347955427,267397771
2020-09-08,29598,94961,1429541,-554293,4829892297,583708414,5413600711,270680036
2020-09-09,29599,95036,178602,-1303378,603401180,1371453120,1974854300,98742715
2020-09-10,29595,94987,-123422,-1360430,417038453,1432230863,1849269315,92463466
2020-09-11,29592,94946,-262047,-1331365,885528408,1402235671,2287764079,114388204
2020-09-14,29598,95027,-330081,-1243868,1115211490,1308962935,2424174425,121208721
2020-09-15,29605,95109,-373810,-1165740,1262674531,1225687535,2488362066,124418103
2020-09-16,29607,95167,-399913,-1047022,1350757058,1100196875,2450953933,122547697
2020-09-17,29604,95121,-409090,-938124,1381867485,986243002,2368110487,118405524
2020-09-18,29603,95102,-287014,-341714,969539540,359313304,1328852843,66442642
2020-09-21,29607,95167,1968194,329939,6647725739,346695826,6994421565,349721078
2020-09-22,29612,95283,1692452,210281,5715432282,220690950,5936123232,296806162
2020-09-23,29613,95332,1732937,418375,5852020103,438859193,6290879296,314543965
2020-09-24,29621,95460,2156528,608922,7280379580,637879150,7918258730,395912937
2020-09-25,29620,95445,746361,550312,2519766548,576576634,3096343181,154817159
2020-09-28,29622,95468,768351,486320,2593885530,509408977,3103294507,155164725
2020-09-29,29621,95441,817284,410821,2759155751,430444051,3189599802,159479990
2020-10-05,29612,95211,-316742,-450178,1069641398,472823600,1542464999,77123250
2020-10-06,29605,95031,-282198,505602,953216525,532037756,1485254281,74262714
2020-10-07,29606,95080,-267274,331859,902770509,349031179,1251801688,62590084
2020-10-08,29607,95055,1140633,-386645,3852575005,406758172,4259333177,212966659
2020-10-12,29609,95016,-37526,-266373,126739144,280344430,407083574,20354179
2020-10-13,29613,95104,28410,-253764,95939463,266828355,362767818,18138391
2020-10-14,29620,95163,-1071126,-899401,3616251745,945118571,4561370316,228068516
2020-10-15,29624,95305,-808321,-852932,2728579985,894949191,3623529176,181176459
2020-10-16,29620,95212,-160016,-867809,540230639,911447714,1451678353,72583918
2020-10-19,29619,95292,-125267,-778159,422933775,816607382,1239541157,61977058
2020-10-20,29613,95155,-226026,-734907,763261333,772323815,1535585148,76779257
2020-10-21,29609,94973,-202698,-806997,684575085,849711497,1534286582,76714329
2020-10-22,29615,95061,-623603,-906561,2105714360,953659979,3059374338,152968717
2020-10-23,29620,95109,-667554,-1047348,2253745599,1101204798,3354950397,167747520
2020-10-26,29622,95124,-546471,-1140397,1844818059,1198852220,3043670279,152183514
2020-10-27,29617,95006,-479355,-1202647,1618527906,1265859791,2884387697,144219385
2020-10-28,29617,95017,-244208,-1189949,824563122,1252354260,2076917382,103845869
2020-10-29,29615,94991,-173856,-1124342,587056351,1183633204,1770689556,88534478
2020-10-30,29618,95008,-80944,-1007522,273290942,1060459109,1333750051,66687503
2020-11-02,29612,94863,-278701,-1026182,941185901,1081755435,2022941337,101147067
2020-11-03,29602,94813,-1443609,-1176251,4876706294,1240598496,6117304790,305865239
2020-11-04,29609,94923,-1564948,-1382294,5285447357,1456220931,6741668288,337083414
2020-11-05,29622,95204,-591674,-1143274,1997442025,1200867609,3198309634,159915482
2020-11-06,29614,95032,-1286486,-1229351,4344151946,1293620038,5637771984,281888599
2020-11-09,29608,94970,-1346077,-1406249,4546289779,1480733943,6027023721,301351186
2020-11-10,29595,94730,-1342087,-1474554,4534894174,1556592510,6091486684,304574334
2020-11-11,29591,94515,-1644118,-1427502,5556102168,1510343371,7066445539,353322277
2020-11-12,29596,94616,-1895110,-1432861,6403337958,1514400747,7917738706,395886935
2020-11-13,29601,94704,-2089598,-1441254,7059182015,1521855150,8581037166,429051858
2020-11-16,29603,94749,-2212162,-1461613,7472809881,1542623021,9015432903,450771645
2020-11-17,29604,94739,-2161856,-1466846,7302459213,1548294794,8850754007,442537700
2020-11-18,29608,94794,-2067981,-1462086,6984547627,1542374151,8526921778,426346089
2020-11-19,29604,94737,-2082604,-1470140,7034929914,1551819427,8586749341,429337467
2020-11-20,29603,94740,-2019822,-1485620,6823007404,1568100813,8391108217,419555411
2020-11-23,29601,94782,-1834755,-1404327,6198265550,1481645151,7679910700,383995535
2020-11-24,29599,94739,-1748936,-1384367,5908725045,1461246419,7369971464,368498573
2020-11-25,29592,94607,-1853125,-1443643,6262253300,1525931957,7788185257,389409263
2020-11-26,29587,94496,-2078377,-1518411,7024650987,1606855367,8631506354,431575318
2020-11-27,29588,94516,-2318339,-1545302,7835513929,1634965443,9470479372,473523969
2020-11-30,29584,94399,-2653432,-1631758,8969260827,1728572345,10697833171,534891659
2020-12-01,29586,94449,-3050275,-1732738,10309845483,1834571017,12144416500,607220825
2020-12-02,29584,94354,-3073411,-2857125,10388782592,3028095488,13416878080,670843904
2020-12-03,29590,94458,-2967504,-2777490,10028599647,2940453370,12969053016,648452651
2020-12-04,29592,94510,-3029082,-2774600,10236035670,2935779585,13171815255,658590763
2020-12-07,29593,94579,-2869477,-2660639,9696354661,2813153969,12509508630,625475431
2020-12-08,29591,94565,-2876144,-2639765,9719739947,2791472292,12511212239,625560612
2020-12-09,29588,94526,-3126381,-2792715,10566438276,2954454609,13520892884,676044644
2020-12-10,29588,94526,-3135716,-2843646,10597930459,3008329987,13606260446,680313022
2020-12-11,29585,94461,-3133312,-2831118,10590864422,2997123854,13587988276,679399414
2020-12-14,29581,94422,-3156782,-2833915,10671476441,3001331767,13672808209,683640410
2020-12-15,29580,94401,-3168170,-2844618,10710379281,3013319450,13723698731,686184937
2020-12-16,29580,94357,-3166057,-2843838,10703511923,3013899948,13717411871,685870594
2020-12-17,29575,94249,-3101171,-2780304,10485899086,2949945402,13435844488,671792224
2020-12-18,29580,94328,-3071097,-2757429,10382422809,2923241534,13305664343,665283217
2020-12-21,29581,94389,-2983347,-2686995,10085262322,2846729330,12931991652,646599583
2020-12-22,29587,94482,-2612175,-2495520,8828705178,2641254601,11469959779,573497989
2020-12-23,29592,94571,-2336857,-2337938,7897050195,2472156647,10369206842,518460342
2020-12-24,29586,94418,-2208137,-2260042,7463540866,2393651626,9857192492,492859625
2020-12-28,29587,94430,-1846077,-2003366,6239525857,2121535105,8361060962,418053048
2020-12-29,29584,94367,-1752098,-1877702,5922458267,1989795918,7912254185,395612709
2020-12-30,29581,94305,-1668218,-2343613,5639571890,2485130317,8124702207,406235110
2020-12-31,29581,94305,-2692820,-2539550,9103338748,2692897960,11796236708,589811835
2021-01-04,29587,94311,-2624434,-2598155,8870230114,2754890491,11625120605,581256030
2021-01-05,29596,94463,-2164884,-2362785,7314896049,2501285484,9816181533,490809077
2021-01-06,29590,94345,-1904539,-2251718,6436518331,2386679579,8823197910,441159896
2021-01-07,29590,94335,-1755240,-2214670,5931894414,2347672766,8279567179,413978359
2021-01-08,29588,94296,-1654997,-2173221,5593399590,2304682013,7898081603,394904080
2021-01-11,29588,94360,-1499003,-2090105,5066187339,2215029475,7281216814,364060841
2021-01-12,29582,94268,-1517576,-2046597,5130136776,2171038629,7301175405,365058770
2021-01-13,29575,94253,-2199638,-2053013,7437577048,2178190526,9615767573,480788379
2021-01-14,29562,94163,-2022873,-2139840,6842897782,2272480535,9115378317,455768916
2021-01-15,29569,94198,-2221431,-2332880,7512804498,2476578230,9989382727,499469136
2021-01-18,29567,94241,-2552896,-2399809,8634247208,2546460815,11180708023,559035401
2021-01-19,29563,94205,-2859839,-2464498,9673738791,2616103374,12289842165,614492108
2021-01-20,29563,94244,-2861275,-2524696,9678492130,2678881557,12357373687,617868684
2021-01-21,29563,94226,-2891731,-2634486,9781511622,2795909557,12577421179,628871059
2021-01-22,29556,94032,-2701937,-2516216,9141775416,2675923582,11817698998,590884950
2021-01-25,29553,93956,-4480628,-2580765,15161298094,2746767684,17908065777,895403289
2021-01-26,29554,93973,-4485667,-2612494,15177717781,2780043805,17957761587,897888079
2021-01-27,29558,94051,-4421435,-2594968,14958414252,2759098429,17717512681,885875634
2021-01-28,29564,94071,-4443736,-2593322,15031034076,2756767718,17787801794,889390090
2021-01-29,29569,94132,-4493186,-2627857,15195801044,2791682043,17987483087,899374154
2021-02-01,29563,94036,-4760667,-2831912,16103497143,3011507454,19115004597,955750230
2021-02-02,29560,94076,-4841173,-2908183,16377327728,3091317439,19468645167,973432258
2021-02-03,29561,94011,-4928354,-2947834,16671731683,3135641870,19807373552,990368678
2021-02-04,29558,93854,-4866490,-2898978,16464153464,3088828067,19552981531,977649077
2021-02-05,29561,93848,-4956497,-3177811,16767255097,3386134519,20153389616,1007669481
2021-02-08,29555,93664,-4650810,-2954515,15736289246,3154360322,18890649568,944532478
2021-02-09,29553,93655,-4648028,-3066761,15727593209,3274540940,19002134149,950106707
2021-02-10,29548,93605,-4577647,-3118000,15492156169,3331002334,18823158503,941157925
2021-02-15,29540,93462,-4344621,-2906321,14707432147,3109627245,17817059393,890852970
2021-02-16,29539,93489,-4369877,-2924370,14793779511,3128022330,17921801841,896090092
2021-02-17,29533,93354,-4136135,-2837381,14005100502,3039378977,17044479479,852223974
2021-02-18,29528,93341,-3982963,-2846354,13488593740,3049422168,16538015909,826900795
2021-02-19,29527,93337,-3834948,-2866983,12987774101,3071637064,16059411165,802970558
2021-02-22,29518,93167,-3505420,-2636152,11875396971,2829481359,14704878330,735243916
2021-02-23,29529,93314,-3366324,-2476397,11400056986,2653830101,14053887088,702694354
2021-02-24,29535,93434,-3382459,-2414919,11452266350,2584634755,14036901105,701845055
2021-02-25,29527,93241,-3311503,-2271937,11215148360,2436640050,13651788409,682589420
2021-02-26,29515,93111,-3269689,-2225389,11077982571,2390045123,13468027693,673401385
2021-03-02,29518,93184,-3312367,-2188481,11221488137,2348552159,13570040296,678502015
2021-03-03,29520,93273,-3367160,-2143661,11406264679,2298252853,13704517533,685225877
2021-03-04,29515,93225,-3439138,-2171995,11652004297,2329853794,13981858091,699092905
2021-03-05,29500,92964,-2862804,-1872443,9704385294,2014149636,11718534930,585926746
2021-03-08,29474,92722,-2333689,-1693196,7917765566,1826101771,9743867337,487193367
2021-03-09,29470,92747,-2328764,-1670707,7902211100,1801369175,9703580276,485179014
2021-03-10,29481,92842,-2214364,-1635697,7511178354,1761815545,9272993898,463649695
2021-03-11,29483,92832,-2212256,-1636624,7503419651,1762996514,9266416164,463320808
2021-03-12,29462,92462,-1799584,-1363124,6108224161,1474245868,7582470029,379123501
2021-03-15,29449,92307,-1736078,-1340334,5895241382,1452037965,7347279348,367363967
2021-03-16,29470,92520,-1499833,-1241465,5089369171,1341838378,6431207549,321560377
2021-03-17,29467,92451,-1498131,-1238111,5084141453,1339212846,6423354299,321167715
2021-03-18,29476,92400,-1486399,-1240637,5042748237,1342675182,6385423418,319271171
2021-03-19,29482,92509,-1473611,-1214770,4998368548,1313134884,6311503432,315575172
2021-03-22,29482,92600,-1465873,-1201184,4972040568,1297177081,6269217650,313460882
2021-03-23,29479,92643,-1478069,-1205789,5014015752,1301550128,6315565880,315778294
2021-03-24,29487,92832,-1443633,-1163334,4895904151,1253155807,6149059958,307452998
2021-03-25,29489,92880,-1417239,-1143721,4805927245,1231399704,6037326949,301866347
2021-03-26,29481,92689,-1342507,-1079159,4553757041,1164281979,5718039020,285901951
2021-03-29,29484,92802,-971267,-773596,3294223159,833595341,4127818500,206390925
2021-03-30,29467,92405,-947574,-703153,3215674679,760946257,3976620936,198831047
2021-03-31,29470,92462,-1151169,-904602,3906178659,978349443,4884528102,244226405
2021-04-01,29473,92542,-1089196,-866629,3695542900,936472003,4632014903,231600745
2021-04-02,29471,92466,-1103611,-868385,3744719339,939144957,4683864295,234193215
2021-04-05,29451,92204,-1043322,-866244,3542531370,939487370,4482018740,224100937
2021-04-06,29460,92300,-1055970,-859861,3584464238,931589652,4516053890,225802694
2021-04-07,29472,92438,-1021693,-828813,3466693896,896617978,4363311874,218165594
2021-04-08,29492,92690,-949390,-754536,3219147288,814042307,4033189595,201659480
2021-04-09,29491,92648,-945325,-753654,3205445753,813462695,4018908448,200945422
2021-04-12,29505,92856,-900232,-714634,3051167133,769613585,3820780718,191039036
2021-04-13,29506,92787,-884034,-713361,2996088254,768820228,3764908482,188245424
2021-04-14,29515,92965,-845005,-682412,2862996681,734048653,3597045334,179852267
2021-04-15,29500,92877,-821951,-683265,2786239656,735670358,3521910014,176095501
2021-04-16,29491,92825,-808365,-677266,2741094238,729615217,3470709455,173535473
2021-04-19,29494,92944,-753710,-621226,2555433617,668385340,3223818956,161190948
2021-04-20,29488,92799,-408716,-333372,1386050296,359238757,1745289052,87264453
2021-04-21,29496,92861,-412584,-326501,1398783476,351601414,1750384891,87519245
2021-04-22,29496,92863,-403968,-297354,1369559988,320206679,1689766667,84488333
2021-04-23,29496,92701,-418829,-303161,1419946650,327032632,1746979282,87348964
2021-04-26,29494,92572,-428109,-306589,1451507977,331188084,1782696061,89134803
2021-04-27,29492,92596,-481252,-369167,1631785332,398684243,2030469575,101523479
2021-04-28,29486,92519,-479348,-592281,1625666258,640168704,2265834961,113291748
2021-04-29,29483,92468,-663571,-559282,2250671988,604836788,2855508777,142775439
2021-04-30,29483,92426,-597201,-522006,2025591406,564782795,2590374201,129518710
2021-05-03,29489,92502,-531083,-570088,1800980501,616296539,2417277041,120863852
2021-05-04,29484,92441,-877897,-841588,2977540887,910407407,3887948294,194397415
2021-05-06,29489,92554,-739189,-713163,2506624029,770541492,3277165522,163858276
2021-05-07,29485,92466,-1236545,-1116983,4193802888,1207989670,5401792559,270089628
2021-05-10,29487,92435,-1482633,-1106368,5028056531,1196918905,6224975436,311248772
2021-05-11,29495,92465,-1444387,-1132548,4897116735,1224843536,6121960271,306098014
2021-05-12,29494,92480,-1436540,-1154815,4870546126,1248722785,6119268911,305963446
2021-05-13,29489,92331,-1404591,-1173347,4763176332,1270799789,6033976121,301698806
2021-05-14,29493,92344,-1389116,-1215606,4710004116,1316394489,6026398604,301319930
2021-05-17,29501,92503,-1368184,-1217228,4637822342,1315874456,5953696798,297684840
2021-05-18,29502,92517,-1254193,-1224795,4251167487,1323862746,5575030233,278751512
2021-05-20,29497,92470,-1214640,-1244280,4117782627,1345597106,5463379734,273168987
2021-05-21,29500,92549,-1089356,-1239965,3692738060,1339791806,5032529866,251626493
2021-05-24,29488,92504,-1097290,-1190930,3721156135,1287436277,5008592412,250429621
2021-05-25,29474,92420,-1033035,-970772,3504856913,1050396577,4555253489,227762674
2021-05-26,29466,92363,-1100641,-1161136,3735244062,1257138327,4992382389,249619119
2021-05-27,29483,92528,-1071305,-1050264,3633674706,1135077822,4768752528,238437626
2021-05-28,29456,92256,-1104544,-1111418,3749749246,1204706449,4954455695,247722785
2021-05-31,29435,92031,-1170576,-1160125,3976751861,1260573917,5237325778,261866289
2021-06-01,29446,92077,-1287200,-1228838,4371438056,1334571036,5706009092,285300455
2021-06-02,29452,92094,-1418028,-1270731,4814669732,1379823248,6194492980,309724649
2021-06-03,29452,92112,-1444280,-1301874,4903828035,1413363359,6317191394,315859570
2021-06-04,29443,92126,-1473050,-1294762,5002986973,1405423233,6408410206,320420510
2021-06-07,29445,92184,-1490867,-1290640,5063196346,1400062500,6463258846,323162942
2021-06-08,29443,92286,-1617879,-1338191,5494876712,1450051645,6944928357,347246418
2021-06-09,29445,92331,-1690386,-1311617,5740822015,1420559810,7161381825,358069091
2021-06-10,29431,92355,-1769885,-1196332,6013603343,1295361899,7308965242,365448262
2021-06-11,29427,92346,-1771391,-1219663,6019628500,1320750127,7340378628,367018931
2021-06-14,29414,92221,-1772583,-1215419,6026336976,1317948672,7344285648,367214282
2021-06-15,29395,92203,-1737331,-1255453,5910233607,1361622245,7271855852,363592793
2021-06-16,29410,92282,-1697128,-1233298,5770521332,1336451786,7106973118,355348656
2021-06-17,29403,92193,-1693285,-1199091,5758873784,1300631375,7059505160,352975258
2021-06-18,29412,92382,-1686915,-839058,5735528099,908244366,6643772465,332188623
2021-06-21,29399,92389,-1677998,-845176,5707706749,914804852,6622511601,331125580
2021-06-22,29408,92274,-1678700,-838131,5708286002,908309340,6616595342,330829767
2021-06-23,29411,92271,-1678612,-822811,5707428988,891737349,6599166337,329958317
2021-06-24,29394,92159,-1707727,-909295,5809852287,986655655,6796507942,339825397
2021-06-25,29362,91940,-1599340,-915140,5447036035,995368036,6442404072,322120204
2021-06-28,29353,91772,-1594097,-1258894,5430725228,1371766574,6802491802,340124590
2021-06-29,29371,91916,-1550532,-1179269,5279118035,1282992518,6562110553,328105528
2021-06-30,29373,91950,-1611280,-1176951,5485570417,1279997100,6765567517,338278376
2021-07-01,29364,91858,-1617148,-1305365,5507250872,1421062873,6928313745,346415687
2021-07-02,29361,91840,-1636591,-1396925,5574037305,1521049237,7095086542,354754327
2021-07-05,29372,91973,-1662597,-1499372,5660477917,1630234636,7290712553,364535628
2021-07-06,29369,91918,-1664177,-1540885,5666434197,1676363889,7342798086,367139904
2021-07-07,29388,92203,-1626545,-1406404,5534699659,1525329820,7060029479,353001474
2021-07-08,29411,92444,-1451211,-1228937,4934234744,1329379471,6263614215,313180711
2021-07-09,29409,92375,-1269164,-1134931,4315601784,1228616589,5544218372,277210919
2021-07-12,29406,92427,-1336820,-1150536,4546105266,1244808725,5790913991,289545700
2021-07-13,29392,92359,-1347175,-981723,4583426218,1062942232,5646368451,282318423
2021-07-14,29400,92483,-1303872,-855555,4434994315,925093270,5360087585,268004379
2021-07-15,29357,92332,-1192479,-765990,4061997615,829606822,4891604438,244580222
2021-07-16,29356,92247,-1202954,-659046,4097783420,714435745,4812219165,240610958
2021-07-19,29358,92340,-1200679,-488022,4089720980,528504772,4618225752,230911288
2021-07-20,29374,92622,-1260619,-364325,4291578871,393346307,4684925178,234246259
2021-07-21,29390,92758,-1284743,-325806,4371416031,351242665,4722658696,236132935
2021-07-22,29384,92617,-1022949,-282797,3481333631,305341221,3786674852,189333743
2021-07-23,29382,92674,-1019535,-253132,3469885724,273143525,3743029249,187151462
2021-07-26,29389,92784,-1001624,-251722,3408150267,271298703,3679448970,183972448
2021-07-27,29386,92776,-975068,-252354,3318140690,272003754,3590144444,179507222
2021-07-28,29374,92798,-963084,-252389,3278699337,271976452,3550675789,177533789
2021-07-29,29362,92609,-814418,-245381,2773727354,264963222,3038690576,151934529
2021-07-30,29370,92715,-859868,-245217,2927688587,264483837,3192172424,159608621
2021-08-02,29363,92560,-916543,-242986,3121379196,262517431,3383896628,169194831
2021-08-03,29363,92602,-976797,163131,3326673888,176163167,3502837055,175141853
2021-08-04,29370,92672,-1015669,131050,3458158009,141412719,3599570729,179978536
2021-08-05,29369,92607,-999299,104991,3402578638,113372815,3515951453,175797573
2021-08-06,29364,92463,-981552,59520,3342726138,64371810,3407097948,170354897
2021-08-09,29367,92433,-969764,-25559,3302245025,27651455,3329896480,166494824
2021-08-10,29371,92459,-970685,-250260,3304920086,270670663,3575590749,178779537
2021-08-11,29374,92397,-1083978,-214066,3690264423,231681432,3921945855,196097293
2021-08-12,29373,92444,-977167,-248859,3326727045,269201333,3595928378,179796419
2021-08-13,29378,92483,-1443743,-848009,4914366248,916938571,5831304819,291565241
2021-08-17,29387,92675,-1462416,-889401,4976466079,959700499,5936166578,296808329
2021-08-18,29385,92707,-1286578,-841955,4378405677,908188516,5286594193,264329710
2021-08-19,29394,92846,-1274276,-728512,4335172629,784647654,5119820283,255991014
2021-08-20,29396,92988,-1176409,-562149,4001969307,604539977,4606509284,230325464
2021-08-23,29381,92737,-1147181,-532148,3904496624,573824476,4478321100,223916055
2021-08-24,29362,92510,-1187368,-489096,4043870565,528694851,4572565416,228628271
2021-08-25,29362,92550,-1061153,-483384,3614087898,522297525,4136385423,206819271
2021-08-26,29355,92530,-1155328,-466297,3935670988,503943780,4439614767,221980738
2021-08-27,29349,92451,-1404687,-478916,4786089461,518021135,5304110596,265205530
2021-08-30,29354,92520,-1469580,-493444,5006463602,533340010,5539803611,276990181
2021-08-31,29352,92490,-1496384,-517929,5097996763,559985025,5657981788,282899089
2021-09-01,29350,92330,-1579295,-623219,5380983580,674990936,6055974516,302798726
2021-09-02,29343,92290,-1209523,-186115,4122072349,201662557,4323734906,216186745
2021-09-03,29332,92271,-1346166,-347713,4589423994,376839737,4966263731,248313187
2021-09-06,29319,92157,-1469808,-373097,5013216844,404850967,5418067811,270903391
2021-09-07,29316,92119,-1618140,-506077,5519681241,549375594,6069056835,303452842
2021-09-08,29305,91986,-1739740,-658560,5936742268,715937872,6652680140,332634007
2021-09-09,29292,91939,-1829557,-775982,6245948734,844018097,7089966831,354498342
2021-09-10,29297,92012,-2509018,-1967071,8564131310,2137843826,10701975136,535098757
2021-09-13,29282,91854,-2580671,-1957276,8813234294,2130844824,10944079118,547203956
2021-09-14,29268,91726,-2617049,-1904611,8941731455,2076415053,11018146508,550907325
2021-09-15,29289,91892,-2592092,-1890272,8850173088,2057050613,10907223701,545361185
2021-09-16,29281,91811,-2612785,-1853633,8922998468,2018956443,10941954911,547097746
2021-09-17,29275,91677,-2768850,-1900398,9458125523,2072930021,11531055544,576552777
2021-09-23,29261,91519,-2953395,-1874780,10093212588,2048508991,12141721579,607086079
2021-09-24,29264,91349,-2970453,-1988975,10150563025,2177330938,12327893964,616394698
2021-09-27,29265,91394,-3055807,-2117239,10441850140,2316612816,12758462956,637923148
2021-09-28,29247,91068,-2971086,-2130165,10158739986,2339087623,12497827609,624891380
2021-09-29,29257,91300,-2912197,-2209740,9953992697,2420294601,12374287298,618714365
2021-09-30,29245,91114,-2890657,-2161566,9884142372,2372385032,12256527403,612826370
2021-10-01,29232,91039,-2979127,-2255669,10191262923,2477707647,12668970570,633448529
2021-10-05,29217,90882,-2920264,-2252909,9994967536,2478930960,12473898495,623694925
2021-10-06,29187,90470,-2690492,-2107502,9218208250,2329504383,11547712632,577385632
2021-10-07,29206,90672,-2679465,-2111421,9174414625,2328641473,11503056097,575152805
2021-10-08,29211,90801,-2681753,-2111222,9180777603,2325106407,11505884010,575294201
2021-10-12,29176,90479,-2456747,-2008260,8420513682,2219588874,10640102556,532005128
2021-10-13,29167,90498,-2461392,-2022438,8439023702,2234781955,10673805656,533690283
2021-10-14,29163,90614,-2474209,-2028586,8484042578,2238720856,10722763435,536138172
2021-10-15,29168,90670,-2665198,-2040386,9137525672,2250333112,11387858783,569392939
2021-10-18,29136,90418,-2477507,-1993876,8503346792,2205178308,10708525100,535426255
2021-10-19,29144,90502,-2463515,-2013242,8452911104,2224530848,10677441952,533872098
2021-10-20,29139,90375,-2523641,-2102751,8660833114,2326687401,10987520515,549376026
2021-10-21,29142,90391,-2609247,-2132871,8953536453,2359598427,11313134880,565656744
2021-10-22,29126,90241,-2558415,-2117041,8783989939,2345987118,11129977058,556498853
2021-10-25,29114,90073,-2530938,-2096771,8693235790,2327855369,11021091159,551054558
2021-10-26,29096,89868,-2476210,-2072795,8510597507,2306500456,10817097962,540854898
2021-10-27,29058,89658,-2251224,-2036511,7747378820,2271423187,10018802007,500940100
2021-10-28,29077,90050,-2056199,-1776515,7071471384,1972809938,9044281322,452214066
2021-10-29,29045,89617,-1928190,-1595547,6638538827,1780409345,8418948173,420947409
2021-11-01,29044,89825,-1933034,-1544553,6655487639,1719504839,8374992478,418749624
2021-11-02,29068,90104,-1813716,-1489692,6239529115,1653308708,7892837823,394641891
2021-11-03,29067,90080,-1814440,-1459545,6242261139,1620266991,7862528130,393126407
2021-11-04,29073,90338,-1788223,-1383796,6150771457,1531801606,7682573063,384128653
2021-11-05,29094,90518,-1735867,-1227855,5966370996,1356480055,7322851051,366142553
2021-11-08,29102,90546,-1731407,-1277711,5949519338,1411116587,7360635924,368031796
2021-11-09,29126,90663,-1670605,-1245200,5735814408,1373443747,7109258155,355462908
2021-11-10,29134,90662,-1402948,-1227209,4815436206,1353612202,6169048408,308452420
2021-11-11,29127,90577,-1447460,-1199573,4969396596,1324374697,6293771293,314688565
2021-11-12,29102,90466,-1460821,-1163711,5019604053,1286347908,6305951960,315297598
2021-11-15,29111,90704,-1472587,-1099337,5058549000,1212008504,6270557504,313527875
2021-11-16,29091,90560,-1456305,-801484,5006048892,885027661,5891076554,294553828
2021-11-17,29085,90425,-1434511,-823825,4932068805,911059574,5843128380,292156419
2021-11-18,29096,90448,-1394427,-855073,4792545704,945379866,5737925569,286896278
2021-11-19,29087,90261,-1371086,-882029,4713808025,977202626,5691010651,284550533
2021-11-22,29075,90200,-1383255,-920821,4757477880,1020863407,5778341287,288917064
2021-11-23,29076,90161,-1651792,-999973,5680999423,1109101194,6790100617,339505031
2021-11-24,29089,90234,-1602167,-1210825,5507773031,1341877706,6849650737,342482537
2021-11-25,29108,90446,-1559206,-1201636,5356613814,1328564480,6685178294,334258915
2021-11-26,29132,90873,-1329867,-1071212,4565035214,1178801691,5743836905,287191845
2021-11-29,29153,91037,-1300804,-928302,4461970786,1019700294,5481671080,274083554
2021-11-30,29185,91336,-1163016,-850628,3984963128,931313457,4916276585,245813829
2021-12-01,29171,91401,-990861,-815824,3396711944,892574303,4289286247,214464312
2021-12-02,29161,91338,-1012977,-798993,3473733010,874769619,4348502629,217425131
2021-12-03,29135,91170,-1016551,-505781,3489143718,554768862,4043912580,202195629
2021-12-06,29141,91243,-966192,-513395,3315526261,562665214,3878191475,193909574
2021-12-07,29134,91074,-921435,-515947,3162771597,566515579,3729287175,186464359
2021-12-08,29148,91238,-874840,-536285,3001411071,587788982,3589200053,179460003
2021-12-09,29159,91230,-842624,-562200,2889730458,616246836,3505977294,175298865
2021-12-10,29152,91169,-806028,-583179,2764873757,639670332,3404544089,170227204
2021-12-13,29157,91250,-485223,-561267,1664148592,615083654,2279232245,113961612
2021-12-14,29160,91284,-495265,-536470,1698415552,587693587,2286109139,114305457
2021-12-15,29157,91276,-527271,-507095,1808394652,555561943,2363956596,118197830
2021-12-16,29173,91416,-549552,-468128,1883781333,512086062,2395867395,119793370
2021-12-17,29173,91387,-579336,-445228,1985846114,487188927,2473035042,123651752
2021-12-20,29189,91605,-281030,-147475,962794263,160990482,1123784745,56189237
2021-12-21,29195,91682,-643308,-453834,2203472785,495009987,2698482772,134924139
2021-12-22,29184,91539,-650319,-453029,2228353703,494904496,2723258199,136162910
2021-12-23,29160,91236,-661205,-452088,2267492742,495514397,2763007139,138150357
2021-12-24,29164,91251,-666966,-513139,2286922689,562341075,2849263764,142463188
2021-12-27,29170,91290,-647672,-558580,2220357711,611875175,2832232887,141611644
2021-12-28,29168,91267,-585408,-674206,2007040146,738714373,2745754519,137287726
2021-12-29,29170,91316,-184480,-362965,632431876,397482029,1029913905,51495695
2021-12-30,29160,91180,-194448,-361891,666838845,396898544,1063737389,53186869
2021-12-31,29160,91180,-246265,-350467,844538350,384369754,1228908104,61445405
2022-01-03,29130,90826,-380960,-382071,1307802757,420661941,1728464698,86423235
2022-01-04,29113,90660,-403552,-449113,1386137595,495383568,1881521163,94076058
2022-01-05,29097,90447,-456186,-497305,1567817595,549828377,2117645972,105882299
2022-01-06,29054,89793,-488791,-697718,1682362571,777031182,2459393753,122969688
2022-01-07,29066,89908,-763198,-660806,2625772626,734983076,3360755702,168037785
2022-01-10,29074,89946,-745295,-636698,2563458817,707863661,3271322477,163566124
2022-01-11,29081,89973,-713575,-641921,2453752883,713460093,3167212976,158360649
2022-01-12,29098,90255,-698859,-965015,2401753640,1069215366,3470969007,173548450
2022-01-13,29104,90276,-730951,-972575,2511508972,1077339935,3588848907,179442445
2022-01-14,29071,89999,-1068408,-966758,3675170153,1074181411,4749351564,237467578
2022-01-17,29025,89595,-1020738,-938114,3516704573,1047061095,4563765668,228188283
2022-01-18,29036,89683,-1052633,-934087,3625261731,1041540300,4666802031,233340102
2022-01-19,29051,89805,-1061922,-901225,3655375200,1003534153,4658909353,232945468
2022-01-20,29037,89658,-1048115,-956731,3609610061,1067094660,4676704721,233835236
2022-01-21,29034,89677,-1050256,-1057390,3617330024,1179108761,4796438785,239821939
2022-01-24,29036,89677,-1083239,-1113381,3730622786,1241550474,4972173260,248608663
2022-01-25,29020,89487,-1123661,-1149756,3872043186,1284829647,5156872833,257843642
2022-01-26,29024,89566,-1150382,-1173927,3963505979,1310687277,5274193256,263709663
2022-01-27,29001,89326,-1161285,-1196877,4004291591,1339894332,5344185923,267209296
2022-01-28,29007,89439,-1193200,-1200367,4113539496,1342114663,5455654159,272782708
2022-02-03,29018,89593,-1203611,-1185716,4147784329,1323452761,5471237090,273561855
2022-02-04,28999,89413,-1211745,-1176205,4178557734,1315478841,5494036575,274701829
2022-02-07,28968,89120,-1169973,-1144022,4038781421,1283687314,5322468735,266123437
2022-02-08,28933,88642,-1101027,-1060940,3805487908,1196880808,5002368716,250118436
2022-02-09,28944,88819,-1099737,-1043987,3799563117,1175405452,4974968570,248748428
2022-02-10,28956,88891,-1098190,-1062726,3792613742,1195532358,4988146101,249407305
2022-02-11,28927,88653,-1080121,-1053509,3733940602,1188354296,4922294898,246114745
2022-02-14,28925,88694,-1080632,-1056599,3735940550,1191288375,4927228924,246361446
2022-02-15,28930,88780,-1081358,-1053831,3737799932,1187020612,4924820545,246241027
2022-02-16,28943,88861,-1078155,-1058950,3725158236,1191695170,4916853406,245842670
2022-02-17,28951,88857,-1079854,-1060919,3729960451,1193956605,4923917055,246195853
2022-02-18,28948,88812,-1082251,-1063486,3738659763,1197455684,4936115447,246805772
2022-02-21,28937,88679,-1086610,-1060100,3755038594,1195439757,4950478352,247523918
2022-02-22,28947,88824,-1094575,-1052872,3781296910,1185340525,4966637436,248331872
2022-02-23,28948,88825,-1123178,-1111375,3879971511,1251189441,5131160951,256558048
2022-02-24,28986,89193,-1047387,-1053561,3613417220,1181216034,4794633254,239731663
2022-02-25,28972,89011,-1040011,-1032369,3589765481,1159825442,4749590923,237479546
2022-02-28,28972,89002,-872322,-1006156,3010881170,1130481148,4141362318,207068116
2022-03-02,28996,89300,-885757,-838161,3054730347,938590372,3993320719,199666036
2022-03-03,28984,89118,-904492,-862334,3120705742,967630379,4088336121,204416806
2022-03-04,28989,89219,-843241,-832456,2908802398,933044435,3841846833,192092342
2022-03-07,28964,88997,-763342,-766718,2635470118,861506469,3496976588,174848829
2022-03-08,28960,88945,-760432,-734115,2625775118,825353876,3451128993,172556450
2022-03-10,28962,88912,-771388,-761028,2663477878,855932922,3519410800,175970540
2022-03-11,28968,88958,-780288,-767730,2693647968,863023209,3556671177,177833559
2022-03-14,28953,88780,-796508,-962027,2751024956,1083609849,3834634805,191731740
2022-03-15,28951,88709,-988922,-918077,3415831351,1034936119,4450767470,222538373
2022-03-16,28952,88652,-957205,-893940,3306222930,1008366519,4314589448,215729472
2022-03-17,28969,88924,-927707,-878895,3202423760,988370518,4190794278,209539714
2022-03-18,28958,88789,-911425,-891925,3147434708,1004545932,4151980640,207599032
2022-03-21,28944,88677,-947122,-931201,3272235907,1050105153,4322341060,216117053
2022-03-22,28893,88161,-917908,-913317,3176930543,1035961596,4212892140,210644607
2022-03-23,28888,88182,-972877,-957365,3367782937,1085675006,4453457943,222672897
2022-03-24,28868,87952,-998235,-972369,3457892187,1105567526,4563459713,228172986
2022-03-25,28843,87799,-1001115,-979875,3470905640,1116043671,4586949312,229347466
2022-03-28,28752,86942,-781883,-837261,2719387992,963011835,3682399827,184119991
2022-03-29,28779,87287,-759070,-802780,2637583984,919705301,3557289285,177864464
2022-03-30,28813,87633,-731739,-780463,2539650745,890602791,3430253536,171512677
2022-03-31,28806,87495,-752402,-803122,2611942001,917904935,3529846936,176492347
2022-04-01,28763,87162,-738579,-798091,2567804624,915636298,3483440922,174172046
2022-04-04,28753,87066,-746741,-810919,2597125659,931386705,3528512364,176425618
2022-04-05,28726,86858,-755298,-822467,2629278745,946911579,3576190324,178809516
2022-04-06,28705,86773,-753747,-824375,2625868332,950036348,3575904680,178795234
2022-04-07,28717,86855,-774787,-881855,2698004586,1015317813,3713322399,185666120
2022-04-08,28681,86537,-763945,-871349,2663556244,1006912341,3670468586,183523429
2022-04-11,28601,85777,-686310,-775261,2399571136,903813319,3303384455,165169223
2022-04-12,28639,85874,-672595,-775476,2348560704,903034699,3251595403,162579770
2022-04-13,28679,86071,-659368,-784089,2299147169,910978877,3210126045,160506302
2022-04-14,28711,86441,-633883,-754983,2207777693,873405319,3081183012,154059151
2022-04-15,28676,86095,-629927,-745337,2196696222,865712900,3062409122,153120456
2022-04-18,28656,85872,-641060,-753707,2237081979,877707966,3114789946,155739497
2022-04-19,28678,86068,-640687,-751346,2234105665,872966650,3107072316,155353616
2022-04-20,28675,86111,-651215,-760992,2271031983,883733958,3154765942,157738297
2022-04-21,28675,86088,-671888,-786150,2343095068,913190317,3256285385,162814269
2022-04-22,28665,86026,-691812,-810603,2413449230,942273840,3355723069,167786153
2022-04-25,28712,86543,-643459,-758899,2241108771,876900069,3118008840,155900442
2022-04-26,28713,86601,-628868,-770984,2190154210,890274244,3080428454,154021423
2022-04-27,28684,86506,-533234,-761893,1858974690,880745178,2739719868,136985993
2022-04-28,28668,86517,-559495,-605117,1951625294,699419830,2651045124,132552256
2022-04-29,28648,86257,-573701,-622392,2002614457,721555865,2724170322,136208516
2022-05-02,28598,85650,-549006,-593669,1919751111,693133099,2612884210,130644210
2022-05-03,28576,85514,-572118,-685481,2002066972,801603420,2803670393,140183520
2022-05-04,28559,85422,-587660,-688652,2057697543,806172898,2863870441,143193522
2022-05-06,28571,85445,-597081,-701170,2089836418,820606069,2910442487,145522124
2022-05-09,28598,85521,-595421,-705124,2082049472,824501823,2906551295,145327565
2022-05-10,28604,85579,-626771,-724635,2191166600,846742499,3037909099,151895455
2022-05-11,28654,86150,-596626,-671630,2082196168,779606120,2861802288,143090114
2022-05-12,28669,86501,-575570,-629967,2007641105,728280586,2735921691,136796085
2022-05-13,28656,86320,-560060,-611885,1954455356,708858190,2663313546,133165677
2022-05-16,28617,86116,-488880,-591008,1708378394,686292366,2394670760,119733538
2022-05-17,28616,86061,-488561,-586593,1707272418,681597570,2388869988,119443499
2022-05-18,28605,85872,-488413,-578818,1707441293,674049894,2381491187,119074559
2022-05-19,28610,85849,-552943,-575651,1932711502,670538559,2603250060,130162503
2022-05-20,28639,86166,-539594,-612418,1884120871,710744504,2594865375,129743269
2022-05-23,28635,86106,-509770,-623793,1780229405,724450240,2504679646,125233982
2022-05-24,28658,86351,-528969,-601525,1845779882,696607419,2542387301,127119365
2022-05-25,28662,86450,-493535,-592891,1721892039,685820733,2407712772,120385639
2022-05-26,28639,86246,-452523,-555898,1580090137,644549016,2224639153,111231958
2022-05-27,28635,86260,-408818,-513914,1427679719,595774964,2023454683,101172734
2022-05-30,28626,86171,-334767,-474167,1169448662,550262905,1719711567,85985578
2022-05-31,28584,85657,-342628,-490613,1198653753,572761600,1771415353,88570768
2022-06-02,28539,85212,-441361,-558956,1546504538,655959278,2202463815,110123191
2022-06-03,28539,85266,-468935,-549160,1643139792,644054796,2287194588,114359729
2022-06-07,28485,84662,-498085,-562703,1748568680,664644929,2413213610,120660680
2022-06-08,28496,84913,-529177,-589006,1857043571,693655990,2550699561,127534978
2022-06-09,28512,84963,-570462,-621109,2000811159,731031372,2731842531,136592127
2022-06-10,28501,84851,-585575,-634104,2054596859,747311422,2801908280,140095414
2022-06-13,28377,83996,-525681,-599187,1852465492,713356328,2565821820,128291091
2022-06-14,28357,83905,-529526,-607982,1867333664,724606762,2591940426,129597021
2022-06-15,28314,83465,-520912,-598146,1839748252,716643228,2556391480,127819574
2022-06-16,28280,83376,-521785,-599052,1845055523,718497195,2563552718,128177636
2022-06-17,28283,83372,-529372,-608909,1871680838,730349932,2602030770,130101539
2022-06-20,28321,83601,-522426,-603464,1844683094,721838508,2566521601,128326080
2022-06-21,28344,83654,-521169,-604712,1838701260,722870271,2561571530,128078577
2022-06-22,28391,84133,-502684,-581573,1770546761,691252628,2461799389,123089969
2022-06-23,28362,83943,-535037,-604943,1886460335,720658383,2607118718,130355936
2022-06-24,28400,84387,-522339,-591856,1839212037,701356058,2540568095,127028405
2022-06-27,28381,84087,-528387,-592024,1861737111,704060647,2565797758,128289888
2022-06-28,28377,84128,-528181,-591572,1861269988,703181918,2564451906,128222595
2022-06-29,28381,84282,-532044,-575456,1874655628,682777902,2557433529,127871676
2022-06-30,28385,84500,-512286,-468395,1804761719,554311351,2359073070,117953653
2022-07-01,28433,85035,-257056,-304607,904071281,358212764,1262284044,63114202
2022-07-04,28443,85129,-278240,-292929,978228802,344101161,1322329963,66116498
2022-07-05,28486,85562,-265179,-266240,930923621,311164452,1242088072,62104404
2022-07-06,28504,85797,-242585,-238780,851067552,278307161,1129374713,56468736
2022-07-07,28489,85652,-220781,-239583,774956725,279716526,1054673252,52733663
2022-07-08,28481,85480,-221947,-231644,779288599,270992707,1050281306,52514065
2022-07-11,28476,85373,-225271,-99833,791082615,116937870,908020485,45401024
2022-07-12,28486,85585,-81097,-113593,284694298,132725629,417419927,20870996
2022-07-13,28488,85659,-93137,-127679,326929768,149055173,475984941,23799247
2022-07-14,28460,85633,-103873,-141490,364982491,165228813,530211304,26510565
2022-07-15,28470,85763,-113461,-150927,398521422,175981295,574502717,28725136
2022-07-18,28462,85625,-122263,-4744,429572207,5541005,435113212,21755661
2022-07-19,28467,85739,-132534,-8765,465565518,10222976,475788494,23789425
2022-07-20,28421,85199,-137987,-4096,485503814,4808113,490311927,24515596
2022-07-21,28418,85168,6736,714,23704119,838274,24542393,1227120
2022-07-22,28450,85492,5915,8229,20792020,9625196,30417215,1520861
2022-07-25,28480,85875,5471,9346,19210993,10883056,30094050,1504702
2022-07-26,28491,86015,7750,13879,27203051,16136168,43339219,2166961
2022-07-27,28508,86263,17867,1197,62672982,1387851,64060834,3203042
2022-07-28,28489,86004,22467,-12584,78861293,14631239,93492532,4674627
2022-07-29,28545,86543,17011,-14268,59592611,16486560,76079171,3803959
2022-08-01,28520,86254,-166254,-193984,582940990,224897446,807838437,40391922
2022-08-02,28552,86640,-159292,-173019,557909153,199699423,757608576,37880429
2022-08-03,28530,86438,-157283,-161677,551281795,187044321,738326116,36916306
2022-08-04,28508,86184,-161910,-155793,567943728,180766913,748710641,37435532
2022-08-05,28527,86340,-176098,-152093,617304876,176156093,793460970,39673048
2022-08-08,28506,86190,-180626,-143312,633641721,166275565,799917286,39995864
2022-08-09,28503,86253,-171799,-132857,602740719,154032184,756772904,37838645
2022-08-10,28486,86075,-165907,-123559,582416782,143547474,725964257,36298213
2022-08-11,28497,86069,-160191,-125846,562139891,146214296,708354187,35417709
2022-08-12,28480,85796,-168574,-137847,591910733,160668381,752579113,37628956
2022-08-16,28526,86385,-154143,-125855,540360788,145690842,686051630,34302581
2022-08-17,28517,86301,-147720,-128285,518003946,148648786,666652732,33332637
2022-08-18,28502,86077,-154951,-213337,543658596,247844594,791503190,39575159
2022-08-19,28479,85716,-205729,-185203,722385577,216067115,938452692,46922635
2022-08-22,28459,85544,-202254,-226545,710692636,264827413,975520049,48776002
2022-08-23,28438,85428,-234254,-257555,823746735,301489078,1125235813,56261791
2022-08-24,28408,85071,-266141,-277321,936840185,325986808,1262826993,63141350
2022-08-25,28318,84334,-371793,-372865,1312906283,442130941,1755037224,87751861
2022-08-26,28311,84247,-344312,-351233,1216165062,416907373,1633072434,81653622
2022-08-29,28253,83790,-350394,-368438,1240197566,439713357,1679910923,83995546
2022-08-30,28257,83883,-370258,-388100,1310324657,462669493,1772994150,88649707
2022-08-31,28234,83758,-406116,-415529,1438399450,496107778,1934507228,96725361
2022-09-01,28200,83388,-365666,-404239,1296675988,484771577,1781447565,89072378
2022-09-02,28260,83870,-353669,-391266,1251460311,466517306,1717977617,85898881
2022-09-05,28289,84149,-349982,-384607,1237178846,457054934,1694233781,84711689
2022-09-06,28260,83877,-369048,-387013,1305889369,461406686,1767296055,88364803
2022-09-07,28260,83786,-360312,-375930,1275006369,448676837,1723683206,86184160
2022-09-08,28319,84331,-340672,-356119,1202997695,422287655,1625285350,81264267
2022-09-13,28331,84450,-338888,-344056,1196186856,407409075,1603595931,80179797
2022-09-14,28296,84302,-358854,-360044,1268233062,427089210,1695322272,84766114
2022-09-15,28207,83512,-348583,-349704,1235813053,418749582,1654562635,82728132
2022-09-16,28196,83504,-366473,-367624,1299741006,440249350,1739990356,86999518
2022-09-19,28195,83512,-389404,-389787,1381120572,466741510,1847862082,92393104
2022-09-20,28172,83302,-444345,-446894,1577272672,536476839,2113749511,105687476
2022-09-21,28159,83185,-456171,-467748,1619999447,562301205,2182300652,109115033
2022-09-22,28056,82462,-418683,-450650,1492292436,546491614,2038784051,101939203
2022-09-23,28030,82056,-414546,-440719,1478941561,537096586,2016038147,100801907
2022-09-26,27905,81014,-362276,-396352,1298249378,489239719,1787489096,89374455
2022-09-27,27996,81762,-335572,-371545,1198653564,454423905,1653077469,82653873
2022-09-28,27976,81368,-342493,-374746,1224218530,460555427,1684773957,84238698
2022-09-29,27979,81564,-342769,-371737,1225107779,455763238,1680871017,84043551
2022-09-30,28028,82146,-336342,-360587,1200005162,438958902,1638964063,81948203
2022-10-04,28086,82656,-463962,-499029,1651942327,603743819,2255686146,112784307
2022-10-05,28051,82229,-483851,-516829,1724891823,628524833,2353416655,117670833
2022-10-06,28056,82196,-484949,-518723,1728525934,631083563,2359609497,117980475
2022-10-07,28012,81815,-481953,-515115,1720516231,629613241,2350129472,117506474
2022-10-11,28000,81572,-489619,-521295,1748664325,639063209,2387727533,119386377
2022-10-12,28059,82275,-466745,-496954,1663429910,604015000,2267444910,113372245
2022-10-13,28012,81729,-457654,-485262,1633752589,593742503,2227495092,111374755
2022-10-14,28007,81902,-446443,-479793,1594050690,585811613,2179862303,108993115
2022-10-17,27983,81768,-437395,-472582,1563092464,577958584,2141051049,107052552
2022-10-18,27960,81591,-429525,-466455,1536237711,571702085,2107939796,105396990
2022-10-19,27908,81148,-422446,-463673,1513699476,571393403,2085092879,104254644
2022-10-20,27907,81035,-426757,-472002,1529235906,582464376,2111700282,105585014
2022-10-21,27855,80422,-419718,-462675,1506775487,575309873,2082085360,104104268
2022-10-24,27907,80787,-412836,-464140,1479336482,574520687,2053857169,102692858
2022-10-25,27966,81385,-395185,-445329,1413073216,547189113,1960262328,98013116
2022-10-26,27975,81592,-409976,-458730,1465514270,562225089,2027739359,101386968
2022-10-27,27974,81482,-416709,-467211,1489647264,573392749,2063040013,103152001
2022-10-28,28036,82004,-407779,-463640,1454484112,565386220,2019870331,100993517
2022-10-31,28008,81839,-358705,-461611,1280710387,564047420,1844757807,92237890
2022-11-01,28044,82203,-240402,-230937,857225523,280934237,1138159760,56907988
2022-11-02,28028,82179,-252575,-251637,901159734,306205458,1207365192,60368260
2022-11-03,27972,81819,-245516,-262609,877730322,320962036,1198692358,59934618
2022-11-04,27984,81901,-243887,-266801,871519503,325759886,1197279389,59863969
2022-11-07,27958,81644,-246088,-263146,880200628,322310399,1202511027,60125551
2022-11-08,27972,81744,-246904,-261489,882672741,319888114,1202560854,60128043
2022-11-09,28013,82027,-227818,-242481,813263213,295611225,1108874438,55443722
2022-11-10,28055,82449,-98617,-225674,351516677,273712171,625228847,31261442
2022-11-11,28133,83285,-96579,-84790,343289867,101807319,445097186,22254859
2022-11-14,28122,83211,-114570,-104713,407402414,125840517,533242931,26662147
2022-11-15,28158,83561,-113702,-123068,403800543,147279508,551080051,27554003
2022-11-16,28128,83292,-95984,-123287,341236853,148018266,489255119,24462756
2022-11-17,28125,83474,-77616,-106291,275967804,127334484,403302288,20165114
2022-11-18,28117,83586,-61516,-87308,218784126,104453253,323237379,16161869
2022-11-21,28101,83690,62560,60573,222627323,72378052,295005375,14750269
2022-11-22,28097,83636,55162,55112,196328560,65895193,262223753,13111188
2022-11-23,28096,83603,47321,44620,168423478,53370558,221794036,11089702
2022-11-24,28161,84116,35236,31497,125124655,37444369,162569024,8128451
2022-11-25,28204,84313,24638,20928,87355262,24822008,112177270,5608863
2022-11-28,28192,84275,14781,10316,52427989,12240532,64668521,3233426
2022-11-29,28171,84011,6683,1368,23722102,1628312,25350414,1267521
2022-11-30,28174,84016,966,6970,3428937,8296608,11725545,586277
2022-12-01,28198,84148,-121438,-123764,430665407,147079449,577744856,28887243
2022-12-02,28224,84527,-109527,-110612,388064078,130859874,518923952,25946198
2022-12-05,28243,84736,-100991,-101504,357582457,119789190,477371646,23868582
2022-12-06,28265,84957,-88084,-88778,311636285,104496966,416133251,20806663
2022-12-07,28242,84820,-73011,-74206,258517387,87485983,346003370,17300169
2022-12-08,28241,84843,-66715,-70194,236233754,82732998,318966752,15948338
2022-12-09,28242,84927,-66898,-70174,236871158,82628645,319499803,15974990
2022-12-12,28221,84814,-69210,-72699,245241145,85716723,330957867,16547893
2022-12-13,28215,84731,-69216,-72633,245317059,85722319,331039378,16551969
2022-12-14,28259,85078,-68375,-72096,241959987,84741025,326701011,16335051
2022-12-15,28273,85246,-68449,-72089,242098883,84565949,326664832,16333242
2022-12-16,28273,85298,-68699,89620,242984034,105067486,348051520,17402576
2022-12-19,28270,85245,-72405,92732,256121142,108783244,364904386,18245219
2022-12-20,28207,84483,-69193,91113,245303508,107847291,353150799,17657540
2022-12-21,28231,84664,99933,97637,353981342,115322411,469303753,23465188
2022-12-22,28259,84856,102913,90616,364171529,106787823,470959352,23547968
2022-12-23,28228,84517,90633,-40766,321076548,48234744,369311292,18465565
2022-12-26,28200,84103,-30101,-7016,106741435,8342121,115083557,5754178
2022-12-27,28210,84217,-2843,7735,10079923,9184579,19264502,963225
2022-12-28,28207,83998,-892,-26077,3162308,31044846,34207154,1710358
2022-12-29,28202,83821,-35606,-69542,126255200,82964956,209220156,10461008
2022-12-30,28202,83821,-60435,-80696,214295407,96270954,310566361,15528318
2023-01-02,28185,83598,103507,-95792,367236796,114586000,481822796,24091140
2023-01-03,28236,84078,111209,-82788,393861181,98465564,492326745,24616337
2023-01-04,28264,84461,130774,-75345,462695162,89206851,551902014,27595101
2023-01-05,28253,84563,143692,-71327,508585679,84347633,592933312,29646666
2023-01-06,28246,84510,149673,-69399,529890086,82119518,612009604,30600480
2023-01-09,28306,84987,231428,-42403,817604051,49894068,867498119,43374906
2023-01-10,28306,85007,394653,261666,1394243048,307818920,1702061968,85103098
2023-01-11,28348,85355,379429,237802,1338488069,278602326,1617090395,80854520
2023-01-12,28337,85275,397464,210224,1402647663,246524856,1649172519,82458626
2023-01-13,28372,85823,430027,307380,1515652042,358157508,1873809549,93690477
2023-01-16,28362,85475,264526,139760,932677282,163508815,1096186098,54809305
2023-01-17,28346,85118,455141,330674,1605662961,388489837,1994152798,99707640
2023-01-18,28382,85614,242755,145600,855316872,170066817,1025383689,51269184
2023-01-19,28406,85940,230335,142532,810868756,165850713,976719468,48835973
2023-01-20,28380,85711,417215,349969,1470118821,408314846,1878433667,93921683
2023-01-25,28395,85933,427437,368769,1505302930,429136810,1934439740,96721987
2023-01-26,28403,85934,447345,389305,1575011780,453027934,2028039714,101401986
2023-01-27,28384,85688,457446,397104,1611636097,463429275,2075065372,103753269
2023-01-30,28397,85813,484934,415591,1707692025,484297571,2191989595,109599480
2023-01-31,28385,85615,495944,428567,1747232688,500576690,2247809377,112390469
2023-02-01,28409,85740,515109,452990,1813158607,528333048,2341491654,117074583
2023-02-02,28452,85985,525982,477630,1848686840,555481088,2404167927,120208396
2023-02-03,28482,86336,541981,496434,1902870851,575003099,2477873950,123893697
2023-02-06,28411,85728,508352,488079,1789261584,569333296,2358594880,117929744
2023-02-07,28398,85703,542499,523686,1910330171,611050760,2521380932,126069047
2023-02-08,28382,85554,321909,292833,1134207880,342280060,1476487940,73824397
2023-02-09,28346,85246,264158,249730,931895879,292953656,1224849535,61242477
2023-02-10,28353,85247,212325,218078,748860457,255820005,1004680462,50234023
2023-02-13,28330,84945,196703,187498,694316133,220728661,915044795,45752240
2023-02-14,28345,85076,181184,178512,639203716,209826365,849030081,42451504
2023-02-15,28296,84608,147160,145808,520075917,172333891,692409808,34620490
2023-02-16,28303,84688,107997,107704,381570219,127176999,508747218,25437361
2023-02-17,28262,84192,105469,-109056,373179555,129532268,502711823,25135591
2023-02-20,28243,83928,-91519,-111919,324042776,133350716,457393493,22869675
2023-02-21,28268,84208,-73347,-109681,259471640,130249417,389721058,19486053
2023-02-22,28259,84050,-52356,-165638,185272029,197070747,382342776,19117139
2023-02-23,28271,84181,-35214,-134812,124559385,160145083,284704469,14235223
2023-02-24,28291,84560,-29463,98258,104142956,116198575,220341531,11017077
2023-02-27,28223,84106,-191762,72681,679449821,86416161,765865981,38293299
2023-02-28,28177,83603,-196650,31698,697916834,37915058,735831891,36791595
2023-03-02,28165,83428,-212519,-17211,754561919,20629766,775191685,38759584
2023-03-03,28203,83769,-225502,-41316,799560921,49321049,848881970,42444099
2023-03-06,28216,83958,-238096,-47553,843845493,56638757,900484250,45024213
2023-03-07,28226,84165,-228550,-50472,809711259,59967642,869678901,43483945
2023-03-08,28166,83776,-211678,-54415,751530272,64952330,816482602,40824130
2023-03-09,28173,83764,-233594,-61512,829155809,73434827,902590636,45129532
2023-03-10,28231,84209,-234936,-55858,832175819,66332900,898508719,44925436
2023-03-13,28345,85047,-177787,88012,627219273,103486486,730705758,36535288
2023-03-14,28357,85281,-91026,62551,321001507,73347531,394349038,19717452
2023-03-15,28335,85073,-104977,106251,370488839,124893882,495382721,24769136
2023-03-16,28369,85205,124791,149326,439886222,175255397,615141619,30757081
2023-03-17,28366,85252,157124,204014,553921739,239308930,793230668,39661533
2023-03-20,28428,85774,206844,241614,727616895,281684696,1009301590,50465080
2023-03-21,28404,85618,262226,532495,923196530,621942254,1545138784,77256939
2023-03-22,28409,85742,488293,527302,1718803533,614988994,2333792527,116689626
2023-03-23,28432,85814,463977,513682,1631892360,598600842,2230493202,111524660
2023-03-24,28447,85975,466258,519430,1639045682,604162479,2243208161,112160408
2023-03-27,28427,85786,459391,519195,1616051986,605222703,2221274689,111063734
2023-03-28,28410,85683,447926,516705,1576659777,603044111,2179703888,108985194
2023-03-29,28419,85728,450011,537903,1583478186,627455143,2210933329,110546666
2023-03-30,28420,85703,488787,587954,1719893868,686035046,2405928914,120296446
2023-03-31,28398,85483,528065,627152,1859485600,733654603,2593140203,129657010
2023-04-03,28384,85303,609494,716789,2147321840,840285101,2987606941,149380347
2023-04-04,28413,85604,660200,758830,2323599595,886441330,3210040925,160502046
2023-04-05,28418,85625,700823,762520,2466097736,890535914,3356633650,167831682
2023-04-06,28441,85843,696015,727374,2447223972,847327329,3294551301,164727565
2023-04-07,28439,85813,682644,685339,2400378772,798638851,3199017623,159950881
2023-04-10,28461,86021,691802,669643,2430707746,778468334,3209176080,160458804
2023-04-11,28440,85834,671255,644213,2360218157,750531000,3110749157,155537458
2023-04-12,28429,85715,690165,658230,2427642878,767930315,3195573193,159778660
2023-04-13,28458,85790,690857,639515,2427656419,745445551,3173101971,158655099
2023-04-14,28455,85776,707056,640551,2484790975,746768623,3231559599,161577980
2023-04-17,28422,85506,700332,618695,2464071794,723567994,3187639788,159381989
2023-04-18,28416,85463,671746,594328,2364002306,695419844,3059422150,152971108
2023-04-19,28395,85286,655121,590199,2307164457,692022576,2999187033,149959352
2023-04-20,28402,85304,656032,577838,2309770858,677389888,2987160746,149358037
2023-04-21,28429,85613,686975,615156,2416466359,718526712,3134993071,156749654
2023-04-24,28431,85663,676643,650009,2379947503,758800283,3138747786,156937389
2023-04-25,28415,85549,713897,677276,2512435077,791678470,3304113548,165205677
2023-04-26,28422,85691,715285,714698,2516637481,834039487,3350676968,167533848
2023-04-27,28406,85576,750910,737421,2643463028,861714271,3505177299,175258865
2023-04-28,28398,85474,702460,708898,2473602151,829370829,3302972980,165148649
2023-05-02,28384,85396,605171,586655,2132049779,686981159,2819030938,140951547
2023-05-03,28405,85599,589644,190193,2075863934,222189345,2298053279,114902664
2023-05-04,28433,85737,630712,270763,2218224802,315805846,2534030648,126701532
2023-05-08,28415,85584,638927,388537,2248586413,453983175,2702569587,135128479
2023-05-09,28414,85545,644595,447315,2268597258,522900073,2791497331,139574867
2023-05-10,28406,85491,792181,421571,2788800849,493115603,3281916452,164095823
2023-05-11,28420,85626,740429,463357,2605265335,541139559,3146404894,157320245
2023-05-12,28416,85697,546286,497044,1922439380,580002589,2502441968,125122098
2023-05-15,28400,85513,650893,474230,2291894392,554569173,2846463565,142323178
2023-05-16,28420,85682,741517,542796,2609093357,633500844,3242594200,162129710
2023-05-17,28401,85532,811260,559427,2856478500,654052869,3510531369,175526568
2023-05-18,28378,85336,586808,472772,2067801912,554009379,2621811291,131090565
2023-05-19,28371,85182,498532,352888,1757164101,414275630,2171439730,108571987
2023-05-22,28383,85294,423433,185377,1491874821,217338458,1709213278,85460664
2023-05-23,28349,84902,381337,122780,1345161375,144613766,1489775142,74488757
2023-05-24,28343,84833,337955,53304,1192363242,62833827,1255197070,62759853
2023-05-25,28314,84533,257747,-532824,910312186,630313099,1540625285,77031264
2023-05-26,28299,84404,227048,-483728,802319310,573111430,1375430740,68771537
2023-05-30,28289,84324,-251839,-399659,890243026,473956562,1364199588,68209979
2023-05-31,28333,84886,-178767,-333225,630947771,392556702,1023504473,51175224
2023-06-01,28320,84777,-107188,-407024,378488623,480111824,858600447,42930022
2023-06-02,28342,84994,-49701,-467493,175363865,550033589,725397454,36269873
2023-06-05,28318,84775,-31839,-581594,112436296,686046695,798482990,39924150
2023-06-07,28331,84905,-141161,-667687,498250499,786388087,1284638587,64231929
2023-06-08,28304,84586,-279520,-680194,987550470,804149866,1791700336,89585017
2023-06-09,28311,84637,-369820,-1000641,1306277940,1182271892,2488549832,124427492
2023-06-12,28307,84642,-43402,-653965,153328505,772628565,925957070,46297854
2023-06-13,28304,84603,-43730,-659774,154499512,779847439,934346951,46717348
2023-06-14,28287,84396,-377030,-1001370,1332875123,1186515639,2519390762,125969538
2023-06-15,28257,84124,-419842,-974842,1485824667,1158810563,2644635230,132231762
2023-06-16,28269,84249,-494902,-993243,1750685391,1178936701,2929622092,146481105
2023-06-19,28273,84335,-533733,-946246,1887774170,1122002400,3009776570,150488829
2023-06-20,28274,84346,-1091424,-911716,3860114182,1080920054,4941034235,247051712
2023-06-21,28280,84446,-1071313,-872052,3788272675,1032672827,4820945502,241047275
2023-06-22,28269,84370,-1030944,-896718,3646859551,1062836872,4709696423,235484821
2023-06-23,28263,84288,-991144,-954289,3506920513,1132179912,4639100425,231955021
2023-06-26,28279,84482,-932886,-989516,3298889448,1171276469,4470165917,223508296
2023-06-27,28286,84522,-890612,-1084298,3148550449,1282853772,4431404221,221570211
2023-06-28,28283,84478,-875452,-1254522,3095339105,1485033855,4580372960,229018648
2023-06-29,28270,84337,-917665,-1271689,3246058242,1507858171,4753916413,237695821
2023-06-30,28249,84137,-938388,-1311500,3321893385,1558763145,4880656530,244032827
2023-07-03,28269,84373,-967650,-1249551,3423036245,1480979413,4904015658,245200783
2023-07-04,28261,84283,-1007715,-1232814,3565689956,1462713281,5028403237,251420162
2023-07-05,28261,84260,-1055565,-1186750,3735119208,1408431641,5143550849,257177542
2023-07-06,28236,83953,-1042943,-1174117,3693692029,1398540479,5092232508,254611625
2023-07-07,28211,83699,-1059729,-1206288,3756454212,1441215165,5197669377,259883469
2023-07-10,28187,83371,-1053019,-1182351,3735776679,1418183973,5153960652,257698033
2023-07-11,28230,83818,-953142,-1053098,3376371052,1256412883,4632783935,231639197
2023-07-12,28226,83826,-988768,-1087652,3503070423,1297513722,4800584145,240029207
2023-07-13,28274,84282,-867909,-985782,3069654199,1169628365,4239282564,211964128
2023-07-14,28266,84172,-851115,-1003857,3011095132,1192620338,4203715470,210185773
2023-07-17,28268,84255,-800984,-963271,2833538807,1143278279,3976817086,198840854
2023-07-18,28266,84289,-450354,-924162,1593273241,1096415633,2689688874,134484444
2023-07-19,28280,84543,-518176,-592443,1832290493,700756399,2533046892,126652345
2023-07-20,28269,84399,-567553,-632343,2007664595,749234372,2756898967,137844948
2023-07-21,28262,84299,-589764,-621550,2086768081,737314960,2824083041,141204152
2023-07-24,28255,84238,-595741,-660227,2108467058,783763963,2892231021,144611551
2023-07-25,28245,84097,-568028,-671507,2011106648,798488658,2809595305,140479765
2023-07-26,28254,84162,-516398,-629002,1827711317,747372212,2575083530,128754176
2023-07-27,28273,84292,-446279,-569514,1578490508,675644257,2254134764,112706738
2023-07-28,28251,83950,-450247,-571776,1593733438,681093870,2274827308,113741365
2023-07-31,28237,83812,-477805,-720076,1692130352,859159783,2551290135,127564507
2023-08-01,28250,83937,-476365,-697132,1686247767,830538785,2516786553,125839328
2023-08-02,28246,83772,-452559,-659532,1602190955,787297787,2389488742,119474437
2023-08-03,28231,83505,-708928,-667165,2511200408,798954096,3310154504,165507725
2023-08-04,28228,83440,-639304,-753004,2264748668,902444974,3167193642,158359682
2023-08-07,28250,83687,-410713,-1200694,1453861600,1434745791,2888607392,144430370
2023-08-08,28266,83935,-404585,-1199244,1431327982,1428768996,2860096978,143004849
2023-08-09,28255,83816,-529177,-1201300,1872881326,1433253550,3306134876,165306744
2023-08-10,28249,83781,-552960,-1208243,1957468525,1442138740,3399607265,169980363
2023-08-11,28244,83650,-556873,-1195685,1971639141,1429388460,3401027601,170051380
2023-08-14,28227,83404,-556123,-1156106,1970151849,1386152356,3356304205,167815210
2023-08-16,28244,83539,-542804,-1143452,1921870458,1368764288,3290634746,164531737
2023-08-17,28211,83118,-497803,-1023704,1764554795,1231626616,2996181412,149809071
2023-08-18,28235,83353,-492159,-1014991,1743098479,1217706851,2960805331,148040267
2023-08-21,28213,83141,-500301,-989357,1773303970,1189972217,2963276188,148163809
2023-08-22,28208,83091,-517812,-996600,1835714292,1199406546,3035120838,151756042
2023-08-23,28219,83291,-501471,-968558,1777046947,1162866636,2939913583,146995679
2023-08-24,28225,83439,-487161,-953549,1725983617,1142816346,2868799962,143439998
2023-08-25,28211,83274,-518906,-1012698,1839360571,1216100025,3055460596,152773030
2023-08-28,28226,83487,-517327,-972786,1832780293,1165199154,2997979447,149898972
2023-08-29,28230,83541,-503193,-932843,1782451428,1116625871,2899077299,144953865
2023-08-30,28233,83528,-1444810,-1206885,5117472908,1444882371,6562355279,328117764
2023-08-31,28243,83637,-959968,-624195,3398980664,746314083,4145294748,207264737
2023-09-01,28251,83797,-689263,-669936,2439778148,799472086,3239250233,161962512
2023-09-04,28233,83551,-700007,-646232,2479421385,773459228,3252880613,162644031
2023-09-05,28220,83406,-1106192,-998636,3919867177,1197317808,5117184985,255859249
2023-09-06,28215,83320,-1136160,-1025578,4026745693,1230893482,5257639175,262881959
2023-09-07,28189,83073,-1279372,-1006869,4538514225,1212031873,5750546098,287527305
2023-09-08,28202,83275,-1281190,-1016095,4542967560,1220175001,5763142561,288157128
2023-09-11,28178,83010,-1266190,-972821,4493534594,1171933807,5665468401,283273420
2023-09-12,28178,82968,-901865,-611988,3200545905,737617650,3938163556,196908178
2023-09-13,28184,83061,-1310404,-941955,4649519145,1134052234,5783571380,289178569
2023-09-14,28193,83167,-1347682,-965497,4780258987,1160908188,5941167175,297058359
2023-09-15,28191,83130,-1352219,-975232,4796649388,1173146511,5969795900,298489795
2023-09-18,28171,82926,-1398387,-1010002,4963838017,1217955084,6181793101,309089655
2023-09-19,28174,82994,-1431967,-1099977,5082629398,1325364248,6407993646,320399682
2023-09-20,28176,82997,-1434806,-1111318,5092269667,1338978594,6431248261,321562413
2023-09-21,28156,82757,-985655,-722697,3500744303,873273435,4374017738,218700887
2023-09-22,28178,82897,-967644,-698053,3434102535,842077379,4276179914,213808996
2023-09-25,28174,82828,-983357,-679179,3490337331,819986805,4310324136,215516207
2023-09-26,28167,82688,-1000677,-666118,3552646724,805583903,4358230627,217911531
2023-09-27,28172,82790,-995498,-638208,3533671363,770876213,4304547577,215227379
2023-10-04,28062,81412,-437325,-243108,1558438282,298614157,1857052439,92852622
2023-10-05,28091,81677,-432131,-235300,1538336231,288087616,1826423847,91321192
2023-10-06,28124,82014,-414791,-237018,1474863544,288995210,1763858754,88192938
2023-10-10,28129,82096,-406814,-248958,1446260428,303252969,1749513397,87475670
2023-10-11,28154,82408,-398486,-257893,1415374972,312944904,1728319876,86415994
2023-10-12,28161,82525,-385734,-266259,1369727505,322641057,1692368561,84618428
2023-10-13,28146,82324,-373316,-281143,1326362578,341509349,1667871926,83393596
2023-10-16,28134,82214,-363639,-291151,1292516169,354138213,1646654382,82332719
2023-10-17,28125,82094,-354639,-302984,1260959609,369068884,1630028493,81501425
2023-10-18,28111,81926,-344345,-313358,1224927957,382490492,1607418449,80370922
2023-10-19,28095,81692,-332504,-326228,1183505097,399337978,1582843075,79142154
2023-10-20,28112,81868,-307020,-332368,1092148494,405980820,1498129313,74906466
2023-10-23,28098,81712,-292033,-331353,1039349363,405513229,1444862593,72243130
2023-10-24,28125,82073,-278504,-315373,990245213,384260850,1374506062,68725303
2023-10-25,28107,81947,-285777,-300431,1016743880,366617690,1383361569,69168078
2023-10-26,28083,81559,-63059,-108303,224543867,132790905,357334772,17866739
2023-10-27,28099,81834,-66047,-92465,235055486,112990804,348046290,17402314
2023-10-30,28094,81738,-71911,-83257,255966387,101858248,357824635,17891232
2023-10-31,28091,81697,-77739,-74303,276743331,90949675,367693006,18384650
2023-11-01,28100,81831,-70462,-56028,250752694,68467431,319220125,15961006
2023-11-02,28130,82229,-103607,-66491,368320307,80859937,449180244,22459012
2023-11-03,28142,82418,-99947,-59877,355154337,72649848,427804185,21390209
2023-11-06,28171,82687,-237936,-188132,844599544,227523341,1072122885,53606144
2023-11-07,28170,82677,-264142,-194352,937660237,235073087,1172733325,58636666
2023-11-08,28172,82775,3141,7984,11149821,9645842,20795662,1039783
2023-11-09,28187,83057,65074,45096,230862354,54294751,285157105,14257855
2023-11-10,28179,82951,292841,234049,1039205382,282153510,1321358891,66067945
2023-11-13,28166,82781,279078,218960,990831625,264504903,1255336528,62766826
2023-11-14,28173,82872,262473,205597,931645882,248088623,1179734506,58986725
2023-11-15,28219,83464,219055,171995,776273040,206071591,982344630,49117232
2023-11-16,28232,83554,225170,162061,797557527,193959362,991516889,49575844
2023-11-17,28235,83545,258410,185030,915214634,221474877,1136689511,56834476
2023-11-20,28247,83709,508987,376825,1801895828,450161730,2252057557,112602878
2023-11-21,28258,83827,513396,384474,1816837634,458649290,2275486924,113774346
2023-11-22,28238,83599,516836,392034,1830317057,468947725,2299264782,114963239
2023-11-23,28248,83702,500474,386242,1771732114,461448158,2233180271,111659014
2023-11-24,28231,83470,493206,381038,1747013454,456495053,2203508508,110175425
2023-11-27,28229,83521,480216,372047,1701138027,445453629,2146591656,107329583
2023-11-28,28244,83695,479910,358572,1699176351,428425460,2127601811,106380091
2023-11-29,28282,84047,489128,355423,1729469294,422888185,2152357480,107617874
2023-11-30,28268,83853,278276,193679,984415678,230975634,1215391312,60769566
2023-12-01,28270,83863,535834,386391,1895408528,460742584,2356151111,117807556
2023-12-04,28296,84123,556471,400594,1966610113,476199171,2442809284,122140464
2023-12-05,28323,84391,572915,413882,2022810469,490435642,2513246111,125662306
2023-12-06,28331,84561,572530,428904,2020845490,507214212,2528059702,126402985
2023-12-07,28314,84414,577500,438940,2039629628,519987012,2559616640,127980832
2023-12-08,28325,84557,359461,90592,1269063834,107137325,1376201159,68810058
2023-12-11,28299,84352,587919,265960,2077556929,315298055,2392854983,119642749
2023-12-12,28309,84463,575416,449842,2032637802,532590562,2565228365,128261418
2023-12-13,28300,84404,560538,449874,1980704938,532999026,2513703964,125685198
2023-12-14,28384,85232,482853,417867,1701139253,490270271,2191409523,109570476
2023-12-15,28375,85115,465906,413774,1641981343,486137259,2128118603,106405930
2023-12-18,28383,85228,453247,402802,1596884828,472617943,2069502771,103475139
2023-12-19,28384,85262,439289,390753,1547680691,458294484,2005975175,100298759
2023-12-20,28405,85455,421884,376891,1485266868,441037896,1926304764,96315238
2023-12-21,28409,85503,434249,367114,1528585696,429360161,1957945856,97897293
2023-12-22,28409,85504,449769,356147,1583191449,416526922,1999718371,99985919
2023-12-26,28414,85595,463620,347035,1631648258,405439015,2037087274,101854364
2023-12-27,28422,85681,479373,343501,1686603072,400907858,2087510930,104375546
2023-12-28,28450,86046,281333,187881,988875795,218349930,1207225725,60361286
2023-12-29,28450,86046,371976,266814,1307483364,310083613,1617566977,80878349
2024-01-02,28404,85454,603236,463783,2123749329,542729045,2666478374,133323919
2024-01-03,28385,85258,367365,269534,1294223023,316141036,1610364059,80518203
2024-01-04,28403,85414,375820,277829,1323183938,325274312,1648458250,82422913
2024-01-05,28377,85107,383478,286610,1351354670,336764645,1688119314,84405966
2024-01-08,28380,85139,367727,280695,1295711751,329689828,1625401579,81270079
2024-01-09,28396,85289,170689,123027,601093658,144246153,745339811,37266991
2024-01-10,28392,85191,200924,161594,707684292,189684733,897369025,44868451
2024-01-11,28413,85371,224202,197141,789095450,230922245,1020017694,51000885
2024-01-12,28429,85442,253826,220764,892830881,258377900,1151208782,57560439
2024-01-15,28433,85490,277007,216304,974258578,253017561,1227276139,61363807
2024-01-16,28423,85401,272082,196075,957261813,229593720,1186855533,59342777
2024-01-17,28411,85203,549110,394064,1932708623,462501971,2395210594,119760530
2024-01-18,28413,85162,577455,370963,2032356090,435599613,2467955703,123397785
2024-01-19,28402,84963,468364,344035,1649070523,404925636,2053996159,102699808
2024-01-22,28417,85159,472988,356607,1664458286,418753536,2083211822,104160591
2024-01-23,28408,85132,745208,361465,2623194308,424591917,3047786225,152389311
2024-01-24,28402,85048,743376,363997,2617349184,427988255,3045337439,152266872
2024-01-25,28395,84964,475180,124297,1673441413,146294114,1819735528,90986776
2024-01-26,28417,85143,770815,349055,2712537693,409962733,3122500425,156125021
2024-01-29,28396,84937,799108,408815,2814126383,481315559,3295441943,164772097
2024-01-30,28410,85204,816143,425155,2872745972,498985405,3371731377,168586569
2024-01-31,28410,85261,812400,463573,2859533419,543710213,3403243631,170162182
2024-02-01,28408,85285,809702,514871,2850284516,603709950,3453994466,172699723
2024-02-02,28416,85458,512556,392304,1803781990,459062011,2262844001,113142200
2024-02-05,28387,85078,501071,407216,1765112745,478637384,2243750129,112187506
2024-02-06,28395,85103,269582,399855,949395376,469847490,1419242866,70962143
2024-02-07,28394,85084,-9520,134889,33527918,158536650,192064568,9603228
2024-02-08,28390,85005,262024,248316,922958749,292117508,1215076257,60753813
2024-02-13,28371,84814,193609,213735,682407979,252003395,934411374,46720569
2024-02-14,28347,84545,-121476,-47110,428537895,55721866,484259761,24212988
2024-02-15,28352,84600,100856,205382,355730687,242769517,598500204,29925010
2024-02-16,28352,84606,-200884,-62721,708538826,74133097,782671923,39133596
2024-02-19,28354,84654,65990,186060,232737829,219789100,452526930,22626346
2024-02-20,28347,84557,63152,134125,222782940,158620272,381403212,19070161
2024-02-21,28347,84602,55933,-86136,197313998,101813016,299127014,14956351
2024-02-22,28370,84788,-208655,-63827,735466059,75277497,810743556,40537178
2024-02-23,28358,84602,-183441,-51886,646881375,61329339,708210714,35410536
2024-02-26,28371,84838,118689,231726,418345409,273141026,691486435,34574322
2024-02-27,28366,84774,141591,254846,499164319,300618498,799782817,39989141
2024-02-28,28370,84760,165642,251718,583860899,296977342,880838241,44041912
2024-02-29,28360,84638,187744,220274,661994643,260253840,922248484,46112424
2024-03-04,28371,84778,-112450,-66595,396351632,78552033,474903665,23745183
2024-03-05,28376,84843,-95898,-50442,337959714,59453766,397413480,19870674
2024-03-06,28389,85033,34850,67212,122759878,79041222,201801100,10090055
2024-03-07,28380,84952,-18880,11364,66523512,13377089,79900601,3995030
2024-03-08,28400,85202,2327,60008,8193025,70430060,78623086,3931154
2024-03-11,28401,85165,44282,130972,155918676,153785058,309703734,15485187
2024-03-12,28403,85211,57975,181740,204114320,213282300,417396620,20869831
2024-03-13,28409,85237,70689,363144,248828293,426041689,674869983,33743499
2024-03-14,28401,85148,419950,388557,1478650064,456331407,1934981471,96749074
2024-03-15,28387,84953,395956,361978,1394864655,426091133,1820955788,91047789
2024-03-18,28375,84855,386689,351322,1362775263,414024980,1776800243,88840012
2024-03-19,28361,84673,331273,319207,1168049372,376986912,1545036284,77251814
2024-03-20,28372,84792,85151,70733,300124880,83419444,383544324,19177216
2024-03-21,28396,84957,68206,79884,240196139,94029361,334225500,16711275
2024-03-22,28401,85092,24595,54146,86600097,63632692,150232789,7511639
2024-03-25,28399,85064,-354243,-263837,1247384459,310164485,1557548944,77877447
2024-03-26,28392,84976,142154,159104,500684358,187234515,687918873,34395944
2024-03-27,28399,85081,99373,157166,349918107,184725381,534643488,26732174
2024-03-28,28396,85065,-375960,387518,1323982149,455556022,1779538170,88976909
2024-03-29,28391,84996,-958452,-126191,3375920427,148466487,3524386914,176219346
2024-04-01,28403,85118,-886043,-82359,3119509979,96758819,3216268798,160813440
2024-04-02,28390,84951,-197106,474059,694275270,558039443,1252314713,62615736
2024-04-03,28391,84880,-796017,-639942,2803806403,753939239,3557745643,177887282
2024-04-04,28388,84850,-232171,-193066,817837939,227537590,1045375529,52268776
2024-04-05,28390,84905,459395,380745,1618131454,448434337,2066565791,103328290
2024-04-08,28374,84679,-147485,-183940,519794293,217219879,737014172,36850709
2024-04-09,28366,84601,-185745,-244817,654814110,289378439,944192549,47209627
2024-04-11,28335,84213,-742694,-645121,2621139772,766055919,3387195691,169359785
2024-04-12,28360,84430,-618563,-585476,2181133735,693444035,2874577769,143728888
2024-04-15,28346,84326,-593043,-658443,2092164229,780832610,2872996839,143649842
2024-04-16,28333,84087,-807735,-820544,2850848117,975832810,3826680927,191334046
2024-04-17,28341,84124,-890450,-933974,3141951461,1110236062,4252187523,212609376
2024-04-18,28354,84343,-942297,-1022450,3323383559,1212250505,4535634065,226781703
2024-04-19,28331,84219,-550872,-724085,1944443668,859767816,2804211484,140210574
2024-04-22,28314,83998,-595300,-754015,2102474515,897656984,3000131499,150006575
2024-04-23,28321,84069,-1070778,-1175649,3780900653,1398436713,5179337366,258966868
2024-04-24,28316,83968,-1055317,-1163539,3726977232,1385695541,5112672773,255633639
2024-04-25,28305,83738,-560625,-719054,1980659495,858692839,2839352334,141967617
2024-04-26,28316,83831,-578063,-1609424,2041484546,1919837511,3961322057,198066103
2024-04-29,28304,83795,-2122797,-2060797,7499953377,2459334902,9959288279,497964414
2024-04-30,28309,83932,-2091280,-2001970,7387224071,2385225130,9772449201,488622460
2024-05-02,28320,84016,-1986309,-1918038,7013897290,2282936327,9296833618,464841681
2024-05-03,28323,84084,-1918247,-1863376,6772637857,2216099524,8988737381,449436869
2024-05-07,28343,84360,-1869165,-1798925,6594704096,2132433359,8727137456,436356873
2024-05-08,28347,84421,-1626141,-990502,5736641641,1173290591,6909932232,345496612
2024-05-09,28337,84305,-998032,-1026734,3521962574,1217884170,4739846744,236992337
2024-05-10,28346,84403,-1086140,-1166796,3831780562,1382409554,5214190116,260709506
2024-05-13,28340,84314,-1068763,-1175976,3771230700,1394755255,5165985955,258299298
2024-05-14,28338,84330,-1008652,-1119375,3559410230,1327382427,4886792657,244339633
2024-05-16,28362,84639,-838786,-930349,2957473014,1099196503,4056669518,202833476
2024-05-17,28362,84700,-791565,-863627,2790901462,1019630545,3810532007,190526600
2024-05-20,28351,84538,-728320,-813121,2568938113,961838315,3530776428,176538821
2024-05-21,28351,84538,-788863,-849805,2782478538,1005235159,3787713697,189385685
2024-05-22,28354,84550,-860511,35785,3034887259,42324137,3077211396,153860570
2024-05-23,28361,84607,135840,-75870,478959825,89674107,568633931,28431697
2024-05-24,28356,84473,-50360,-125146,177599894,148148638,325748533,16287427
2024-05-27,28360,84513,-136762,-187836,482236683,222256645,704493328,35224666
2024-05-28,28367,84585,301278,194240,1062087398,229639194,1291726593,64586330
2024-05-29,28351,84381,229552,134443,809681858,159329683,969011542,48450577
2024-05-30,28345,84246,656401,423135,2315787491,502260890,2818048381,140902419
2024-05-31,28340,84168,-177695,-605615,627020149,719527517,1346547666,67327383
2024-06-03,28349,84358,-676363,-494879,2385863963,586640300,2972504263,148625213
2024-06-04,28366,84576,-551035,-373502,1942592639,441616539,2384209178,119210459
2024-06-05,28382,84767,-462423,-282350,1629272489,333088614,1962361103,98118055
2024-06-07,28393,84905,-376610,-407602,1326429185,480068685,1806497869,90324893
2024-06-10,28375,84684,-262284,-317978,924334144,375488720,1299822864,64991143
2024-06-11,28381,84761,1332888,1004877,4696374467,1185542524,5881916991,294095850
2024-06-12,28393,84924,1244356,925167,4382622836,1089406726,5472029562,273601478
2024-06-13,28402,85032,833076,564078,2933133465,663372857,3596506321,179825316
2024-06-14,28413,85217,878894,591823,3093230081,694489899,3787719980,189385999
2024-06-17,28426,85329,1342952,1102937,4724393275,1292569904,6016963179,300848159
2024-06-18,28427,85347,755860,619659,2658967491,726048690,3385016181,169250809
2024-06-19,28449,85605,758724,664039,2666945513,775701780,3442647294,172132365
2024-06-20,28438,85446,867067,731877,3049011419,856538154,3905549573,195277479
2024-06-21,28453,85559,965546,818262,3393458437,956372488,4349830925,217491546
2024-06-24,28444,85432,1065374,893300,3745492779,1045620614,4791113393,239555670
2024-06-25,28443,85442,1173500,977464,4125754555,1144004486,5269759041,263487952
2024-06-26,28438,85399,2513589,2110061,8838951619,2470828310,11309779929,565488996
2024-06-27,28431,85316,2485002,2067924,8740600604,2423843792,11164444396,558222220
2024-06-28,28444,85448,2470635,2056853,8686065161,2407152617,11093217778,554660889
2024-07-01,28432,85279,2292242,1898275,8062321242,2225951840,10288273082,514413654
2024-07-02,28456,85414,2083651,1758430,7322369019,2058724891,9381093910,469054696
2024-07-03,28460,85467,2063492,1748448,7250419989,2045758323,9296178312,464808916
2024-07-04,28474,85601,1920720,1630028,6745528546,1904208545,8649737092,432486855
2024-07-05,28476,85649,1859864,1580194,6531278829,1844961546,8376240375,418812019
2024-07-08,28477,85675,1836610,1560404,6449433091,1821312926,8270746018,413537301
2024-07-09,28475,85682,1778741,1492774,6246669193,1742235489,7988904682,399445234
2024-07-10,28474,85699,1884737,1539699,6619082951,1796639788,8415722740,420786137
2024-07-11,28459,85561,1907834,1473454,6703777201,1722107643,8425884844,421294242
2024-07-12,28491,85825,1701798,1343964,5973162216,1565939141,7539101356,376955068
2024-07-15,28498,85822,1804867,1464320,6333323050,1706237924,8039560973,401978049
2024-07-16,28516,85983,1768601,1476632,6202100145,1717359778,7919459923,395972996
2024-07-17,28507,85966,1826503,1590610,6407209249,1850276689,8257485938,412874297
2024-07-18,28505,85983,1937240,1649928,6796085528,1918898413,8714983941,435749197
2024-07-19,28499,85906,2017028,1721664,7077491834,2004116185,9081608019,454080401
2024-07-22,28502,85928,2649661,2268641,9296302617,2640163113,11936465730,596823287
2024-07-23,28497,85831,2051916,1769679,7200565193,2061819143,9262384336,463119217
2024-07-24,28512,86016,1978013,1775059,6937496448,2063649745,9001146193,450057310
2024-07-25,28524,86071,2541582,2287103,8910343117,2657215769,11567558886,578377944
2024-07-26,28524,86139,2578191,2296128,9038712497,2665619004,11704331501,585216575
2024-07-29,28543,86363,1779164,1597939,6233226476,1850260210,8083486686,404174334
2024-07-30,28534,86297,2313561,2085053,8108162932,2416141705,10524304637,526215232
2024-07-31,28527,86269,2310605,2088189,8099576379,2420546927,10520123306,526006165
2024-08-01,28539,86447,1756376,1595635,6154327820,1845799282,8000127102,400006355
2024-08-02,28554,86612,2242047,2037991,7851870203,2352999380,10204869583,510243479
2024-08-05,28607,86966,1780340,1714981,6223518924,1972008229,8195527153,409776358
2024-08-06,28563,86507,1385550,1345348,4850885470,1555181543,6406067013,320303351
2024-08-07,28566,86511,1392950,1355446,4876166593,1566797840,6442964433,322148222
2024-08-08,28574,86522,1396959,1357189,4888843413,1568614725,6457458138,322872907
2024-08-09,28566,86475,1427222,1400987,4996185921,1620103461,6616289381,330814469
2024-08-12,28563,86526,1426236,1400681,4993230298,1618801326,6612031623,330601581
2024-08-13,28572,86649,1431163,1408877,5008902753,1625954169,6634856922,331742846
2024-08-14,28580,86762,1418745,1395031,4964160278,1607885289,6572045567,328602278
2024-08-16,28563,86631,1378954,1366552,4827783010,1577430562,6405213572,320260679
2024-08-19,28557,86600,1372276,1363400,4805334041,1574363075,6379697116,318984856
2024-08-20,28547,86511,1363826,1372514,4777394773,1586522407,6363917179,318195859
2024-08-21,28545,86471,1303067,1368119,4564957661,1582177724,6147135384,307356769
2024-08-22,28558,86538,806228,867610,2823167172,1002580946,3825748118,191287406
2024-08-23,28553,86485,987348,1275142,3457934060,1474407834,4932341894,246617095
2024-08-26,28567,86630,564228,780415,1975092152,900855237,2875947388,143797369
2024-08-27,28550,86339,1006955,1009023,3526926821,1168674235,4695601056,234780053
2024-08-28,28564,86484,1033297,1021491,3617475850,1181135943,4798611793,239930590
2024-08-29,28556,86434,975499,949921,3416127740,1099011290,4515139030,225756952
2024-08-30,28553,86433,910686,908556,3189416023,1051165818,4240581841,212029092
2024-09-02,28543,86336,409219,435796,1433684942,504767062,1938452004,96922600
2024-09-03,28549,86404,880916,941391,3085661479,1089526787,4175188266,208759413
2024-09-04,28567,86664,892965,953979,3125916162,1100783583,4226699745,211334987
2024-09-05,28575,86739,952227,1013418,3332397930,1168347868,4500745798,225037290
2024-09-06,28588,86891,1027432,1061073,3593929308,1221156197,4815085505,240754275
2024-09-09,28581,86754,1052496,1065462,3682459416,1228144197,4910603612,245530181
2024-09-10,28585,86804,1089394,1091603,3811078556,1257554956,5068633512,253431676
2024-09-11,28601,87041,1132807,1115234,3960743800,1281267050,5242010850,262100543
2024-09-12,28586,86903,1226657,1200787,4291094132,1381755232,5672849364,283642468
2024-09-13,28604,87083,1239889,1265862,4334599316,1453624282,5788223598,289411180
2024-09-19,28603,87009,1244719,1258947,4351733183,1446919893,5798653076,289932654
2024-09-20,28605,86945,1248328,1264259,4364061111,1454084997,5818146107,290907305
2024-09-23,28598,86835,1232497,1246547,4309791586,1435540558,5745332144,287266607
2024-09-24,28598,86780,1233804,1243124,4314300364,1432501342,5746801706,287340085
2024-09-25,28613,86907,1226047,1238955,4284943469,1425611220,5710554688,285527734
2024-09-26,28617,86885,1230969,1244124,4301555467,1431925680,5733481147,286674057
2024-09-27,28613,86882,1246526,1269248,4356453275,1460893003,5817346277,290867314
2024-09-30,28618,86932,1268782,1255570,4433437585,1444307239,5877744823,293887241
2024-10-02,28627,87101,1256650,1218914,4389789643,1399419815,5789209458,289460473
2024-10-04,28605,86811,1186350,1066656,4147361618,1228712159,5376073778,268803689
2024-10-07,28545,86265,816301,717612,2859705565,831868750,3691574315,184578716
2024-10-08,28548,86267,727550,625587,2548530836,725178558,3273709393,163685470
2024-10-10,28536,86171,253436,162180,888141373,188206911,1076348285,53817414
2024-10-11,28552,86180,162249,-42057,568255448,48801515,617056963,30852848
2024-10-14,28562,86232,-14369,-13364,50306966,15497218,65804184,3290209
2024-10-15,28575,86357,-30845,1809,107943764,2094558,110038322,5501916
2024-10-16,28590,86589,-36198,-9270,126613863,10705716,137319579,6865979
2024-10-17,28582,86490,-25805,-16688,90284624,19294708,109579333,5478967
2024-10-18,28573,86350,-30131,-52871,105452291,61228188,166680479,8334024
2024-10-21,28581,86433,353641,12065,1237350585,13958997,1251309582,62565479
2024-10-22,28561,86161,340428,30441,1191915319,35330507,1227245826,61362291
2024-10-23,28562,86167,-320136,-315859,1120853747,366564624,1487418371,74370919
2024-10-24,28581,86383,70193,60147,245588996,69627880,315216876,15760844
2024-10-25,28581,86409,96722,71861,338416989,83163737,421580726,21079036
2024-10-28,28559,86170,-250662,-339036,877693094,393447524,1271140618,63557031
2024-10-29,28556,86144,-224976,-380200,787836041,441353228,1229189269,61459463
2024-10-30,28556,86159,-234829,-429222,822335410,498176315,1320511726,66025586
2024-10-31,28556,86170,-261777,-433617,916702059,503208381,1419910440,70995522
2024-11-01,28554,86166,-288456,-435974,1010196400,505972519,1516168919,75808446
2024-11-04,28553,86142,-307434,-438950,1076728551,509563322,1586291873,79314594
2024-11-05,28558,86205,-341821,-458002,1196918255,531293119,1728211373,86410569
2024-11-06,28536,85936,-402654,-498150,1411044622,579677210,1990721832,99536092
2024-11-07,28554,86137,-510771,-548171,1788798450,636396168,2425194618,121259731
2024-11-08,28572,86414,-506227,-494057,1771759507,571731718,2343491225,117174561
2024-11-11,28565,86391,-507525,-470519,1776731654,544639395,2321371049,116068552
2024-11-12,28566,86426,-72243,54801,252897129,63407959,316305088,15815254
2024-11-13,28550,86269,138283,13123,484361878,15211841,499573719,24978686
2024-11-14,28551,86234,104595,14807,366337250,17170382,383507632,19175382
2024-11-15,28547,86192,95219,26294,333555921,30506515,364062436,18203122
2024-11-18,28558,86296,48376,68621,169396821,79518177,248914998,12445750
2024-11-19,28569,86420,19076,79161,66769370,91600309,158369679,7918484
2024-11-20,28579,86532,51311,97357,179541239,112509440,292050679,14602534
2024-11-21,28596,86672,145184,506047,507709531,583861035,1091570566,54578528
2024-11-22,28602,86679,296130,497743,1035358391,574239466,1609597857,80479893
2024-11-25,28619,86865,552910,446611,1931959290,514145430,2446104720,122305236
2024-11-26,28620,86904,526514,427537,1839686985,491966607,2331653592,116582680
2024-11-27,28629,87011,537493,491832,1877435071,565254762,2442689833,122134492
2024-11-28,28683,87444,755217,757169,2632961807,865890029,3498851836,174942592
2024-11-29,28694,87569,799932,798784,2787805067,912171492,3699976559,184998828
2024-12-02,28724,87917,752718,729858,2620489745,830162008,3450651752,172532588
2024-12-03,28719,87884,780983,711735,2719367878,809857858,3529225736,176461287
2024-12-04,28713,87733,795703,720528,2771209604,821277440,3592487045,179624352
2024-12-05,28723,87885,827784,755004,2881968826,859085931,3741054757,187052738
2024-12-06,28715,87804,847181,776881,2950328378,884789641,3835118019,191755901
2024-12-09,28741,88085,853467,785161,2969534381,891366032,3860900413,193045021
2024-12-10,28739,88017,879406,812500,3059937280,923114046,3983051326,199152566
2024-12-11,28730,87866,895756,821397,3117821550,934826135,4052647685,202632384
2024-12-12,28727,87809,927663,860081,3229199499,979492404,4208691902,210434595
2024-12-13,28733,87930,935101,868980,3254398892,988267461,4242666353,212133318
2024-12-16,28724,87816,940172,868757,3273072144,989296111,4262368255,213118413
2024-12-17,28696,87542,898210,839097,3130108851,958506168,4088615019,204430751
2024-12-18,28723,87793,871467,819632,3034082134,933598888,3967681022,198384051
2024-12-19,28694,87500,833907,757917,2906226936,866192314,3772419250,188620962
2024-12-20,28686,87306,774537,557431,2700095631,638479539,3338575170,166928759
2024-12-23,28685,87342,602257,608073,2099568699,696198466,2795767164,139788358
2024-12-24,28669,87146,658580,571294,2297211000,655559389,2952770390,147638519
2024-12-26,28660,87008,575787,484530,2009052719,556879999,2565932718,128296636
2024-12-27,28671,87106,508128,463765,1772256271,532413670,2304669941,115233497
2024-12-30,28676,87146,496498,468508,1731423553,537615580,2269039134,113451957
2024-12-31,28676,87146,505142,480781,1761568950,551698800,2313267750,115663387
2025-01-02,28716,87499,551288,500086,1919768730,571532928,2491301658,124565083
2025-01-03,28729,87625,549141,497912,1911477297,568230843,2479708140,123985407
2025-01-06,28714,87413,563632,488575,1962928423,558928636,2521857059,126092853
2025-01-07,28729,87541,589657,162873,2052460907,186053285,2238514193,111925710
2025-01-08,28740,87566,819658,198758,2851965204,226979205,3078944409,153947220
2025-01-09,28751,87607,785885,466528,2733395393,532526456,3265921849,163296092
2025-01-10,28729,87350,747893,290596,2603273182,332680195,2935953376,146797669
2025-01-13,28698,87014,711262,312373,2478463987,358990382,2837454370,141872718
2025-01-14,28707,87127,683929,356185,2382476260,408810032,2791286292,139564315
2025-01-15,28696,86999,655365,393417,2283823925,452210119,2736034043,136801702
2025-01-16,28721,87288,582166,384949,2026992287,441011590,2468003876,123400194
2025-01-17,28738,87453,509163,393002,1771763546,449387256,2221150802,111057540
2025-01-20,28731,87425,662820,394530,2306985598,451278160,2758263758,137913188
2025-01-21,28744,87648,662524,389022,2304898704,443846279,2748744983,137437249
2025-01-22,28737,87574,665853,391367,2317071277,446899979,2763971256,138198563
2025-01-23,28742,87534,637280,368198,2217228496,420632927,2637861423,131893071
2025-01-24,28742,87534,601947,362654,2094297811,414300182,2508597993,125429900
2025-01-31,28741,87592,678996,362767,2362488814,414157435,2776646249,138832312
2025-02-03,28748,87717,664858,368591,2312689075,420205690,2732894765,136644738
2025-02-04,28744,87669,633549,381816,2204115803,435519562,2639635366,131981768
2025-02-05,28745,87745,635679,696603,2211446181,793890443,3005336624,150266831
2025-02-06,28738,87713,700501,780462,2437565614,889795679,3327361293,166368065
2025-02-07,28718,87483,706448,801907,2459952708,916639295,3376592003,168829600
2025-02-10,28719,87470,707713,806190,2464242256,921672155,3385914412,169295721
2025-02-11,28717,87411,589669,770090,2053374792,880994660,2934369452,146718473
2025-02-12,28711,87299,599273,719205,2087294268,823839514,2911133782,145556689
2025-02-13,28717,87335,634280,402988,2208705400,461426570,2670131970,133506598
2025-02-14,28720,87451,704454,397818,2452845487,454906286,2907751773,145387589
2025-02-17,28713,87376,715169,426112,2490786573,487678396,2978464969,148923248
2025-02-18,28705,87292,564451,424521,1966361530,486324199,2452685729,122634286
2025-02-19,28712,87329,263540,370150,917877999,423854737,1341732737,67086637
2025-02-20,28718,87296,212176,130574,738832690,149576465,888409155,44420458
2025-02-21,28730,87423,183923,35191,640173410,40253501,680426911,34021346
2025-02-24,28734,87509,159482,32491,555034628,37128952,592163580,29608179
2025-02-25,28741,87582,112718,30406,392188600,34716527,426905127,21345256
2025-02-26,28744,87721,436982,443495,1520242581,505573159,2025815740,101290787
2025-02-27,28755,87772,562495,408030,1956190249,464877682,2421067932,121053397
2025-02-28,28762,87949,591900,427904,2057950965,486538233,2544489198,127224460
2025-03-04,28766,87947,700140,526821,2433885103,599019815,3032904919,151645246
2025-03-05,28758,87720,787691,589226,2738993849,671715003,3410708851,170535443
2025-03-06,28754,87617,902843,801808,3139887317,915128554,4055015871,202750794
2025-03-07,28766,87809,952313,880667,3310520863,1002929647,4313450510,215672526
2025-03-10,28756,87691,990156,874442,3443315084,997186054,4440501138,222025057
2025-03-11,28770,87907,1031772,866179,3586269572,985341508,4571611081,228580554
2025-03-12,28776,87939,1161068,942720,4034854937,1072011552,5106866489,255343324
2025-03-13,28768,87843,1238355,987987,4304696732,1124723844,5429420576,271471029
2025-03-14,28760,87699,1268548,1015369,4410878404,1157789691,5568668095,278433405
2025-03-17,28758,87716,1289606,1063557,4484349634,1212502608,5696852242,284842612
2025-03-18,28758,87755,1297387,1096645,4511334137,1249659350,5760993487,288049674
2025-03-19,28752,87692,1300004,1059764,4521435004,1208502958,5729937962,286496898
2025-03-20,28756,87741,1302369,799330,4529083156,911014660,5440097817,272004891
2025-03-21,28752,87696,947716,863155,3296178229,984254843,4280433072,214021654
2025-03-24,28748,87664,1080046,932422,3756938994,1063637088,4820576082,241028804
2025-03-25,28742,87620,1140466,875827,3967900316,999578455,4967478771,248373939
2025-03-26,28735,87472,995696,733153,3465100438,838158668,4303259106,215162955
2025-03-27,28736,87485,882818,659919,3072215170,754326380,3826541549,191327077
2025-03-28,28736,87508,841887,625688,2929778412,715009284,3644787696,182239385
2025-03-31,28759,87807,851344,686263,2960226696,781556078,3741782774,187089139
2025-04-01,28755,87722,1470026,1201614,5112299658,1369802068,6482101727,324105086
2025-04-02,28761,87790,1577651,1280723,5485410951,1458842353,6944253304,347212665
2025-04-03,28779,87933,2276276,1801288,7909496979,2048471444,9957968423,497898421
2025-04-04,28821,88316,1853071,1587527,6429481381,1797558207,8227039588,411351979
2025-04-07,28856,88580,1852841,1634901,6421080817,1845674339,8266755156,413337758
2025-04-08,28853,88512,1928010,1708175,6682094174,1929876639,8611970813,430598541
2025-04-09,28864,88527,2015590,1787969,6983154436,2019679074,9002833510,450141675
2025-04-10,28844,88373,1960388,1784592,6796542719,2019392823,8815935541,440796777
2025-04-11,28855,88437,2008769,1844848,6961662799,2086051216,9047714015,452385701
2025-04-14,28848,88405,2161790,1946636,7493607469,2201955777,9695563246,484778162
2025-04-15,28856,88500,2161119,1940438,7489424984,2192589443,9682014427,484100721
2025-04-16,28875,88697,2102734,1905934,7282076686,2148811355,9430888041,471544402
2025-04-17,28860,88602,2147924,1968673,7442456817,2221940322,9664397139,483219857
2025-04-18,28877,88766,2109032,1938288,7303512477,2183598039,9487110516,474355526
2025-04-21,28895,88915,2060841,1914904,7132165855,2153633554,9285799409,464289970
2025-04-22,28892,88836,2072971,1943113,7174793597,2187309286,9362102883,468105144
2025-04-23,28885,88855,2076635,1954258,7189312511,2199382753,9388695264,469434763
2025-04-24,28880,88711,2050947,1906036,7101643153,2148585932,9250229085,462511454
2025-04-25,28896,88901,2001050,1848871,6924965991,2079687023,9004653014,450232651
2025-04-28,28896,88891,2006254,1854521,6943077307,2086284138,9029361445,451468072
2025-04-29,28898,88868,2011527,1866628,6960810359,2100450394,9061260753,453063038
2025-04-30,28912,89061,1964530,1814509,6794766476,2037385502,8832151978,441607599
2025-05-02,28906,88960,1945081,1794488,6729020738,2017186228,8746206966,437310348
2025-05-07,28923,89047,1928072,1793894,6666238312,2014542933,8680781246,434039062
2025-05-08,28910,88959,1955028,1838892,6762372632,2067116029,8829488661,441474433
2025-05-09,28892,88739,1862835,1763111,6447545506,1986860504,8434406010,421720300
2025-05-12,28893,88669,1861311,1719748,6442129174,1939511701,8381640875,419082044
2025-05-13,28870,88391,1699225,1361718,5885733839,1540558676,7426292515,371314626
2025-05-14,28871,88418,1383117,1417286,4790716608,1602946689,6393663297,319683165
2025-05-15,28870,88402,1462531,1345943,5065979463,1522519878,6588499341,329424967
2025-05-16,28881,88583,1472044,1265499,5096999630,1428596639,6525596269,326279813
2025-05-19,28861,88299,1363904,1137032,4725787739,1287707152,6013494891,300674745
2025-05-20,28868,88393,1281251,1110516,4438284300,1256332656,5694616955,284730848
2025-05-21,28866,88301,1212334,1104145,4199812999,1250427929,5450240928,272512046
2025-05-22,28877,88399,1205673,690642,4175210597,781277495,4956488092,247824405
2025-05-23,28872,88350,1191424,732118,4126539556,828660088,4955199644,247759982
2025-05-26,28868,88320,1192569,781597,4131176739,884961452,5016138191,250806910
2025-05-27,28878,88530,1185587,804964,4105560852,909250344,5014811196,250740560
2025-05-28,28889,88574,1177719,844046,4076674866,952927843,5029602709,251480135
2025-05-29,28882,88383,772665,883588,2675238865,999721023,3674959888,183747994
2025-05-30,28882,88360,816720,831242,2827795658,940748737,3768544395,188427220
2025-06-02,28881,88349,431683,-128408,1494678434,145342015,1640020448,82001022
2025-06-03,28881,88349,528377,-199835,1829475642,226188951,2055664593,102783230
2025-06-04,28859,88036,576723,-218982,1998404425,248741726,2247146151,112357308
2025-06-05,28864,88107,89673,-637678,310676198,723757169,1034433367,51721668
2025-06-09,28867,88194,82308,-629511,285125423,713776224,998901647,49945082
2025-06-10,28860,88138,66991,-614020,232122649,696657913,928780561,46439028
2025-06-11,28847,88054,-62116,-586895,215329397,666516782,881846179,44092309
2025-06-12,28839,88042,-182858,-563968,634071144,640565732,1274636875,63731844
2025-06-13,28823,87955,-236898,-531791,821918894,604617662,1426536557,71326828
2025-06-16,28816,87856,-235943,-497787,818786786,566595949,1385382735,69269137
2025-06-17,28828,87902,-241371,-484266,837267848,550914708,1388182557,69409128
2025-06-18,28819,87815,-693621,-524344,2406812742,597099456,3003912198,150195610
2025-06-19,28817,87813,-659200,-568218,2287562267,647078342,2934640609,146732030
2025-06-20,28830,87922,-625048,-610975,2168024198,694902328,2862926526,143146326
2025-06-23,28816,87803,-572929,-654963,1988235819,745946203,2734182023,136709101
2025-06-24,28836,87992,-516541,-701522,1791303801,797259119,2588562920,129428146
2025-06-25,28833,87954,-497743,-746088,1726266915,848268976,2574535891,128726795
2025-06-26,28842,88110,-549904,-720702,1906634296,817958844,2724593140,136229657
2025-06-27,28839,88071,-618787,-664528,2145677688,754540242,2900217930,145010897
2025-06-30,28842,88065,-662124,-392071,2295722571,445207852,2740930423,137046521
2025-07-01,28843,88114,171934,18849,596104390,21391308,617495698,30874785
2025-07-02,28831,87946,637109,-4794,2209837281,5450732,2215288014,110764401
2025-07-03,28846,88072,92745,-518221,321519903,588405161,909925064,45496253
2025-07-04,28836,87952,624928,14202,2167197115,16147683,2183344798,109167240
2025-07-07,28835,87934,7405,-492531,25681338,560116883,585798221,29289911
2025-07-08,28837,87925,94657,-484637,328243309,551190910,879434218,43971711
2025-07-09,28838,87901,168525,-692585,584379592,787910745,1372290337,68614517
2025-07-10,28850,88069,275170,-729830,953787377,828698481,1782485858,89124293
2025-07-11,28845,88038,282541,-765880,979529004,869947220,1849476224,92473811
2025-07-14,28835,87814,196027,-655730,679828369,746726613,1426554982,71327749
2025-07-15,28838,87824,178718,-575135,619723383,654876035,1274599418,63729971
2025-07-16,28844,87838,137487,-629184,476661238,716302073,1192963311,59648166
2025-07-17,28835,87684,-24297,-706826,84261603,806109121,890370723,44518536
2025-07-18,28843,87824,-5545,-737253,19224112,839467196,858691309,42934565
2025-07-21,28852,87901,-79961,-763621,277141672,868727391,1145869063,57293453
2025-07-22,28853,87940,-44570,-745181,154473268,847373924,1001847192,50092360
2025-07-23,28860,87986,15746,-733482,54560628,833634607,888195235,44409762
2025-07-24,28858,87923,148835,-730950,515756664,831353137,1347109801,67355490
2025-07-25,28852,87896,225083,-710866,780128174,808759989,1588888163,79444408
2025-07-28,28857,88017,365520,-583963,1266658475,663465942,1930124417,96506221
2025-07-29,28853,88011,728503,-177606,2524851127,201798757,2726649884,136332494
2025-07-30,28850,88032,610725,-162116,2116899965,184155945,2301055910,115052796
2025-07-31,28846,87990,693027,-187438,2402476971,213022921,2615499892,130774995
2025-08-01,28839,87809,636226,-169319,2206100785,192825956,2398926742,119946337
2025-08-04,28865,88091,798805,-44881,2767428563,50948143,2818376706,140918835
2025-08-05,28865,88162,1001595,179051,3469874287,203091849,3672966136,183648307
2025-08-06,28864,88153,1097288,168809,3801618822,191495477,3993114299,199655715
2025-08-07,28872,88239,1235028,307106,4277570392,348040911,4625611303,231280565
2025-08-08,28866,88201,1232588,332765,4269961654,377278584,4647240239,232362012
2025-08-11,28862,88148,2026172,334833,7020300013,379852356,7400152369,370007618
2025-08-12,28858,88078,2070368,330201,7174269504,374896356,7549165859,377458293
2025-08-13,28865,88101,2015644,324769,6982915488,368633266,7351548754,367577438
2025-08-14,28873,88234,1933623,899896,6696951513,1019895249,7716846762,385842338
2025-08-18,28864,88084,1828743,817313,6335733334,927879203,7263612537,363180627
2025-08-19,28859,87990,1719052,653092,5956806840,742230810,6699037650,334951882
2025-08-20,28859,88016,1639023,526117,5679334947,597750480,6277085428,313854271
2025-08-21,28857,87996,1551308,156094,5375827665,177387923,5553215588,277660779
2025-08-22,28853,87917,1074133,204112,3722813834,232165791,3954979626,197748981
2025-08-25,28861,87995,1174240,154708,4068610867,175814251,4244425118,212221256
2025-08-26,28867,88021,1242554,77745,4304355480,88325560,4392681040,219634052
2025-08-27,28875,88131,1643803,96139,5692760331,109086697,5801847028,290092351
2025-08-28,28867,88113,1704917,192420,5906008608,218378519,6124387127,306219356
2025-08-29,28861,88069,1702806,246670,5899994624,280086400,6180081023,309004051
2025-09-01,28859,87984,1783536,18178,6180157527,20661048,6200818576,310040929
2025-09-02,28854,87896,1386166,-549755,4804110671,625460012,5429570683,271478534
2025-09-03,28845,87760,1261595,-498011,4373693180,567469642,4941162822,247058141
2025-09-04,28846,87839,1082186,-542207,3751650518,617273724,4368924242,218446212
2025-09-05,28849,87912,1040265,-543271,3605950256,617973438,4223923695,211196185
2025-09-08,28852,88005,1019317,-539542,3532909773,613083744,4145993517,207299676
2025-09-09,28859,88102,476083,-396526,1649703074,450076994,2099780068,104989003
2025-09-10,28858,88058,486323,-316939,1685225074,359923252,2045148326,102257416
2025-09-11,28864,88131,574945,-84871,1991938077,96301775,2088239852,104411993
2025-09-12,28858,88084,919220,-54692,3185326386,62090894,3247417280,162370864
2025-09-15,28853,88039,943153,37509,3268853045,42604663,3311457708,165572885
2025-09-16,28858,88102,902069,97114,3125870191,110228281,3236098473,161804924
2025-09-17,28856,88124,874197,132120,3029526532,149924744,3179451277,158972564
2025-09-18,28863,88206,824036,402301,2855009364,456091117,3311100481,165555024
2025-09-19,28851,88004,727895,350005,2522950121,397716616,2920666737,146033337
2025-09-22,28843,87928,341136,375058,1182742449,426552500,1609294949,80464747
2025-09-23,28839,87966,217356,387200,753679628,440169475,1193849103,59692455
2025-09-24,28827,87829,-23432,411756,81283599,468815900,550099499,27504975
2025-09-25,28804,87606,-763312,-106303,2649986576,121341779,2771328354,138566418
2025-09-26,28793,87399,-913549,-271220,3172803236,310323990,3483127226,174156361
2025-09-29,28800,87393,-1181802,-584947,4103436420,669331091,4772767511,238638376
2025-09-30,28796,87423,-1428661,-778918,4961278317,890979162,5852257479,292612874
2025-10-01,28789,87345,-1550263,-1004037,5384839171,1149507025,6534346197,326717310
2025-10-02,28799,87402,-1678197,-1124636,5827178806,1286742090,7113920897,355696045
2025-10-10,28801,87405,-1795492,-1190835,6234034709,1362438992,7596473700,379823685
2025-10-13,28815,87593,-1780166,-1155784,6178015493,1319499672,7497515165,374875758
2025-10-14,28819,87738,-1816565,-1224111,6303402529,1395183574,7698586103,384929305
2025-10-15,28819,87737,-1900734,-1317289,6595442788,1501411935,8096854723,404842736
2025-10-16,28796,87495,-1719228,-1290318,5970362787,1474740775,7445103562,372255178
2025-10-17,28806,87657,-1752895,-1358141,6085133466,1549389550,7634523016,381726151
2025-10-20,28791,87540,-1763692,-1344506,6125750569,1535868026,7661618595,383080930
2025-10-21,28780,87418,-1763746,-1293293,6128391801,1479440767,7607832568,380391628
2025-10-22,28797,87597,-1671685,-1152434,5805090981,1315610199,7120701181,356035059
2025-10-23,28779,87354,-1599024,-1045730,5556177017,1197123824,6753300842,337665042
2025-10-24,28789,87424,-1577600,-1037763,5479865751,1187041421,6666907171,333345359
2025-10-27,28776,87238,-1508111,-992336,5240938976,1137507133,6378446109,318922305
2025-10-28,28769,87272,-1495698,-1814846,5198946724,2079527820,7278474544,363923727
2025-10-29,28754,87096,-1500143,-1823464,5217118643,2093614126,7310732769,365536638
2025-10-30,28729,86775,-1384047,-1677359,4817548638,1932993695,6750542333,337527117
2025-10-31,28745,86841,-1409788,-1775476,4904473360,2044515247,6948988607,347449430
2025-11-03,28731,86698,-1389484,-1878703,4836176991,2166946517,7003123508,350156175
2025-11-04,28731,86754,-1550864,-2065202,5397930768,2380515454,7778446221,388922311
2025-11-05,28718,86620,-1516603,-1981617,5280928709,2287723073,7568651782,378432589
2025-11-06,28691,86278,-1412268,-1782598,4922306750,2066106216,6988412965,349420648
2025-11-07,28679,86203,-1409794,-1727537,4915810918,2004029339,6919840257,345992013
2025-11-10,28688,86235,-1395060,-1666881,4862810716,1932959693,6795770409,339788520
2025-11-11,28705,86413,-1347943,-1568777,4695788890,1815447301,6511236191,325561810
2025-11-12,28672,86106,-1244572,-1432661,4340734028,1663836166,6004570194,300228510
2025-11-13,28655,86027,-1245908,-1443960,4347920605,1678502843,6026423448,301321172
2025-11-14,28634,85832,-2043587,-1489433,7137020486,1735291199,8872311685,443615584
2025-11-17,28640,85939,-2012636,-1526954,7027390687,1776792950,8804183637,440209182
2025-11-18,28662,86088,-1894625,-1518827,6610255462,1764280665,8374536127,418726806
2025-11-19,28663,86024,-1893216,-1559094,6605079520,1812400588,8417480108,420874005
2025-11-20,28653,85845,-1856848,-1565013,6480378097,1823065398,8303443495,415172175
2025-11-21,28672,86018,-1754704,-1541019,6119938316,1791499598,7911437914,395571896
2025-11-24,28658,85929,-1708433,-1551094,5961403859,1805095451,7766499310,388324965
2025-11-25,28660,85988,-1661247,-1539680,5796375204,1790568423,7586943626,379347181
2025-11-26,28664,86010,-1620603,-1555425,5653855870,1808418699,7462274569,373113728
2025-11-27,28608,85493,-1185891,-1228443,4145297341,1436896980,5582194321,279109716
2025-11-28,28611,85519,-1142431,-1227169,3992975561,1434973298,5427948858,271397443
2025-12-01,28588,85271,-1845920,-1916982,6457039059,2248102175,8705141234,435257062
2025-12-02,28600,85400,-1785022,-1889519,6241367634,2212561179,8453928813,422696441
2025-12-03,28590,85258,-1795249,-1883472,6279197435,2209132366,8488329801,424416490
2025-12-04,28602,85327,-1812748,-1889515,6337867071,2214441368,8552308439,427615422
2025-12-05,28616,85465,-1812818,-1874484,6334930084,2193287445,8528217529,426410876
2025-12-08,28597,85289,-1815722,-1861736,6349271363,2182845147,8532116510,426605825
2025-12-09,28568,85020,-1773670,-1812632,6208495956,2132014642,8340510598,417025530
2025-12-10,28551,84864,-1779124,-1803415,6231450598,2125072898,8356523495,417826175
2025-12-11,28542,84781,-1802814,-1810989,6316276678,2136082686,8452359364,422617968
2025-12-12,28563,84892,-1778656,-1787849,6227168816,2106017721,8333186537,416659327
2025-12-15,28602,85303,-1603628,-1596382,5606722515,1871432224,7478154739,373907737
2025-12-16,28595,85266,-1625272,-1602471,5683817658,1879380964,7563198622,378159931
2025-12-17,28591,85188,-1633452,-1608982,5713256706,1888749168,7602005874,380100294
2025-12-18,28609,85308,-1606856,-1602080,5616658752,1878002399,7494661151,374733058
2025-12-19,28590,85148,-1590649,-1608534,5563606404,1889102870,7452709274,372635464
2025-12-22,28598,85194,-1539158,-1580744,5381999226,1855458687,7237457913,361872896
2025-12-23,28602,85233,-1295065,-1544031,4527844567,1811548229,6339392796,316969640
2025-12-24,28609,85348,-1347515,-1333741,4710076430,1562708725,6272785155,313639258
2025-12-25,28609,85348,-1394485,-1377376,4874255431,1613834047,6488089477,324404474
2025-12-26,28599,85245,-1376189,-1422747,4811953795,1669013214,6480967009,324048350
2025-12-29,28610,85376,-1350134,-1388744,4719118696,1626624132,6345742828,317287141
2025-12-30,28602,85327,-1323834,-1355070,4628535266,1588087168,6216622433,310831122
2025-12-31,28602,85327,-1307159,-1326694,4570234206,1554831464,6125065670,306253284
2026-01-01,28602,85327,-1280065,-1289870,4475507103,1511675672,5987182775,299359139
2026-01-02,28615,85293,-1214600,-1234059,4244680589,1446852955,5691533543,284576677
2026-01-05,28613,85193,-1214990,-1253064,4246316146,1470848756,5717164902,285858245
2026-01-06,28601,85152,-1231189,-1325474,4304684247,1556598758,5861283005,293064150
2026-01-07,28618,85348,-1229350,-1317952,4295796644,1544215389,5840012033,292000602
2026-01-08,28617,85394,-1261535,-1494588,4408355384,1750232159,6158587543,307929377
2026-01-09,28605,85211,-1305964,-1440921,4565514503,1691001266,6256515769,312825788
2026-01-12,28595,85146,-1398366,-1463546,4890185162,1718875191,6609060353,330453018
2026-01-13,28585,85031,-1398074,-1491918,4890943229,1754553789,6645497018,332274851
2026-01-14,28588,85040,-1462993,-1557349,5117422972,1831307851,6948730823,347436541
2026-01-15,28550,84737,-1431754,-1563586,5014826087,1845220615,6860046702,343002335
2026-01-16,28551,84741,-1496407,-1626925,5241124686,1919889969,7161014655,358050733
2026-01-19,28532,84461,-1489379,-1589086,5220079093,1881444680,7101523773,355076189
2026-01-20,28521,84205,-1476315,-1549209,5176263904,1839815411,7016079315,350803966
2026-01-21,28549,84474,-1412619,-1491419,4948057094,1765529038,6713586132,335679307
2026-01-22,28563,84678,-1403876,-1490336,4915024225,1759993021,6675017247,333750862
2026-01-23,28546,84540,-1411038,-1486250,4942965383,1758039119,6701004502,335050225
2026-01-26,28557,84692,-1408981,-1475621,4933971593,1742347285,6676318878,333815944
2026-01-27,28555,84747,-1423613,-1486862,4985558237,1754481413,6740039650,337001983
2026-01-28,28567,84816,-1420212,-1488643,4971474135,1755149243,6726623378,336331169
2026-01-29,28550,84624,-1432779,-1515380,5018500550,1790715173,6809215724,340460786
2026-01-30,28530,84411,-1421499,-1495639,4982497337,1771857470,6754354808,337717740
2026-02-02,28529,84390,-1437937,-1496279,5040254894,1773043906,6813298799,340664940
2026-02-03,28514,84203,-1439138,-1498040,5047084986,1779074791,6826159777,341307989
2026-02-04,28501,84041,-1469566,-1518733,5156169775,1807139137,6963308912,348165446
2026-02-05,28506,84174,-1462423,-1499380,5130173668,1781277287,6911450956,345572548
2026-02-06,28488,84039,-1466857,-1506206,5149009257,1792264728,6941273985,347063699
2026-02-09,28491,83981,-1480723,-1522257,5197110035,1812629418,7009739454,350486973
2026-02-10,28514,84231,-1456809,-1470617,5109176768,1745943095,6855119862,342755993
2026-02-11,28522,84398,-1414242,-1437091,4958401078,1702762339,6661163417,333058171
2026-02-12,28531,84492,-1377105,-1400950,4826661031,1658085197,6484746228,324237311
2026-02-13,28538,84650,-1356752,-1336319,4754231685,1578644312,6332875997,316643800
2026-02-19,28527,84547,-1209832,-1224995,4240998495,1448900582,5689899077,284494954
2026-02-20,28539,84699,-1195600,-1220822,4189415381,1441364785,5630780166,281539008
2026-02-23,28533,84560,-1210632,-1222160,4242906103,1445318333,5688224436,284411222
2026-02-24,28526,84481,-1350300,-1324992,4733625480,1568381918,6302007398,315100370
2026-02-25,28530,84578,-1368084,-1329759,4795314850,1572229982,6367544832,318377242
2026-02-26,28554,84894,-1339139,-1238427,4689922849,1458784875,6148707724,307435386
2026-02-27,28560,85040,-1289085,-1179503,4513624966,1386998984,5900623950,295031198
2026-03-02,28560,85040,-1208288,-805557,4230722614,947269335,5177991949,258899597
2026-03-03,28488,84387,-738114,-440625,2590947777,522147672,3113095449,155654772
2026-03-04,28475,84251,-784517,-450640,2755145529,534877337,3290022866,164501143
2026-03-05,28504,84438,-779243,-460932,2733794413,545880840,3279675253,163983763
2026-03-06,28492,84278,-900811,-506188,3161650660,600618188,3762268849,188113442
2026-03-09,28416,83646,-742066,-769153,2611480872,919535305,3531016177,176550809
2026-03-10,28469,84075,-706463,-702119,2481519648,835109798,3316629446,165831472
2026-03-11,28481,84156,-728564,-688751,2558077032,818423588,3376500620,168825031
2026-03-12,28469,84059,-781066,-751059,2743563533,893494924,3637058457,181852923
2026-03-13,28431,83737,-788577,-775687,2773631563,926338607,3699970170,184998509
2026-03-16,28438,83825,-786764,-803444,2766603957,958473555,3725077512,186253876
2026-03-17,28426,83738,-793407,-817423,2791163200,976164273,3767327472,188366374
2026-03-18,28445,84044,-781997,-786898,2749147527,936289928,3685437455,184271873
2026-03-19,28406,83749,-764078,-781869,2689812224,933591747,3623403971,181170199
2026-03-20,28357,83468,-745982,-791696,2630653053,948504333,3579157386,178957869
2026-03-23,28264,82725,-638299,-737112,2258358828,891038420,3149397248,157469862
2026-03-24,28321,83106,-609378,-727513,2151655945,875401988,3027057933,151352897
2026-03-25,28326,83103,-610588,-735582,2155577661,885145538,3040723199,152036160
2026-03-26,28328,83111,-611735,-739891,2159456956,890247195,3049704151,152485208
2026-03-27,28302,82849,-606944,-731786,2144512056,883281614,3027793670,151389684
2026-03-30,28337,83067,-593621,-722754,2094860397,870081351,2964941749,148247087
2026-03-31,28326,83055,-594163,-722870,2097568257,870355327,2967923584,148396179
2026-04-01,28407,83818,-683291,-813614,2405398863,970688446,3376087309,168804365
2026-04-02,28364,83455,-673742,-802268,2375329870,961315970,3336645840,166832292
2026-04-03,28380,83629,-660475,-772397,2327221752,923596642,3250818394,162540920
2026-04-06,28389,83686,-656172,-666291,2311387713,796177629,3107565342,155378267
2026-04-07,28383,83564,-563314,-685002,1984678154,819733446,2804411600,140220580
2026-04-08,28436,84057,-568911,-689322,2000664926,820069794,2820734720,141036736
2026-04-09,28426,83979,-588257,-691169,2069437431,823025807,2892463239,144623162
2026-04-10,28406,83822,-577084,-680900,2031575435,812320176,2843895610,142194781
2026-04-13,28397,83730,-568592,-674246,2002282625,805263896,2807546520,140377326
2026-04-14,28414,83908,-560119,-665822,1971267967,793516594,2764784561,138239228
2026-04-15,28419,83913,-527993,-631760,1857900204,752871031,2610771235,130538562
2026-04-16,28414,83849,-531917,-634238,1872018459,756404674,2628423133,131421157
2026-04-17,28397,83690,-531575,-640251,1871911501,765031075,2636942576,131847129
2026-04-20,28409,83771,-537328,-640670,1891422260,764786732,2656208991,132810450
2026-04-21,28412,83843,-545576,-495640,1920226313,591155724,2511382037,125569102
2026-04-22,28400,83744,-538449,-506137,1895979304,604383473,2500362777,125018139
2026-04-23,28362,83397,-543763,-661500,1917219591,793193254,2710412845,135520642
2026-04-24,28346,83279,-620404,-734720,2188710506,882237511,3070948017,153547401
2026-04-27,28347,83277,-591556,-714707,2086873802,858227018,2945100820,147255041
2026-04-28,28335,83122,-634719,-777614,2240042603,935509153,3175551756,158777588
2026-04-29,28336,83162,-645423,-789035,2277768950,948789487,3226558437,161327922
2026-04-30,28305,82865,-667573,-799996,2358471222,965427000,3323898222,166194911
2026-05-01,28305,82865,-671592,-805559,2372671653,972140358,3344812011,167240601
2026-05-04,28302,82837,-689124,-829989,2434861213,1001953761,3436814974,171840749
2026-05-05,28302,82837,-687910,-832262,2430573994,1004697415,3435271409,171763570
2026-05-06,28322,82900,-685793,-836896,2421398518,1009526360,3430924878,171546244
2026-05-07,28346,83142,-674892,-828020,2380864421,995906226,3376770648,168838532
2026-05-08,28345,83139,-681240,-845317,2403379973,1016755240,3420135214,171006761
2026-05-11,28334,83007,-679479,-850819,2398145912,1024992324,3423138237,171156912
2026-05-12,28294,82592,-672093,-836803,2375393291,1013175327,3388568618,169428431
2026-05-13,28309,82692,-673934,-849671,2380602175,1027512778,3408114953,170405748
2026-05-14,28301,82579,-677168,-856375,2392746215,1037035003,3429781218,171489061
2026-05-15,28270,82171,-677701,-848666,2397247272,1032805816,3430053089,171502654
2026-05-18,28272,82092,-701196,-861724,2480185286,1049701751,3529887036,176494352
2026-05-19,28272,82186,-750118,-904972,2653221447,1101121702,3754343149,187717157
2026-05-20,28265,82193,-751103,-907081,2657316977,1103601813,3760918790,188045940
2026-05-21,28264,82207,-765155,-933622,2707157506,1135690150,3842847656,192142383
2026-05-22,28278,82337,-765210,-935634,2706038844,1136344375,3842383220,192119161
2026-05-25,28278,82337,-763643,-933718,2700497112,1134017241,3834514352,191725718
2026-05-26,28297,82524,-792916,-972325,2802155593,1178233075,3980388669,199019433
2026-05-27,28268,82287,-787211,-966682,2784784558,1174775431,3959559989,197977999
2026-05-28,28240,82114,-797555,-971576,2824171901,1183209865,4007381766,200369088
2026-05-29,28248,82438,-800380,-949933,2833444599,1152306447,3985751047,199287552
2026-06-01,28213,82046,-841271,-963306,2981840092,1174101475,4155941567,207797078
2026-06-02,28216,82166,-874816,-977589,3100455714,1189779360,4290235075,214511754
2026-06-03,28216,82166,-877075,-962609,3108465009,1171548161,4280013169,214000658
2026-06-04,28172,81703,-876665,-944376,3111816322,1155864072,4267680394,213384020
2026-06-05,28163,81601,-887945,-950766,3152851877,1165142307,4317994184,215899709
2026-06-08,28144,81399,-885295,-947426,3145641635,1163922073,4309563708,215478185
2026-06-09,28172,81674,-871522,-931159,3093559981,1140085696,4233645677,211682284
2026-06-10,28186,81783,-878348,-942269,3116256799,1152164658,4268421457,213421073
2026-06-11,28173,81649,-889288,-945341,3156568474,1157815467,4314383941,215719197
2026-06-12,28217,82133,-863274,-883509,3059406383,1075703461,4135109844,206755492
2026-06-15,28242,82419,-943669,-894044,3341331274,1084758893,4426090166,221304508
2026-06-16,28255,82379,-951284,-826941,3366798752,1003823563,4370622315,218531116
2026-06-17,28258,82545,-845605,-837676,2992443870,1014812977,4007256847,200362842
2026-06-18,28229,82276,-847364,-835453,3001787469,1015431433,4017218902,200860945
2026-06-19,28218,82150,-865158,-848188,3065947961,1032487471,4098435431,204921772
2026-06-22,28202,82016,-892094,-854827,3163199488,1042272452,4205471941,210273597
2026-06-23,28216,82164,-886471,-839153,3141698553,1021308922,4163007475,208150374
2026-06-24,28223,82152,-980101,-918001,3472715965,1117438319,4590154284,229507714
2026-06-25,28234,82263,-991243,-925984,3510828936,1125634532,4636463468,231823173
2026-06-26,28257,82441,-942467,-666294,3335340499,808208644,4143549143,207177457
2026-06-29,28252,82365,-928703,-675702,3287156771,820374000,4107530770,205376539
2026-06-30,28262,82541,-902726,-658709,3194165719,798041327,3992207046,199610352
2026-07-01,28219,82080,-911790,-656803,3231142127,800196668,4031338795,201566940
2026-07-02,28234,82237,-884019,-682305,3131022950,829683461,3960706411,198035321
2026-07-03,28234,82221,-748957,-724879,2652673798,881624716,3534298514,176714926
2026-07-06,28238,82245,-793384,-770963,2809609032,937400590,3747009622,187350481
2026-07-07,28239,82192,-848801,-873150,3005806931,1062328676,4068135606,203406780
2026-07-08,28246,82115,-888955,-830190,3147205334,1011005238,4158210572,207910529
2026-07-09,28247,82130,-940253,-890283,3328626905,1083988167,4412615072,220630754
2026-07-10,28252,82169,-954149,-926238,3377332722,1127236289,4504569011,225228451
2026-07-13,28240,82061,-958495,-951414,3394077993,1159401632,4553479624,227673981
2026-07-14,28207,81729,-956480,-969382,3390962448,1186090345,4577052793,228852640
2026-07-15,28217,81777,-959604,-987557,3400811037,1207626199,4608437236,230421862
2026-07-16,28229,81851,-993743,-1028765,3520326653,1256868658,4777195311,238859766
2026-07-17,28229,81851,-1006502,-1033440,3565525987,1262580888,4828106875,241405344
2026-07-20,28218,81702,-1049475,-1038869,3719114800,1271534056,4990648856,249532443
2026-07-21,28236,81824,-1152678,-1042968,4082250685,1274640550,5356891235,267844562
2026-07-22,28211,81619,-1159314,-1048646,4109507077,1284805173,5394312250,269715612
2026-07-23,28207,81581,-1177957,-1078857,4176066751,1322429630,5498496382,274924819
2026-07-24,28190,81396,-1166557,-1082454,4138244447,1329860656,5468105103,273405255
2026-07-27,28223,81764,-1112167,-1039387,3940660259,1271200269,5211860528,260593026
2026-07-28,28237,81903,-1095461,-1034100,3879513435,1262585654,5142099089,257104954
2026-07-29,28252,82067,-1065391,-1020592,3771001890,1243601003,5014602893,250730145
2026-07-30,28237,81849,-1025336,-1030112,3631144707,1258551281,4889695988,244484799
2026-07-31,28258,82071,-886677,-834987,3137738026,1017393381,4155131407,207756570
2026-08-03,28272,82156,-873735,-889838,3090490585,1083103628,4173594213,208679711
2026-08-04,28279,82249,-842380,-954178,2978864431,1160110146,4138974577,206948729
2026-08-05,28299,82582,-739530,-901738,2613275007,1091932933,3705207940,185260397
2026-08-06,28276,82398,-676952,-849996,2394074041,1031570388,3425644429,171282221
2026-08-07,28268,82312,-658271,-830385,2328648770,1008824982,3337473752,166873688
2026-08-10,28258,82219,-632618,-593101,2238692943,721370250,2960063193,148003160
2026-08-11,28248,82051,-608062,-598021,2152612906,728840240,2881453145,144072657
2026-08-12,28255,82104,-579318,-612475,2050300080,745974698,2796274778,139813739
2026-08-13,28253,82066,-572572,-629994,2026621840,767666989,2794288829,139714441
2026-08-14,28249,82077,-563952,-637865,1996388957,777155500,2773544457,138677223
2026-08-17,28249,82077,-574289,-649658,2032979903,791523527,2824503430,141225172
2026-08-18,28236,81865,-631105,-704098,2235144926,860071390,3095216316,154760816
2026-08-19,28259,82054,-629429,-845393,2227359991,1030287081,3257647072,162882354
2026-08-20,28247,82051,-771885,-802608,2732636559,978179438,3710815997,185540800
2026-08-21,28240,81876,-714448,-792235,2529923129,967603101,3497526230,174876312
2026-08-24,28255,82036,-447084,-573892,1582340876,699557929,2281898805,114094940
2026-08-25,28266,82124,-791597,-1042647,2800554497,1269608535,4070163032,203508152
2026-08-26,28262,82201,-788639,-1012175,2790434427,1231339518,4021773945,201088697
2026-08-27,28277,82410,-696693,-1025874,2463814947,1244845993,3708660940,185433047
2026-08-28,28250,82156,-314037,-583279,1111631339,709969439,1821600777,91080039
2026-08-31,28232,82048,-316778,-583686,1122061869,711398100,1833459969,91672998
2026-09-01,28223,81892,-346539,-584948,1227859719,714288242,1942147960,97107398
2026-09-02,28207,81702,-550237,-773519,1950736246,946751998,2897488244,144874412
2026-09-03,28226,81932,-566186,-769766,2005894137,939518727,2945412864,147270643
2026-09-04,28228,81987,-600772,-793480,2128304331,967817266,3096121597,154806080
2026-09-07,28212,81870,-691201,-855805,2449996691,1045316835,3495313525,174765676
2026-09-08,28205,81858,-776196,-895458,2751962252,1093911755,3845874007,192293700
