date,mr_face_total,mr_face_short,mr_face_long,mr_margin,mr_dv01,sl_face_3Y,sl_dv01_3Y,sl_face_10Y,sl_dv01_10Y,sl_face_net,sl_gross_trend,sl_gross_cycle,sl_gross_policy,sl_gross_trade,sl_gross_risk,sl_face_gross,sl_margin,sl_dv01,total_margin
2020-01-02,0,0,0,0,0,2623232667,786970,44611714,44612,2667844380,2666875045,1131507293,1131713312,1131713312,1130537958,7192346920,133392219,831582,133392219
2020-01-03,0,0,0,0,0,2531012021,759304,120453029,120453,2651465050,2650763355,1115072565,1116617553,1116617553,1114370870,7113441896,132573252,879757,132573252
2020-01-06,0,0,0,0,0,2278527763,683558,266811383,266811,2545339146,2545270500,1114404894,1116214877,1116214877,1114336249,7006441398,127266957,950370,127266957
2020-01-07,0,0,0,0,0,2003964811,601189,358138986,358139,2362103797,2360991337,1068085622,1068283254,1068283254,1066973162,6632616629,118105190,959328,118105190
2020-01-08,0,0,0,0,0,2160083100,648025,370924908,370925,2531008008,2529429391,1065237569,1064894504,1064894504,1063658952,6788114920,126550400,1018950,126550400
2020-01-09,0,0,0,0,0,2032912768,609874,285021987,285022,2317934755,2315782437,1020750031,1018941419,1018941419,1018597713,6393013019,115896738,894896,115896738
2020-01-10,0,0,0,0,0,1682809412,504843,171081725,171082,1853891137,1851645878,1018087456,1015849472,1015849472,1015842197,5917274476,92694557,675925,92694557
2020-01-13,0,0,0,0,0,924157681,277247,75902014,75902,1000059696,998857215,1059511183,1058289894,1058289894,1058308703,5233256891,50002985,353149,50002985
2020-01-14,0,0,0,0,0,1023397890,307019,173040504,173041,1196438394,1195693297,1054293265,1053445874,1053445874,1053548168,5410426479,59821920,480060,59821920
2020-01-15,0,0,0,0,0,821566676,246470,182201989,182202,1003768664,1003327562,1068301855,1067659934,1067659934,1067860753,5274810038,50188433,428672,50188433
2020-01-16,0,0,0,0,0,521425599,156428,84242104,-84242,605667703,605076806,1071480963,1070465365,1070465365,1070499660,4887988160,30283385,240670,30283385
2020-01-17,0,0,0,0,0,14786221,-4436,147990113,-147990,162776334,163838450,1066141223,1065260959,1065260959,1065079106,4425580696,8138817,152426,8138817
2020-01-20,0,0,0,0,0,254900263,-76470,258351674,-258352,513251936,513977170,1070605114,1070691496,1070691496,1069879880,4795845157,25662597,334822,25662597
2020-01-21,0,0,0,0,0,512413085,-153724,407615987,-407616,920029072,920049501,1037596878,1037497455,1037497455,1037576450,5070217739,46001454,561340,46001454
2020-01-22,0,0,0,0,0,989316526,-296795,469130857,-469131,1458447383,1459178295,1077150382,1076901720,1076901720,1076419470,5766551587,72922369,765926,72922369
2020-01-23,0,0,0,0,0,1975705394,-592712,505361828,-505362,2481067222,2481233264,1075540693,1075468342,1075468342,1075374651,6783085292,124053361,1098073,124053361
2020-01-28,0,0,0,0,0,1898064249,-569419,390030661,-390031,2288094909,2286682601,989522089,989606570,989606570,990934398,6246352228,114404745,959450,114404745
2020-01-29,0,0,0,0,0,1693275438,-507983,302389595,-302390,1995665034,1994291068,985424145,985424145,985424145,986798111,5937361612,99783252,810372,99783252
2020-01-30,0,0,0,0,0,138732011,41620,322163014,322163,460895025,1558973907,1008284036,1008284036,1008284036,1011584897,5595410912,23044751,363783,23044751
2020-01-31,0,0,0,0,0,1209746114,362924,327044324,327044,1536790438,756022835,1142833627,1142833627,1142833627,1149979645,5334503361,76839522,689968,76839522
2020-02-03,0,0,0,0,0,865192532,259558,287268418,287268,1152460950,1131707095,1138638704,1138638704,1138638704,1145529341,5693152548,57623047,546826,57623047
2020-02-04,0,0,0,0,0,897538674,269262,375674978,375675,1273213652,935659066,1100342326,1100342326,1100342326,1108530392,5345216435,63660683,644937,63660683
2020-02-05,0,0,0,0,0,1770397282,531119,532376927,532377,2302774209,206484619,1136593292,1136593292,1136593292,1144524925,4760789421,115138710,1063496,115138710
2020-02-06,0,0,0,0,0,4417641834,1325293,645759499,645759,5063401333,2762922052,1146315321,1146315321,1146315321,1154163961,7356031975,253170067,1971052,253170067
2020-02-07,0,0,0,0,0,4832466816,1449740,909505778,909506,5741972593,3463364633,1135927142,1135927142,1135927142,1142680819,8013826877,287098630,2359246,287098630
2020-02-10,0,0,0,0,0,5069574801,1520872,956276007,956276,6025850808,3716739251,1150744432,1150744432,1150744432,1158367125,8327339672,301292540,2477148,301292540
2020-02-11,0,0,0,0,0,5402965241,1620890,1016693711,1016694,6419658952,4062100459,1175162176,1175162176,1175162176,1182396318,8769983304,320982948,2637583,320982948
2020-02-12,0,0,0,0,0,3992413160,1197724,672301452,672301,4664714612,4674153885,1194823092,1194823092,1194823092,1204262365,9462885526,233235731,1870025,233235731
2020-02-13,0,0,0,0,0,4133122046,1239937,689662774,689663,4822784820,4832818995,1192665286,1192665286,1192665286,1202699461,9613514316,241139241,1929599,241139241
2020-02-14,0,0,0,0,0,3972645570,1191794,674490842,674491,4647136412,4652589403,1138084547,1138084547,1138084547,1143537538,9210380582,232356821,1866285,232356821
2020-02-17,0,0,0,0,0,4668433859,1400530,824216789,824217,5492650648,5498594529,1167448563,1167448563,1167448563,1173392445,10174332664,274632532,2224747,274632532
2020-02-18,0,0,0,0,0,7144251583,2143275,1426301381,1426301,8570552964,6262585109,1149092577,1149092577,1149092577,1158875279,10868738117,428527648,3569577,428527648
2020-02-19,0,0,0,0,0,7574619039,2272386,1561631346,1561631,9136250384,6805941570,1160673494,1160673494,1160673494,1169635320,11457597372,456812519,3834017,456812519
2020-02-20,0,0,0,0,0,8162558378,2448768,1755663822,1755664,9918222200,7596981182,1155911766,1155911766,1155911766,1165329253,12230045732,495911110,4204431,495911110
2020-02-21,0,0,0,0,0,8341033426,2502310,1885749854,1885750,10226783280,8003023751,1108986676,1108986676,1108986676,1114772854,12444756631,511339164,4388060,511339164
2020-02-24,0,0,0,0,0,8364124418,2509237,1933339905,1933340,10297464324,8125458843,1083681445,1083681445,1083681445,1088324036,12464827214,514873216,4442577,514873216
2020-02-25,0,0,0,0,0,11896979896,3569094,1951669450,1951669,13848649346,11697227317,1073057380,1073057380,1073057380,1078364649,15994764106,692432467,5520763,692432467
2020-02-26,0,0,0,0,0,11255357226,3376607,2866892084,2866892,14122249310,12002409375,1058275751,1058275751,1058275751,1061564184,16238800812,706112465,6243499,706112465
2020-02-27,0,0,0,0,0,9984942355,2995483,2621271600,2621272,12606213955,10575209337,1013800719,1013800719,1013800719,1017203899,14633815393,630310698,5616754,630310698
2020-02-28,0,0,0,0,0,6580258804,1974078,1735496260,1735496,8315755064,6586585093,864276165,864276165,864276165,864893806,10044307394,415787753,3709574,415787753
2020-03-02,0,0,0,0,0,6355139755,1906542,1665647517,1665648,8020787272,6289688097,865204131,865204131,865204131,865895044,9751195534,401039364,3572189,401039364
2020-03-03,0,0,0,0,0,6668449362,2000535,1649930271,1649930,8318379633,6560520145,878810636,878810636,878810636,879048852,10076000905,415918982,3650465,415918982
2020-03-04,0,0,0,0,0,6094148824,1828245,1483628697,1483629,7577777521,5949814618,814634910,814634910,814634910,813327993,9207047342,378888876,3311873,378888876
2020-03-05,0,0,0,0,0,6165487973,1849646,1511163586,1511164,7676651559,6065888423,805698498,805698498,805698498,805064638,9288048555,383832578,3360810,383832578
2020-03-06,0,0,0,0,0,6289871217,1886961,1548305098,1548305,7838176314,6232219046,803319008,803319008,803319008,802638261,9444814330,391908816,3435266,391908816
2020-03-09,0,0,0,0,0,5805611044,1741683,1395312464,1395312,7200923508,5694969807,754100774,754100774,754100774,751852927,8709125056,360046175,3136996,360046175
2020-03-10,0,0,0,0,0,5692115413,1707635,1367915530,1367916,7060030943,5544775337,759245463,759245463,759245463,756010143,8578521868,353001547,3075550,353001547
2020-03-11,0,0,0,0,0,5731405164,1719422,1380613000,1380613,7112018165,5599540643,757413199,757413199,757413199,755064323,8626844562,355600908,3100035,355600908
2020-03-12,0,0,0,0,0,5811849120,1743555,1415620259,1415620,7227469379,5697054152,766036468,766036468,766036468,764378759,8759542316,361373469,3159175,361373469
2020-03-13,0,0,0,0,0,5299549862,1589865,1158964025,1158964,6458513886,5029014111,714831128,714831128,714831128,714668647,7888176143,322925694,2748829,322925694
2020-03-16,0,0,0,0,0,4870683628,1461205,1057637064,1057637,5928320691,4577489997,675844151,675844151,675844151,674986544,7280008993,296416035,2518842,296416035
2020-03-17,0,0,0,0,0,4775210374,1432563,1020792492,1020792,5796002866,4463107052,667108032,667108032,667108032,665787781,7130218930,289800143,2453356,289800143
2020-03-18,0,0,0,0,0,4559810578,1367943,790075340,790075,5349885918,4063038048,643689796,643689796,643689796,643158074,6637265510,267494296,2158019,267494296
2020-03-19,0,0,0,0,0,3800701002,1140210,784585504,784586,4585286505,3432401494,576176006,576176006,576176006,576709005,5737638517,229264325,1924796,229264325
2020-03-20,0,0,0,0,0,3572392583,1071718,745027399,745027,4317419982,3185302289,566017025,566017025,566017025,566100668,5449454032,215870999,1816745,215870999
2020-03-23,0,0,0,0,0,3090863555,927259,718080940,718081,3808944495,2677971495,565439473,565439473,565439473,565533528,4939823441,190447225,1645340,190447225
2020-03-24,0,0,0,0,0,3194147641,958244,685213768,685214,3879361410,2750565355,564450668,564450668,564450668,564345387,5008262745,193968070,1643458,193968070
2020-03-25,0,0,0,0,0,3212277710,963683,664067829,664068,3876345539,2757937397,559508660,559508660,559508660,558899482,4995362858,193817277,1627751,193817277
2020-03-26,0,0,0,0,0,3098844692,929653,640645118,640645,3739489810,2649536499,545441151,545441151,545441151,544512160,4830372112,186974490,1570299,186974490
2020-03-27,143062371593,95374914395,47687457198,9537491440,52920922,3124919848,937476,661515767,661516,3786435615,2671147226,557613637,557613637,557613637,557674752,4901662889,189321781,1598992,9726813220
2020-03-30,143062371593,95374914395,47687457198,9537491440,52920922,3239191256,971757,780980096,780980,4020171352,2905662673,557218404,557218404,557218404,557290274,5134608160,201008568,1752737,9738500007
2020-03-31,143062371593,95374914395,47687457198,9537491440,52920922,3290372747,987112,782750579,782751,4073123326,2956734908,558191545,558191545,558191545,558196873,5189506417,203656166,1769862,9741147606
2020-04-01,143062371593,95374914395,47687457198,9537491440,52920922,3247232170,974170,771766862,771767,4018999032,2910381722,554250668,554250668,554250668,554366642,5127500368,200949952,1745937,9738441391
2020-04-02,143062371593,95374914395,47687457198,9537491440,52920922,3274610157,982383,772549763,772550,4047159920,2927381707,559908468,559908468,559908468,559869745,5166976855,202357996,1754933,9739849436
2020-04-03,47687457198,0,47687457198,4768745720,39052190,3036163674,910849,675166158,675166,3711329832,2590561823,560412693,560412693,560412693,560355316,4832155219,185566492,1586015,4954312211
2020-04-06,47687457198,0,47687457198,4768745720,39052190,3168324020,950497,683922983,683923,3852247003,2719293936,566634739,566634739,566634739,566318328,4985516481,192612350,1634420,4961358070
2020-04-07,47687457198,0,47687457198,4768745720,39052190,3194975156,958493,682194740,682195,3877169896,2738122064,569780691,569780691,569780691,569267141,5016731278,193858495,1640687,4962604215
2020-04-08,47687457198,0,47687457198,4768745720,39052190,3295576991,988673,665399910,665400,3960976901,2818591491,571782349,571782349,571782349,570603061,5104541599,198048845,1654073,4966794565
2020-04-09,47687457198,0,47687457198,4768745720,39052190,3354399959,1006320,702756309,702756,4057156268,2916338498,571103401,571103401,571103401,569714369,5199363070,202857813,1709076,4971603533
2020-04-10,47687457198,0,47687457198,4768745720,39052190,3367561325,1010268,684091873,684092,4051653198,2904986900,574271130,574271130,574271130,572395167,5200195459,202582660,1694360,4971328380
2020-04-13,47687457198,0,47687457198,4768745720,39052190,3465459197,1039638,613392223,613392,4078851421,2926760443,576781466,576781466,576781466,575309511,5232414352,203942571,1653030,4972688291
2020-04-14,47687457198,0,47687457198,4768745720,39052190,3702194035,1110658,659249483,659249,4361443518,3205414885,578720677,578720677,578720677,577307956,5518884872,218072176,1769908,4986817896
2020-04-16,47687457198,0,47687457198,4768745720,39052190,3805717612,1141715,703592940,703593,4509310551,3354603476,578242534,578242534,578242534,576464541,5665795619,225465528,1845308,4994211247
2020-04-17,47687457198,0,47687457198,4768745720,39052190,3820751415,1146225,687618772,687619,4508370187,3345774894,582285647,582285647,582285647,580309646,5672941481,225418509,1833844,4994164229
2020-04-20,47687457198,0,47687457198,4768745720,39052190,3866150188,1159845,688928296,688928,4555078483,3363255544,597330901,597330901,597330901,594492038,5749740286,227753924,1848773,4996499644
2020-04-21,47687457198,0,47687457198,4768745720,39052190,3799409868,1139823,680521851,680522,4479931719,3284929525,598790427,598790427,598790427,596211767,5677512573,223996586,1820345,4992742306
2020-04-22,47687457198,0,47687457198,4768745720,39052190,3655951641,1096785,657225190,657225,4313176830,3104797552,605190216,605190216,605190216,603189062,5523557261,215658842,1754011,4984404561
2020-04-23,47687457198,0,47687457198,4768745720,39052190,3573256239,1071977,653564047,653564,4226820286,3016787109,606005694,606005694,606005694,604027482,5438831674,211341014,1725541,4980086734
2020-04-24,47687457198,0,47687457198,4768745720,39052190,3717320338,1115196,697429192,697429,4414749529,3206696249,605099944,605099944,605099944,602953336,5624949417,220737476,1812625,4989483196
2020-04-27,47687457198,0,47687457198,4768745720,39052190,3755293616,1126588,713402360,713402,4468695976,3245139673,613243289,613243289,613243289,610313014,5695182554,223434799,1839990,4992180519
2020-04-28,47687457198,0,47687457198,4768745720,39052190,3744497398,1123349,719522560,719523,4464019958,3237691468,614524504,614524504,614524504,611803986,5693068967,223200998,1842872,4991946718
2020-04-29,47687457198,0,47687457198,4768745720,39052190,3775327555,1132598,728321495,728321,4503649050,3265404818,620707127,620707127,620707127,617537106,5745063304,225182453,1860920,4993928172
2020-05-04,47687457198,0,47687457198,4768745720,39052190,2869361624,860808,512125175,512125,3381486799,3385898349,624234618,624234618,624234618,619823067,5878425269,169074340,1372934,4937820060
2020-05-06,47687457198,0,47687457198,4768745720,39052190,2946223624,883867,535385531,535386,3481609155,3485522372,625533782,625734246,625734246,621620565,5984145212,174080458,1419253,4942826177
2020-05-07,47687457198,0,47687457198,4768745720,39052190,2941515396,882455,553408142,553408,3494923538,3498331120,624531234,625347153,625347153,621123653,5994680312,174746177,1435863,4943491897
2020-05-08,47687457198,0,47687457198,4768745720,39052190,2929603278,878881,599410038,599410,3529013316,3532451411,623395066,625009375,625009375,619956971,6025822198,176450666,1478291,4945196386
2020-05-11,47687457198,0,47687457198,4768745720,39052190,2919948472,875985,628482056,628482,3548430528,3551507580,622899978,623775152,623775152,619822926,6041780787,177421526,1504467,4946167246
2020-05-12,47687457198,0,47687457198,4768745720,39052190,2904851252,871455,631584936,631585,3536436188,3539022708,620233492,621774518,621774518,617646972,6020452209,176821809,1503040,4945567529
2020-05-13,47687457198,0,47687457198,4768745720,39052190,2891624776,867487,647856108,647856,3539480884,3541671568,617713178,619875049,619875049,615522494,6014657338,176974044,1515344,4945719764
2020-05-14,47687457198,0,47687457198,4768745720,39052190,2940552735,882166,654517554,654518,3595070290,3597089437,627195435,629200605,629200605,625176287,6107862370,179753514,1536683,4948499234
2020-05-15,47687457198,0,47687457198,4768745720,39052190,2936851398,881055,656047138,656047,3592898537,3594577921,627549179,629139474,629139474,625869795,6106275843,179644927,1537103,4948390647
2020-05-18,47687457198,0,47687457198,4768745720,39052190,2930865362,879260,656317596,656318,3587182958,3588809268,628116065,629167151,629167151,626489755,6101749389,179359148,1535577,4948104868
2020-05-19,0,0,0,0,0,2929053297,878716,654764743,654765,3583818040,3585883123,628850657,629766640,629766640,626785574,6101052634,179190902,1533481,179190902
2020-05-20,0,0,0,0,0,2937185977,881156,655826156,655826,3593012133,3595076768,630799978,631929106,631929106,628735343,6118470300,179650607,1536982,179650607
2020-05-21,0,0,0,0,0,2976336214,892901,661540162,661540,3637876376,3640000768,640688225,642295667,642295667,638563832,6203844159,181893819,1554441,181893819
2020-05-22,0,0,0,0,0,2984036501,895211,659691911,659692,3643728413,3645370291,642043407,644273004,644273004,640401528,6216361235,182186421,1554903,182186421
2020-05-25,0,0,0,0,0,3002553532,900766,661400860,661401,3663954392,3665106815,646422778,648560340,648560340,645270355,6253920627,183197720,1562167,183197720
2020-05-26,0,0,0,0,0,3003259276,900978,662327448,662327,3665586724,3666956264,647471373,649192029,649192029,646101833,6258913529,183279336,1563305,183279336
2020-05-27,0,0,0,0,0,3076225094,922868,665831289,665831,3742056382,3743079192,662113236,663615959,663615959,661090426,6393514773,187102819,1588699,187102819
2020-05-28,0,0,0,0,0,3297004188,989101,701650413,701650,3998654601,3999842771,712252578,714211448,714211448,711064408,6851582654,199932730,1690752,199932730
2020-05-29,0,0,0,0,0,3265425889,979628,696778156,696778,3962204045,3962694014,707652488,710683380,710683380,707162520,6798875782,198110202,1676406,198110202
2020-06-01,0,0,0,0,0,3265102485,979531,697502693,697503,3962605178,3962083650,713026674,715626504,715626504,712505146,6818868478,198130259,1677033,198130259
2020-06-02,0,0,0,0,0,3438828256,1031648,711183621,711184,4150011877,4149267834,747415462,750289115,750289115,746671419,7143932946,207500594,1742832,207500594
2020-06-03,0,0,0,0,0,3187066085,956120,636432816,636433,3823498901,3823988519,732799673,735388308,735388308,733289291,6760854099,191174945,1592553,191174945
2020-06-04,0,0,0,0,0,2879482515,863845,565368093,565368,3444850608,3445935923,728769841,731044204,731044204,729855156,6366649327,172242530,1429213,172242530
2020-06-05,0,0,0,0,0,2675614525,802684,545540882,545541,3221155408,3222601032,758946122,761234298,761234298,760391746,6264407497,161057770,1348225,161057770
2020-06-08,0,0,0,0,0,2701290254,810387,508116478,508116,3209406732,3210949714,774352711,776684156,776684156,775895693,6314566429,160470337,1318504,160470337
2020-06-09,0,0,0,0,0,2639181696,791755,486241783,486242,3125423479,3126125191,771754666,774295129,774295129,772456378,6218926493,156271174,1277996,156271174
2020-06-10,0,0,0,0,0,2659862024,797959,488156475,488156,3148018500,3147583797,777703738,780619971,780619971,777269035,6263796513,157400925,1286115,157400925
2020-06-11,0,0,0,0,0,2723779385,817134,560261251,560261,3284040636,3284620523,814834428,817624999,817624999,815414315,6550119265,164202032,1377395,164202032
2020-06-12,0,0,0,0,0,4286768829,1286031,924967891,924968,5211736721,3479461573,862913093,866075720,866075720,862789386,6937315493,260586836,2210999,260586836
2020-06-15,0,0,0,0,0,4218203345,1265461,910799260,910799,5129002605,3378283077,875344645,878308737,879014985,876081132,6887032575,256450130,2176260,256450130
2020-06-16,0,0,0,0,0,2710260905,813078,259688051,259688,2969948956,2971049661,907452354,910677311,911439808,907790563,6608409698,148497448,1072766,148497448
2020-06-17,0,0,0,0,0,3119852237,935956,268198105,268198,3388050342,3390065843,1104768798,1108484404,1109372385,1105896318,7818587747,169402517,1204154,169402517
2020-06-18,0,0,0,0,0,3185581037,955674,287656616,287657,3473237653,3474966743,1149504221,1153465307,1154406606,1150292011,8082634888,173661883,1243331,173661883
2020-06-19,0,0,0,0,0,3244059065,973218,320261431,320261,3564320496,3566903789,1151685606,1155401977,1156297330,1153373546,8183662248,178216025,1293479,178216025
2020-06-22,0,0,0,0,0,3202828266,960848,372179281,372179,3575007547,3577469059,1157914753,1161692167,1162600141,1159468290,8219144409,178750377,1333028,178750377
2020-06-23,0,0,0,0,0,5250409549,1575123,819357921,819358,6069767471,3693624357,1188242607,1192381394,1193362546,1188881660,8456492564,303488374,2394481,303488374
2020-06-24,0,0,0,0,0,2101588347,630477,538027712,538028,2639616060,2641881695,1283257335,1287636403,1288679022,1284480351,7785934807,131980803,1168504,131980803
2020-06-25,0,0,0,0,0,5120635528,1536191,1063008765,1063009,6183644293,3594219173,1295107069,1299732155,1300820817,1295406713,8785285926,309182215,2599199,309182215
2020-06-26,0,0,0,0,0,3377902655,1013371,732728376,732728,4110631031,4114129715,1327062640,1331463009,1332517083,1329507251,9434679698,205531552,1746099,205531552
2020-06-29,0,0,0,0,0,5848775090,1754633,1200052486,1200052,7048827576,4356320947,1344010665,1347759969,1348696965,1349432960,9746221507,352441379,2954685,352441379
2020-06-30,0,0,0,0,0,6786389637,2035917,1306027207,1306027,8092416844,5350300484,1368576306,1371760697,1372594479,1374373836,10837605802,404620842,3341944,404620842
2020-07-01,0,0,0,0,0,6420921192,1926276,1237979663,1237980,7658900855,4901203269,1378007833,1381722466,1382663030,1380630317,10424226914,382945043,3164256,382945043
2020-07-02,0,0,0,0,0,3634768708,1090431,680649869,680650,4315418577,4318202217,1390994276,1395053632,1396062300,1392769248,9893081673,215770929,1771080,215770929
2020-07-03,0,0,0,0,0,2872619532,861786,486098952,486099,3358718483,3358993464,1444151450,1449442125,1450700927,1443167629,9146455595,167935924,1347885,167935924
2020-07-06,0,0,0,0,0,2551573909,765472,429690609,429691,2981264517,2981523674,1427034277,1432267424,1433512325,1426048534,8700386235,149063226,1195163,149063226
2020-07-07,0,0,0,0,0,2310857781,693257,365774969,365775,2676632750,2676591658,1441656822,1447043106,1448319281,1440339554,8453950421,133831638,1059032,133831638
2020-07-08,0,0,0,0,0,4746651312,1423995,825534313,825534,5572185625,2666149153,1446140604,1451605897,1452897439,1444607468,8461400562,278609281,2249530,278609281
2020-07-09,0,0,0,0,0,2222138446,666642,277607796,277608,2499746242,2501824242,1445383293,1450482044,1453007207,1444936130,8295632916,124987312,944249,124987312
2020-07-10,0,0,0,0,0,4609360896,1382808,474671282,474671,5084032178,2185881438,1464355956,1470033611,1472790665,1462456595,8055518266,254201609,1857480,254201609
2020-07-13,0,0,0,0,0,1668339610,500502,19078771,-19079,1687418381,1690167329,1447629279,1453243483,1459292234,1445747954,7496080279,84370919,519581,84370919
2020-07-14,0,0,0,0,0,3745071426,1123521,493794488,493794,4238865913,1298282835,1488469168,1494740897,1501369714,1485139031,7268001644,211943296,1617316,211943296
2020-07-15,0,0,0,0,0,874915524,-262475,59137690,-59138,934053215,927370068,1522055057,1527533277,1534337356,1521934124,7033229883,46702661,321612,46702661
2020-07-16,0,0,0,0,0,703264242,-210979,38467909,-38468,741732151,737881369,1517565720,1524407245,1532420530,1513403217,6825678080,37086608,249447,37086608
2020-07-17,0,0,0,0,0,548454119,-164536,6613658,6614,555067777,552210304,1518915822,1525565562,1533423138,1515435706,6645550533,27753389,171150,27753389
2020-07-20,0,0,0,0,0,380230876,-114069,62349379,62349,442580254,437498261,1611861566,1618004943,1625694707,1612155209,6905214686,22129013,176419,22129013
2020-07-21,0,0,0,0,0,26915503,-8075,75899217,75899,102814720,96753601,1618752310,1624293208,1631479996,1621091195,6592370309,5140736,83974,5140736
2020-07-22,0,0,0,0,0,4683185704,1404956,991640026,991640,5674825730,2388523464,1635429028,1640923640,1648099031,1638149433,8951124596,283741287,2396596,283741287
2020-07-23,0,0,0,0,0,1623494624,487048,312025216,312025,1935519840,1941247576,1635958799,1641906945,1646419256,1637174224,8502706800,96775992,799074,96775992
2020-07-24,0,0,0,0,0,1931601105,579480,358225492,358225,2289826597,2294446938,1636294977,1642122204,1646571290,1636466233,8855901642,114491330,937706,114491330
2020-07-27,0,0,0,0,0,2639600937,791880,625898951,625899,3265499888,3270624296,1678309410,1685826841,1691281037,1677979623,10004021208,163274994,1417779,163274994
2020-07-28,0,0,0,0,0,3246605128,973982,703705258,703705,3950310386,3957128157,1698431073,1704878811,1709746940,1700380715,10770565696,197515519,1677687,197515519
2020-07-29,0,0,0,0,0,3537150702,1061145,727505727,727506,4264656429,4270714289,1699457336,1706475584,1711658140,1700332640,11088637989,213232821,1788651,213232821
2020-07-30,0,0,0,0,0,6596941101,1979082,1392328571,1392329,7989269672,4517550753,1725976373,1732967717,1738160438,1725385609,11440040890,399463484,3371411,399463484
2020-07-31,0,0,0,0,0,6975141127,2092542,1443235322,1443235,8418376449,4867326629,1765511807,1772459851,1778301500,1765223339,11948823126,420918822,3535778,420918822
2020-08-03,0,0,0,0,0,8597059470,2579118,1467045821,1467046,10064105291,6425491554,1809477694,1816445124,1821512249,1808821331,13681747954,503205265,4046164,503205265
2020-08-04,0,0,0,0,0,8895408788,2668623,1945564877,1945565,10840973665,7097914359,1860893191,1867902843,1875723643,1861460370,14563894406,542048683,4614188,542048683
2020-08-05,0,0,0,0,0,8898664768,2669599,1951008221,1951008,10849672989,7076417592,1877027540,1884542817,1887786945,1876101906,14601876801,542483649,4620608,542483649
2020-08-06,0,0,0,0,0,8948113701,2684434,1943369533,1943370,10891483235,7047997273,1907842117,1916726103,1922812259,1903894517,14699272269,544574162,4627804,544574162
2020-08-07,0,0,0,0,0,9312653143,2793796,1952327421,1952327,11264980564,7382333056,1928800753,1937092695,1943682857,1926928796,15118838157,563249028,4746123,563249028
2020-08-10,0,0,0,0,0,9496726219,2849018,1918222753,1918223,11414948972,7503295791,1946317981,1952464407,1963941232,1951070438,15317089849,570747449,4767241,570747449
2020-08-11,95374914395,95374914395,0,4768745720,7034255,9583568033,2875070,1829254915,1829255,11412822948,7514966572,1939614764,1946212905,1954789327,1942760620,15298344187,570641147,4704325,5339386867
2020-08-12,95374914395,95374914395,0,4768745720,7034255,9288776949,2786633,1468061458,1468061,10756838408,6959283333,1890542593,1894930953,1908154321,1896072792,14548983992,537841920,4254695,5306587640
2020-08-13,190749828791,190749828791,0,9537491440,11745115,9328268518,2798481,1512258164,1512258,10840526683,7067703937,1880082173,1884057141,1890629962,1881946530,14604419742,542026334,4310739,10079517774
2020-08-14,190749828791,190749828791,0,9537491440,11745115,9368716016,2810615,1379507319,1379507,10748223334,6937941271,1899726758,1901803699,1910921917,1902170310,14552563954,537411167,4190122,10074902606
2020-08-18,190749828791,190749828791,0,9537491440,11745115,9245631738,2773690,1263075650,1263076,10508707388,6815296852,1840997636,1844769640,1849883441,1842240180,14193187748,525435369,4036765,10062926809
2020-08-19,190749828791,190749828791,0,9537491440,11745115,9464471916,2839342,1187813146,1187813,10652285062,6889358820,1876676627,1879543517,1884284405,1877578307,14407441676,532614253,4027155,10070105693
2020-08-20,190749828791,190749828791,0,9537491440,11745115,9568829746,2870649,886448451,886448,10455278197,6629617906,1906197031,1910138972,1917815654,1908491366,14272260930,522763910,3757097,10060255349
2020-08-21,190749828791,190749828791,0,9537491440,11745115,9505573162,2851672,955745340,955745,10461318501,6491479651,1981002457,1980489589,1989808635,1981461831,14424242163,523065925,3807417,10060557365
2020-08-24,190749828791,190749828791,0,9537491440,11745115,9889564493,2966869,904824846,904825,10794389340,6803139284,1991498020,1992656935,1999183533,1992088432,14778566204,539719467,3871694,10077210907
2020-08-25,190749828791,190749828791,0,9537491440,11745115,9621922961,2886577,852091871,852092,10474014832,6485093044,1990177721,1991115837,1998592450,1990964221,14455943274,523700742,3738669,10061192181
2020-08-26,190749828791,190749828791,0,9537491440,11745115,9701502615,2910451,870615377,870615,10572117991,6477195411,2045523692,2043104526,2049688753,2043394389,14658906770,528605900,3781066,10066097339
2020-08-27,190749828791,190749828791,0,9537491440,11745115,10137432959,3041230,1049956572,1049957,11187389531,6670339369,2255042559,2252520209,2263330407,2253843013,15695075557,559369477,4091186,10096860916
2020-08-28,190749828791,190749828791,0,9537491440,11745115,9546368968,2863911,1050429797,1050430,10596798765,6233617751,2177518013,2173403263,2189265501,2177005763,14950810291,529839938,3914340,10067331378
2020-08-31,190749828791,190749828791,0,9537491440,11745115,8752256878,2625677,876196124,876196,9628453002,5244529260,2190676573,2181705497,2192402517,2180860845,13990174691,481422650,3501873,10018914090
2020-09-01,190749828791,190749828791,0,9537491440,11745115,5688019010,1706406,650959895,650960,6338978905,2184905656,2169463314,2160663311,2179718691,2164117351,10858868322,316948945,2357366,9854440385
2020-09-02,190749828791,190749828791,0,9537491440,11745115,5594162260,1678249,508963266,508963,6103125526,2398702082,2067349932,2062247399,2077368633,2065444646,10671112693,305156276,2187212,9842647716
2020-09-03,190749828791,190749828791,0,9537491440,11745115,5669297868,1700789,409254630,409255,6078552497,2572995466,2067633477,2063019011,2079097535,2066815322,10849560811,303927625,2110044,9841419064
2020-09-04,190749828791,190749828791,0,9537491440,11745115,5043063328,1512919,333308266,333308,5376371594,1906762272,2154153754,2151499471,2180842506,2162184281,10555442284,268818580,1846227,9806310019
2020-09-07,95374914395,95374914395,0,4768745720,7034255,4964888015,1489466,297867830,297868,5262755845,1879262968,2161524976,2154421287,2180377131,2162197380,10537783743,263137792,1787334,5031883512
2020-09-08,95374914395,95374914395,0,4768745720,7034255,4765136785,1429541,554293087,-554293,5319429872,2532621040,2153746727,2146632643,2165067633,2150328663,11148396707,265971494,1983834,5034717213
2020-09-09,95374914395,95374914395,0,4768745720,7034255,595338466,178602,1303378053,-1303378,1898716519,1916175992,2178825760,2174128887,2198517196,2181368209,10649016043,94935826,1481980,4863681546
2020-09-10,95374914395,95374914395,0,4768745720,7034255,411406296,-123422,1360430344,-1360430,1771836640,1719391220,2287346888,2284727291,2322208384,2302311215,10915984998,88591832,1483852,4857337552
2020-09-11,190749828791,190749828791,0,9537491440,11745115,873490367,-262047,1331364577,-1331365,2204854944,2163135122,2351484150,2346320535,2377594005,2361930502,11600464314,110242747,1593412,9647734187
2020-09-14,190749828791,190749828791,0,9537491440,11745115,1100270727,-330081,1243867879,-1243868,2344138606,2298390157,2323725529,2320138741,2355669065,2333943654,11631867147,117206930,1573949,9654698370
2020-09-15,190749828791,190749828791,0,9537491440,11745115,1246034794,-373810,1165739981,-1165740,2411774775,2368332993,2293364405,2290360774,2326870689,2300296273,11579225134,120588739,1539550,9658080178
2020-09-16,190749828791,190749828791,0,9537491440,11745115,1333043197,-399913,1047021899,-1047022,2380065096,2342489056,2319609836,2315716972,2350402947,2322499902,11650718712,119003255,1446935,9656494694
2020-09-17,190749828791,190749828791,0,9537491440,11745115,1363633996,-409090,938124255,-938124,2301758251,2278806293,2371450161,2364115646,2390550773,2367966991,11772889864,115087913,1347214,9652579352
2020-09-18,190749828791,190749828791,0,9537491440,11745115,956713893,-287014,341714272,-341714,1298428165,1271838154,2386725716,2379752238,2407862631,2385205334,10831384074,64921408,628728,9602412848
2020-09-21,190749828791,190749828791,0,9537491440,11745115,6560646562,1968194,329939487,329939,6890586049,3159606403,2379311899,2374174198,2408175010,2380135136,12701402645,344529302,2298133,9882020742
2020-09-22,190749828791,190749828791,0,9537491440,11745115,5641505310,1692452,210280615,210281,5851785925,2396660606,2344209953,2341352443,2371926696,2346201279,11800350978,292589296,1902732,9830080736
2020-09-23,190749828791,190749828791,0,9537491440,11745115,5776455464,1732937,418375307,418375,6194830771,2274625988,2374263967,2372875583,2405307812,2378132624,11805205975,309741539,2151312,9847232978
2020-09-24,190749828791,190749828791,0,9537491440,11745115,7188426680,2156528,608922229,608922,7797348910,3577511603,2324560248,2324688101,2348005322,2326510765,12901276040,389867445,2765450,9927358885
2020-09-25,190749828791,190749828791,0,9537491440,11745115,2487871556,746361,550312005,550312,3038183561,1638977367,2326827861,2327370364,2352664744,2329702041,10975542376,151909178,1296673,9689400618
2020-09-28,190749828791,190749828791,0,9537491440,11745115,2561169075,768351,486320307,486320,3047489383,1631147718,2328387589,2328654988,2351998477,2330403953,10970592725,152374469,1254671,9689865909
2020-09-29,190749828791,190749828791,0,9537491440,11745115,2724278380,817284,410821442,410821,3135099822,1613566039,2363016537,2363022625,2387930960,2365304260,11092840422,156754991,1228105,9694246431
2020-10-05,190749828791,190749828791,0,9537491440,11745115,1055807415,-316742,450177761,-450178,1505985176,1526033313,2249859730,2246364851,2274616365,2251073349,10547947608,75299259,766920,9612790698
2020-10-06,190749828791,190749828791,0,9537491440,11745115,940661650,-282198,505601558,505602,1446263208,1461589056,2185525726,2184248719,2214415799,2189785914,10235565213,72313160,787800,9609804600
2020-10-07,190749828791,190749828791,0,9537491440,11745115,890913779,-267274,331858865,331859,1222772645,1236813731,2188308652,2186323210,2214322664,2190988413,10016756671,61138632,599133,9598630072
2020-10-08,190749828791,190749828791,0,9537491440,11745115,3802109811,1140633,386644792,-386645,4188754604,4173852076,2190381323,2188683269,2218604685,2194243164,12965764517,209437730,1527278,9746929170
2020-10-12,190749828791,190749828791,0,9537491440,11745115,125085932,-37526,266372559,-266373,391458491,415048362,2219782156,2218415369,2248998203,2224041545,9326285635,19572925,303898,9557064364
2020-10-13,190749828791,190749828791,0,9537491440,11745115,94701658,28410,253764063,-253764,348465720,336699126,2214404993,2211044263,2235135580,2213997264,9211281225,17423286,282175,9554914726
2020-10-14,190749828791,190749828791,0,9537491440,11745115,3570421045,-1071126,899400631,-899401,4469821676,4486047631,2195047144,2190893153,2214401703,2194021756,13280411388,223491084,1970527,9760982523
2020-10-15,190749828791,190749828791,0,9537491440,11745115,2694404442,-808321,852932120,-852932,3547336563,3557716739,2171950761,2165539667,2184081769,2167290499,12246579435,177366828,1661253,9714858268
2020-10-16,190749828791,190749828791,0,9537491440,11745115,533387268,-160016,867809238,-867809,1401196506,1414866523,2154903489,2150172621,2171104058,2152703174,10043749866,70059825,1027825,9607551265
2020-10-19,95374914395,95374914395,0,4768745720,7034255,417557875,-125267,778158925,-778159,1195716801,1211192314,2168624165,2164424791,2187304548,2167629661,9899175478,59785840,903426,4828531560
2020-10-20,0,0,0,0,0,753418693,-226026,734906625,-734907,1488325318,1506528478,2124757633,2122043878,2147204488,2126287573,10026822051,74416266,960932,74416266
2020-10-21,0,0,0,0,0,675660115,-202698,806997332,-806997,1482657447,1503624687,2103637113,2102640422,2129116554,2107152623,9946171399,74132872,1009695,74132872
2020-10-22,0,0,0,0,0,2078676028,-623603,906560536,-906561,2985236564,3004455079,2102647020,2100735148,2126400235,2105269848,11439507330,149261828,1530163,149261828
2020-10-23,0,0,0,0,0,2225178924,-667554,1047347514,-1047348,3272526438,3289971642,2098662403,2096078612,2120070544,2100041548,11704824749,163626322,1714901,163626322
2020-10-26,0,0,0,0,0,1821571569,-546471,1140397017,-1140397,2961968586,2977387878,2101373625,2098061309,2119786584,2101054977,11397664373,148098429,1686868,148098429
2020-10-27,0,0,0,0,0,1597848410,-479355,1202647288,-1202647,2800495698,2817481993,2100715889,2098611917,2120054266,2100963999,11237828063,140024785,1682002,140024785
2020-10-28,0,0,0,0,0,814027900,-244208,1189948809,-1189949,2003976710,2020838262,2108089782,2106237006,2126932350,2108218022,10470315421,100198835,1434157,100198835
2020-10-29,0,0,0,0,0,579519010,-173856,1124341794,-1124342,1703860804,1721830808,2121805741,2121537187,2140678700,2122440143,10228292580,85193040,1298197,85193040
2020-10-30,143062371593,95374914395,47687457198,9537491440,48489464,269814683,-80944,1007521642,-1007522,1277336325,1294515828,2122688476,2123298862,2139395690,2122826573,9802725429,63866816,1088466,9601358256
2020-11-02,143062371593,95374914395,47687457198,9537491440,55934144,929001811,-278701,1026182395,-1026182,1955184207,1976642169,2085111408,2086980099,2107432862,2087843591,10344010129,97759210,1304883,9635250650
2020-11-03,143062371593,95374914395,47687457198,9537491440,55934144,4812028620,-1443609,1176251462,-1176251,5988280082,6012312445,2069948565,2074453663,2093063349,2073536083,14323314105,299414004,2619860,9836905444
2020-11-04,143062371593,95374914395,47687457198,9537491440,55934144,5216494171,-1564948,1382294412,-1382294,6598788583,6618370447,2064315796,2067915783,2081686496,2065704620,14897993141,329939429,2947243,9867430869
2020-11-05,143062371593,95374914395,47687457198,9537491440,55934144,1972247460,-591674,1143273855,-1143274,3115521315,3124680908,1908179735,1907243161,1916408090,1906311922,10762823817,155776066,1734948,9693267505
2020-11-06,143062371593,95374914395,47687457198,9537491440,55934144,4288286892,-1286486,1229350580,-1229351,5517637472,5530598006,1867770047,1868492879,1879881040,1867643338,13014385310,275881874,2515837,9813373313
2020-11-09,143062371593,95374914395,47687457198,9537491440,55934144,4486922243,-1346077,1406248722,-1406249,5893170964,5908112639,1873267544,1874145501,1888153497,1874089780,13417768961,294658548,2752325,9832149988
2020-11-10,143062371593,95374914395,47687457198,9537491440,55934144,4473622145,-1342087,1474553896,-1474554,5948176041,5967502162,1792803350,1796076199,1812539994,1796486721,13165408425,297408802,2816641,9834900242
2020-11-11,143062371593,95374914395,47687457198,9537491440,55934144,5480391904,-1644118,1427502161,-1427502,6907894065,6930805926,1774198570,1779725938,1797080296,1779695804,14061506534,345394703,3071620,9882886143
2020-11-12,47687457198,0,47687457198,4768745720,29005843,6317034272,-1895110,1432860943,-1432861,7749895214,7770793813,1800165943,1805160366,1820159720,1804255545,15000535386,387494761,3327971,5156240480
2020-11-13,0,0,0,0,0,6965327857,-2089598,1441253571,-1441254,8406581428,8425170869,1802531968,1807272028,1818960627,1805111246,15659046739,420329071,3530852,420329071
2020-11-16,0,0,0,0,0,7373873582,-2212162,1461613031,-1461613,8835486613,8853450095,1840500465,1844870095,1856330412,1842736560,16237887627,441774331,3673775,441774331
2020-11-17,0,0,0,0,0,7206185965,-2161856,1466846013,-1466846,8673031977,8690867594,1840197501,1843896576,1856783331,1842646789,16074391790,433651599,3628702,433651599
2020-11-18,0,0,0,0,0,6893270535,-2067981,1462085543,-1462086,8355356078,8371546074,1832788477,1835471147,1848152763,1834645437,15722603900,417767804,3530067,417767804
2020-11-19,0,0,0,0,0,6942014197,-2082604,1470140184,-1470140,8412154381,8430330356,1878314915,1882044122,1895309563,1880862795,15966861751,420607719,3552744,420607719
2020-11-20,0,0,0,0,0,6732741177,-2019822,1485620409,-1485620,8218361587,8237263416,1922412217,1927595809,1938180251,1924462013,15949913706,410918079,3505443,410918079
2020-11-23,0,0,0,0,0,6115850981,-1834755,1404326549,-1404327,7520177530,7538420412,1922055323,1926716869,1937547676,1923966340,15248706619,376008876,3239082,376008876
2020-11-24,0,0,0,0,0,5829788219,-1748936,1384366994,-1384367,7214155212,7233132730,1931269026,1936744567,1947228854,1933726878,14982102054,360707761,3133303,360707761
2020-11-25,0,0,0,0,0,6177083897,-1853125,1443643376,-1443643,7620727273,7646629592,1932704725,1937725645,1955700511,1934819113,15407579585,381036364,3296769,381036364
2020-11-26,0,0,0,0,0,6927924859,-2078377,1518411051,-1518411,8446335911,8477479939,1975879360,1980525776,2003980175,1977482564,16415347813,422316796,3596789,422316796
2020-11-27,0,0,0,0,0,7727796860,-2318339,1545301661,-1545302,9273098521,9305540313,2021966050,2025911905,2051511116,2023015179,17427944564,463654926,3863641,463654926
2020-11-30,0,0,0,0,0,8844772917,-2653432,1631758460,-1631758,10476531377,10511794111,2025886368,2030287054,2057888073,2027026025,18652881632,523826569,4285190,523826569
2020-12-01,0,0,0,0,0,10167583361,-3050275,1732737809,-1732738,11900321170,11934251154,2139612896,2146134538,2169797579,2142389237,20532185404,595016058,4783013,595016058
2020-12-02,0,0,0,0,0,10244701858,-3073411,2857124722,-2857125,13101826580,13137824187,2130819286,2138117401,2162738363,2134038871,21703538107,655091329,5930535,655091329
2020-12-03,0,0,0,0,0,9891681020,-2967504,2777489530,-2777490,12669170550,12700232792,2085127955,2090959438,2112799734,2087568975,21076688894,633458528,5744994,633458528
2020-12-04,0,0,0,0,0,10096941038,-3029082,2774600075,-2774600,12871541113,12901087149,2143831722,2150122346,2169910230,2146654817,21511606264,643577056,5803682,643577056
2020-12-07,0,0,0,0,0,9564922487,-2869477,2660639316,-2660639,12225561803,12251940219,2167484739,2172413486,2190834220,2169384552,20952057217,611278090,5530116,611278090
2020-12-08,0,0,0,0,0,9587148023,-2876144,2639765125,-2639765,12226913148,12253645215,2180895184,2185951676,2204540505,2182864930,21007897510,611345657,5515910,611345657
2020-12-09,0,0,0,0,0,10421269335,-3126381,2792714930,-2792715,13213984265,13243584786,2195222620,2199692549,2221766875,2196636283,22056903113,660699213,5919096,660699213
2020-12-10,0,0,0,0,0,10452388283,-3135716,2843645689,-2843646,13296033972,13324187524,2198406067,2204734624,2223001923,2201176929,22151507068,664801699,5979362,664801699
2020-12-11,0,0,0,0,0,10444372295,-3133312,2831118137,-2831118,13275490433,13306538803,2209101186,2215430624,2236438720,2211719788,22179229121,663774522,5964430,663774522
2020-12-14,0,0,0,0,0,10522608183,-3156782,2833914993,-2833915,13356523176,13389531956,2230074699,2236861774,2259120114,2232898410,22348486953,667826159,5990697,667826159
2020-12-15,0,0,0,0,0,10560567185,-3168170,2844618073,-2844618,13405185258,13438160697,2238247726,2246626291,2266845825,2242248950,22432129488,670259263,6012788,670259263
2020-12-16,0,0,0,0,0,10553521927,-3166057,2843838421,-2843838,13397360348,13431187352,2239143193,2248150468,2268045147,2243225417,22429751578,669868017,6009895,669868017
2020-12-17,0,0,0,0,0,10337237812,-3101171,2780303686,-2780304,13117541498,13152757313,2220784635,2232834426,2250242499,2227076475,22083695348,655877075,5881475,655877075
2020-12-18,0,0,0,0,0,10236990489,-3071097,2757428636,-2757429,12994419125,13027107966,2209391731,2221214831,2235348714,2214482972,21907546214,649720956,5828526,649720956
2020-12-21,0,0,0,0,0,9944488368,-2983347,2686994761,-2686995,12631483129,12663444640,2229681842,2239773884,2255494836,2233625368,21622020570,631574156,5670341,631574156
2020-12-22,0,0,0,0,0,8707250657,-2612175,2495519790,-2495520,11202770447,11230577348,2196940854,2203473331,2221995021,2200720597,20053707151,560138522,5107695,560138522
2020-12-23,0,0,0,0,0,7789523875,-2336857,2337937978,-2337938,10127461853,10153479939,2245017092,2248957508,2271088486,2249010816,19167553841,506373093,4674795,506373093
2020-12-24,0,0,0,0,0,7360457701,-2208137,2260042412,-2260042,9620500113,9649208542,2198267278,2203211052,2226975707,2203211052,18480873631,481025006,4468180,481025006
2020-12-28,0,0,0,0,0,6153590634,-1846077,2003366026,-2003366,8156956660,8185405140,2198168717,2202909735,2226617198,2202909735,17016010525,407847833,3849443,407847833
2020-12-29,0,0,0,0,0,5840326417,-1752098,1877702388,-1877702,7718028806,7750902812,2203702339,2206527556,2236576346,2206527556,16604236609,385901440,3629800,385901440
2020-12-30,0,0,0,0,0,5560725312,-1668218,2343613436,-2343613,7904338748,7938447250,2263380600,2267924711,2297489102,2267924711,17035166373,395216937,4011831,395216937
2020-12-31,0,0,0,0,0,8976065415,-2692820,2539549656,-2539550,11515615071,11548737878,2309700757,2316560601,2342823564,2316560601,20834383400,575780754,5232369,575780754
2021-01-04,0,0,0,0,0,8748113082,-2624434,2598155165,-2598155,11346268247,11376369787,2302211258,2307523799,2332312799,2307523799,20625941443,567313412,5222589,567313412
2021-01-05,0,0,0,0,0,7216280759,-2164884,2362785463,-2362785,9579066222,9603016324,2204453578,2208283904,2228403680,2208283904,18452441390,478953311,4527670,478953311
2021-01-06,0,0,0,0,0,6348464085,-1904539,2251717749,-2251718,8600181834,8622524250,2183822757,2186077692,2206165173,2186077692,17384667564,430009092,4156257,430009092
2021-01-07,0,0,0,0,0,5850800089,-1755240,2214670461,-2214670,8065470551,8088325338,2197313327,2199527935,2220168115,2199527935,16904862650,403273528,3969910,403273528
2021-01-08,0,0,0,0,0,5516657669,-1654997,2173221460,-2173221,7689879128,7712949748,2226869377,2228730608,2249939996,2228730608,16647220337,384493956,3828219,384493956
2021-01-11,0,0,0,0,0,4996677001,-1499003,2090105108,-2090105,7086782109,7107360957,2280565671,2284966356,2301144520,2284966356,16259003861,354339105,3589108,354339105
2021-01-12,0,0,0,0,0,5058585815,-1517576,2046596584,-2046597,7105182399,7126474481,2272667066,2279326191,2293959148,2279326191,16251753077,355259120,3564172,355259120
2021-01-13,0,0,0,0,0,7332127487,-2199638,2053013204,-2053013,9385140691,9406160755,2268109078,2276950491,2289129142,2276950491,18517299956,469257035,4252651,469257035
2021-01-14,0,0,0,0,0,6742908591,-2022873,2139840481,-2139840,8882749071,8906045959,2203679921,2213013304,2226976809,2213013304,17762729296,444137454,4162713,444137454
2021-01-15,0,0,0,0,0,7404770607,-2221431,2332880067,-2332880,9737650674,9758632050,2203296819,2213773254,2224278195,2213773254,18613753573,486882534,4554311,486882534
2021-01-18,0,0,0,0,0,8509653852,-2552896,2399809194,-2399809,10909463046,10933089644,2224980244,2237604864,2248606842,2237604864,19881886457,545473152,4952705,545473152
2021-01-19,0,0,0,0,0,9532798044,-2859839,2464498430,-2464498,11997296474,12020825118,2237245303,2252390055,2260773948,2252390055,21023624480,599864824,5324338,599864824
2021-01-20,0,0,0,0,0,9537582082,-2861275,2524696441,-2524696,12062278522,12084541039,2238370020,2253768115,2260632536,2253768115,21091079823,603113926,5385971,603113926
2021-01-21,0,0,0,0,0,9639101703,-2891731,2634485579,-2634486,12273587283,12299155058,2268565418,2281053409,2294133193,2281053409,21423960486,613679364,5526216,613679364
2021-01-22,0,0,0,0,0,9006457458,-2701937,2516215886,-2516216,11522673344,11549577207,2178876583,2195065867,2205780446,2195065867,20324365969,576133667,5218153,576133667
2021-01-25,0,0,0,0,0,14935427660,-4480628,2580764816,-2580765,17516192476,17543101312,2173356549,2193376923,2200265385,2193376923,26303477093,875809624,7061393,875809624
2021-01-26,0,0,0,0,0,14952224669,-4485667,2612493748,-2612494,17564718417,17590488198,2176489837,2195524087,2202259617,2195524087,26360285826,878235921,7098161,878235921
2021-01-27,0,0,0,0,0,14738117281,-4421435,2594968436,-2594968,17333085717,17357439302,2171200286,2189176815,2195553871,2189176815,26102547089,866654286,7016404,866654286
2021-01-28,0,0,0,0,0,14812453176,-4443736,2593322333,-2593322,17405775509,17426997920,2183737309,2198971136,2204959720,2198971136,26213637222,870288775,7037058,870288775
2021-01-29,0,0,0,0,0,14977288227,-4493186,2627857240,-2627857,17605145467,17629047963,2207705541,2225397099,2231608038,2225397099,26519155739,880257273,7121044,880257273
2021-02-01,0,0,0,0,0,15868889541,-4760667,2831911949,-2831912,18700801490,18726745778,2372318642,2391425180,2398262929,2391425180,28280177709,935040075,7592579,935040075
2021-02-02,0,0,0,0,0,16137243831,-4841173,2908182855,-2908183,19045426687,19070933384,2415887476,2434546925,2441394174,2434546925,28797308884,952271334,7749356,952271334
2021-02-03,0,0,0,0,0,16427845729,-4928354,2947833978,-2947834,19375679706,19397073168,2453566070,2468294686,2474959532,2468294686,29262188142,968783985,7876188,968783985
2021-02-04,0,0,0,0,0,16221633644,-4866490,2898978321,-2898978,19120611964,19149167440,2542533990,2563219041,2571089466,2563219041,29389228978,956030598,7765468,956030598
2021-02-05,0,0,0,0,0,16521656640,-4956497,3177810511,-3177811,19699467151,19720864945,2642505921,2656356208,2663903715,2656356208,30339986996,984973358,8134308,984973358
2021-02-08,0,0,0,0,0,15502699796,-4650810,2954514732,-2954515,18457214528,18490692289,2600249507,2624679666,2633727268,2624679666,28974028395,922860726,7605325,922860726
2021-02-09,0,0,0,0,0,15493427182,-4648028,3066760817,-3066761,18560187999,18586874037,2662128822,2680000918,2688814860,2680000918,29297819554,928009400,7714789,928009400
2021-02-10,0,0,0,0,0,15258822317,-4577647,3117999972,-3118000,18376822288,18417308265,2680873247,2711008651,2721359223,2711008651,29241558037,918841114,7695647,918841114
2021-02-15,0,0,0,0,0,14482070468,-4344621,2906321458,-2906321,17388391925,17430253452,2584490365,2615781725,2626351892,2615781725,27872659160,869419596,7250943,869419596
2021-02-16,0,0,0,0,0,14566255999,-4369877,2924370226,-2924370,17490626224,17528182735,2608602504,2635915505,2646159014,2635915505,28054775263,874531311,7294247,874531311
2021-02-17,0,0,0,0,0,13787116276,-4136135,2837381196,-2837381,16624497472,16651555047,2600564624,2617473878,2627622199,2617473878,27114689625,831224874,6973516,831224874
2021-02-18,0,0,0,0,0,13276542166,-3982963,2846353747,-2846354,16122895913,16163365292,2608170043,2637247391,2648639422,2637247391,26694669539,806144796,6829316,806144796
2021-02-19,0,0,0,0,0,12783160528,-3834948,2866983291,-2866983,15650143819,15688263737,2612470514,2639207371,2650590432,2639207371,26229739425,782507191,6701931,782507191
2021-02-22,0,0,0,0,0,11684734382,-3505420,2636151507,-2636152,14320885889,14351153254,2469051363,2488376393,2499318728,2488376393,24296276132,716044294,6141572,716044294
2021-02-23,0,0,0,0,0,11221079267,-3366324,2476396965,-2476397,13697476232,13716601505,2346514376,2356823348,2365639649,2356823348,23142402226,684873812,5842721,684873812
2021-02-24,0,0,0,0,0,11274862552,-3382459,2414918806,-2414919,13689781358,13691870910,2347691245,2342397012,2349780797,2342397012,23074136977,684489068,5797378,684489068
2021-02-25,0,0,0,0,0,11038343507,-3311503,2271936870,-2271937,13310280377,13299619400,2299182014,2281279357,2288521038,2281279357,22449881166,665514019,5583440,665514019
2021-02-26,0,0,0,0,0,10898964018,-3269689,2225388802,-2225389,13124352820,13101687406,2256981789,2227196193,2234316374,2227196193,22047377956,656217641,5495078,656217641
2021-03-02,0,0,0,0,0,11041222782,-3312367,2188480817,-2188481,13229703599,13225685671,2283313406,2271044803,2279295478,2271044803,22330384160,661485180,5500848,661485180
2021-03-03,0,0,0,0,0,11223866743,-3367160,2143660872,-2143661,13367527615,13364763996,2254048014,2243549170,2251284395,2243549170,22357194745,668376381,5510821,668376381
2021-03-04,0,0,0,0,0,11463793347,-3439138,2171994575,-2171995,13635787922,13629764488,2298934069,2284929364,2292910635,2284929364,22791467920,681789396,5611133,681789396
2021-03-05,0,0,0,0,0,9542679315,-2862804,1872442973,-1872443,11415122287,11397339891,2053696028,2028730120,2035913632,2028730120,19544409792,570756114,4735247,570756114
2021-03-08,0,0,0,0,0,7778964758,-2333689,1693196475,-1693196,9472161233,9463707965,1777626371,1762130743,1769173103,1762130743,16534768925,473608062,4026886,473608062
2021-03-09,0,0,0,0,0,7762546387,-2328764,1670707410,-1670707,9433253797,9429224298,1769799984,1758543244,1765770485,1758543244,16481881254,471662690,3999471,471662690
2021-03-10,0,0,0,0,0,7381212487,-2214364,1635697037,-1635697,9016909524,9013143909,1705879555,1691666988,1702113940,1691666988,15804471380,450845476,3850061,450845476
2021-03-11,0,0,0,0,0,7374185397,-2212256,1636623667,-1636624,9010809064,9006962070,1707789934,1690868783,1703942940,1690868783,15800432510,450540453,3848879,450540453
2021-03-12,0,0,0,0,0,5998612246,-1799584,1363124050,-1363124,7361736297,7358459936,1451899732,1441393847,1448623371,1441393847,13141770733,368086815,3162708,368086815
2021-03-15,0,0,0,0,0,5786926359,-1736078,1340333587,-1340334,7127259946,7124031357,1413435397,1407702893,1410206807,1407702893,12763079346,356362997,3076411,356362997
2021-03-16,0,0,0,0,0,4999444274,-1499833,1241465342,-1241465,6240909615,6238458816,1254667811,1252333839,1252217012,1252333839,11250011317,312045481,2741299,312045481
2021-03-17,0,0,0,0,0,4993769970,-1498131,1238110612,-1238111,6231880582,6229336280,1255370513,1251163869,1252826211,1251163869,11239860742,311594029,2736242,311594029
2021-03-18,0,0,0,0,0,4954662568,-1486399,1240637391,-1240637,6195299959,6192743398,1248894166,1243682135,1246337605,1243682135,11175339439,309764998,2727036,309764998
2021-03-19,0,0,0,0,0,4912037859,-1473611,1214769688,-1214770,6126807547,6124432468,1237771030,1235395951,1235395951,1235395951,11068391351,306340377,2688381,306340377
2021-03-22,0,0,0,0,0,4886243019,-1465873,1201184043,-1201184,6087427062,6089333640,1234348921,1236255499,1236255499,1236255499,11032449058,304371353,2667057,304371353
2021-03-23,0,0,0,0,0,4926897173,-1478069,1205788914,-1205789,6132686087,6135997859,1243531305,1246843077,1246843077,1246843077,11120058395,306634304,2683858,306634304
2021-03-24,0,0,0,0,0,4812111227,-1443633,1163333670,-1163334,5975444897,5983839598,1222900618,1231295319,1231295319,1231295319,10900626173,298772245,2606967,298772245
2021-03-25,0,0,0,0,0,4724129066,-1417239,1143721178,-1143721,5867850244,5875608970,1222181064,1229939789,1229939789,1229939789,10787609402,293392512,2560960,293392512
2021-03-26,0,0,0,0,0,4475022616,-1342507,1079159270,-1079159,5554181885,5562887252,1204841913,1213547279,1213547279,1213547279,10408371001,277709094,2421666,277709094
2021-03-29,0,0,0,0,0,3237558106,-971267,773596371,-773596,4011154477,4018702820,1198302829,1205851171,1205851171,1205851171,8834559163,200557724,1744864,200557724
2021-03-30,0,0,0,0,0,3158580589,-947574,703153303,-703153,3861733892,3861733892,1137202228,1137202228,1137202228,1137202228,8410542804,193086695,1650727,193086695
2021-03-31,0,0,0,0,0,3837230880,-1151169,904602307,-904602,4741833187,4741833187,1139242443,1139242443,1139242443,1139242443,9298802961,237091659,2055772,237091659
2021-04-01,0,0,0,0,0,3630652504,-1089196,866628845,-866629,4497281349,4497281349,1137054358,1137054358,1137054358,1137054358,9045498781,224864067,1955825,224864067
2021-04-02,0,0,0,0,0,3678702943,-1103611,868385500,-868385,4547088443,4547088443,1153407168,1153407168,1153407168,1153407168,9160717116,227354422,1971996,227354422
2021-04-05,0,0,0,0,0,3477739195,-1043322,866244218,-866244,4343983414,4343983414,1095667042,1095667042,1095667042,1095667042,8726651583,217199171,1909566,217199171
2021-04-06,0,0,0,0,0,3519900881,-1055970,859861052,-859861,4379761933,4379761933,1083586212,1083586212,1083586212,1083586212,8714106781,218988097,1915831,218988097
2021-04-07,0,0,0,0,0,3405644359,-1021693,828813304,-828813,4234457662,4234457662,1064831249,1064831249,1064831249,1064831249,8493782659,211722883,1850507,211722883
2021-04-08,0,0,0,0,0,3164631800,-949390,754536489,-754536,3919168289,3919168289,1018405151,1018405151,1018405151,1018405151,7992788894,195958414,1703926,195958414
2021-04-09,0,0,0,0,0,3151084110,-945325,753654210,-753654,3904738319,3904738319,1020930958,1020930958,1020930958,1020930958,7988462150,195236916,1698979,195236916
2021-04-12,0,0,0,0,0,3000772559,-900232,714634176,-714634,3715406736,3715406736,984869035,984869035,984869035,984869035,7654882874,185770337,1614866,185770337
2021-04-13,0,0,0,0,0,2946779811,-884034,713361403,-713361,3660141214,3660141214,994918858,994918858,994918858,994918858,7639816645,183007061,1597395,183007061
2021-04-14,0,0,0,0,0,2816684796,-845005,682411663,-682412,3499096459,3499096459,981353426,981353426,981353426,981353426,7424510161,174954823,1527417,174954823
2021-04-15,0,0,0,0,0,2739835582,-821951,683265049,-683265,3423100632,3423100632,972239093,972239093,972239093,972239093,7312057006,171155032,1505216,171155032
2021-04-16,0,0,0,0,0,2694551397,-808365,677265895,-677266,3371817292,3371817292,972064750,972064750,972064750,972064750,7260076291,168590865,1485631,168590865
2021-04-19,0,0,0,0,0,2512366646,-753710,621225744,-621226,3133592390,3133592390,966706326,966706326,966706326,966706326,7000417692,156679619,1374936,156679619
2021-04-20,0,0,0,0,0,1362385697,-408716,333371750,-333372,1695757447,1695757447,963637708,963637708,963637708,963637708,5550308278,84787872,742087,84787872
2021-04-21,0,0,0,0,0,1375280459,-412584,326500737,-326501,1701781195,1701781195,963283425,963283425,963283425,963283425,5554914895,85089060,739085,85089060
2021-04-22,0,0,0,0,0,1346559797,-403968,297354435,-297354,1643914232,1643914232,959712825,959712825,959712825,959712825,5482765534,82195712,701322,82195712
2021-04-23,0,0,0,0,0,1396096274,-418829,303161034,-303161,1699257309,1699257309,957536356,957536356,957536356,957536356,5529402731,84962865,721990,84962865
2021-04-26,0,0,0,0,0,1427031514,-428109,306589000,-306589,1733620514,1733620514,962113640,962113640,962113640,962113640,5582075075,86681026,734698,86681026
2021-04-27,0,0,0,0,0,1604171888,-481252,369166658,-369167,1973338545,1973338545,964898210,964898210,964898210,964898210,5832931387,98666927,850418,98666927
2021-04-28,0,0,0,0,0,1597827705,-479348,592280520,-592281,2190108225,2190108225,972652045,972652045,972652045,972652045,6080716405,109505411,1071629,109505411
2021-04-29,0,0,0,0,0,2211902541,-663571,559281517,-559282,2771184059,2771184059,996480203,996480203,996480203,996480203,6757104872,138559203,1222852,138559203
2021-04-30,47687457198,0,47687457198,4768745720,29005843,1990668986,-597201,522006088,-522006,2512675074,2512675074,1001139409,1001139409,1001139409,1001139409,6517232710,125633754,1119207,4894379473
2021-05-03,47687457198,0,47687457198,4768745720,29005843,1770277253,-531083,570087939,-570088,2340365192,2340365192,995639540,995639540,995639540,995639540,6322923354,117018260,1101171,4885763979
2021-05-04,47687457198,0,47687457198,4768745720,29005843,2926322919,-877897,841588222,-841588,3767911141,2759626871,1008284270,0,1008284270,1008284270,5784479681,188395557,1719485,4957141277
2021-05-06,47687457198,0,47687457198,4768745720,29005843,2463963740,-739189,713163395,-713163,3177127135,3175485487,1007541321,1005899673,1007541321,1007541321,7204009123,158856357,1452353,4927602077
2021-05-07,47687457198,0,47687457198,4768745720,29005843,4121816317,-1236545,1116983302,-1116983,5238799620,3213009446,1013674890,1012115284,1013674890,1013674890,7266149400,261939981,2353528,5030685701
2021-05-10,47687457198,0,47687457198,4768745720,29005843,4942109899,-1482633,1106367764,-1106368,6048477663,4016258954,1017018910,1015199798,1017018910,1017018910,8082515483,302423883,2589001,5071169603
2021-05-11,47687457198,0,47687457198,4768745720,29005843,4814622337,-1444387,1132548083,-1132548,5947170420,3915544523,1016300452,1015325445,1016300452,1016300452,7979771323,297358521,2576935,5066104241
2021-05-12,47687457198,0,47687457198,4768745720,29005843,4788467254,-1436540,1154814784,-1154815,5943282038,3901720843,1021208549,1020352645,1021208549,1021208549,7985699136,297164102,2591355,5065909822
2021-05-13,47687457198,0,47687457198,4768745720,29005843,4681969220,-1404591,1173347012,-1173347,5855316232,3821684564,1018662310,1014969358,1018662310,1018662310,7892640851,292765812,2577938,5061511531
2021-05-14,47687457198,0,47687457198,4768745720,29005843,4630385172,-1389116,1215605517,-1215606,5845990689,3806866869,1021257198,1017866622,1021257198,1021257198,7888505085,292299534,2604721,5061045254
2021-05-17,47687457198,0,47687457198,4768745720,29005843,4560611890,-1368184,1217227655,-1217228,5777839545,3755043241,1011468952,1011327351,1011468952,1011468952,7800777450,288891977,2585411,5057637697
2021-05-18,47687457198,0,47687457198,4768745720,29005843,4180642088,-1254193,1224794753,-1224795,5405436841,3383063897,1010968926,1011404019,1010968926,1010968926,7427374694,270271842,2478987,5039017562
2021-05-20,47687457198,0,47687457198,4768745720,29005843,4048799317,-1214640,1244279998,-1244280,5293079315,3253481599,1020122792,1019474924,1020122792,1020122792,7333324899,264653966,2458920,5033399686
2021-05-21,47687457198,0,47687457198,4768745720,29005843,3631185467,-1089356,1239964654,-1239965,4871150121,2808145270,1031224860,1031779992,1031224860,1031224860,6933599841,243557506,2329320,5012303226
2021-05-24,47687457198,0,47687457198,4768745720,29005843,3657633220,-1097290,1190930318,-1190930,4848563537,2783778243,1033040322,1031744972,1033040322,1033040322,6914644182,242428177,2288220,5011173897
2021-05-25,47687457198,0,47687457198,4768745720,29005843,3443448370,-1033035,970772199,-970772,4414220569,2354002682,1031848911,1028368976,1031848911,1031848911,6477918392,220711028,2003807,4989456748
2021-05-26,47687457198,0,47687457198,4768745720,29005843,3668804892,-1100641,1161136443,-1161136,4829941334,2760490216,1037202316,1032248803,1037202316,1037202316,6904345966,241497067,2261778,5010242786
2021-05-27,47687457198,0,47687457198,4768745720,29005843,3571017021,-1071305,1050264029,-1050264,4621281049,2595872674,1013355447,1012052929,1013355447,1013355447,6647991944,231064052,2121569,4999809772
2021-05-28,47687457198,0,47687457198,4768745720,29005843,3681814818,-1104544,1111418076,-1111418,4793232893,2857214687,971182701,964835506,971182701,971182701,6735598295,239661645,2215963,5008407364
2021-05-31,47687457198,0,47687457198,4768745720,29005843,3901918510,-1170576,1160124572,-1160125,5062043082,3176200540,948200499,937642042,948200499,948200499,6958444081,253102154,2330700,5021847874
2021-06-01,47687457198,0,47687457198,4768745720,29005843,4290667225,-1287200,1228838216,-1228838,5519505441,3599982323,964600357,954922761,964600357,964600357,7448706155,275975272,2516038,5044720992
2021-06-02,47687457198,0,47687457198,4768745720,29005843,4726760869,-1418028,1270731206,-1270731,5997492075,4011431517,997627641,988432917,997627641,997627641,7992747357,299874604,2688759,5068620324
2021-06-03,47687457198,0,47687457198,4768745720,29005843,4814266465,-1444280,1301874055,-1301874,6116140520,4125296947,999903580,990939993,999903580,999903580,8115947680,305807026,2746154,5074552746
2021-06-04,143062371593,95374914395,47687457198,9537491440,42874575,4910165432,-1473050,1294761749,-1294762,6204927181,4201850872,1006169236,996907072,1006169236,1006169236,8217265654,310246359,2767811,9847737799
2021-06-07,143062371593,95374914395,47687457198,9537491440,42874575,4969555121,-1490867,1290639510,-1290640,6260194631,4251706962,1008383587,1000104082,1008383587,1008383587,8276961806,313009732,2781506,9850501171
2021-06-08,95374914395,95374914395,0,4768745720,13868732,5392930919,-1617879,1338191188,-1338191,6731122107,4601008787,1068568730,1061544590,1068568730,1068568730,8868259567,336556105,2956070,5105301825
2021-06-09,95374914395,95374914395,0,4768745720,13868732,5634619540,-1690386,1311616545,-1311617,6946236085,4780793389,1085742774,1079699923,1085742774,1085742774,9117721632,347311804,3002002,5116057524
2021-06-10,190749828791,190749828791,0,9537491440,27646700,5899615205,-1769885,1196331868,-1196332,7095947074,4842984531,1130196815,1122765727,1130196815,1130196815,9356340704,354797354,2966216,9892288793
2021-06-11,190749828791,190749828791,0,9537491440,27646700,5904637818,-1771391,1219663001,-1219663,7124300820,4868352609,1131565295,1124382917,1131565295,1131565295,9387431409,356215041,2991054,9893706481
2021-06-14,190749828791,190749828791,0,9537491440,27646700,5908608656,-1772583,1215419487,-1215419,7124028143,4868950081,1132242551,1122835511,1132242551,1132242551,9388513246,356201407,2988002,9893692847
2021-06-15,190749828791,190749828791,0,9537491440,27646700,5791102020,-1737331,1255452763,-1255453,7046554783,4821673130,1118212904,1106668750,1118212904,1118212904,9282980591,352327739,2992783,9889819179
2021-06-16,190749828791,190749828791,0,9537491440,27646700,5657091792,-1697128,1233298358,-1233298,6890390150,4701955224,1098730794,1089704132,1098730794,1098730794,9087851737,344519507,2930426,9882010947
2021-06-17,190749828791,190749828791,0,9537491440,27646700,5644283113,-1693285,1199090610,-1199091,6843373724,4657204057,1098845010,1087324657,1098845010,1098845010,9041063745,342168686,2892376,9879660126
2021-06-18,190749828791,190749828791,0,9537491440,27646700,5623050725,-1686915,839057585,-839058,6462108309,4282337989,1093770769,1085999551,1093770769,1093770769,8649649848,323105415,2525973,9860596855
2021-06-21,190749828791,190749828791,0,9537491440,27646700,5593325380,-1677998,845175535,-845176,6438500915,4263943936,1091589367,1082967612,1091589367,1091589367,8621679648,321925046,2523173,9859416485
2021-06-22,190749828791,190749828791,0,9537491440,27646700,5595667997,-1678700,838131099,-838131,6433799096,4254678006,1094389305,1084731785,1094389305,1094389305,8622577707,321689955,2516831,9859181394
2021-06-23,190749828791,190749828791,0,9537491440,27646700,5595372568,-1678612,822810738,-822811,6418183306,4235456756,1096097301,1086629249,1096097301,1096097301,8610377907,320909165,2501423,9858400605
2021-06-24,190749828791,190749828791,0,9537491440,27646700,5692423595,-1707727,909294967,-909295,6601718562,4339627230,1137313751,1124777582,1137313751,1137313751,8876346063,330085928,2617022,9867577368
2021-06-25,190749828791,190749828791,0,9537491440,27646700,5331134902,-1599340,915140328,-915140,6246275230,4109962789,1076611754,1059700687,1076611754,1076611754,8399498737,312313761,2514481,9849805201
2021-06-28,190749828791,190749828791,0,9537491440,27646700,5313658232,-1594097,1258893708,-1258894,6572551940,4454603358,1068989110,1048959471,1068989110,1068989110,8710530160,328627597,2852991,9866119037
2021-06-29,190749828791,190749828791,0,9537491440,27646700,5168438889,-1550532,1179269121,-1179269,6347708010,4270867306,1046988371,1029852333,1046988371,1046988371,8441684752,317385400,2729801,9854876840
2021-06-30,190749828791,190749828791,0,9537491440,27646700,5370933707,-1611280,1176951083,-1176951,6547884790,4385482969,1089552758,1072849064,1089552758,1089552758,8726990306,327394240,2788231,9864885679
2021-07-01,190749828791,190749828791,0,9537491440,27646700,5390494272,-1617148,1305364564,-1305365,6695858836,4527087418,1093614536,1075156882,1093614536,1093614536,8883087909,334792942,2922513,9872284381
2021-07-02,190749828791,190749828791,0,9537491440,27646700,5455303169,-1636591,1396924545,-1396925,6852227714,4657155639,1107004576,1088067500,1107004576,1107004576,9066236866,342611386,3033515,9880102825
2021-07-05,190749828791,190749828791,0,9537491440,27646700,5541989114,-1662597,1499371734,-1499372,7041360848,4801863946,1127825384,1111671517,1127825384,1127825384,9297011616,352068042,3161968,9889559482
2021-07-06,95374914395,95374914395,0,4768745720,18311333,5547256593,-1664177,1540885470,-1540885,7088142063,4846164709,1129412104,1112565250,1129412104,1129412104,9346966272,354407103,3205062,5123152823
2021-07-07,95374914395,95374914395,0,4768745720,18311333,5421815018,-1626545,1406403784,-1406404,6828218802,4648869005,1094675561,1084674236,1094675561,1094675561,9017569923,341410940,3032948,5110156660
2021-07-08,95374914395,95374914395,0,4768745720,18311333,4837370491,-1451211,1228936922,-1228937,6066307413,3999189333,1035724027,1031394053,1035724027,1035724027,8137755468,303315371,2680148,5072061090
2021-07-09,95374914395,95374914395,0,4768745720,18311333,4230547700,-1269164,1134930652,-1134931,5365478353,3267299300,1051942618,1046236435,1051942618,1051942618,7469363588,268273918,2404095,5037019637
2021-07-12,95374914395,95374914395,0,4768745720,18311333,4456065985,-1336820,1150536255,-1150536,5606602240,3484633488,1063557636,1058411116,1063557636,1063557636,7733717512,280330112,2487356,5049075832
2021-07-13,143062371593,95374914395,47687457198,9537491440,39872496,4490584878,-1347175,981722574,-981723,5472307452,3359699456,1059654219,1052953777,1059654219,1059654219,7591615890,273615373,2328898,9811106812
2021-07-14,143062371593,95374914395,47687457198,9537491440,39872496,4346240772,-1303872,855555435,-855555,5201796207,3101441959,1052443621,1047910626,1052443621,1052443621,7306683449,260089810,2159428,9797581250
2021-07-15,143062371593,95374914395,47687457198,9537491440,39872496,3974931630,-1192479,765990464,-765990,4740922093,2789556151,979774208,971591735,979774208,979774208,6700470509,237046105,1958470,9774537544
2021-07-16,143062371593,95374914395,47687457198,9537491440,39872496,4009846395,-1202954,659045658,-659046,4668892053,2694786674,991521676,982583703,991521676,991521676,6651935404,233444603,1862000,9770936042
2021-07-19,95374914395,95374914395,0,4768745720,18311333,4002262985,-1200679,488021820,-488022,4490284805,2528058194,985944434,978586746,985944434,985944434,6464478241,224514240,1688701,4993259960
2021-07-20,95374914395,95374914395,0,4768745720,18311333,4202063042,-1260619,364324877,-364325,4566387919,2879636863,948041238,944512206,948041238,948041238,6668272785,228319396,1624944,4997065116
2021-07-21,95374914395,95374914395,0,4768745720,18311333,4282477547,-1284743,325806494,-325806,4608284041,3040301733,930098311,928948151,930098311,930098311,6759544817,230414202,1610550,4999159922
2021-07-22,95374914395,95374914395,0,4768745720,18311333,3409830495,-1022949,282796790,-282797,3692627285,2208777328,923479537,920577029,923479537,923479537,5899792966,184631364,1305746,4953377084
2021-07-23,95374914395,95374914395,0,4768745720,18311333,3398449078,-1019535,253132255,-253132,3651581332,2224358514,926788358,924475835,926788358,926788358,5929199423,182579067,1272667,4951324786
2021-07-26,0,0,0,0,0,3338745571,-1001624,251722481,-251722,3590468052,2170974243,921951770,921062658,921951770,921951770,5857892211,179523403,1253346,179523403
2021-07-27,0,0,0,0,0,3250225745,-975068,252353884,-252354,3502579630,2082880972,922684180,921645502,922684180,922684180,5772579014,175128981,1227422,175128981
2021-07-28,0,0,0,0,0,3210280119,-963084,252389085,-252389,3462669204,2043794073,922436925,921273064,922436925,922436925,5732377911,173133460,1215473,173133460
2021-07-29,0,0,0,0,0,2714726642,-814418,245380883,-245381,2960107525,1551859672,915288566,911886280,915288566,915288566,5209611649,148005376,1059799,148005376
2021-07-30,0,0,0,0,0,2866225682,-859868,245217048,-245217,3111442730,1710520985,911531499,909372803,911531499,911531499,5354488284,155572136,1105085,155572136
2021-08-02,0,0,0,0,0,3055141879,-916543,242985933,-242986,3298127812,1892781916,915178589,911483245,915178589,915178589,5549800930,164906391,1159528,164906391
2021-08-03,0,0,0,0,0,3255989029,-976797,163130793,163131,3419119822,2499478888,914995930,911635381,914995930,914995930,6156102058,170955991,1139928,170955991
2021-08-04,0,0,0,0,0,3385562279,-1015669,131049516,131050,3516611795,2597944218,913522419,910892305,913522419,913522419,6249403779,175830590,1146718,175830590
2021-08-05,0,0,0,0,0,3330995046,-999299,104991178,104991,3435986224,2507649308,921657686,918616784,921657686,921657686,6191239151,171799311,1104290,171799311
2021-08-06,0,0,0,0,0,3271840979,-981552,59520172,59520,3331361152,2407113688,920134998,915929056,920134998,920134998,6083447737,166568058,1041072,166568058
2021-08-09,0,0,0,0,0,3232546984,-969764,25559111,-25559,3258106095,2275336251,925837526,921650941,925837526,925837526,5974499770,162905305,995323,162905305
2021-08-10,0,0,0,0,0,3235618160,-970685,250260321,-250260,3485878481,2052948759,932618987,928775064,932618987,932618987,5779580785,174293924,1220946,174293924
2021-08-11,0,0,0,0,0,3613258721,-1083978,214066080,-214066,3827324801,2462718159,931017816,926840786,931017816,931017816,6182612393,191366240,1298044,191366240
2021-08-12,0,0,0,0,0,3257223711,-977167,248859431,-248859,3506083142,2056154551,946255187,942562185,946255187,946255187,5837482298,175304157,1226027,175304157
2021-08-13,95374914395,95374914395,0,4768745720,4710860,4812475151,-1443743,848008813,-848009,5660483963,2041572790,958937146,955282461,958937146,958937146,5873666688,283024198,2291751,5051769918
2021-08-17,95374914395,95374914395,0,4768745720,4710860,4874718697,-1462416,889401041,-889401,5764119739,2038899431,953157481,950977807,954905690,953157481,5851097891,288205987,2351817,5056951707
2021-08-18,95374914395,95374914395,0,4768745720,4710860,4288592527,-1286578,841955301,-841955,5130547828,1458570334,970418926,968351464,972146443,970418926,5339906092,256527391,2128533,5025273111
2021-08-19,95374914395,95374914395,0,4768745720,4710860,4247585789,-1274276,728512022,-728512,4976097811,1527699806,970603766,969325269,973042625,970603766,5411275232,248804891,2002788,5017550610
2021-08-20,143062371593,95374914395,47687457198,9537491440,26272023,3921362705,-1176409,562149460,-562149,4483512166,1317602043,981185886,980847870,984796780,981185886,5245618465,224175608,1738558,9761667048
2021-08-23,143062371593,95374914395,47687457198,9537491440,26272023,3823937843,-1147181,532148182,-532148,4356086025,1200884803,989737240,987735199,991628714,989737240,5159723195,217804301,1679330,9755295741
2021-08-24,143062371593,95374914395,47687457198,9537491440,26272023,3957892082,-1187368,489096418,-489096,4446988500,1374304801,983496132,979694526,983293276,983496132,5304284868,222349425,1676464,9759840865
2021-08-25,143062371593,95374914395,47687457198,9537491440,26272023,3537176024,-1061153,483383750,-483384,4020559774,867746307,1022860223,1019654566,1022988094,1022860223,4956109413,201027989,1544537,9738519428
2021-08-26,0,0,0,0,0,3851092751,-1155328,466297262,-466297,4317390013,1095821243,1067709699,1064870403,1067800193,1067709699,5363911236,215869501,1621625,215869501
2021-08-27,0,0,0,0,0,4682290187,-1404687,478915997,-478916,5161206184,1921549209,1063236223,1060211004,1063052274,1063236223,6171284933,258060309,1883603,258060309
2021-08-30,0,0,0,0,0,4898598914,-1469580,493444229,-493444,5392043144,2104031933,1070211287,1067168196,1070255124,1070211287,6381877828,269602157,1963024,269602157
2021-08-31,0,0,0,0,0,4987946187,-1496384,517928682,-517929,5505874870,2166417243,1070787541,1067663538,1070722588,1070787541,6446378451,275293743,2014313,275293743
2021-09-01,0,0,0,0,0,5264316416,-1579295,623218949,-623219,5887535364,2179323320,1135542817,1133254264,1135458507,1135542817,6719121725,294376768,2202514,294376768
2021-09-02,0,0,0,0,0,4031743143,-1209523,186115233,-186115,4217858375,2603532649,1147178522,1145632849,1147435990,1147178522,7190958531,210892919,1395638,210892919
2021-09-03,0,0,0,0,0,4487219510,-1346166,347713003,-347713,4834932513,2845640604,1191254014,1188647408,1190772578,1191254014,7607568617,241746626,1693879,241746626
2021-09-06,0,0,0,0,0,4899361299,-1469808,373096837,-373097,5272458136,3238584156,1183984750,1181732930,1183451104,1183984750,7971737690,263622907,1842905,263622907
2021-09-07,0,0,0,0,0,5393799040,-1618140,506077200,-506077,5899876239,3598645561,1188126556,1185893740,1187520476,1188126556,8348312889,294993812,2124217,294993812
2021-09-08,0,0,0,0,0,5799133633,-1739740,658560409,-658560,6457694043,4062557242,1198577160,1195432011,1197449531,1198577160,8852593104,322884702,2398300,322884702
2021-09-09,0,0,0,0,0,6098522107,-1829557,775982458,-775982,6874504565,4451202517,1212905156,1208958100,1211466364,1212905156,9297437293,343725228,2605539,343725228
2021-09-10,0,0,0,0,0,8363394713,-2509018,1967071149,-1967071,10330465862,5486936472,1212174696,1208317623,1210862375,1212174696,10330465862,516523293,4476090,516523293
2021-09-13,0,0,0,0,0,8602235752,-2580671,1957275765,-1957276,10559511517,5696194224,1218104633,1212224719,1214883308,1218104633,10559511517,527975576,4537946,527975576
2021-09-14,0,0,0,0,0,8723496613,-2617049,1904610889,-1904611,10628107502,5780347445,1214869714,1207875038,1210145591,1214869714,10628107502,531405375,4521660,531405375
2021-09-15,0,0,0,0,0,8640307708,-2592092,1890271613,-1890272,10530579321,5764703760,1193122838,1188719991,1190909894,1193122838,10530579321,526528966,4482364,526528966
2021-09-16,0,0,0,0,0,8709282574,-2612785,1853633062,-1853633,10562915636,5801699768,1192428190,1187084778,1189274710,1192428190,10562915636,528145782,4466418,528145782
2021-09-17,0,0,0,0,0,9229498585,-2768850,1900397756,-1900398,11129896341,6164040929,1242454473,1240877669,1240068796,1242454473,11129896341,556494817,4669247,556494817
2021-09-23,0,0,0,0,0,9844650660,-2953395,1874780278,-1874780,11719430937,6602376750,1280808984,1278356404,1277079814,1280808984,11719430937,585971547,4828175,585971547
2021-09-24,0,0,0,0,0,9901511349,-2970453,1988975403,-1988975,11890486752,6769445141,1282417900,1278863537,1277342274,1282417900,11890486752,594524338,4959429,594524338
2021-09-27,0,0,0,0,0,10186024022,-3055807,2117238625,-2117239,12303262647,7059057476,1312814264,1310203716,1308372927,1312814264,12303262647,615163132,5173046,615163132
2021-09-28,0,0,0,0,0,9903620317,-2971086,2130165487,-2130165,12033785804,6973453623,1264907898,1267876033,1262640352,1264907898,12033785804,601689290,5101252,601689290
2021-09-29,0,0,0,0,0,9707324163,-2912197,2209740105,-2209740,11917064268,6974830311,1236181148,1236540059,1233331603,1236181148,11917064268,595853213,5121937,595853213
2021-09-30,0,0,0,0,0,9635524555,-2890657,2161566485,-2161566,11797091040,6896974185,1226690385,1225001159,1221734926,1226690385,11797091040,589854552,5052224,589854552
2021-10-01,0,0,0,0,0,9930424253,-2979127,2255668955,-2255669,12186093208,7160971872,1260185135,1253723444,1251027622,1260185135,12186093208,609304660,5234796,609304660
2021-10-05,0,0,0,0,0,9734213590,-2920264,2252909038,-2252909,11987122628,7039723491,1240728273,1234795723,1231146868,1240728273,11987122628,599356131,5173173,599356131
2021-10-06,0,0,0,0,0,8968305417,-2690492,2107502337,-2107502,11075807753,6437019158,1166132722,1155189138,1151334015,1166132722,11075807753,553790388,4797994,553790388
2021-10-07,0,0,0,0,0,8931551582,-2679465,2111420536,-2111421,11042972118,6405287983,1164650586,1155679976,1152702986,1164650586,11042972118,552148606,4790886,552148606
2021-10-08,47687457198,0,47687457198,4768745720,39052190,8939177246,-2681753,2111222329,-2111222,11050399575,6417966923,1164408004,1152702488,1150914156,1164408004,11050399575,552519979,4792976,5321265699
2021-10-12,47687457198,0,47687457198,4768745720,39052190,8189158076,-2456747,2008259689,-2008260,10197417765,5876945090,1085778863,1076113771,1072801179,1085778863,10197417765,509870888,4465007,5278616608
2021-10-13,47687457198,0,47687457198,4768745720,39052190,8204638515,-2461392,2022437865,-2022438,10227076380,5901042483,1086761106,1078079752,1074431934,1086761106,10227076380,511353819,4483829,5280099539
2021-10-14,47687457198,0,47687457198,4768745720,39052190,8247362956,-2474209,2028586037,-2028586,10275948993,5932867811,1091607561,1081385250,1078480810,1091607561,10275948993,513797450,4502795,5282543169
2021-10-15,47687457198,0,47687457198,4768745720,39052190,8883992239,-2665198,2040386122,-2040386,10924378361,6311260332,1158282580,1149994474,1146558396,1158282580,10924378361,546218918,4705584,5314964638
2021-10-18,47687457198,0,47687457198,4768745720,39052190,8258357270,-2477507,1993876053,-1993876,10252233323,5890433334,1096398400,1086412519,1082590671,1096398400,10252233323,512611666,4471383,5281357386
2021-10-19,47687457198,0,47687457198,4768745720,39052190,8211717692,-2463515,2013242105,-2013242,10224959796,5875540376,1092970659,1083432408,1080045694,1092970659,10224959796,511247990,4476757,5279993710
2021-10-20,47687457198,0,47687457198,4768745720,39052190,8412136308,-2523641,2102751041,-2102751,10514887349,6038835566,1124023733,1116196896,1111807421,1124023733,10514887349,525744367,4626392,5294490087
2021-10-21,47687457198,0,47687457198,4768745720,39052190,8697489047,-2609247,2132870559,-2132871,10830359606,6219268955,1156938665,1151062364,1146150957,1156938665,10830359606,541517980,4742117,5310263700
2021-10-22,0,0,0,0,0,8528049980,-2558415,2117040909,-2117041,10645090889,6099175689,1140939281,1134727445,1129309194,1140939281,10645090889,532254544,4675456,532254544
2021-10-25,0,0,0,0,0,8436460241,-2530938,2096770508,-2096771,10533230748,6020961263,1131976069,1127305292,1121012054,1131976069,10533230748,526661537,4627709,526661537
2021-10-26,0,0,0,0,0,8254032806,-2476210,2072794890,-2072795,10326827695,5882666295,1114648202,1110970280,1103894718,1114648202,10326827695,516341385,4549005,516341385
2021-10-27,0,0,0,0,0,7504079220,-2251224,2036510887,-2036511,9540590108,5410033833,1035866004,1033103806,1025720461,1035866004,9540590108,477029505,4287735,477029505
2021-10-28,0,0,0,0,0,6853996097,-2056199,1776515054,-1776515,8630511151,4851189245,947982405,944042737,939314358,947982405,8630511151,431525558,3832714,431525558
2021-10-29,95374914395,0,95374914395,9537491440,60613353,6427299289,-1928190,1595547367,-1595547,8022846656,4472530694,890272415,887533658,882237474,890272415,8022846656,401142333,3523737,9938633772
2021-11-01,95374914395,0,95374914395,9537491440,60613353,6443445761,-1933034,1544552954,-1544553,7987998715,4447061561,887845428,886349780,878896518,887845428,7987998715,399399936,3477587,9936891375
2021-11-02,95374914395,0,95374914395,9537491440,60613353,6045721290,-1813716,1489692494,-1489692,7535413784,4181397518,840121147,840121147,833652825,840121147,7535413784,376770689,3303409,9914262129
2021-11-03,95374914395,0,95374914395,9537491440,60613353,6048133304,-1814440,1459544521,-1459545,7507677825,4150635182,840857260,840857260,834470862,840857260,7507677825,375383891,3273985,9912875331
2021-11-04,95374914395,0,95374914395,9537491440,60613353,5960744165,-1788223,1383796208,-1383796,7344540373,4041154418,827393192,827393192,821206379,827393192,7344540373,367227019,3172019,9904718458
2021-11-05,95374914395,0,95374914395,9537491440,60613353,5786222483,-1735867,1227855219,-1227855,7014077703,3793887736,806454110,806454110,800827637,806454110,7014077703,350703885,2963722,9888195325
2021-11-08,95374914395,0,95374914395,9537491440,60613353,5771357072,-1731407,1277710854,-1277711,7049067926,3832334067,805263121,805263121,800944496,805263121,7049067926,352453396,3009118,9889944836
2021-11-09,0,0,0,0,0,5568683867,-1670605,1245200287,-1245200,6813884153,3657349274,790150990,790150990,786081910,790150990,6813884153,340694208,2915805,340694208
2021-11-10,0,0,0,0,0,4676492618,-1402948,1227209298,-1227209,5903701916,2733817946,793815570,793815570,788437262,793815570,5903701916,295185096,2630157,295185096
2021-11-11,0,0,0,0,0,4824867202,-1447460,1199572718,-1199573,6024439921,2851812194,794602470,794602470,788820316,794602470,6024439921,301221996,2647033,301221996
2021-11-12,0,0,0,0,0,4869403409,-1460821,1163710885,-1163711,6033114294,2893551615,786286188,786286188,780704115,786286188,6033114294,301655715,2624532,301655715
2021-11-15,0,0,0,0,0,4908623193,-1472587,1099337286,-1099337,6007960480,2913631698,774972506,774972506,769411263,774972506,6007960480,300398024,2571924,300398024
2021-11-16,0,0,0,0,0,4854350058,-1456305,801484323,-801484,5655834381,2555828658,776289963,776289963,771135835,776289963,5655834381,282791719,2257789,282791719
2021-11-17,0,0,0,0,0,4781704726,-1434511,823824941,-823825,5605529667,2503949980,776488992,776488992,772112712,776488992,5605529667,280276483,2258336,280276483
2021-11-18,0,0,0,0,0,4648089065,-1394427,855073326,-855073,5503162391,2392346065,778600296,778600296,775015437,778600296,5503162391,275158120,2249500,275158120
2021-11-19,0,0,0,0,0,4570285168,-1371086,882029048,-882029,5452314216,2325890397,783038525,783038525,777308244,783038525,5452314216,272615711,2253115,272615711
2021-11-22,0,0,0,0,0,4610851240,-1383255,920820574,-920821,5531671814,2346154373,797140456,797140456,794096073,797140456,5531671814,276583591,2304076,276583591
2021-11-23,0,0,0,0,0,5505971691,-1651792,999973325,-999973,6505945016,3261624523,811202177,811202177,810713962,811202177,6505945016,325297251,2651765,325297251
2021-11-24,0,0,0,0,0,5340557234,-1602167,1210824826,-1210825,6551382060,3338508401,803513659,803513659,802332681,803513659,6551382060,327569103,2812992,327569103
2021-11-25,0,0,0,0,0,5197354893,-1559206,1201635618,-1201636,6398990510,3265272144,783815904,783815904,782270655,783815904,6398990510,319949526,2760842,319949526
2021-11-26,0,0,0,0,0,4432888398,-1329867,1071212385,-1071212,5504100783,2540534824,741215153,741215153,739920499,741215153,5504100783,275205039,2401079,275205039
2021-11-29,95374914395,95374914395,0,4768745720,26928301,4336013455,-1300804,928302151,-928302,5264315605,2355621366,727432004,727432004,726398228,727432004,5264315605,263215780,2229106,5031961500
2021-11-30,190749828791,190749828791,0,9537491440,45239634,3876720629,-1163016,850628043,-850628,4727348673,1945512702,695733197,695733197,694636380,695733197,4727348673,236367434,2013644,9773858873
2021-12-01,190749828791,190749828791,0,9537491440,45239634,3302869857,-990861,815823656,-815824,4118693513,1332815880,696852968,696852968,695318730,696852968,4118693513,205934676,1806685,9743426115
2021-12-02,190749828791,190749828791,0,9537491440,45239634,3376591151,-1012977,798993138,-798993,4175584289,1389515466,696987506,696987506,695106306,696987506,4175584289,208779214,1811970,9746270654
2021-12-03,190749828791,190749828791,0,9537491440,45239634,3388504583,-1016551,505780598,-505781,3894285181,1310944960,688321637,688321637,686651895,688321637,4062561765,194714259,1522332,9732205699
2021-12-06,190749828791,190749828791,0,9537491440,45239634,3220638370,-966192,513395292,-513395,3734033662,1141485137,686512570,686512570,684855361,686512570,3885878207,186701683,1479587,9724193123
2021-12-07,190749828791,190749828791,0,9537491440,45239634,3071450080,-921435,515947160,-515947,3587397240,988716696,684937174,684937174,683952260,684937174,3727480479,179369862,1437382,9716861302
2021-12-08,190749828791,190749828791,0,9537491440,45239634,2916134056,-874840,536284587,-536285,3452418643,823364009,680874662,680874662,680563499,680874662,3546551494,172620932,1411125,9710112372
2021-12-09,190749828791,190749828791,0,9537491440,45239634,2808747104,-842624,562200370,-562200,3370947474,688763866,682151455,682151455,681111006,682151455,3416329238,168547374,1404825,9706038813
2021-12-10,190749828791,190749828791,0,9537491440,23022193,2686759871,-806028,583178904,-583179,3269938775,543458349,683182009,683182009,682738702,683182009,3275743079,163496939,1389207,9700988378
2021-12-13,190749828791,190749828791,0,9537491440,23022193,1617410429,-485223,561266670,-561267,2178677099,575044765,688814040,688814040,687279744,688814040,3328766629,108933855,1046490,9646425294
2021-12-14,190749828791,190749828791,0,9537491440,23022193,1650884471,-495265,536469701,-536470,2187354172,574283891,690708118,690708118,689513708,690708118,3335921954,109367709,1031735,9646859148
2021-12-15,190749828791,190749828791,0,9537491440,23022193,1757571177,-527271,507094569,-507095,2264665746,529831004,698857222,698857222,697925086,698857222,3324327755,113233287,1034366,9650724727
2021-12-16,190749828791,190749828791,0,9537491440,23022193,1831840159,-549552,468127737,-468128,2299967896,471089289,692981393,692981393,692113005,692981393,3242146474,114998395,1017680,9652489834
2021-12-17,190749828791,190749828791,0,9537491440,23022193,1931120923,-579336,445227927,-445228,2376348850,409592704,696501969,696501969,696435647,696501969,3195534258,118817442,1024564,9656308882
2021-12-20,190749828791,190749828791,0,9537491440,23022193,936767244,-281030,147474938,-147475,1084242181,314993094,698892570,698892570,700342705,698892570,3112013509,54212109,428505,9591703549
2021-12-21,190749828791,190749828791,0,9537491440,23022193,2144359719,-643308,453834345,-453834,2598194064,213616119,702336908,702336908,704622275,702514092,3025426303,129909703,1097142,9667401143
2021-12-22,190749828791,190749828791,0,9537491440,23022193,2167728661,-650319,453029482,-453029,2620758143,195797918,703723077,703723077,705139056,703970851,3012353980,131037907,1103348,9668529347
2021-12-23,190749828791,190749828791,0,9537491440,23022193,2204015980,-661205,452088237,-452088,2656104218,168021004,699516475,699516475,700958646,699809803,2967822403,132805211,1113293,9670296650
2021-12-24,190749828791,190749828791,0,9537491440,23022193,2223220686,-666966,513139203,-513139,2736359889,123383617,705005139,705005139,707039685,705276692,2945710272,136817994,1180105,9674309434
2021-12-27,190749828791,190749828791,0,9537491440,23022193,2158906142,-647672,558579514,-558580,2717485657,114047879,707278372,707278372,709439544,707537249,2945581415,135874283,1206251,9673365722
2021-12-28,190749828791,190749828791,0,9537491440,23022193,1951358552,-585408,674205909,-674206,2625564460,321923346,713413959,713413959,714552442,713720970,3177024675,131278223,1259613,9668769663
2021-12-29,190749828791,190749828791,0,9537491440,23022193,614932197,-184480,362964529,-362965,977896726,552548505,717656519,717656519,719182849,717944258,3424988650,48894836,547444,9586386276
2021-12-30,190749828791,190749828791,0,9537491440,23022193,648160234,-194448,361890780,-361891,1010051014,555242752,757052631,757052631,756453437,756613417,3582414868,50502551,556339,9587993990
2021-12-31,190749828791,190749828791,0,9537491440,23022193,820882254,-246265,350467071,-350467,1171349325,394907396,777701372,777701372,774660722,777137609,3502108470,58567466,596732,9596058906
2022-01-03,95374914395,95374914395,0,4768745720,4710860,1269867593,-380960,382071210,-382071,1651938802,157089536,747339590,747339590,744680696,744510610,3140960022,82596940,763031,4851342660
2022-01-04,95374914395,95374914395,0,4768745720,4710860,1345173359,-403552,449112953,-449113,1794286312,267128490,763193863,763193863,759918007,759147912,3312582136,89714316,852665,4858460035
2022-01-05,0,0,0,0,0,1520619005,-456186,497305431,-497305,2017924437,502452220,756470383,756470383,754008588,751477138,3520878713,100896222,953491,100896222
2022-01-06,0,0,0,0,0,1629304455,-488791,697718365,-697718,2327022820,972757886,675077723,675077723,671171626,667062138,3661147095,116351141,1186510,116351141
2022-01-07,0,0,0,0,0,2543994090,-763198,660805726,-660806,3204799816,1838927130,680197116,680197116,679112041,673633587,4552066991,160239991,1424004,160239991
2022-01-10,0,0,0,0,0,2484315229,-745295,636698452,-636698,3121013681,1728026497,693548141,693548141,693310961,687420058,4495853798,156050684,1381993,156050684
2022-01-11,0,0,0,0,0,2378583573,-713575,641921423,-641921,3020504996,1622842193,696262012,696262012,694987492,689848713,4400202422,151025250,1355496,151025250
2022-01-12,0,0,0,0,0,2329531659,-698859,965015323,-965015,3294546982,1902109750,695109519,695109519,691119341,688901145,4672349273,164727349,1663875,164727349
2022-01-13,95374914395,95374914395,0,4768745720,4710860,2436504897,-730951,972575162,-972575,3409080060,2008386297,699913684,699913684,694079337,693212942,4795505944,170454003,1703527,4939199723
2022-01-14,95374914395,95374914395,0,4768745720,4710860,3561359813,-1068408,966757767,-966758,4528117580,3148856776,688117671,688117671,683343873,680318411,5888754402,226405879,2035166,4995151599
2022-01-17,0,0,0,0,0,3402460005,-1020738,938114356,-938114,4340574362,3031280510,652518103,652518103,647085187,642827540,5626229442,217028718,1958852,217028718
2022-01-18,0,0,0,0,0,3508777673,-1052633,934087394,-934087,4442865068,3124311638,657667115,657667115,651137317,647918117,5738701301,222143253,1986721,222143253
2022-01-19,0,0,0,0,0,3539741047,-1061922,901225063,-901225,4440966109,3087288034,675438339,675438339,669131084,666329687,5773625484,222048305,1963147,222048305
2022-01-20,0,0,0,0,0,3493716506,-1048115,956731375,-956731,4450447881,3070409556,688262216,688262216,681664174,678150282,5806748444,222522394,2004846,222522394
2022-01-21,0,0,0,0,0,3500852159,-1050256,1057389520,-1057390,4558241678,3122364766,715505121,715505121,710754658,705887987,5970017653,227912084,2107645,227912084
2022-01-24,0,0,0,0,0,3610797698,-1083239,1113381112,-1113381,4724178810,3276728062,721647305,721647305,715566100,711409961,6146998732,236208940,2196620,236208940
2022-01-25,0,0,0,0,0,3745536007,-1123661,1149756082,-1149756,4895292089,3428396484,730358280,730358280,725700580,719521535,6334335159,244764604,2273417,244764604
2022-01-26,0,0,0,0,0,3834606938,-1150382,1173926756,-1173927,5008533694,3545423312,728776419,728776419,723839943,718282399,6445098493,250426685,2324309,250426685
2022-01-27,0,0,0,0,0,3870949433,-1161285,1196876769,-1196877,5067826202,3617235235,722186738,722186738,716057909,709840417,6487507037,253391310,2358162,253391310
2022-01-28,0,0,0,0,0,3977331992,-1193200,1200367283,-1200367,5177699275,3719725513,725992789,725992789,720650299,714662115,6607023505,258884964,2393567,258884964
2022-02-03,0,0,0,0,0,4012035776,-1203611,1185715876,-1185716,5197751652,3749760404,720961593,720961593,717481732,711413670,6620578991,259887583,2389327,259887583
2022-02-04,0,0,0,0,0,4039150574,-1211745,1176204505,-1176205,5215355079,3767642732,720312274,720312274,716918440,709830641,6635016361,260767754,2387950,260767754
2022-02-07,0,0,0,0,0,3899909352,-1169973,1144021885,-1144022,5043931237,3635189495,700408821,700408821,696359196,688435096,6420801429,252196562,2313995,252196562
2022-02-08,0,0,0,0,0,3670089966,-1101027,1060940293,-1060940,4731030260,3395486661,663067966,663067966,659643277,650235609,6031501478,236551513,2161967,236551513
2022-02-09,0,0,0,0,0,3665791643,-1099737,1043987460,-1043987,4709779103,3378967479,661154834,661154834,657480455,648978499,6007736101,235488955,2143725,235488955
2022-02-10,0,0,0,0,0,3660634523,-1098190,1062726053,-1062726,4723360575,3388108821,663675141,663675141,659472152,651570680,6026501935,236168029,2160916,236168029
2022-02-11,0,0,0,0,0,3600402095,-1080121,1053508767,-1053509,4653910863,3325744088,659092142,659092142,654410132,644427642,5942766147,232695543,2133629,232695543
2022-02-14,0,0,0,0,0,3602105872,-1080632,1056598647,-1056599,4658704519,3328850102,659906330,659906330,655206413,645164655,5949033830,232935226,2137230,232935226
2022-02-15,0,0,0,0,0,3604526036,-1081358,1053831183,-1053831,4658357219,3323555807,662139761,662139761,657294558,646772668,5951902554,232917861,2135189,232917861
2022-02-16,0,0,0,0,0,3593850783,-1078155,1058950023,-1058950,4652800806,3315531448,663258713,663258713,658321602,647569672,5947940149,232640040,2137105,232640040
2022-02-17,0,0,0,0,0,3599513131,-1079854,1060919208,-1060919,4660432339,3315086022,667879102,667879102,663171417,653583304,5967598948,233021617,2140773,233021617
2022-02-18,0,0,0,0,0,3607504621,-1082251,1063485927,-1063486,4670990548,3315484346,673432722,673432722,668895031,660254273,5991499095,233549527,2145737,233549527
2022-02-21,0,0,0,0,0,3622032832,-1086610,1060099832,-1060100,4682132664,3320786507,675908323,675908323,671149869,661620357,6005373379,234106633,2146710,234106633
2022-02-22,0,0,0,0,0,3648583234,-1094575,1052871796,-1052872,4701455031,3334119206,679201590,679201590,674587788,665655143,6032765317,235072752,2147447,235072752
2022-02-23,0,0,0,0,0,3743927545,-1123178,1111375193,-1111375,4855302737,3443381866,701606638,701606638,696963170,688255574,6231813885,242765137,2234553,242765137
2022-02-24,0,0,0,0,0,3491291463,-1047387,1053560810,-1053561,4544852273,3203056945,667519735,667519735,663544067,656788209,5858428692,227242614,2100948,227242614
2022-02-25,0,0,0,0,0,3466703364,-1040011,1032368818,-1032369,4499072181,3122329273,684605155,684605155,680398914,672866315,5844804812,224953609,2072380,224953609
2022-02-28,0,0,0,0,0,2907739264,-872322,1006155909,-1006156,3913895173,2534338334,686285681,686285681,682213806,675228330,5264351832,195694759,1878478,195694759
2022-03-02,0,0,0,0,0,2952521813,-885757,838161198,-838161,3790683011,2457436269,663953022,663953022,660437646,655096949,5100876909,189534151,1723918,189534151
2022-03-03,0,0,0,0,0,3014972676,-904492,862334171,-862334,3877306848,2537556980,666762612,666762612,663668236,657443591,5192194031,193865342,1766826,193865342
2022-03-04,0,0,0,0,0,2810803585,-843241,832456465,-832456,3643260050,2302180472,667284990,667284990,665475869,658966272,4961192594,182163003,1675698,182163003
2022-03-07,0,0,0,0,0,2544473252,-763342,766718056,-766718,3311191308,1988202923,657792161,657792161,656377231,648973168,4609137644,165559565,1530060,165559565
2022-03-08,0,0,0,0,0,2534774970,-760432,734114978,-734115,3268889949,1931729553,664383585,664383585,664519123,656125897,4581141742,163444497,1494547,163444497
2022-03-10,0,0,0,0,0,2571293813,-771388,761028394,-761028,3332322206,1991221882,666153195,666153195,666999660,658205726,4648733659,166616110,1532417,166616110
2022-03-11,0,0,0,0,0,2600959593,-780288,767729952,-767730,3368689545,2028204392,666114512,666114512,666114512,657858383,4684406311,168434477,1548018,168434477
2022-03-14,0,0,0,0,0,2655027908,-796508,962026972,-962027,3617054881,2276841711,666230802,666230802,666230802,658479235,4934013351,180852744,1758535,180852744
2022-03-15,0,0,0,0,0,3296407488,-988922,918077218,-918077,4214484706,2870479482,668496478,668496478,668496478,661484210,5537453125,210724235,1906999,210724235
2022-03-16,0,0,0,0,0,3190681871,-957205,893939618,-893940,4084621489,2727822798,674004682,674004682,674004682,665215355,5415052200,204231074,1851144,204231074
2022-03-17,0,0,0,0,0,3092357744,-927707,878895204,-878895,3971252948,2637992780,663051133,663051133,663051133,655893231,5283039409,198562647,1806603,198562647
2022-03-18,0,0,0,0,0,3038082665,-911425,891924669,-891925,3930007334,2597947381,662675965,662675965,662675965,655967941,5241943216,196500367,1803349,196500367
2022-03-21,0,0,0,0,0,3157073052,-947122,931201410,-931201,4088274462,2738480368,671905227,671905227,671905227,665921587,5420117635,204413723,1878323,204413723
2022-03-22,0,0,0,0,0,3059694279,-917908,913316923,-913317,3973011201,2722664809,622470455,622470455,622470455,617064973,5207141148,198650560,1831225,198650560
2022-03-23,0,0,0,0,0,3242921800,-972877,957364617,-957365,4200286417,2948437857,623125840,623125840,623125840,617528961,5435344338,210014321,1930241,210014321
2022-03-24,0,0,0,0,0,3327449667,-998235,972368563,-972369,4299818229,3030991388,632747622,632747622,632747622,629416024,5558650278,214990911,1970603,214990911
2022-03-25,0,0,0,0,0,3337048478,-1001115,979875406,-979875,4316923883,3039634454,635866293,635866293,635866293,630309450,5577542783,215846194,1980990,215846194
2022-03-28,0,0,0,0,0,2606276404,-781883,837261039,-837261,3443537443,2407486252,516227924,516227924,516227924,512632583,4468802608,172176872,1619144,172176872
2022-03-29,0,0,0,0,0,2530233441,-759070,802780155,-802780,3333013596,2329648256,500442920,500442920,500442920,497963421,4328940437,166650680,1561850,166650680
2022-03-30,0,0,0,0,0,2439130851,-731739,780462907,-780463,3219593758,2250347703,484082865,484082865,484082865,483002541,4185598840,160979688,1512202,160979688
2022-03-31,95374914395,95374914395,0,4768745720,4710860,2508008218,-752402,803122105,-803122,3311130322,2319821674,496693742,496693742,496693742,498772578,4308675478,165556516,1555525,4934302236
2022-04-01,95374914395,95374914395,0,4768745720,4710860,2461929300,-738579,798091073,-798091,3260020373,2281697030,489412517,489412517,489412517,489914209,4239848791,163001019,1536670,4931746738
2022-04-04,190749828791,190749828791,0,9537491440,11745115,2489137404,-746741,810918913,-810919,3300056318,2309013395,495343188,495343188,495343188,494986641,4290029600,165002816,1557660,9702494255
2022-04-05,190749828791,190749828791,0,9537491440,11745115,2517661664,-755298,822467066,-822467,3340128729,2342021567,500435040,500435040,500435040,503197958,4346524646,167006436,1577766,9704497876
2022-04-06,190749828791,190749828791,0,9537491440,11745115,2512489165,-753747,824375202,-824375,3336864366,2339721063,500082789,500082789,500082789,503105064,4343074495,166843218,1578122,9704334658
2022-04-07,190749828791,190749828791,0,9537491440,11745115,2582623119,-774787,881854731,-881855,3464477850,2428608471,519051291,519051291,519051291,521284496,4507046841,173223892,1656642,9710715332
2022-04-08,190749828791,190749828791,0,9537491440,11745115,2546482707,-763945,871348634,-871349,3417831341,2393885283,512861218,512861218,512861218,514637596,4447106534,170891567,1635293,9708383007
2022-04-11,190749828791,190749828791,0,9537491440,11745115,2287698817,-686310,775261354,-775261,3062960171,2141185819,463149281,463149281,463149281,467673491,3998307153,153148009,1461571,9690639448
2022-04-12,190749828791,190749828791,0,9537491440,11745115,2241982976,-672595,775476159,-775476,3017459135,2108631463,456137645,456137645,456137645,459585264,3936629664,150872957,1448071,9688364396
2022-04-13,190749828791,190749828791,0,9537491440,11745115,2197893606,-659368,784088847,-784089,2981982453,2084175409,450997447,450997447,450997447,455185298,3892353049,149099123,1443457,9686590562
2022-04-14,190749828791,190749828791,0,9537491440,11745115,2112943313,-633883,754983354,-754983,2867926668,2002676974,434392968,434392968,434392968,437929209,3743785085,143396333,1388866,9680887773
2022-04-15,190749828791,190749828791,0,9537491440,11745115,2099756599,-629927,745337222,-745337,2845093821,1987553252,431371608,431371608,431371608,436574256,3718242333,142254691,1375264,9679746131
2022-04-18,190749828791,190749828791,0,9537491440,11745115,2136866436,-641060,753706957,-753707,2890573393,2020953250,438291840,438291840,438291840,445255378,3781084148,144528670,1394767,9682020109
2022-04-19,190749828791,190749828791,0,9537491440,11745115,2135624826,-640687,751346421,-751346,2886971247,2021007705,437352522,437352522,437352522,446094025,3779159297,144348562,1392034,9681840002
2022-04-20,95374914395,95374914395,0,4768745720,7034255,2170717285,-651215,760991798,-760992,2931709082,2056612412,443270182,443270182,443270182,454713876,3841136835,146585454,1412207,4915331174
2022-04-21,0,0,0,0,0,2239626767,-671888,786149548,-786150,3025776315,2125141714,454648047,454648047,454648047,463309542,3952395398,151288816,1458038,151288816
2022-04-22,0,0,0,0,0,2306038569,-691812,810602737,-810603,3116641306,2199106936,465630399,465630399,465630399,479356828,4075354962,155832065,1502414,155832065
2022-04-25,0,0,0,0,0,2144862072,-643459,758898523,-758899,2903760595,2032701592,440685717,440685717,440685717,450998149,3805756893,145188030,1402357,145188030
2022-04-26,0,0,0,0,0,2096225898,-628868,770983719,-770984,2867209616,1982900650,446280750,446280750,446280750,454533284,3776276185,143360481,1399851,143360481
2022-04-27,0,0,0,0,0,1777447848,-533234,761893108,-761893,2539340955,1657890731,445081148,445081148,445081148,453793219,3446927394,126967048,1295127,126967048
2022-04-28,0,0,0,0,0,1864983191,-559495,605117267,-605117,2470100458,1578588481,449406784,449406784,449406784,456708374,3383517206,123505023,1164612,123505023
2022-04-29,0,0,0,0,0,1912336529,-573701,622392494,-622392,2534729023,1641190415,449836551,449836551,449836551,455971046,3446671114,126736451,1196093,126736451
2022-05-02,0,0,0,0,0,1830019941,-549006,593668638,-593669,2423688579,1569526137,429987811,429987811,429987811,435800990,3295290559,121184429,1142675,121184429
2022-05-03,0,0,0,0,0,1907058653,-572118,685481427,-685481,2592540079,1734641773,431290879,431290879,431290879,435974332,3464488743,129627004,1257599,129627004
2022-05-04,0,0,0,0,0,1958867486,-587660,688652220,-688652,2647519706,1784726974,433700750,433700750,433700750,438309518,3524138742,132375985,1276312,132375985
2022-05-06,0,0,0,0,0,1990269647,-597081,701169777,-701170,2691439424,1819157090,438790597,438790597,438790597,444089456,3579618336,134571971,1298251,134571971
2022-05-09,0,0,0,0,0,1984736561,-595421,705123827,-705124,2689860388,1823724362,436258213,436258213,436258213,442638613,3575137613,134493019,1300545,134493019
2022-05-10,0,0,0,0,0,2089236727,-626771,724635251,-724635,2813871977,1940149219,439230427,439230427,439230427,443968523,3701809023,140693599,1351406,140693599
2022-05-11,0,0,0,0,0,1988754440,-596626,671630104,-671630,2660384544,1836236417,414634321,414634321,414634321,419754835,3499894214,133019227,1268256,133019227
2022-05-12,0,0,0,0,0,1918565615,-575570,629966692,-629967,2548532307,1738947817,407572715,407572715,407572715,413133656,3374799619,127426615,1205536,127426615
2022-05-13,0,0,0,0,0,1866866635,-560060,611885271,-611885,2478751905,1668630681,407711540,407711540,407711540,413013394,3304778694,123937595,1171945,123937595
2022-05-16,0,0,0,0,0,1629600981,-488880,591007719,-591008,2220608700,1414000198,406627199,406627199,406627199,413273096,3047154892,111030435,1079888,111030435
2022-05-17,0,0,0,0,0,1628535756,-488561,586593005,-586593,2215128761,1408445207,406939415,406939415,406939415,414134690,3043398140,110756438,1075154,110756438
2022-05-18,0,0,0,0,0,1628042518,-488413,578818175,-578818,2206860693,1402571445,405896128,405896128,405896128,413399138,3033658968,110343035,1067231,110343035
2022-05-19,0,0,0,0,0,1843142238,-552943,575651348,-575651,2418793586,1612202044,406672244,406672244,406672244,413425191,3245643968,120939679,1128594,120939679
2022-05-20,0,0,0,0,0,1798645485,-539594,612417917,-612418,2411063402,1610557371,402769052,402769052,402769052,407801126,3226665654,120553170,1152012,120553170
2022-05-23,0,0,0,0,0,1699232699,-509770,623792775,-623793,2323025474,1505534904,410075891,410075891,410075891,412737103,3148499681,116151274,1133563,116151274
2022-05-24,0,0,0,0,0,1763231267,-528969,601525007,-601525,2364756274,1537693229,414210871,414210871,414210871,415569567,3195895408,118237814,1130494,118237814
2022-05-25,0,0,0,0,0,1645115600,-493535,592891345,-592891,2238006944,1400495480,418441688,418441688,418441688,417813600,3073634145,111900347,1086426,111900347
2022-05-26,0,0,0,0,0,1508410847,-452523,555898275,-555898,2064309121,1228840305,417355249,417355249,417355249,416596931,2897502983,103215456,1008422,103215456
2022-05-27,0,0,0,0,0,1362726440,-408818,513913547,-513914,1876639988,1033228278,421548002,421548002,421548002,421232298,2719104583,93831999,922731,93831999
2022-05-30,0,0,0,0,0,1115888637,-334767,474166932,-474167,1590055569,745226723,422906543,422906543,422906543,423890782,2437837134,79502778,808934,79502778
2022-05-31,0,0,0,0,0,1142094138,-342628,490613201,-490613,1632707339,807547188,412777497,412777497,412777497,413172341,2459052021,81635367,833241,81635367
2022-06-02,0,0,0,0,0,1471204622,-441361,558956430,-558956,2030161052,1223509989,404055757,404055757,404055757,405516209,2841193470,101508053,1000318,101508053
2022-06-03,0,0,0,0,0,1563116190,-468935,549160465,-549160,2112276655,1302781348,404928396,404928396,404928396,405289880,2922856415,105613833,1018095,105613833
2022-06-07,0,0,0,0,0,1660283538,-498085,562702811,-562703,2222986349,1438309736,392411887,392411887,392411887,392559047,3008104443,111149317,1060788,111149317
2022-06-08,0,0,0,0,0,1763924008,-529177,589006359,-589006,2352930367,1575579265,389017457,389017457,389017457,389701269,3132332904,117646518,1118184,117646518
2022-06-09,0,0,0,0,0,1901538712,-570462,621108600,-621109,2522647311,1744651063,389057557,389057557,389057557,389176424,3301000158,126132366,1191570,126132366
2022-06-10,0,0,0,0,0,1951915587,-585575,634103578,-634104,2586019165,1807401969,389252973,389252973,389252973,389141725,3364302614,129300958,1219678,129300958
2022-06-13,0,0,0,0,0,1752268950,-525681,599187263,-599187,2351456213,1643459866,354003091,354003091,354003091,354012926,3059482064,117572811,1124868,117572811
2022-06-14,0,0,0,0,0,1765086985,-529526,607982210,-607982,2373069195,1656110286,357987926,357987926,357987926,357004868,3087078930,118653460,1137508,118653460
2022-06-15,0,0,0,0,0,1736373876,-520912,598146432,-598146,2334520309,1628133835,352745684,352745684,352745684,351850577,3038221463,116726015,1119059,116726015
2022-06-16,0,0,0,0,0,1739284397,-521785,599052486,-599052,2338336884,1626795375,354589146,354589146,354589146,352225928,3042788740,116916844,1120838,116916844
2022-06-17,0,0,0,0,0,1764571667,-529372,608908541,-608909,2373480208,1650571641,360237826,360237826,360237826,357804911,3089090030,118674010,1138280,118674010
2022-06-20,0,0,0,0,0,1741419843,-522426,603463561,-603464,2344883404,1631230300,356155133,356155133,356155133,354812296,3054507996,117244170,1125890,117244170
2022-06-21,0,0,0,0,0,1737230791,-521169,604712067,-604712,2341942858,1628864718,356840594,356840594,356840594,357443641,3056830141,117097143,1125881,117097143
2022-06-22,0,0,0,0,0,1675613230,-502684,581573338,-581573,2257186568,1568721354,344430786,344430786,344430786,344827145,2946840858,112859328,1084257,112859328
2022-06-23,0,0,0,0,0,1783455983,-535037,604942788,-604943,2388398771,1659075274,364718886,364718886,364718886,364833161,3118065092,119419939,1139980,119419939
2022-06-24,0,0,0,0,0,1741129327,-522339,591855680,-591856,2332985007,1619917981,356657625,356657625,356657625,356905849,3046796705,116649250,1114194,116649250
2022-06-27,0,0,0,0,0,1761290366,-528387,592023842,-592024,2353314207,1633092999,360110604,360110604,360110604,360110604,3073535416,117665710,1120411,117665710
2022-06-28,0,0,0,0,0,1760602662,-528181,591572498,-591572,2352175161,1632063330,360055915,360055915,360055915,360055915,3072286991,117608758,1119753,117608758
2022-06-29,0,0,0,0,0,1773480754,-532044,575456363,-575456,2348937117,1621715486,363610816,363610816,363610816,363610816,3076158749,117446856,1107501,117446856
2022-06-30,190749828791,190749828791,0,9537491440,45239634,1707619081,-512286,468394913,-468395,2176013993,1447500940,364256527,364256527,364256527,364256527,2904527047,108800700,980681,9646292139
2022-07-01,190749828791,190749828791,0,9537491440,45239634,856852424,-257056,304607140,-304607,1161459564,1161459564,350514574,350514574,350514574,350514574,2563517862,58072978,561663,9595564418
2022-07-04,190749828791,190749828791,0,9537491440,45239634,927467669,-278240,292929200,-292929,1220396869,1220655232,351367232,351108868,351108868,351108868,2625349068,61019843,571170,9598511283
2022-07-05,190749828791,190749828791,0,9537491440,45239634,883929854,-265179,266239732,-266240,1150169586,1151644050,354790224,353315760,353315760,353315760,2566381555,57508479,531419,9594999919
2022-07-06,190749828791,190749828791,0,9537491440,45239634,808616172,-242585,238780437,-238780,1047396609,1049515517,356360144,354241236,354241236,354241236,2468599369,52369830,481365,9589861270
2022-07-07,190749828791,190749828791,0,9537491440,45239634,735936238,-220781,239582845,-239583,975519083,977342022,374210927,372387988,372387988,372387988,2468716912,48775954,460364,9586267394
2022-07-08,190749828791,190749828791,0,9537491440,45239634,739824477,-221947,231643776,-231644,971468253,972787694,375892617,374573176,374573176,374573176,2472399838,48573413,453591,9586064852
2022-07-11,190749828791,190749828791,0,9537491440,45239634,750902354,-225271,99832814,-99833,850735168,851865750,382084315,380953733,380953733,380953733,2376811264,42536758,325104,9580028198
2022-07-12,190749828791,190749828791,0,9537491440,45239634,270323231,-81097,113593053,-113593,383916284,385827327,386690019,384778976,384778976,384778976,1926854273,19195814,194690,9556687254
2022-07-13,190749828791,190749828791,0,9537491440,45239634,310455616,-93137,127678676,-127679,438134292,440274748,392306010,390165554,390165554,390165554,2003077420,21906715,220815,9559398154
2022-07-14,190749828791,190749828791,0,9537491440,45239634,346244828,-103873,141490418,-141490,487735246,489585484,397692933,395842695,395842695,395842695,2074806502,24386762,245364,9561878202
2022-07-15,0,0,0,0,0,378202648,-113461,150926882,-150927,529129530,531453658,399395750,397071622,397071622,397071622,2122064276,26456477,264388,26456477
2022-07-18,0,0,0,0,0,407543139,-122263,4744483,-4744,412287622,414255863,399530010,397561769,397561769,397561769,2006471180,20614381,127007,20614381
2022-07-19,0,0,0,0,0,441781217,-132534,8765109,-8765,450546325,452788489,399557585,397315421,397315421,397315421,2044292337,22527316,141299,22527316
2022-07-20,0,0,0,0,0,459956963,-137987,4096457,-4096,464053420,464483401,385757043,385327062,385327062,385327062,2006221631,23202671,142084,23202671
2022-07-21,0,0,0,0,0,22454462,6736,713942,714,23168405,22841230,396780008,396452833,396452833,396452833,1608979736,1158420,7450,1158420
2022-07-22,0,0,0,0,0,19717504,5915,8228804,8229,27946309,26625431,392396037,391075159,391075159,391075159,1592246943,1397315,14144,1397315
2022-07-25,0,0,0,0,0,18237727,5471,9345782,9346,27583509,25128278,388406234,385951003,385951003,385951003,1571387523,1379175,14817,1379175
2022-07-26,0,0,0,0,0,25834525,7750,13879458,13879,39713983,37001335,389651203,386938556,386938556,386938556,1587468207,1985699,21630,1985699
2022-07-27,0,0,0,0,0,59556011,17867,1197202,1197,60753213,57248589,390146787,386642162,386642162,386642162,1607321862,3037661,19064,3037661
2022-07-28,0,0,0,0,0,74890309,22467,12583515,-12584,87473823,85904312,402121505,399149859,399149859,399149859,1685475394,4373691,35051,4373691
2022-07-29,0,0,0,0,0,56702449,17011,14267962,-14268,70970411,68709439,389787261,385494863,385494863,385494863,1614981290,3548521,31279,3548521
2022-08-01,0,0,0,0,0,554179388,-166254,193983634,-193984,748163021,48948349,388516537,385322318,385322318,385322318,1593431839,37408151,360237,37408151
2022-08-02,0,0,0,0,0,530973941,-159292,173019219,-173019,703993159,70655790,388649660,385999289,385999289,385999289,1617303315,35199658,332311,35199658
2022-08-03,0,0,0,0,0,524275828,-157283,161676634,-161677,685952463,91521064,390200651,387272876,387272876,387272876,1643540343,34297623,318959,34297623
2022-08-04,0,0,0,0,0,539698729,-161910,155793029,-155793,695491758,77211167,387914897,384788028,384788028,384788028,1619490149,34774588,317703,34774588
2022-08-05,0,0,0,0,0,586992376,-176098,152092627,-152093,739085003,57384581,399687419,396782164,396782164,396782164,1647418494,36954250,328190,36954250
2022-08-08,0,0,0,0,0,602085552,-180626,143312185,-143312,745397737,55065537,401745107,398718166,398718166,398718166,1652965142,37269887,323938,37269887
2022-08-09,0,0,0,0,0,572662184,-171799,132857339,-132857,705519523,97213026,402914491,399818059,399818059,399818059,1699581694,35275976,304656,35275976
2022-08-10,0,0,0,0,0,553023388,-165907,123558872,-123559,676582260,130102041,404997952,401686349,401686349,401686349,1740159039,33829113,289466,33829113
2022-08-11,0,0,0,0,0,533970710,-160191,125845631,-125846,659816341,146656776,404893867,401579250,401579250,401579250,1756288394,32990817,286037,32990817
2022-08-12,0,0,0,0,0,561912114,-168574,137847123,-137847,699759236,103296716,403228137,399827816,399827816,399827816,1706008300,34987962,306421,34987962
2022-08-16,0,0,0,0,0,513808578,-154143,125854922,-125855,639663501,132061563,387234572,384490492,384490492,384490492,1672767612,31983175,279997,31983175
2022-08-17,0,0,0,0,0,492401363,-147720,128284808,-128285,620686172,159138346,391394781,388429736,388429736,388429736,1715822335,31034309,276005,31034309
2022-08-18,0,0,0,0,0,516504780,-154951,213337026,-213337,729841806,112524757,389720203,386648408,386648408,386648408,1662190183,36492090,368288,36492090
2022-08-19,0,0,0,0,0,685763524,-205729,185203198,-185203,870966722,85345154,394691439,390930129,390930129,390930129,1652826981,43548336,390932,43548336
2022-08-22,0,0,0,0,0,674181177,-202254,226544659,-226545,900725836,115823408,394305850,390596578,390596578,390596578,1681918991,45036292,428799,45036292
2022-08-23,0,0,0,0,0,780845407,-234254,257555301,-257555,1038400707,253128373,394525700,390746635,390746635,390746635,1819893977,51920035,491809,51920035
2022-08-24,0,0,0,0,0,887136328,-266141,277320884,-277321,1164457212,379988391,394389035,390079787,390079787,390079787,1944616785,58222861,543462,58222861
2022-08-25,0,0,0,0,0,1239308435,-371793,372865438,-372865,1612173873,879169765,368578230,364425878,364425878,364425878,2341025628,80608694,744658,80608694
2022-08-26,0,0,0,0,0,1147706832,-344312,351232841,-351233,1498939674,753018795,375136742,370784138,370784138,370784138,2240507949,74946984,695545,74946984
2022-08-29,0,0,0,0,0,1167980857,-350394,368437803,-368438,1536418661,795101748,372835208,368481704,368481704,368481704,2273382069,76820933,718832,76820933
2022-08-30,0,0,0,0,0,1234193851,-370258,388100240,-388100,1622294091,881951772,372299730,368042589,368042589,368042589,2358379270,81114705,758358,81114705
2022-08-31,0,0,0,0,0,1353719366,-406116,415528903,-415529,1769248268,1013588764,380036055,375623450,375623450,375623450,2520495168,88462413,821645,88462413
2022-09-01,0,0,0,0,0,1218888076,-365666,404239160,-404239,1623127236,1627721808,377032046,372437474,372437474,372437474,3122066276,81156362,769906,81156362
2022-09-02,0,0,0,0,0,1178895584,-353669,391266099,-391266,1570161683,1576190250,364673782,358645216,358645216,358645216,3016799679,78508084,744935,78508084
2022-09-05,0,0,0,0,0,1166605973,-349982,384606833,-384607,1551212806,1558041039,361466709,354638477,354638477,354638477,2983423178,77560640,734589,77560640
2022-09-06,0,0,0,0,0,1230159970,-369048,387012647,-387013,1617172617,1623398188,388090071,381864501,381864501,381864501,3157081762,80858631,756061,80858631
2022-09-07,0,0,0,0,0,1201040042,-360312,375929999,-375930,1576970041,1583406922,391744680,385307799,385307799,385307799,3131074998,78848502,736242,78848502
2022-09-08,0,0,0,0,0,1135573101,-340672,356119296,-356119,1491692396,1499767337,384734674,376659734,376659734,376659734,3014481213,74584620,696791,74584620
2022-09-13,0,0,0,0,0,1129627196,-338888,344056004,-344056,1473683201,1482069572,385452654,377066282,377066282,377066282,2998721073,73684160,682944,73684160
2022-09-14,0,0,0,0,0,1196178658,-358854,360044342,-360044,1556223000,1563589734,390816263,383449529,383449529,383449529,3104754585,77811150,718898,77811150
2022-09-15,0,0,0,0,0,1161943330,-348583,349704286,-349704,1511647616,1515725308,359850983,355773290,355773290,355773290,2942896161,75582381,698287,75582381
2022-09-16,0,0,0,0,0,1221576584,-366473,367624403,-367624,1589200987,1593064209,361048838,357185616,357185616,357185616,3025669894,79460049,734097,79460049
2022-09-19,0,0,0,0,0,1298011981,-389404,389786562,-389787,1687798543,1691645415,369492352,365645480,365645480,365645480,3158074208,84389927,779190,84389927
2022-09-20,0,0,0,0,0,1481149787,-444345,446893580,-446894,1928043367,1931160450,392734979,389617895,389617895,389617895,3492749115,96402168,891239,96402168
2022-09-21,0,0,0,0,0,1520568536,-456171,467747674,-467748,1988316210,1991475155,403887618,400728673,400728673,400728673,3597548791,99415810,923918,99415810
2022-09-22,0,0,0,0,0,1395610254,-418683,450650326,-450650,1846260580,1847048628,375320021,374531974,374531974,374531974,3345964571,92313029,869333,92313029
2022-09-23,0,0,0,0,0,1381820177,-414546,440719364,-440719,1822539540,1822215029,369689217,370013728,370013728,370013728,3301945430,91126977,855265,91126977
2022-09-26,0,0,0,0,0,1207586258,-362276,396351970,-396352,1603938228,1601401056,323910021,326447193,326447193,326447193,2904652655,80196911,758628,80196911
2022-09-27,0,0,0,0,0,1118574619,-335572,371544687,-371545,1490119306,1489256209,302985655,303848752,303848752,303848752,2703788119,74505965,707117,74505965
2022-09-28,0,0,0,0,0,1141641946,-342493,374746258,-374746,1516388203,1514980656,307754501,309162048,309162048,309162048,2750221302,75819410,717239,75819410
2022-09-29,0,0,0,0,0,1142563206,-342769,371736550,-371737,1514299756,1513161353,307596798,308735201,308735201,308735201,2746963754,75714988,714506,75714988
2022-09-30,0,0,0,0,0,1121139352,-336342,360587143,-360587,1481726495,1481460230,303133011,303399276,303399276,303399276,2694791068,74086325,696929,74086325
2022-10-04,0,0,0,0,0,1546538667,-463962,499028611,-499029,2045567279,1450997278,297513336,297056665,297056665,297056665,2639680609,102278364,962990,102278364
2022-10-05,0,0,0,0,0,1612835124,-483851,516829131,-516829,2129664255,1518970794,305559180,305134282,305134282,305134282,2739932820,106483213,1000680,106483213
2022-10-06,0,0,0,0,0,1616496374,-484949,518722620,-518723,2135218994,1523179938,306245858,305793198,305793198,305793198,2746805389,106760950,1003672,106760950
2022-10-07,0,0,0,0,0,1606508567,-481953,515115044,-515115,2121623611,1513076439,304532577,304014596,304014596,304014596,2729652803,106081181,997068,106081181
2022-10-11,95374914395,95374914395,0,4768745720,26928301,1632064795,-489619,521295197,-521295,2153359991,1537247078,308361805,307751108,307751108,307751108,2768862208,107668000,1010915,4876413719
2022-10-12,0,0,0,0,0,1555816659,-466745,496953551,-496954,2052770209,1464411523,294410802,293947884,293947884,293947884,2640665977,102638510,963699,102638510
2022-10-13,0,0,0,0,0,1525514380,-457654,485261604,-485262,2010775985,1430563837,290341452,289870696,289870696,289870696,2590517376,100538799,942916,100538799
2022-10-14,0,0,0,0,0,1488141877,-446443,479793338,-479793,1967935215,1386909168,290755363,290270685,290270685,290270685,2548476585,98396761,926236,98396761
2022-10-17,0,0,0,0,0,1457984776,-437395,472582300,-472582,1930567077,1349594970,290735066,290237041,290237041,290237041,2511041158,96528354,909978,96528354
2022-10-18,0,0,0,0,0,1431749118,-429525,466455190,-466455,1898204308,1317245862,290734099,290224347,290224347,290224347,2478653003,94910215,895980,94910215
2022-10-19,0,0,0,0,0,1408153899,-422446,463673456,-463673,1871827355,1292183593,290088752,289555010,289555010,289555010,2450937375,93591368,886120,93591368
2022-10-20,0,0,0,0,0,1422524034,-426757,472002082,-472002,1894526116,1304650576,295258166,294617374,294617374,294617374,2483760864,94726306,898759,94726306
2022-10-21,0,0,0,0,0,1399060556,-419718,462674568,-462675,1861735124,1279202297,291608058,290924769,290924769,290924769,2443584662,93086756,882393,93086756
2022-10-24,0,0,0,0,0,1376120698,-412836,464140386,-464140,1840261084,1264726765,288076595,287457723,287457723,287457723,2415176531,92013054,876977,92013054
2022-10-25,0,0,0,0,0,1317282525,-395185,445328502,-445329,1762611027,1205291348,278929672,278390008,278390008,278390008,2319391042,88130551,840513,88130551
2022-10-26,0,0,0,0,0,1366585059,-409976,458730291,-458730,1825315350,1266212397,279801103,279301850,279301850,279301850,2383919050,91265767,868706,91265767
2022-10-27,0,0,0,0,0,1389029160,-416709,467210617,-467211,1856239777,1287204503,284747904,284287370,284287370,284287370,2424814516,92811989,883919,92811989
2022-10-28,0,0,0,0,0,1359264811,-407779,463640364,-463640,1822905174,1258308376,282494063,282102735,282102735,282102735,2387110644,91145259,871420,91145259
2022-10-31,0,0,0,0,0,1195683937,-358705,461610518,-461611,1657294455,1092463132,282612099,282219224,282219224,282219224,2221732902,82864723,820316,82864723
2022-11-01,0,0,0,0,0,801340094,-240402,230936558,-230937,1032276652,1032641866,281295646,280930432,280930432,280930432,2156728809,51613833,471339,51613833
2022-11-02,0,0,0,0,0,841915186,-252575,251637102,-251637,1093552288,1093886763,281771026,281436550,281436550,281436550,2219967440,54677614,504212,54677614
2022-11-03,0,0,0,0,0,818386424,-245516,262608654,-262609,1080995078,1080959297,279509394,279545175,279545175,279545175,2199104215,54049754,508125,54049754
2022-11-04,0,0,0,0,0,812955932,-243887,266800997,-266801,1079756930,1079815048,285387263,285329145,285329145,285329145,2221189746,53987846,510688,53987846
2022-11-07,0,0,0,0,0,820293419,-246088,263146110,-263146,1083439528,1083153951,286234974,286520552,286520552,286520552,2228950580,54171976,509234,54171976
2022-11-08,0,0,0,0,0,823014592,-246904,261488877,-261489,1084503470,1084370038,286068076,286201508,286201508,286201508,2229042638,54225173,508393,54225173
2022-11-09,0,0,0,0,0,759392163,-227818,242480875,-242481,1001873038,1002121561,283909307,283660784,283660784,283660784,2137013218,50093652,470299,50093652
2022-11-10,0,0,0,0,0,328722820,-98617,225673527,-225674,554396346,555132446,280094398,279358298,279358298,279358298,1673301737,27719817,324290,27719817
2022-11-11,95374914395,0,95374914395,9537491440,68058034,321930082,-96579,84790153,-84790,406720234,408220146,267413522,265913610,265913610,265913610,1473374498,20336012,181369,9557827451
2022-11-14,95374914395,0,95374914395,9537491440,68058034,381900548,-114570,104713016,-104713,486613565,488047843,271303768,269869490,269869490,269869490,1568960080,24330678,219283,9561822118
2022-11-15,95374914395,0,95374914395,9537491440,68058034,379006917,-113702,123068003,-123068,502074920,504001460,270524051,268597511,268597511,268597511,1580318045,25103746,236770,9562595186
2022-11-16,95374914395,0,95374914395,9537491440,68058034,319947480,-95984,123286752,-123287,443234232,444829999,269498377,267902610,267902610,267902610,1518036206,22161712,219271,9559653151
2022-11-17,95374914395,0,95374914395,9537491440,68058034,258720637,-77616,106291014,-106291,365011651,366892357,271107107,269226401,269226401,269226401,1445678669,18250583,183907,9555742022
2022-11-18,95374914395,0,95374914395,9537491440,68058034,205053912,-61516,87307795,-87308,292361707,294407218,271465191,269419681,269419681,269419681,1374131451,14618085,148824,9552109525
2022-11-21,95374914395,0,95374914395,9537491440,68058034,208534564,62560,60573073,60573,269107637,267070435,271691376,269654173,269654173,269654173,1347724330,13455382,123133,9550946821
2022-11-22,95374914395,0,95374914395,9537491440,68058034,183873189,55162,55112192,55112,238985382,236989386,272668000,270672004,270672004,270672004,1321673396,11949269,110274,9549440709
2022-11-23,95374914395,0,95374914395,9537491440,68058034,157735528,47321,44619588,44620,202355116,200356309,280199966,278201159,278201159,278201159,1315159752,10117756,91940,9547609195
2022-11-24,47687457198,0,47687457198,4768745720,29005843,117454924,35236,31496663,31497,148951586,146648066,277246416,274942895,274942895,274942895,1248723167,7447579,66733,4776193299
2022-11-25,47687457198,0,47687457198,4768745720,29005843,82126098,24638,20928124,20928,103054222,100783201,281617720,279346699,279346699,279346699,1220441020,5152711,45566,4773898431
2022-11-28,47687457198,0,47687457198,4768745720,29005843,49268618,14781,10315664,10316,59584282,57338619,281451281,279205619,279205619,279205619,1176406756,2979214,25096,4771724934
2022-11-29,47687457198,0,47687457198,4768745720,29005843,22275644,6683,1367967,1368,23643611,21920144,283973742,282250274,282250274,282250274,1152644707,1182181,8051,4769927900
2022-11-30,47687457198,0,47687457198,4768745720,29005843,3220286,966,6970476,6970,10190761,8305042,286574010,284688291,284688291,284688291,1148943926,509538,7937,4769255258
2022-12-01,47687457198,0,47687457198,4768745720,29005843,404793109,-121438,123764031,-123764,528557140,49570018,290102476,288024682,288024682,288024682,1203746540,26427857,245202,4795173577
2022-12-02,143062371593,95374914395,47687457198,9537491440,47317176,365090429,-109527,110612056,-110612,475702485,99938340,288728123,286912701,286912701,286912701,1249404565,23785124,220139,9561276564
2022-12-05,143062371593,95374914395,47687457198,9537491440,47317176,336637194,-100991,101504455,-101504,438141649,157121823,298262002,297001470,297001470,297001470,1346388237,21907082,202496,9559398522
2022-12-06,143062371593,95374914395,47687457198,9537491440,42874575,293612203,-88084,88777517,-88778,382389720,211416888,297441840,296364768,296364768,296364768,1397953031,19119486,176861,9556610926
2022-12-07,143062371593,95374914395,47687457198,9537491440,42874575,243369740,-73011,74205851,-74206,317575591,288074974,303270801,302379764,302379764,302379764,1498485066,15878780,147217,9553370219
2022-12-08,143062371593,95374914395,47687457198,9537491440,42874575,222383413,-66715,70193524,-70194,292576937,313924354,303663327,302837964,302837964,302837964,1526101573,14628847,136909,9552120286
2022-12-09,143062371593,95374914395,47687457198,9537491440,42874575,222992286,-66898,70173670,-70174,293165956,314658785,304304568,303520174,303520174,303520174,1529523875,14658298,137071,9552149737
2022-12-12,143062371593,95374914395,47687457198,9537491440,42874575,230699046,-69210,72699366,-72699,303398411,326588370,315518661,314468121,314468121,314468121,1585511393,15169921,141909,9552661360
2022-12-13,143062371593,95374914395,47687457198,9537491440,42874575,230718876,-69216,72633230,-72633,303352106,326633898,315566539,314419465,314419465,314419465,1585458832,15167605,141849,9552659045
2022-12-14,143062371593,95374914395,47687457198,9537491440,42874575,227915795,-68375,72095647,-72096,300011442,329511983,315420115,314103310,314103310,314103310,1587242029,15000572,140470,9552492012
2022-12-15,143062371593,95374914395,47687457198,9537491440,42874575,228161839,-68449,72089247,-72089,300251086,331364066,316341431,315273721,315273721,315273721,1593526661,15012554,140538,9552503994
2022-12-16,143062371593,95374914395,47687457198,9537491440,42874575,228996956,-68699,89620361,89620,318617317,499282147,320046404,318612338,318612338,318612338,1775165565,15930866,158319,9553422305
2022-12-19,143062371593,95374914395,47687457198,9537491440,42874575,241350417,-72405,92732395,92732,334082812,521970971,335948424,334640569,334640569,334640569,1861841103,16704141,165138,9554195580
2022-12-20,143062371593,95374914395,47687457198,9537491440,42874575,230643750,-69193,91112632,91113,321756382,506964430,324104009,322391540,322391540,322391540,1798243058,16087819,160306,9553579259
2022-12-21,143062371593,95374914395,47687457198,9537491440,42874575,333111276,99933,97636514,97637,430747790,1141245815,356187861,354310165,354310165,354310165,2560364170,21537389,197570,9559028829
2022-12-22,143062371593,95374914395,47687457198,9537491440,42874575,343043351,102913,90615837,90616,433659189,1176822259,372576099,370586971,370586971,370586971,2661159271,21682959,193529,9559174399
2022-12-23,143062371593,95374914395,47687457198,9537491440,42874575,302109091,90633,40766481,-40766,342875572,1012491251,376991050,374157592,374157592,374157592,2511955076,17143779,131399,9554635218
2022-12-26,95374914395,95374914395,0,4768745720,13868732,100335671,-30101,7016015,-7016,107351686,631298717,370792954,367857449,367857449,367857449,2105664019,5367584,37117,4774113304
2022-12-27,95374914395,95374914395,0,4768745720,13868732,9478328,-2843,7734951,7735,17213278,757007920,380459496,378291801,378291801,378291801,2272342821,860664,10578,4769606384
2022-12-28,95374914395,95374914395,0,4768745720,13868732,2973280,-892,26077168,-26077,29050448,744293027,387630119,385713356,385713356,385713356,2289063216,1452522,26969,4770198242
2022-12-29,95374914395,95374914395,0,4768745720,13868732,118687494,-35606,69542321,-69542,188229815,594457833,392499831,390187818,390187818,390187818,2157521117,9411491,105149,4778157211
2022-12-30,95374914395,95374914395,0,4768745720,13868732,201450593,-60435,80695584,-80696,282146177,498491811,391660927,388977061,388977061,388977061,2057083921,14107309,141131,4782853029
2023-01-02,95374914395,95374914395,0,4768745720,13868732,345023009,103507,95791521,-95792,440814530,439139585,396068897,393026531,393026531,393026531,2014288075,22040726,199298,4790786446
2023-01-03,95374914395,95374914395,0,4768745720,13868732,370697249,111209,82788226,-82788,453485474,451580164,387941963,384456908,384456908,384456908,1992892851,22674274,193997,4791419993
2023-01-04,95374914395,95374914395,0,4768745720,13868732,435913388,130774,75344945,-75345,511258333,508996222,401165815,397069606,397069606,397069606,2101370854,25562917,206119,4794308636
2023-01-05,0,0,0,0,0,478972675,143692,71327034,-71327,550299709,547858317,411261034,406799286,406799286,406799286,2179517208,27514985,215019,27514985
2023-01-06,0,0,0,0,0,498908712,149673,69399321,-69399,568308033,566120963,410959415,406945640,406945640,406945640,2197917297,28415402,219072,28415402
2023-01-09,0,0,0,0,0,771427284,231428,42403262,-42403,813830547,811038837,401488450,396327915,396327915,396327915,2401511033,40691527,273831,40691527
2023-01-10,0,0,0,0,0,1315509275,394653,261666273,261666,1577175548,774784740,403701044,398689764,398689764,398689764,2374555076,78858777,656319,78858777
2023-01-11,0,0,0,0,0,1264764326,379429,237802174,237802,1502566500,680356016,414638492,407370042,407571992,407370042,2317306583,75128325,617231,75128325
2023-01-12,0,0,0,0,0,1324880849,397464,210224261,210224,1535105110,713689532,414193683,407083914,407221895,407083914,2349272938,76755255,607689,76755255
2023-01-13,0,0,0,0,0,1433423520,430027,307380395,307380,1740803915,902632767,422577515,415015911,415593633,415015911,2570835736,87040196,737407,87040196
2023-01-16,190749828791,190749828791,0,9537491440,36263669,881752928,264526,139759778,139760,1021512706,1015923143,423741403,417698573,418151839,417698573,2693213531,51075635,404286,9588567075
2023-01-17,190749828791,190749828791,0,9537491440,36263669,1517136322,455141,330674387,330674,1847810709,995150706,428538404,423540721,424121600,423540721,2694892152,92390535,785815,9629881975
2023-01-18,190749828791,190749828791,0,9537491440,36263669,809183297,242755,145600222,145600,954783519,950697928,419100610,413701328,415015019,413701328,2612216214,47739176,388355,9585230615
2023-01-19,190749828791,190749828791,0,9537491440,36263669,767783159,230335,142531578,142532,910314737,904703713,418927289,412311495,413316264,412311495,2561570257,45515737,372867,9583007176
2023-01-20,190749828791,190749828791,0,9537491440,36263669,1390717826,417215,349968798,349969,1740686624,887682250,428272087,423219893,424732288,423219893,2587126410,87034331,767184,9624525771
2023-01-25,190749828791,190749828791,0,9537491440,36263669,1424788842,427437,368768589,368769,1793557431,931209221,433510777,427176307,428837433,427176307,2647910045,89677872,796205,9627169311
2023-01-26,190749828791,190749828791,0,9537491440,36263669,1491149716,447345,389304512,389305,1880454228,1003352763,441148773,433944360,435952692,433944360,2748342949,94022711,836649,9631514151
2023-01-27,190749828791,190749828791,0,9537491440,36263669,1524818366,457446,397104245,397104,1921922611,1052296954,437168126,430989299,432457531,430989299,2783901209,96096131,854550,9633587570
2023-01-30,95374914395,95374914395,0,4768745720,9335368,1616448309,484934,415591402,415591,2032039711,1138437423,449166829,442893057,444435459,442893057,2917825824,101601986,900526,4870347705
2023-01-31,95374914395,95374914395,0,4768745720,9335368,1653145539,495944,428567418,428567,2081712958,1193919467,446233770,440213859,441559721,440213859,2962140676,104085648,924511,4872831368
2023-02-01,95374914395,95374914395,0,4768745720,9335368,1717028909,515109,452990466,452990,2170019375,1273795127,450470269,444261616,445753979,444261616,3058542607,108500969,968099,4877246688
2023-02-02,190749828791,190749828791,0,9537491440,23204100,1753273376,525982,477630193,477630,2230903569,1342460685,446699799,439856125,441743085,439856125,3110615818,111545178,1003612,9649036618
2023-02-03,190749828791,190749828791,0,9537491440,23204100,1806604949,541981,496434363,496434,2303039312,1417059796,445528265,438252216,440451251,438252216,3179543745,115151966,1038416,9652643405
2023-02-06,190749828791,190749828791,0,9537491440,23204100,1694508124,508352,488079490,488079,2182587614,1350052671,418286237,413029000,414248706,413029000,3008645614,109129381,996432,9646620820
2023-02-07,190749828791,190749828791,0,9537491440,23204100,1808328370,542499,523685851,523686,2332014221,1443009341,446522812,441382529,442482068,441382529,3214779279,116600711,1066184,9654092151
2023-02-08,190749828791,190749828791,0,9537491440,23204100,1073029002,321909,292832840,292833,1365861841,1361242528,452126408,446267268,447507095,446267268,3153410567,68293092,614742,9605784532
2023-02-09,0,0,0,0,0,880528154,264158,249729951,249730,1130258105,1126854880,446644884,441895792,443241658,441895792,2900533005,56512905,513888,56512905
2023-02-10,0,0,0,0,0,707750062,212325,218078488,218078,925828550,922471509,452283901,447679383,448926859,447679383,2719041036,46291428,430404,46291428
2023-02-13,0,0,0,0,0,655675610,196703,187497624,187498,843173234,840941252,446988276,443530515,444756294,443530515,2619746852,42158662,384200,42158662
2023-02-14,0,0,0,0,0,603946806,181184,178511947,178512,782458754,779961790,446826514,443269247,444329551,443269247,2557656349,39122938,359696,39122938
2023-02-15,0,0,0,0,0,490532772,147160,145807964,145808,636340736,635195743,431781862,429452840,430636870,429452840,2356520155,31817037,292968,31817037
2023-02-16,0,0,0,0,0,359989184,107997,107703935,107704,467693119,466483082,433493938,431285692,432283901,431285692,2194832304,23384656,215701,23384656
2023-02-17,0,0,0,0,0,351563643,105469,109055837,-109056,460619480,460561654,427393102,426388337,427286313,426388337,2168017742,23030974,214525,23030974
2023-02-20,0,0,0,0,0,305062074,-91519,111919062,-111919,416981136,416701062,437926056,437209523,438206130,437209523,2167252293,20849057,203438,20849057
2023-02-21,0,0,0,0,0,244489895,-73347,109680666,-109681,354170561,354325906,442835243,442043069,442679897,442043069,2123927183,17708528,183028,17708528
2023-02-22,0,0,0,0,0,174519048,-52356,165637716,-165638,340156764,340128136,442955792,442240881,442984420,442240881,2110550110,17007838,217993,17007838
2023-02-23,0,0,0,0,0,117380513,-35214,134811545,-134812,252192058,252358402,445057240,444294151,444890896,444294151,2030894840,12609603,170026,12609603
2023-02-24,0,0,0,0,0,98211247,-29463,98257766,98258,196469013,196780099,439534573,438762614,438974196,438762614,1952814097,9823451,127721,9823451
2023-02-27,0,0,0,0,0,639205128,-191762,72681260,72681,711886388,711584536,426204054,426048874,426754846,426048874,2416641185,35594319,264443,35594319
2023-02-28,0,0,0,0,0,655499010,-196650,31698147,31698,687197157,686464354,416069364,416364448,417420689,416364448,2352683304,34359858,228348,34359858
2023-03-02,0,0,0,0,0,708396011,-212519,17211099,-17211,725607110,724329876,417141145,417393814,418418379,417393814,2394677030,36280356,229730,36280356
2023-03-03,0,0,0,0,0,751673029,-225502,41315987,-41316,792989016,792152046,411862187,411886892,412699157,411886892,2440487174,39649451,266818,39649451
2023-03-06,0,0,0,0,0,793654790,-238096,47552964,-47553,841207754,839955595,416935595,417168733,418187754,417168733,2509416410,42060388,285649,42060388
2023-03-07,0,0,0,0,0,761832468,-228550,50471507,-50472,812303975,811125200,415134373,415330670,416313148,415330670,2473234061,40615199,279021,40615199
2023-03-08,0,0,0,0,0,705594604,-211678,54414742,-54415,760009346,758628941,403579399,403901912,404959804,403901912,2374971967,38000467,266093,38000467
2023-03-09,0,0,0,0,0,778647832,-233594,61511928,-61512,840159760,839533380,415994073,415871004,416620453,415871004,2503889914,42007988,295106,42007988
2023-03-10,0,0,0,0,0,783118685,-234936,55858415,-55858,838977100,838885516,401475831,401088119,401567415,401088119,2444105001,41948855,290794,41948855
2023-03-13,0,0,0,0,0,592621857,-177787,88011828,88012,680633685,680977018,364450625,363717274,363786520,363717274,2136648710,34031684,265798,34031684
2023-03-14,0,0,0,0,0,303418494,-91026,62551233,62551,365969727,366489445,364730123,363812380,363728490,363812380,1822572818,18298486,153577,18298486
2023-03-15,0,0,0,0,0,349923514,-104977,106251386,106251,456174900,456658339,363039197,362161707,362106991,362161707,1906127942,22808745,211228,22808745
2023-03-16,0,0,0,0,0,415969046,124791,149325836,149326,565294882,563449410,371231064,369828118,369385592,369828118,2043722302,28264744,274117,28264744
2023-03-17,0,0,0,0,0,523746393,157124,204014499,204014,727760892,725407955,388765389,387060949,386412452,387060949,2274707695,36388045,361138,36388045
2023-03-20,0,0,0,0,0,689478423,206844,241613576,241614,931091999,926738696,398785393,395933760,394432090,395933760,2511823699,46554600,448457,46554600
2023-03-21,0,0,0,0,0,874085824,262226,532495460,532495,1406581285,1402961491,407061541,404582038,403441747,404582038,3022628856,70329064,794721,70329064
2023-03-22,0,0,0,0,0,1627642673,488293,527302313,527302,2154944985,2150708301,413193888,410362373,408957204,410362373,3793584138,107747249,1015595,107747249
2023-03-23,0,0,0,0,0,1546591059,463977,513682105,513682,2060273163,2056032751,418017725,415177952,413777312,415177952,3718183692,103013658,977659,103013658
2023-03-24,0,0,0,0,0,1554194970,466258,519430049,519430,2073625019,2069720188,422227186,419555149,418322355,419555149,3749380029,103681251,985689,103681251
2023-03-27,0,0,0,0,0,1531302252,459391,519194952,519195,2050497204,2047326344,424243652,421963830,421072792,421963830,3736570447,102524860,978586,102524860
2023-03-28,0,0,0,0,0,1493087127,447926,516704650,516705,2009791777,2007338691,426209278,424810828,423756192,424810828,3706925816,100489589,964631,100489589
2023-03-29,0,0,0,0,0,1500036863,450011,537903326,537903,2037940190,2035471552,426165794,424803894,423697156,424803894,3734942289,101897009,987914,101897009
2023-03-30,0,0,0,0,0,1629288620,488787,587953703,587954,2217242323,2215333702,429800481,429216529,427891860,429216529,3931459101,110862116,1076740,110862116
2023-03-31,0,0,0,0,0,1760217044,528065,627152275,627152,2387369319,2385937430,435682985,435595131,434251095,435595131,4127061771,119368466,1155217,119368466
2023-04-03,0,0,0,0,0,2031647360,609494,716788638,716789,2748435998,2746004814,446673933,445161696,444242749,445161696,4527244889,137421800,1326283,137421800
2023-04-04,0,0,0,0,0,2200667825,660200,758830406,758830,2959498230,2957519415,446455572,445881887,444476756,445881887,4740215516,147974912,1419031,147974912
2023-04-05,0,0,0,0,0,2336077843,700823,762520028,762520,3098597872,3096341469,447490522,446565127,445234120,446565127,4882196366,154929894,1463343,154929894
2023-04-06,0,0,0,0,0,2320049732,696015,727374442,727374,3047424175,3045153892,454521400,453809613,452251117,453809613,4859545635,152371209,1423389,152371209
2023-04-07,0,0,0,0,0,2275479064,682644,685339198,685339,2960818262,2958886932,454703495,454415970,452772165,454415970,4775194532,148040913,1367983,148040913
2023-04-10,0,0,0,0,0,2306006506,691802,669642764,669643,2975649270,2974367617,460960384,461756005,459678732,461756005,4818518744,148782463,1361445,148782463
2023-04-11,0,0,0,0,0,2237517252,671255,644213099,644213,2881730351,2880731528,458403875,459390364,457405052,459390364,4715321183,144086518,1315468,144086518
2023-04-12,0,0,0,0,0,2300551417,690165,658230209,658230,2958781626,2958859568,473373495,475837575,473451437,475837575,4857359649,147939081,1348396,147939081
2023-04-13,0,0,0,0,0,2302855490,690857,639514825,639515,2942370315,2941676135,478225291,479799443,477531110,479799443,4857031422,147118516,1330371,147118516
2023-04-14,0,0,0,0,0,2356852641,707056,640551189,640551,2997403830,2995487054,489630369,489707015,487713593,489707015,4952245046,149870192,1347607,149870192
2023-04-17,0,0,0,0,0,2334441163,700332,618694556,618695,2953135719,2951127647,494135925,493794594,492127854,493794594,4924980613,147656786,1319027,147656786
2023-04-18,0,0,0,0,0,2239153722,671746,594327541,594328,2833481263,2831694429,498070914,497993478,496284079,497993478,4822036379,141674063,1266074,141674063
2023-04-19,0,0,0,0,0,2183737199,655121,590198888,590199,2773936087,2771444030,503332365,502101680,500840308,502101680,4779820062,138696804,1245320,138696804
2023-04-20,0,0,0,0,0,2186771824,656032,577838436,577838,2764610261,2762356795,505452976,504610233,503199510,504610233,4780229748,138230513,1233870,138230513
2023-04-21,0,0,0,0,0,2289916174,686975,615155639,615156,2905071813,2901799731,500619840,498781110,497347758,498781110,4897329548,145253591,1302130,145253591
2023-04-24,0,0,0,0,0,2255475768,676643,650008829,650009,2905484597,2902065799,503247485,501344059,499828686,501344059,4907830089,145274230,1326652,145274230
2023-04-25,0,0,0,0,0,2379656492,713897,677276312,677276,3056932804,3053259875,505250629,503233645,501577700,503233645,5066555495,152846640,1391173,152846640
2023-04-26,0,0,0,0,0,2384283650,715285,714697648,714698,3098981298,3095225150,506125784,504073122,502369636,504073122,5111866814,154949065,1429983,154949065
2023-04-27,0,0,0,0,0,2503033188,750910,737420925,737421,3240454113,3236593831,507603492,505503998,503743211,505503998,5258948530,162022706,1488331,162022706
2023-04-28,0,0,0,0,0,2341532799,702460,708897992,708898,3050430791,3046819902,511424049,509427779,507813160,509427779,5084912668,152521540,1411358,152521540
2023-05-02,0,0,0,0,0,2017237276,605171,586655289,586655,2603892565,2600681456,518179208,516344441,514968099,516344441,4666517644,130194628,1191826,130194628
2023-05-03,0,0,0,0,0,1965481332,589644,190192539,190193,2155673871,2152461197,540810595,538951259,537597921,538951259,4308772230,107783694,779837,107783694
2023-05-04,0,0,0,0,0,2102374471,630712,270762958,270763,2373137428,2370433225,548867907,547194922,546163704,547194922,4559854681,118656871,901475,118656871
2023-05-08,95374914395,95374914395,0,4768745720,18311333,2129756559,638927,388537170,388537,2518293729,2515784072,547685257,546097572,545175600,546097572,4700840074,125914686,1027464,4894660406
2023-05-09,95374914395,95374914395,0,4768745720,18311333,2148650616,644595,447314807,447315,2595965423,2593867388,556463136,555037235,554365102,555037235,4814770097,129798271,1091910,4898543991
2023-05-10,95374914395,95374914395,0,4768745720,18311333,2640604502,792181,421570929,421571,3062175430,3059843246,557779827,556251168,555447643,556251168,5285573052,153108772,1213752,4921854491
2023-05-11,0,0,0,0,0,2468096322,740429,463357359,463357,2931453681,2929022937,561937753,560364262,559507009,560364262,5171196222,146572684,1203786,146572684
2023-05-12,0,0,0,0,0,1820952862,546286,497043573,497044,2317996436,2315601726,562652049,561092914,560257340,561092914,4560696944,115899822,1043329,115899822
2023-05-15,0,0,0,0,0,2169642848,650893,474230127,474230,2643872976,2641864592,573707915,572304128,571699531,572304128,4931880293,132193649,1125123,132193649
2023-05-16,95374914395,95374914395,0,4768745720,9335368,2471722082,741517,542796025,542796,3014518108,3012136151,571061396,569504973,568679439,569504973,5290886932,150725905,1284313,4919471625
2023-05-17,95374914395,95374914395,0,4768745720,9335368,2704200892,811260,559427329,559427,3263628221,3261485318,584806249,583339972,582663346,583339972,5595634857,163181411,1370688,4931927131
2023-05-18,95374914395,95374914395,0,4768745720,9335368,1956027408,586808,472771540,472772,2428798948,2427690760,588905281,587864114,587797093,587864114,4780121362,121439947,1059580,4890185667
2023-05-19,95374914395,95374914395,0,4768745720,9335368,1661772267,498532,352888360,352888,2014660627,2014116317,591000698,590195138,590456389,590195138,4375963681,100733031,851420,4869478751
2023-05-22,190749828791,190749828791,0,9537491440,14046228,1411441740,423433,185376725,185377,1596818465,1595956215,591435229,590496843,590572979,590496843,3958958108,79840923,608809,9617332363
2023-05-23,190749828791,190749828791,0,9537491440,14046228,1271122843,381337,122779847,122780,1393902690,1393539541,574926601,574226648,574563451,574226648,3691482889,69695135,504117,9607186574
2023-05-24,95374914395,95374914395,0,4768745720,9335368,1126518230,337955,53303740,53304,1179821970,1179585509,583448230,582793728,583211770,582793728,3511832966,58991098,391259,4827736818
2023-05-25,0,0,0,0,0,859156111,257747,532824238,-532824,1391980349,1392247111,593651076,593340884,594238553,593340884,3766818508,69599017,790571,69599017
2023-05-26,0,0,0,0,0,756827360,227048,483727967,-483728,1240555327,1241028390,617994963,617679904,619051400,617679904,3713434562,62027766,710776,62027766
2023-05-30,0,0,0,0,0,839462468,-251839,399659290,-399659,1239121758,1237736160,621664120,621414012,623049719,621414012,3725278023,61956088,651498,61956088
2023-05-31,95374914395,95374914395,0,4768745720,18311333,595890505,-178767,333224948,-333225,929115453,929409156,590651395,589424433,590357693,589424433,3289267110,46455773,511992,4815201492
2023-06-01,95374914395,95374914395,0,4768745720,18311333,357293983,-107188,407023689,-407024,764317672,764253982,590432181,589527507,590495872,589527507,3124237048,38215884,514212,4806961603
2023-06-02,95374914395,95374914395,0,4768745720,18311333,165670741,-49701,467493365,-467493,633164106,633656509,587853728,586635392,587361325,586635392,2982142347,31658205,517195,4800403925
2023-06-05,95374914395,95374914395,0,4768745720,18311333,106130696,-31839,581594056,-581594,687724752,687648585,601246919,600288921,601323086,600288921,3090796432,34386238,613433,4803131957
2023-06-07,95374914395,95374914395,0,4768745720,18311333,470535669,-141161,667686646,-667687,1138222316,1138490726,599676424,598615543,599408014,598615543,3534806249,56911116,808847,4825656836
2023-06-08,143062371593,95374914395,47687457198,9537491440,57363523,931732478,-279520,680194255,-680194,1611926732,1611336265,606403530,605876220,606993998,605876220,4036486234,80596337,959714,9618087776
2023-06-09,143062371593,95374914395,47687457198,9537491440,57363523,1232734824,-369820,1000641243,-1000641,2233376067,2232740252,722609799,721680221,723245614,721680221,5121956108,111668803,1370462,9649160243
2023-06-12,47687457198,0,47687457198,4768745720,39052190,144673740,-43402,653965412,-653965,798639152,2256431931,728546259,727521338,729246521,727521338,5169267386,39931958,697368,4808677677
2023-06-13,47687457198,0,47687457198,4768745720,39052190,145766123,-43730,659774319,-659774,805540442,2277467509,735611599,734639424,736315468,734639424,5218673424,40277022,703504,4809022742
2023-06-14,0,0,0,0,0,1256766790,-377030,1001370312,-1001370,2258137102,2259360962,734410428,734084637,734982706,734084637,5196923370,112906855,1378400,112906855
2023-06-15,0,0,0,0,0,1399473571,-419842,974841596,-974842,2374315167,2374358049,727601341,727869559,727837810,727526710,5285193470,118715758,1394684,118715758
2023-06-16,0,0,0,0,0,1649672906,-494902,993243335,-993243,2642916242,2643365823,784815759,784909584,785189747,784646341,5782927254,132145812,1488145,132145812
2023-06-19,0,0,0,0,0,1779111596,-533733,946246326,-946246,2725357921,2726213400,790005154,789897215,790496611,789749071,5886361452,136267896,1479980,136267896
2023-06-20,0,0,0,0,0,3638080461,-1091424,911716036,-911716,4549796497,4550476578,797442983,797344413,797840562,797259050,7740363586,227489825,2003140,227489825
2023-06-21,0,0,0,0,0,3571041825,-1071313,872051943,-872052,4443093768,4443716553,809183761,809026108,809516448,809051316,7680494186,222154688,1943364,222154688
2023-06-22,95374914395,0,95374914395,9537491440,68058034,3436481080,-1030944,896717623,-896718,4333198703,4333719177,812760014,812677473,813077334,812639400,7584873399,216659935,1927662,9754151375
2023-06-23,95374914395,0,95374914395,9537491440,68058034,3303813158,-991144,954289045,-954289,4258102203,4258310828,819553794,819576679,819753544,819522034,7536716878,212905110,1945433,9750396550
2023-06-26,95374914395,0,95374914395,9537491440,68058034,3109619509,-932886,989516429,-989516,4099135937,4099576378,809723212,809636760,809991522,809637533,7338565405,204956797,1922402,9742448236
2023-06-27,95374914395,0,95374914395,9537491440,68058034,2968706302,-890612,1084297825,-1084298,4053004127,4053513510,813363140,813255517,813658505,813256745,7307047417,202650206,1974910,9740141646
2023-06-28,95374914395,0,95374914395,9537491440,68058034,2918173554,-875452,1254522391,-1254522,4172695945,4172931637,814675135,814675135,814875729,814640037,7431797674,208634797,2129974,9746126237
2023-06-29,47687457198,0,47687457198,4768745720,39052190,3058882729,-917665,1271689087,-1271689,4330571815,4330973244,827124448,827124448,827471060,827069631,7639762830,216528591,2189354,4985274311
2023-06-30,0,0,0,0,0,3127960365,-938388,1311500451,-1311500,4439460816,4439833674,821550526,821550526,821449298,821076440,7725460465,221973041,2249889,221973041
2023-07-03,95374914395,95374914395,0,4768745720,7034255,3225499175,-967650,1249550756,-1249551,4475049931,4475714724,821757352,821757352,822336477,821671684,7763237589,223752497,2217201,4992498216
2023-07-04,95374914395,95374914395,0,4768745720,7034255,3359048388,-1007715,1232813862,-1232814,4591862250,4592377215,820916285,820916285,821203830,820688864,7876102481,229593112,2240528,4998338832
2023-07-05,95374914395,95374914395,0,4768745720,7034255,3518549399,-1055565,1186749927,-1186750,4705299326,4706143907,845714884,845714884,846071255,845226675,8088871605,235264966,2242315,5004010686
2023-07-06,95374914395,95374914395,0,4768745720,7034255,3476476224,-1042943,1174117036,-1174117,4650593261,4651073908,820833159,820833159,819975761,819495113,7932211100,232529663,2217060,5001275383
2023-07-07,95374914395,95374914395,0,4768745720,7034255,3532430585,-1059729,1206288289,-1206288,4738718875,4738756905,824629654,824629654,822009630,821971599,8031997443,236935944,2266017,5005681663
2023-07-10,95374914395,95374914395,0,4768745720,7034255,3510062907,-1053019,1182351221,-1182351,4692414129,4692371209,808130863,808130863,804696591,804739511,7918069036,234620706,2235370,5003366426
2023-07-11,95374914395,95374914395,0,4768745720,7034255,3177140609,-953142,1053097562,-1053098,4230238171,4229973306,753054599,753054599,750464724,750729589,7237276819,211511909,2006240,4980257628
2023-07-12,95374914395,95374914395,0,4768745720,7034255,3295893795,-988768,1087651579,-1087652,4383545374,4383515009,767114927,767114927,765026729,765057095,7447828687,219177269,2076420,4987922988
2023-07-13,95374914395,95374914395,0,4768745720,7034255,2893029493,-867909,985782003,-985782,3878811495,3878765259,706974100,706974100,706586193,706632429,6705932080,193940575,1853691,4962686295
2023-07-14,95374914395,95374914395,0,4768745720,7034255,2837049092,-851115,1003856980,-1003857,3840906071,3840341115,726949111,726949111,725530953,726095909,6745866200,192045304,1854972,4960791023
2023-07-17,95374914395,95374914395,0,4768745720,7034255,2669946374,-800984,963270720,-963271,3633217094,3632359027,729379916,729379916,727799143,728657210,6547575212,181660855,1764255,4950406574
2023-07-18,95374914395,95374914395,0,4768745720,7034255,1501181021,-450354,924161779,-924162,2425342800,2424607062,735894046,735894046,734621354,735357092,5366373598,121267140,1374516,4890012860
2023-07-19,95374914395,95374914395,0,4768745720,7034255,1727252028,-518176,592442718,-592443,2319694746,2318347552,726321250,726321250,725304978,726652173,5222947202,115984737,1110618,4884730457
2023-07-20,95374914395,95374914395,0,4768745720,7034255,1891841779,-567553,632342672,-632343,2524184451,2522981703,742291212,742291212,740909931,742112678,5490586737,126209223,1199895,4894954942
2023-07-21,95374914395,95374914395,0,4768745720,7034255,1965880394,-589764,621549883,-621550,2587430277,2586705466,743583123,743583123,742345606,743070418,5559287735,129371514,1211314,4898117234
2023-07-24,0,0,0,0,0,1985803693,-595741,660226720,-660227,2646030413,2645213891,746381146,746381146,744771045,745587567,5628334795,132301521,1255968,132301521
2023-07-25,0,0,0,0,0,1893426023,-568028,671507272,-671507,2564933295,2564482373,747888777,747888777,746272126,746723047,5553255101,128246665,1239535,128246665
2023-07-26,0,0,0,0,0,1721325502,-516398,629002263,-629002,2350327765,2349631082,747733468,747733468,746066357,746763040,5337927415,117516388,1145400,117516388
2023-07-27,0,0,0,0,0,1487597662,-446279,569513814,-569514,2057111476,2055861272,744293855,744293855,742549934,743800138,5030799054,102855574,1015793,102855574
2023-07-28,0,0,0,0,0,1500824701,-450247,571775683,-571776,2072600383,2071708971,729181774,729181774,726083475,726974888,4983130883,103630019,1022023,103630019
2023-07-31,0,0,0,0,0,1592683754,-477805,720075922,-720076,2312759676,2312477089,749407075,749407075,746851188,747133775,5305276203,115637984,1197881,115637984
2023-08-01,0,0,0,0,0,1587883164,-476365,697132071,-697132,2285015235,2284604110,757155403,757155403,754997150,755408275,5309320340,114250762,1173497,114250762
2023-08-02,0,0,0,0,0,1508529897,-452559,659532007,-659532,2168061904,2167888152,758700006,758700006,756451756,756625508,5198365427,108403095,1112091,108403095
2023-08-03,0,0,0,0,0,2363094616,-708928,667164595,-667165,3030259211,3030471625,750342035,750342035,748252441,748040026,6027448163,151512961,1376093,151512961
2023-08-04,0,0,0,0,0,2131011677,-639304,753003531,-753004,2884015208,2884267848,750130510,750130510,747864866,747612227,5880005961,144200760,1392307,144200760
2023-08-07,0,0,0,0,0,1369043506,-410713,1200693710,-1200694,2569737216,4051749079,742292902,742292902,741120555,740891308,7018346745,128486861,1611407,128486861
2023-08-08,0,0,0,0,0,1348617214,-404585,1199243751,-1199244,2547860965,4003641542,728961421,728961421,727895087,727885490,6917344960,127393048,1603829,127393048
2023-08-09,0,0,0,0,0,1763922357,-529177,1201299608,-1201300,2965221965,4442713330,739293987,739293987,738859104,738632261,7398792669,148261098,1730476,148261098
2023-08-10,0,0,0,0,0,1843199754,-552960,1208242599,-1208243,3051442353,4544452323,747238152,747238152,746640602,746369367,7531938596,152572118,1761203,152572118
2023-08-11,0,0,0,0,0,1856244484,-556873,1195684832,-1195685,3051929316,4570854317,759462366,759462366,759857829,759067172,7608704050,152596466,1752558,152596466
2023-08-14,0,0,0,0,0,1853744499,-556123,1156106188,-1156106,3009850687,4525728768,757662786,757662786,758750510,757127571,7556932422,150492534,1712230,150492534
2023-08-16,0,0,0,0,0,1809347991,-542804,1143452213,-1143452,2952800204,4461218954,754363854,754363854,754673057,753745692,7478365412,147640010,1686257,147640010
2023-08-17,0,0,0,0,0,1659344254,-497803,1023703608,-1023704,2683047862,4128882323,723147862,723147862,723928090,721906370,7021012508,134152393,1521507,134152393
2023-08-18,0,0,0,0,0,1640529198,-492159,1014990778,-1014991,2655519976,4100786807,722953138,722953138,723252959,722013872,6991959914,132775999,1507150,132775999
2023-08-21,0,0,0,0,0,1667669942,-500301,989357340,-989357,2657027282,4087908321,716789959,716789959,716032046,714848993,6952369278,132851364,1489658,132851364
2023-08-22,0,0,0,0,0,1726039819,-517812,996599809,-996600,2722639628,4201856658,739917975,739917975,740717156,738499874,7160909639,136131981,1514412,136131981
2023-08-23,0,0,0,0,0,1671569703,-501471,968557811,-968558,2640127514,4132141186,745032957,745032957,747270052,744743620,7114220772,132006376,1470029,132006376
2023-08-24,0,0,0,0,0,1623871190,-487161,953548876,-953549,2577420066,4067090519,743431760,743431760,745954868,743715585,7043624491,128871003,1440710,128871003
2023-08-25,0,0,0,0,0,1729686011,-518906,1012698473,-1012698,2742384484,4332827046,794535548,794535548,796519487,793923075,7512340704,137119224,1531604,137119224
2023-08-28,0,0,0,0,0,1724423730,-517327,972785856,-972786,2697209587,4266022765,784024090,784024090,785142661,783670517,7402884123,134860479,1490113,134860479
2023-08-29,0,0,0,0,0,1677309224,-503193,932843497,-932843,2610152721,4202800988,796309289,796309289,796896117,795752151,7388067834,130507636,1436036,130507636
2023-08-30,0,0,0,0,0,4816032294,-1444810,1206884728,-1206885,6022917022,6024555765,813514236,813514236,815232440,813593697,9280410375,301145851,2651694,301145851
2023-08-31,0,0,0,0,0,3199892334,-959968,624195272,-624195,3824087606,5453853801,814080857,814080857,815618709,814147486,8711781710,191204380,1584163,191204380
2023-09-01,0,0,0,0,0,2297543505,-689263,669935909,-669936,2967479414,4643073026,837748504,837748504,838134608,837459003,7994163645,148373971,1359199,148373971
2023-09-04,0,0,0,0,0,2333358046,-700007,646232217,-646232,2979590262,4701694095,860903424,860903424,858856339,858559354,8140916637,148979513,1346240,148979513
2023-09-05,95374914395,95374914395,0,4768745720,18311333,3687305998,-1106192,998636087,-998636,4685942084,4687312513,857433451,856420583,854523764,854166203,8109856514,234297104,2104828,5003042824
2023-09-06,95374914395,95374914395,0,4768745720,18311333,3787199502,-1136160,1025577576,-1025578,4812777078,4814561790,858222225,857237441,855831984,855032056,8240885495,240638854,2161737,5009384574
2023-09-07,95374914395,95374914395,0,4768745720,18311333,4264573020,-1279372,1006869093,-1006869,5271442113,5273733017,847954155,846786003,844588406,843465654,8656527236,263572106,2286241,5032317825
2023-09-08,95374914395,95374914395,0,4768745720,18311333,4270633438,-1281190,1016095318,-1016095,5286728756,5288490557,856297886,855235314,853250716,852551486,8705825959,264336438,2297285,5033082158
2023-09-11,190749828791,190749828791,0,9537491440,32180065,4220632523,-1266190,972820677,-972821,5193453199,5195492824,853664979,852221875,847718961,847122440,8596221080,259672660,2239010,9797164099
2023-09-12,190749828791,190749828791,0,9537491440,32180065,3006217611,-901865,611987796,-611988,3618205407,5319832744,855932867,854525492,850545476,849674487,8730511067,180910270,1513853,9718401710
2023-09-13,190749828791,190749828791,0,9537491440,32180065,4368013939,-1310404,941955257,-941955,5309969196,5311942906,853796106,852405664,848237963,847654695,8714037335,265498460,2252359,9802989899
2023-09-14,190749828791,190749828791,0,9537491440,32180065,4492273744,-1347682,965496964,-965497,5457770709,5459412880,850886766,849537426,845393316,845100485,8850330873,272888535,2313179,9810379975
2023-09-15,190749828791,190749828791,0,9537491440,32180065,4507397795,-1352219,975232028,-975232,5482629823,5484277827,853537715,852111415,847392161,847170458,8884489576,274131491,2327451,9811622931
2023-09-18,190749828791,190749828791,0,9537491440,32180065,4661290162,-1398387,1010001753,-1010002,5671291915,5673509211,844977474,843525104,838971337,838206412,9039189538,283564596,2408389,9821056035
2023-09-19,190749828791,190749828791,0,9537491440,32180065,4773224558,-1431967,1099976518,-1099977,5873201076,5875388268,852532952,851143701,847143387,846345446,9272553754,293660054,2531944,9831151493
2023-09-20,190749828791,190749828791,0,9537491440,32180065,4782687438,-1434806,1111317979,-1111318,5894005416,5896127512,854214195,852803887,848574073,847862285,9299581951,294700271,2546124,9832191710
2023-09-21,95374914395,95374914395,0,4768745720,18311333,3285516341,-985655,722696744,-722697,4008213085,5686822008,839511115,838004962,833282845,832189998,9029810927,200410654,1708352,4969156374
2023-09-22,0,0,0,0,0,3225480952,-967644,698053405,-698053,3923534357,5586373942,830841569,830962268,826097306,825061557,8899336642,196176718,1665698,196176718
2023-09-25,0,0,0,0,0,3277856721,-983357,679179463,-679179,3957036184,5641139467,841652978,841101392,837433204,836084292,8997411333,197851809,1662536,197851809
2023-09-26,0,0,0,0,0,3335588525,-1000677,666118369,-666118,4001706894,5717102206,858055884,856059020,851882052,850601645,9133700806,200085345,1666795,200085345
2023-09-27,0,0,0,0,0,3318327489,-995498,638208463,-638208,3956535952,5667419302,855396978,854383380,849496265,848393272,9075089197,197826798,1633707,197826798
2023-10-04,0,0,0,0,0,1457749400,-437325,243108250,-243108,1700857650,2721443850,512846842,506496032,508133979,506890653,4755811356,85042882,680433,85042882
2023-10-05,0,0,0,0,0,1440437817,-432131,235300365,-235300,1675738182,2687792356,508153653,502795276,503911016,502805772,4705458072,83786909,667432,83786909
2023-10-06,0,0,0,0,0,1382636606,-414791,237017959,-237018,1619654565,2613551410,498703770,494366237,494411174,493584336,4594616927,80982728,651809,80982728
2023-10-10,0,0,0,0,0,1356045686,-406814,248958474,-248958,1605004160,2607397368,502743762,498769149,499000126,498119829,4606030234,80250208,655772,80250208
2023-10-11,0,0,0,0,0,1328287428,-398486,257892888,-257893,1586180316,2598256264,507105458,504194066,503984567,503208142,4616748497,79309016,656379,79309016
2023-10-12,95374914395,95374914395,0,4768745720,9335368,1285779428,-385734,266259362,-266259,1552038790,2562021679,505969329,503338201,502710941,502035582,4576075732,77601939,651993,4846347659
2023-10-13,95374914395,95374914395,0,4768745720,9335368,1244385914,-373316,281143123,-281143,1525529037,2570154371,523582500,520245095,520031447,519233709,4653247123,76276452,654459,4845022172
2023-10-16,95374914395,95374914395,0,4768745720,9335368,1212129376,-363639,291150615,-291151,1503279991,2548843329,524031860,520550936,521086459,520105918,4634618503,75164000,654789,4843909719
2023-10-17,95374914395,95374914395,0,4768745720,9335368,1182129226,-354639,302984485,-302984,1485113711,2529914641,523762421,519976547,520861485,519799522,4614314616,74255686,657623,4843001405
2023-10-18,95374914395,95374914395,0,4768745720,9335368,1147817099,-344345,313358154,-313358,1461175253,2503762074,522706268,518650406,520246473,519016326,4584381547,73058763,657703,4841804482
2023-10-19,95374914395,95374914395,0,4768745720,9335368,1108347987,-332504,326228358,-326228,1434576345,2479274099,524046071,519323808,521341173,520013299,4563998450,71728817,658733,4840474537
2023-10-20,95374914395,95374914395,0,4768745720,9335368,1023400446,-307020,332368369,-332368,1355768815,2397064626,522407575,517794092,518832196,517738051,4473836540,67788441,639389,4836534161
2023-10-23,95374914395,95374914395,0,4768745720,9335368,973441749,-292033,331353451,-331353,1304795200,2343411833,521313583,516159014,517425104,516281068,4414590602,65239760,623386,4833985480
2023-10-24,95374914395,95374914395,0,4768745720,9335368,928346748,-278504,315373103,-315373,1243719851,2254196158,506617543,502879062,503592656,502612954,4269898372,62185993,593877,4830931712
2023-10-25,0,0,0,0,0,952591115,-285777,300431388,-300431,1253022503,2260881425,505582067,501274639,502098358,501096142,4270932630,62651125,586209,62651125
2023-10-26,0,0,0,0,0,210196255,-63059,108302947,-108303,318499202,2299778746,498538081,493503690,495215646,494022127,4281058290,15924960,171362,15924960
2023-10-27,0,0,0,0,0,220156923,-66047,92465097,-92465,312622020,2280883398,494649811,490495074,491880183,491236310,4249144777,15631101,158512,15631101
2023-10-30,0,0,0,0,0,239703246,-71911,83257001,-83257,322960247,2309857183,499329151,495006294,496720736,495840756,4296754120,16148012,155168,16148012
2023-10-31,0,0,0,0,0,259131150,-77739,74302801,-74303,333433951,2327387571,501528926,496807705,498266603,497350387,4321341191,16671698,152042,16671698
2023-11-01,0,0,0,0,0,234874561,-70462,56027551,-56028,290902112,2286637221,502052345,497477919,498397941,497806904,4282372330,14545106,126490,14545106
2023-11-02,0,0,0,0,0,345356930,-103607,66490512,-66491,411847442,2353720605,487577784,484402530,484836611,485056239,4295593768,20592372,170098,20592372
2023-11-03,0,0,0,0,0,333158216,-99947,59876879,-59877,393035095,2334289812,487072079,484413817,484580339,485188482,4275544528,19651755,159824,19651755
2023-11-06,95374914395,95374914395,0,4768745720,9335368,793120115,-237936,188131893,-188132,981252009,1932575312,477182372,475356781,475101063,476316912,3836532441,49062600,426068,4817808320
2023-11-07,95374914395,95374914395,0,4768745720,9335368,880474753,-264142,194351789,-194352,1074826541,2031518409,479899243,477966874,477470364,478644613,3945499504,53741327,458494,4822487047
2023-11-08,95374914395,95374914395,0,4768745720,9335368,10470585,3141,7984358,7984,18454943,1908031806,483028432,481244432,480541902,481671984,3834518554,922747,11126,4769668467
2023-11-09,95374914395,95374914395,0,4768745720,9335368,216913369,65074,45095760,45096,262009129,1647286745,478075007,477068242,476204153,477948471,3556582618,13100456,110170,4781846176
2023-11-10,95374914395,95374914395,0,4768745720,9335368,976137521,292841,234049491,234049,1210187011,700055520,478693572,477368701,476369074,477811185,2610298051,60509351,526891,4829255070
2023-11-13,95374914395,95374914395,0,4768745720,9335368,930260809,279078,218960396,218960,1149221206,755681437,477412932,475717975,475301305,476470430,2660584080,57461060,498039,4826206780
2023-11-14,95374914395,95374914395,0,4768745720,9335368,874908555,262473,205596506,205597,1080505061,833635976,479328962,477935366,477707065,479169644,2747777012,54025253,468069,4822770973
2023-11-15,95374914395,95374914395,0,4768745720,9335368,730184083,219055,171995237,171995,902179320,915660502,454282497,454240672,453332670,455983982,2733500323,45108966,391050,4813854686
2023-11-16,95374914395,95374914395,0,4768745720,9335368,750566563,225170,162061028,162061,912627591,936382315,462066132,462242636,460949661,463751476,2785392221,45631380,387231,4814377099
2023-11-17,95374914395,95374914395,0,4768745720,9335368,861367962,258410,185030204,185030,1046398166,833369387,469328359,469471825,468842148,472125220,2713136940,52319908,443441,4821065628
2023-11-20,95374914395,95374914395,0,4768745720,9335368,1696623117,508987,376825052,376825,2073448169,180510226,472360839,472798930,472007795,475770380,2073448169,103672408,885812,4872418128
2023-11-21,95374914395,95374914395,0,4768745720,9335368,1711318952,513396,384473683,384474,2095792635,196045615,473591088,474170527,473736993,478248413,2095792635,104789632,897869,4873535352
2023-11-22,95374914395,95374914395,0,4768745720,9335368,1722787059,516836,392033512,392034,2114820571,227857631,470522736,470694184,470899990,474846030,2114820571,105741029,908870,4874486748
2023-11-23,95374914395,95374914395,0,4768745720,9335368,1668246340,500474,386242088,386242,2054488428,168683162,470030389,470368417,470517257,474889202,2054488428,102724421,886716,4871470141
2023-11-24,95374914395,95374914395,0,4768745720,9335368,1644018913,493206,381038338,381038,2025057250,111160166,477931143,477963312,477357540,480645090,2025057250,101252863,874244,4869998582
2023-11-27,95374914395,95374914395,0,4768745720,9335368,1600719879,480216,372046508,372047,1972766387,47767867,480501029,480594244,480180255,483722992,1972766387,98638319,852262,4867384039
2023-11-28,95374914395,95374914395,0,4768745720,9335368,1599701554,479910,358571510,358572,1958273063,37166359,479571333,480030827,478892300,482612245,1958273063,97913653,838482,4866659373
2023-11-29,95374914395,95374914395,0,4768745720,9335368,1630426330,489128,355423384,355423,1985849714,108251841,468031399,469131457,467797994,472637022,1985849714,99292486,844551,4868038205
2023-11-30,95374914395,95374914395,0,4768745720,9335368,927585979,278276,193678993,193679,1121264972,190587041,467023523,467840661,466560482,470746736,2062758444,56063249,471955,4824808968
2023-12-01,95374914395,95374914395,0,4768745720,9335368,1786113406,535834,386391324,386391,2172504729,283919731,470731519,471476086,470810187,475567207,2172504729,108625236,922225,4877370956
2023-12-04,95374914395,95374914395,0,4768745720,9335368,1854903411,556471,400594072,400594,2255497483,375421022,468375837,469602003,468369295,473729326,2255497483,112774874,957065,4881520594
2023-12-05,95374914395,95374914395,0,4768745720,9335368,1909715501,572915,413882267,413882,2323597768,464488603,462851471,464532877,462851471,468873347,2323597768,116179888,986797,4884925608
2023-12-06,95374914395,95374914395,0,4768745720,9335368,1908433447,572530,428903601,428904,2337337048,480851304,462024837,463909686,462024837,468526385,2337337048,116866852,1001434,4885612572
2023-12-07,95374914395,95374914395,0,4768745720,9335368,1925001009,577500,438940375,438940,2363941385,491556590,465991420,467434369,465991420,472967587,2363941385,118197069,1016441,4886942789
2023-12-08,95374914395,95374914395,0,4768745720,9335368,1198203269,359461,90591751,90592,1288795020,1294116553,469019753,470379875,469019753,475701408,3178237342,64439751,450053,4833185471
2023-12-11,0,0,0,0,0,1959728808,587919,265960170,265960,2225688978,1293774210,469150057,470353934,469034665,476623887,3178936752,111284449,853879,111284449
2023-12-12,0,0,0,0,0,1918052663,575416,449841839,449842,2367894503,1436287229,468887062,470331624,468769987,476381400,3320657303,118394725,1025258,118394725
2023-12-13,0,0,0,0,0,1868460939,560538,449874257,449874,2318335196,1388169453,468299054,469652432,468169105,475954849,3270244894,115916760,1010413,115916760
2023-12-14,0,0,0,0,0,1609509967,482853,417866984,417867,2027376951,1193988943,418156481,420475747,418138083,423382303,2874141557,101368848,900720,101368848
2023-12-15,0,0,0,0,0,1553020920,465906,413774137,413774,1966795058,1134766003,417585454,419634506,417570540,422761446,2812317949,98339753,879680,98339753
2023-12-18,0,0,0,0,0,1510822560,453247,402801511,402802,1913624071,1076689250,419828978,421880868,419845639,424620665,2762865400,95681204,856048,95681204
2023-12-19,0,0,0,0,0,1464297555,439289,390753085,390753,1855050639,1014838032,421555837,424021767,421535138,426900135,2708850909,92752532,830042,92752532
2023-12-20,0,0,0,0,0,1406279658,421884,376890853,376891,1783170512,945946325,419783948,422562343,419778076,424900180,2632970871,89158526,798775,89158526
2023-12-21,0,0,0,0,0,1447497203,434249,367113746,367114,1814610949,970210209,423291135,426064599,423300205,428255199,2671121347,90730547,801363,90730547
2023-12-22,0,0,0,0,0,1499230399,449769,356147476,356147,1855377876,1007242443,425094146,427620306,425132984,429712003,2714801881,92768894,805917,92768894
2023-12-26,0,0,0,0,0,1545400273,463620,347034580,347035,1892434853,1039324335,427386946,429605932,427480790,431363150,2755161154,94621743,810655,94621743
2023-12-27,0,0,0,0,0,1597910564,479373,343500730,343501,1941411295,1082145088,430436056,433297680,430494613,434962142,2811335579,97070565,822874,97070565
2023-12-28,143062371593,95374914395,47687457198,9537491440,48489464,937775857,281333,187880686,187881,1125656543,1126395927,424668414,427660542,424789094,428279246,2831793224,56282827,469213,9593774267
2023-12-29,143062371593,95374914395,47687457198,9537491440,48489464,1239919450,371976,266813558,266814,1506733008,1507687335,543481394,547278355,543642677,548071398,3690161159,75336650,638789,9612828090
2024-01-02,143062371593,95374914395,47687457198,9537491440,48489464,2010787916,603236,463782575,463783,2474570491,1462276892,507082210,508971621,507999042,511759273,3498089037,123728525,1067019,9661219964
2024-01-03,95374914395,95374914395,0,4768745720,26928301,1224550888,367365,269534129,269534,1494085017,1498322730,508064515,509296145,509070685,512527688,3537281764,74704251,636899,4843449971
2024-01-04,95374914395,95374914395,0,4768745720,26928301,1252734939,375820,277829283,277829,1530564222,1534060333,511295451,512070033,512370382,514491213,3584287411,76528211,653650,4845273931
2024-01-05,95374914395,95374914395,0,4768745720,26928301,1278261659,383478,286610357,286610,1564872016,1570122702,513590897,514999513,514671650,519169446,3632554208,78243601,670089,4846989321
2024-01-08,95374914395,95374914395,0,4768745720,26928301,1225757417,367727,280695153,280695,1506452571,1511482907,513854608,515288383,514901849,519271479,3574799226,75322629,648422,4844068348
2024-01-09,95374914395,95374914395,0,4768745720,26928301,568963357,170689,123026773,123027,691990130,696700815,526240051,528862780,526695607,533117908,2811617160,34599507,293716,4803345226
2024-01-10,95374914395,95374914395,0,4768745720,26928301,669745170,200924,161594244,161594,831339415,836523174,527584073,529858384,528211518,534414698,2956591848,41566971,362518,4810312690
2024-01-11,95374914395,95374914395,0,4768745720,26928301,747339890,224202,197141014,197141,944480905,948731884,527282444,529999940,527710008,533823356,3067547631,47224045,421343,4815969765
2024-01-12,0,0,0,0,0,846086238,253826,220764311,220764,1066850549,1070599987,530215647,533195503,530555464,536605124,3201171724,53342527,474590,53342527
2024-01-15,0,0,0,0,0,923356403,277007,216304060,216304,1139660463,1143428523,539236789,542884988,539403748,546486090,3311440138,56983023,493311,56983023
2024-01-16,0,0,0,0,0,906938602,272082,196075043,196075,1103013645,1107304943,537639793,540772548,537948689,544754951,3268420924,55150682,468157,55150682
2024-01-17,0,0,0,0,0,1830367669,549110,394064323,394064,2224431992,1141746521,536677146,539246222,537181081,543943184,3298794155,111221600,943175,111221600
2024-01-18,0,0,0,0,0,1924850495,577455,370963486,370963,2295813981,1199930182,543511775,545932461,544116509,550556072,3384046999,114790699,948419,114790699
2024-01-19,0,0,0,0,0,1561213136,468364,344035296,344035,1905248432,809501910,544332977,546223125,545248096,550438516,2995744624,95262422,812399,95262422
2024-01-22,0,0,0,0,0,1576626590,472988,356606989,356607,1933233580,813113374,555670320,558066562,556332416,562715739,3045898412,96661679,829595,96661679
2024-01-23,0,0,0,0,0,2484028046,745208,361464817,361465,2845492863,1719073610,558434674,561046768,558961961,565899771,3963416785,142274643,1106673,142274643
2024-01-24,0,0,0,0,0,2477919167,743376,363997108,363997,2841916274,1707295247,563769946,565666509,564836237,570020809,3971588749,142095814,1107373,142095814
2024-01-25,0,0,0,0,0,1583933188,475180,124297163,124297,1708230351,1705566767,563508639,565044225,564883918,569083088,3968086638,85411518,599477,85411518
2024-01-26,0,0,0,0,0,2569382842,770815,349054789,349055,2918437631,1790182925,560612771,562064652,561553357,567130641,4041544345,145921882,1119870,145921882
2024-01-29,0,0,0,0,0,2663693516,799108,408814645,408815,3072508160,1942205987,562643142,563622925,564053939,568090045,4200616038,153625408,1207923,153625408
2024-01-30,0,0,0,0,0,2720477167,816143,425154556,425155,3145631722,2015652746,562655252,563473150,564027938,567878513,4273687598,157281586,1241298,157281586
2024-01-31,0,0,0,0,0,2707998548,812400,463573476,463573,3171572024,2026504737,570256490,571004576,571626773,575432993,4314825570,158578601,1275973,158578601
2024-02-01,0,0,0,0,0,2699005135,809702,514871110,514871,3213876244,2061523097,573029041,574239324,574125486,579210267,4362127216,160693812,1324573,160693812
2024-02-02,0,0,0,0,0,1708519265,512556,392303791,392304,2100823056,2105551934,573788690,575674957,574435593,579756933,4409208107,105041153,904860,105041153
2024-02-05,0,0,0,0,0,1670235592,501071,407215824,407216,2077451416,2084852156,556611237,557723257,557842066,563893168,4320921884,103872571,908287,103872571
2024-02-06,0,0,0,0,0,898607044,269582,399855278,399855,1298462322,1293473417,558140964,559236814,559377556,565462311,3535691063,64923116,669437,64923116
2024-02-07,0,0,0,0,0,31733390,-9520,134889067,134889,166622457,1238650785,562683219,563643069,564117460,570417799,3499512333,8331123,144409,8331123
2024-02-08,0,0,0,0,0,873413075,262024,248315924,248316,1121728999,1131770859,563879219,564619737,565776398,572764418,3398810630,56086450,510340,56086450
2024-02-13,0,0,0,0,0,645363497,193609,213735208,213735,859098705,869781607,586717218,587532583,588808549,596124154,3228964111,42954935,407344,42954935
2024-02-14,0,0,0,0,0,404919409,-121476,47109885,-47110,452029294,728459282,582063825,582250172,585669403,594632826,3073075508,22601465,168586,22601465
2024-02-15,0,0,0,0,0,336185200,100856,205382184,205382,541567384,555496560,584487989,584823305,587433377,595807093,2908048323,27078369,306238,27078369
2024-02-16,0,0,0,0,0,669614231,-200884,62721087,-62721,732335318,462403594,589236138,589377498,592756724,601840828,2835614781,36616766,263605,36616766
2024-02-19,0,0,0,0,0,219965039,65990,186060164,186060,406025203,422103751,590244426,590305318,593756533,602871760,2799281788,20301260,252050,20301260
2024-02-20,0,0,0,0,0,210506928,63152,134125007,134125,344631935,360213589,597843263,598028042,601215962,610236998,2767537853,17231597,197277,17231597
2024-02-21,0,0,0,0,0,186442115,55933,86136035,-86136,272578150,280695698,599789164,600088827,602818160,611518567,2694910416,13628907,142069,13628907
2024-02-22,95374914395,95374914395,0,4768745720,9335368,695516005,-208655,63826601,-63827,759342605,745132182,600984642,601231987,603890009,612537043,3163775864,37967130,272481,4806712850
2024-02-23,95374914395,95374914395,0,4768745720,9335368,611468610,-183441,51886033,-51886,663354643,649545876,598390657,598757570,601227384,609729610,3057651097,33167732,235327,4801913452
2024-02-26,95374914395,95374914395,0,4768745720,9335368,395630888,118689,231726215,231726,627357103,554917533,594703546,595306036,596912655,604647602,2946487373,31367855,350415,4800113575
2024-02-27,190749828791,190749828791,0,9537491440,16369622,471968810,141591,254846246,254846,726815056,483792153,609238672,609775187,611394855,619801504,2934002371,36340753,396437,9573832192
2024-02-28,190749828791,190749828791,0,9537491440,16369622,552139700,165642,251717649,251718,803857348,415155350,613755420,614435852,615732213,624910786,2883989621,40192867,417360,9577684307
2024-02-29,190749828791,190749828791,0,9537491440,16369622,625814813,187744,220274169,220274,846088982,369185669,612023813,612713630,613489418,622952209,2830364739,42304449,408019,9579795889
2024-03-04,190749828791,190749828791,0,9537491440,16369622,374831823,-112450,66595035,-66595,441426858,432415247,621390270,621974233,623679576,633275149,2932734476,22071343,179045,9559562782
2024-03-05,190749828791,190749828791,0,9537491440,16369622,319660950,-95898,50442374,-50442,370103324,362643262,633439990,634273669,636243740,644537481,2911138142,18505166,146341,9555996606
2024-03-06,190749828791,190749828791,0,9537491440,16369622,116168184,34850,67211508,67212,183379691,188804945,630739624,631710875,634168132,640564637,2725988212,9168985,102062,9546660424
2024-03-07,95374914395,95374914395,0,4768745720,7034255,62931929,-18880,11364121,11364,74296050,71611765,637334944,637797783,641239319,646460369,2634444181,3714802,30244,4772460522
2024-03-08,95374914395,95374914395,0,4768745720,7034255,7756173,2327,60007740,60008,67763913,71388132,631291327,632413471,635406301,640152664,2610651896,3388196,62335,4772133915
2024-03-11,95374914395,95374914395,0,4768745720,4710860,147606308,44282,130971674,130972,278577983,280933394,645130657,645800923,650139284,653164960,2875169217,13928899,175254,4782674619
2024-03-12,95374914395,95374914395,0,4768745720,4710860,193249366,57975,181740108,181740,374989474,376849353,646307996,646986741,651545747,654084371,2975774207,18749474,239715,4787495193
2024-03-13,95374914395,95374914395,0,4768745720,4710860,235630256,70689,363144136,363144,598774393,600177819,647839678,648714083,652906440,655184271,3204822291,29938720,433833,4798684439
2024-03-14,95374914395,95374914395,0,4768745720,4710860,1399833810,419950,388556595,388557,1788390404,1791924828,781008834,782091371,786310057,790927018,4932262108,89419520,808507,4858165240
2024-03-15,95374914395,95374914395,0,4768745720,4710860,1319852175,395956,361977940,361978,1681830115,1687321174,773564299,774156011,778042179,784124951,4797208614,84091506,757934,4852837225
2024-03-18,95374914395,95374914395,0,4768745720,4710860,1288963683,386689,351321877,351322,1640285561,1645776516,775462670,775415045,779984725,785428055,4762067011,82014278,738011,4850759998
2024-03-19,95374914395,95374914395,0,4768745720,4710860,1104243556,331273,319207321,319207,1423450877,1431335179,767297292,766979012,770732412,778298435,4514642331,71172544,650480,4839918264
2024-03-20,95374914395,95374914395,0,4768745720,4710860,283837895,85151,70733380,70733,354571275,361090233,772904443,772868198,776928225,783410938,3467202037,17728564,155885,4786474283
2024-03-21,95374914395,95374914395,0,4768745720,4710860,227353241,68206,79884150,79884,307237391,309590538,758983156,758920976,764645557,766936524,3359076752,15361870,148090,4784107589
2024-03-22,95374914395,95374914395,0,4768745720,4710860,81984631,24595,54146062,54146,136130693,138470505,756875435,757023584,762670772,765158732,3180199028,6806535,78741,4775552254
2024-03-25,95374914395,95374914395,0,4768745720,4710860,1180808496,-354243,263837207,-263837,1444645703,74777773,758584556,758702604,764494144,766630460,3123189537,72232285,618080,4840978005
2024-03-26,95374914395,95374914395,0,4768745720,4710860,473845599,142154,159104387,159104,632949986,634662449,760733495,760894005,766586378,768459350,3691335677,31647499,301258,4800393219
2024-03-27,95374914395,95374914395,0,4768745720,4710860,331243535,99373,157165950,157166,488409485,489811802,789734041,790115463,796074145,797857884,3663593335,24420474,256539,4793166194
2024-03-28,95374914395,95374914395,0,4768745720,4710860,1253200295,-375960,387517842,387518,1640718137,1155904779,1021615807,1023598519,1045771881,1022144786,5269035772,82035907,763478,4850781627
2024-03-29,95374914395,95374914395,0,4768745720,4710860,3194841079,-958452,126190797,-126191,3321031875,1249529452,1135312747,1137412507,1159024950,1138811123,5820090779,166051594,1084643,4934797314
2024-04-01,95374914395,95374914395,0,4768745720,4710860,2953477833,-886043,82359368,-82359,3035837201,1631712014,1159468473,1161184862,1180430808,1166465072,6299261229,151791860,968403,4920537580
2024-04-02,95374914395,95374914395,0,4768745720,4710860,657019542,-197106,474059390,474059,1131078931,2100587549,1147582267,1149444322,1169467997,1155989109,6723071244,56553947,671165,4825299666
2024-04-03,95374914395,95374914395,0,4768745720,4710860,2653391437,-796017,639941563,-639942,3293333000,1553353537,1202906175,1204699211,1222983875,1216097275,6400040073,164666650,1435959,4933412370
2024-04-04,95374914395,95374914395,0,4768745720,4710860,773901983,-232171,193065611,-193066,966967594,1438667122,1204346012,1206094908,1224120996,1219314794,6292543831,48348380,425236,4817094099
2024-04-05,95374914395,95374914395,0,4768745720,4710860,1531318107,459395,380744997,380745,1912063104,1899921485,1225454061,1227357841,1248091409,1237853570,6838678365,95603155,840140,4864348875
2024-04-08,95374914395,95374914395,0,4768745720,4710860,491615004,-147485,183940407,-183940,675555411,1732954683,1189472940,1187620718,1205552718,1201105154,6516706213,33777771,331425,4802523490
2024-04-09,95374914395,95374914395,0,4768745720,4710860,619149337,-185745,244817078,-244817,863966415,1545902470,1210154185,1206782552,1227748137,1220680285,6411267629,43198321,430562,4811944041
2024-04-11,95374914395,95374914395,0,4768745720,4710860,2475647269,-742694,645120868,-645121,3120768137,893838130,1114169325,1110289061,1119830630,1122302251,5360429398,156038407,1387815,4924784127
2024-04-12,190749828791,190749828791,0,9537491440,11745115,2061877053,-618563,585475628,-585476,2647352681,509355370,1074406816,1070918288,1085749335,1078421543,4818851351,132367634,1204039,9669859074
2024-04-15,190749828791,190749828791,0,9537491440,11745115,1976809559,-593043,658443165,-658443,2635252724,492199505,1073987687,1070494024,1082133116,1080704624,4799518956,131762636,1251486,9669254076
2024-04-16,190749828791,190749828791,0,9537491440,11745115,2692450512,-807735,820544116,-820544,3512994628,1398945614,1059996974,1056022320,1062896629,1064866910,5642728447,175649731,1628279,9713141171
2024-04-17,190749828791,190749828791,0,9537491440,11745115,2968165179,-890450,933973773,-933974,3902138952,1784366530,1065223487,1061664548,1067864566,1076980179,6056099311,195106948,1824423,9732598387
2024-04-18,190749828791,190749828791,0,9537491440,11745115,3140990242,-942297,1022450394,-1022450,4163440636,2082963195,1047631831,1044385791,1050059824,1061600005,6286640646,208172032,1964747,9745663471
2024-04-19,190749828791,190749828791,0,9537491440,11745115,1836239625,-550872,724084726,-724085,2560324351,2572698122,1059791992,1055789915,1062715377,1065240300,6816235705,128016218,1274957,9665507657
2024-04-22,95374914395,95374914395,0,4768745720,4710860,1984332649,-595300,754014931,-754015,2738347580,2740791634,1041371109,1037367050,1039540632,1041641581,6900712007,136917379,1349315,4905663099
2024-04-23,95374914395,95374914395,0,4768745720,4710860,3569260053,-1070778,1175648753,-1175649,4744908807,2676467868,1037293388,1033363645,1037162099,1039378193,6823665194,237245440,2246427,5005991160
2024-04-24,95374914395,95374914395,0,4768745720,4710860,3517724324,-1055317,1163538991,-1163539,4681263314,2611961304,1036877825,1032765611,1036740912,1037082338,6755427990,234063166,2218856,5002808885
2024-04-25,95374914395,95374914395,0,4768745720,4710860,1868750518,-560625,719053721,-719054,2587804239,2587685173,1040214750,1035926492,1040072527,1035949649,6739848592,129390212,1279679,4898135932
2024-04-26,95374914395,95374914395,0,4768745720,4710860,1926875509,-578063,1609424367,-1609424,3536299876,3540851693,1052552164,1048771653,1054968635,1050906998,7748051143,176814994,2187487,4945560714
2024-04-29,95374914395,95374914395,0,4768745720,4710860,7075989972,-2122797,2060796661,-2060797,9136786633,7000950177,1071726838,1067941992,1072712265,1068879892,11282211163,456839332,4183594,5225585051
2024-04-30,95374914395,95374914395,0,4768745720,4710860,6970932405,-2091280,2001970455,-2001970,8972902860,6846171006,1067886698,1064636529,1071223780,1065432406,11115350419,448645143,4093250,5217390863
2024-05-02,95374914395,95374914395,0,4768745720,4710860,6621030993,-1986309,1918038187,-1918038,8539069180,6422096369,1063661128,1060627440,1068682734,1061366977,10676434648,426953459,3904347,5195699179
2024-05-03,95374914395,95374914395,0,4768745720,4710860,6394155894,-1918247,1863375966,-1863376,8257531860,6128024334,1070090803,1067238385,1076309425,1068487763,10410150711,412876593,3781623,5181622313
2024-05-07,95374914395,95374914395,0,4768745720,4710860,6230550912,-1869165,1798925045,-1798925,8029475957,5889524072,1076739358,1074680097,1087027194,1075559623,10203530345,401473798,3668090,5170219518
2024-05-08,95374914395,95374914395,0,4768745720,4710860,5420470919,-1626141,990502464,-990502,6410973382,4269602475,1078100259,1076029572,1089673245,1076914321,8590319873,320548669,2616644,5089294389
2024-05-09,0,0,0,0,0,3326772182,-998032,1026734019,-1026734,4353506202,2217173865,1075039842,1072593749,1084955928,1073654674,6523418058,217675310,2024766,217675310
2024-05-10,0,0,0,0,0,3620466903,-1086140,1166796350,-1166796,4787263253,2665191565,1068437857,1066282166,1079856275,1067207939,6946975802,239363163,2252936,239363163
2024-05-13,0,0,0,0,0,3562541675,-1068763,1175976329,-1175976,4738518005,2529606151,1110499019,1108623633,1119620908,1109410109,6977759821,236925900,2244739,236925900
2024-05-14,0,0,0,0,0,3362172852,-1008652,1119375428,-1119375,4481548279,2182517515,1155591208,1153760763,1164843450,1154522244,6811235180,224077414,2128027,224077414
2024-05-16,0,0,0,0,0,2795953846,-838786,930348870,-930349,3726302715,1577845984,1081675901,1080623844,1094874191,1081031178,5916051097,186315136,1769135,186315136
2024-05-17,0,0,0,0,0,2638551267,-791565,863626962,-863627,3502178229,1352086986,1082303070,1081485594,1095479909,1081782487,5693138048,175108911,1655192,175108911
2024-05-20,0,0,0,0,0,2427731796,-728320,813120941,-813121,3240852737,1118378887,1067072555,1066108285,1077183236,1066476246,5395219209,162042637,1541440,162042637
2024-05-21,0,0,0,0,0,2629543792,-788863,849804757,-849805,3479348550,1345246951,1073651884,1072445884,1084922200,1072926031,5649192950,173967427,1638668,173967427
2024-05-22,0,0,0,0,0,2868370317,-860511,35784982,35785,2904155299,1639862687,1074656228,1073579903,1085635041,1073998929,5947732788,145207765,896296,145207765
2024-05-23,0,0,0,0,0,452798978,135840,75870311,-75870,528669289,2553124422,1095598563,1094384021,1108652591,1094865762,6946625360,26433464,211710,26433464
2024-05-24,0,0,0,0,0,167867683,-50360,125145760,-125146,293013443,1896009670,1101138593,1099745313,1112171859,1100311067,6309376502,14650672,175506,14650672
2024-05-27,0,0,0,0,0,455874560,-136762,187836386,-187836,643710946,1584416588,1120637166,1119467019,1131902853,1119926201,6076349827,32185547,324599,32185547
2024-05-28,0,0,0,0,0,1004259407,301278,194240428,194240,1198499834,1187671074,1129499421,1128830138,1140549780,1129051737,5715602149,59924992,495518,59924992
2024-05-29,0,0,0,0,0,765171887,229552,134443458,134443,899615345,890209099,1103662767,1101973260,1112105547,1102936726,5310887399,44980767,363995,44980767
2024-05-30,0,0,0,0,0,2188002630,656401,423135020,423135,2611137651,453640352,1102618925,1100527975,1109306568,1101132837,4867226657,130556883,1079536,130556883
2024-05-31,0,0,0,0,0,592316896,-177695,605615231,-605615,1197932127,1189277482,1114075660,1112207543,1119204273,1112417745,5647182702,59896606,783310,59896606
2024-06-03,0,0,0,0,0,2254544279,-676363,494878869,-494879,2749423148,2744330565,1103470568,1102714594,1107282291,1102945682,7160743700,137471157,1171242,137471157
2024-06-04,0,0,0,0,0,1836784897,-551035,373502380,-373502,2210287277,2207850886,1084534703,1084372908,1087105655,1084831058,6548695210,110514364,924538,110514364
2024-06-05,0,0,0,0,0,1541409239,-462423,282350297,-282350,1823759536,1822951325,1062424284,1062624293,1064528847,1063520626,6076049374,91187977,744773,91187977
2024-06-07,0,0,0,0,0,1255366159,-376610,407602091,-407602,1662968250,492246671,1076425571,1076788478,1077787653,1077790176,4801038550,83148413,784212,83148413
2024-06-10,0,0,0,0,0,874280300,-262284,317978379,-317978,1192258678,911559798,1050449301,1050466718,1051916585,1051919309,5116311711,59612934,580262,59612934
2024-06-11,0,0,0,0,0,4442960522,1332888,1004877036,1004877,5447837558,5447241061,1046329173,1046512535,1047432880,1047846016,9635361665,272391878,2337765,272391878
2024-06-12,0,0,0,0,0,4147852139,1244356,925167072,925167,5073019212,5071250461,1031740630,1032311017,1032525994,1033724356,9201552458,253650961,2169523,253650961
2024-06-13,0,0,0,0,0,2776921342,833076,564078212,564078,3340999555,5507207688,1080622427,1080034038,1079963248,1085656497,9833483899,167049978,1397155,167049978
2024-06-14,0,0,0,0,0,2929646492,878894,591822839,591823,3521469331,5682458315,1079042864,1078475115,1078118879,1082302356,10000397529,176073467,1470717,176073467
2024-06-17,0,0,0,0,0,4476507497,1342952,1102936800,1102937,5579444297,5576756182,1079145625,1078110042,1077754189,1081477888,9893243926,278972215,2445889,278972215
2024-06-18,0,0,0,0,0,2519534233,755860,619658691,619659,3139192924,5326904869,1092798322,1091618596,1091290308,1095241911,9697854007,156959646,1375519,156959646
2024-06-19,190749828791,190749828791,0,9537491440,23204100,2529081553,758724,664039066,664039,3193120619,5324074478,1065471190,1063163078,1063152132,1065493614,9581354493,159656031,1422764,9697147470
2024-06-20,190749828791,190749828791,0,9537491440,23204100,2890222300,867067,731876636,731877,3622098936,5765586666,1070843405,1068815344,1068895701,1072563968,10046705085,181104947,1598943,9718596386
2024-06-21,95374914395,95374914395,0,4768745720,13868732,3218486013,965546,818261765,818262,4036747778,6159204013,1061015419,1058638758,1058756053,1061323522,10398937765,201837389,1783808,4970583109
2024-06-24,190749828791,190749828791,0,9537491440,23204100,3551246548,1065374,893299538,893300,4444546086,6552459590,1053073697,1050771491,1051022538,1054588761,10761916077,222227304,1958674,9759718744
2024-06-25,190749828791,190749828791,0,9537491440,23204100,3911667789,1173500,977463806,977464,4889131595,7006361202,1057651870,1054994930,1055443134,1059129533,11233580669,244456580,2150964,9781948019
2024-06-26,190749828791,190749828791,0,9537491440,23204100,8378631162,2513589,2110060862,2110061,10488692025,12626664517,1067314152,1063631330,1064700449,1069589220,16891899669,524434601,4623650,10061926041
2024-06-27,190749828791,190749828791,0,9537491440,23204100,8283338848,2485002,2067924330,2067924,10351263178,12489554864,1067066838,1063844277,1064695377,1070373748,16755535105,517563159,4552926,10055054598
2024-06-28,95374914395,95374914395,0,4768745720,13868732,8235450824,2470635,2056852996,2056853,10292303820,12487191236,1095612251,1094097673,1096425928,1096946911,16870273999,514615191,4527488,5283360911
2024-07-01,0,0,0,0,0,7640805920,2292242,1898275479,1898275,9539081399,11716330210,1086783817,1086329755,1087363499,1089431250,16066238530,476954070,4190517,476954070
2024-07-02,0,0,0,0,0,6945502309,2083651,1758430359,1758430,8703932668,10864227736,1078968358,1077693856,1078806920,1080213647,15179910516,435196633,3842081,435196633
2024-07-03,0,0,0,0,0,6878306349,2063492,1748447983,1748448,8626754332,10806606899,1088832253,1088927415,1090441502,1089506226,15164314295,431337717,3811940,431337717
2024-07-04,0,0,0,0,0,6402398399,1920720,1630028108,1630028,8032426508,10191064944,1078716016,1078578264,1080225180,1078275505,14506859908,401621325,3550748,401621325
2024-07-05,0,0,0,0,0,6199547811,1859864,1580194092,1580194,7779741903,9943653108,1081604880,1080565237,1082134044,1080737518,14268694787,388987095,3440058,388987095
2024-07-08,0,0,0,0,0,6122032979,1836610,1560404147,1560404,7682437127,9895595418,1106222032,1105709961,1107444120,1105202101,14320173631,384121856,3397014,384121856
2024-07-09,0,0,0,0,0,5929137606,1778741,1492773622,1492774,7421911228,9652748194,1115231764,1113590608,1115174772,1114021039,14110766377,371095561,3271515,371095561
2024-07-10,0,0,0,0,0,6282457141,1884737,1539699276,1539699,7822156417,10221506373,1199674651,1197175553,1198807662,1198043197,15015207435,391107821,3424436,391107821
2024-07-11,0,0,0,0,0,6359446846,1907834,1473453706,1473454,7832900553,10231767706,1198657528,1196403347,1197713068,1198899903,15023441552,391645028,3381288,391645028
2024-07-12,95374914395,95374914395,0,4768745720,26928301,5672661614,1701798,1343964412,1343964,7016626026,9297850906,1141179530,1139147915,1140916401,1138276863,13857371615,350831301,3045763,5119577021
2024-07-15,95374914395,95374914395,0,4768745720,26928301,6016222967,1804867,1464319956,1464320,7480542924,9824528662,1172385230,1171582624,1173620197,1169562936,14511679650,374027146,3269187,5142772866
2024-07-16,190749828791,190749828791,0,9537491440,45239634,5895337870,1768601,1476632329,1476632,7371970199,9672923256,1151441127,1150828245,1153122580,1147217595,14275532803,368598510,3245234,9906089949
2024-07-17,190749828791,190749828791,0,9537491440,45239634,6088342569,1826503,1590610349,1590610,7678952917,10000695085,1161086806,1161916831,1164355458,1158216735,14646270915,383947646,3417113,9921439085
2024-07-18,190749828791,190749828791,0,9537491440,45239634,6457465515,1937240,1649928175,1649928,8107393690,10489944167,1192194335,1191430068,1193755339,1188030871,15255354779,405369684,3587168,9942861124
2024-07-19,190749828791,190749828791,0,9537491440,45239634,6723427969,2017028,1721664082,1721664,8445092051,10878125678,1216972517,1216556654,1218821796,1213795968,15744272612,422254603,3738692,9959746042
2024-07-22,190749828791,190749828791,0,9537491440,45239634,8832203663,2649661,2268641158,2268641,11100844820,11106183920,1219260320,1219582287,1222002215,1216341147,15983369889,555042241,4918302,10092533681
2024-07-23,190749828791,190749828791,0,9537491440,45239634,6839719969,2051916,1769678530,1769679,8609398499,11040504363,1215450777,1216398390,1218729315,1213324162,15904407007,430469925,3821595,9967961364
2024-07-24,190749828791,190749828791,0,9537491440,45239634,6593378207,1978013,1775059280,1775059,8368437487,10831133049,1233536910,1234752260,1235298425,1228612488,15763333132,418421874,3753073,9955913314
2024-07-25,190749828791,190749828791,0,9537491440,45239634,8471941029,2541582,2287102999,2287103,10759044028,10764283990,1236967760,1240589342,1241224631,1232363087,15715428810,537952201,4828685,10075443641
2024-07-26,190749828791,190749828791,0,9537491440,45239634,8593971509,2578191,2296128348,2296128,10890099857,10897243488,1257266313,1258255269,1258865368,1250732781,15922363219,544504993,4874320,10081996432
2024-07-29,190749828791,190749828791,0,9537491440,45239634,5930546713,1779164,1597939164,1597939,7528485877,9959836616,1219505247,1219935938,1220585041,1211196388,14831059230,376424294,3377103,9913915733
2024-07-30,190749828791,190749828791,0,9537491440,45239634,7711869079,2313561,2085053203,2085053,9796922282,9804844337,1207931617,1208100787,1208706151,1200614926,14630197816,489846114,4398614,10027337554
2024-07-31,190749828791,190749828791,0,9537491440,45239634,7702015697,2310605,2088188643,2088189,9790204341,9799095161,1208408002,1206651587,1207210594,1200076188,14621441532,489510217,4398793,10027001657
2024-08-01,190749828791,190749828791,0,9537491440,45239634,5854588120,1756376,1595635127,1595635,7450223247,9916710631,1236953808,1240035431,1240772591,1228796416,14863268877,372511162,3352012,9910002602
2024-08-02,190749828791,190749828791,0,9537491440,45239634,7473490191,2242047,2037990577,2037991,9511480768,9522349886,1218344143,1221081381,1221851034,1208244677,14391871121,475574038,4280038,10013065478
2024-08-05,190749828791,190749828791,0,9537491440,45239634,5934465812,1780340,1714980752,1714981,7649446564,7662029978,1093960560,1096669087,1097738652,1082446710,12032844987,382472328,3495320,9919963768
2024-08-06,190749828791,190749828791,0,9537491440,45239634,4618501661,1385550,1345347782,1345348,5963849443,5970978609,934537666,936173372,937578361,928813489,9708081496,298192472,2730898,9835683912
2024-08-07,190749828791,190749828791,0,9537491440,45239634,4643165772,1392950,1355446288,1355446,5998612059,6005206155,940790523,944124929,945637880,935709379,9771468867,299930603,2748396,9837422042
2024-08-08,190749828791,190749828791,0,9537491440,45239634,4656530404,1396959,1357189017,1357189,6013719420,6019583812,947308297,953356484,955050895,943138317,9818437805,300685971,2754148,9838177411
2024-08-09,190749828791,190749828791,0,9537491440,45239634,4757406312,1427222,1400987014,1400987,6158393326,6163529305,971473716,977656229,978553584,967235092,10058447926,307919666,2828209,9845411106
2024-08-12,190749828791,190749828791,0,9537491440,45239634,4754118596,1426236,1400681498,1400681,6154800095,6160196016,971383980,977625353,978534443,966897148,10054636941,307740005,2826917,9845231444
2024-08-13,190749828791,190749828791,0,9537491440,45239634,4770543978,1431163,1408877054,1408877,6179421033,6185279672,980620562,987374905,987745992,975133010,10116154141,308971052,2840040,9846462491
2024-08-14,190749828791,190749828791,0,9537491440,45239634,4729151189,1418745,1395031026,1395031,6124182216,6130452423,976383257,984298595,984691805,970506260,10046332340,306209111,2813776,9843700550
2024-08-16,190749828791,190749828791,0,9537491440,45239634,4596512992,1378954,1366551551,1366552,5963064543,5968370093,956856756,963803815,964162888,951910279,9805103832,298153227,2745505,9835644667
2024-08-19,190749828791,190749828791,0,9537491440,45239634,4574253477,1372276,1363399908,1363400,5937653385,5943493659,957411569,962389002,962725926,951908218,9777928375,296882669,2735676,9834374109
2024-08-20,95374914395,95374914395,0,4768745720,18311333,4546087992,1363826,1372514304,1372514,5918602296,5923171528,958628283,965168993,965512962,954403020,9766884786,295930115,2736341,5064675835
2024-08-21,95374914395,95374914395,0,4768745720,18311333,4343557299,1303067,1368118518,1368119,5711675817,5716969498,961588050,965911423,966231109,956614055,9567314135,285583791,2671186,5054329511
2024-08-22,95374914395,95374914395,0,4768745720,18311333,2687427096,806228,867609640,867610,3555036737,5466975858,958799167,963996659,963500114,953636499,9306908297,177751837,1673838,4946497557
2024-08-23,95374914395,95374914395,0,4768745720,18311333,3291159797,987348,1275141741,1275142,4566301538,4551589950,976477799,981515106,981154805,971480524,8462218185,228315077,2262490,4997060797
2024-08-26,95374914395,95374914395,0,4768745720,18311333,1880760685,564228,780415025,780415,2661175710,4605882330,977081603,983696057,979519566,971801508,8517981064,133058786,1344643,4901804505
2024-08-27,95374914395,95374914395,0,4768745720,18311333,3356517206,1006955,1009022502,1009023,4365539708,4355327532,935633161,939815376,937680133,931650172,8100106373,218276985,2015978,4987022705
2024-08-28,143062371593,95374914395,47687457198,9537491440,47317176,3444324219,1033297,1021491186,1021491,4465815405,4456079475,932708593,937069067,933595979,928220522,8187673636,223290770,2054788,9760782210
2024-08-29,143062371593,95374914395,47687457198,9537491440,39872496,3251663058,975499,949921263,949921,4201584321,4191029462,940632858,944632097,943669422,937113802,7957077641,210079216,1925420,9747570656
2024-08-30,143062371593,95374914395,47687457198,9537491440,39872496,3035620343,910686,908555903,908556,3944176247,3933670547,949513413,953654327,952079218,945714433,7734631938,197208812,1819242,9734700252
2024-09-02,95374914395,95374914395,0,4768745720,18311333,1364063327,409219,435796278,435796,1799859605,3698996671,949570415,953119280,955396912,947289019,7504372298,89992980,845015,4858738700
2024-09-03,143062371593,95374914395,47687457198,9537491440,47317176,2936386556,880916,941390811,941391,3877777367,3882672563,970809058,974627767,976709621,967995715,7772814724,193888868,1822307,9731380308
2024-09-04,95374914395,95374914395,0,4768745720,18311333,2976549803,892965,953979346,953979,3930529150,3936431652,941160575,945282939,947888370,937863504,7708627040,196526457,1846944,4965272177
2024-09-05,143062371593,95374914395,47687457198,9537491440,47317176,3174088699,952227,1013417582,1013418,4187506281,4193910545,944978456,949239380,952253410,941588223,7981970013,209375314,1965644,9746866754
2024-09-06,143062371593,95374914395,47687457198,9537491440,47317176,3424773008,1027432,1061072851,1061073,4485845859,4492178882,941174286,945870566,947835253,936805949,8263864937,224292293,2088505,9761783732
2024-09-09,143062371593,95374914395,47687457198,9537491440,47317176,3508320411,1052496,1065462456,1065462,4573782867,4578300237,940857656,945624844,945002675,935718117,8345503530,228689143,2117959,9766180583
2024-09-10,47687457198,0,47687457198,4768745720,29005843,3631313738,1089394,1091602938,1091603,4722916676,4726833085,946490905,951606608,949404513,940372401,8514707511,236145834,2180997,5004891554
2024-09-11,47687457198,0,47687457198,4768745720,29005843,3776023517,1132807,1115233797,1115234,4891257315,4894722457,930593193,936382615,931493314,922238751,8615430329,244562866,2248041,5013308585
2024-09-12,47687457198,0,47687457198,4768745720,29005843,4088857784,1226657,1200786620,1200787,5289644404,5293483574,934547758,939848487,936870726,927730827,9032481372,264482220,2427444,5033227940
2024-09-13,47687457198,0,47687457198,4768745720,29005843,4132963310,1239889,1265861587,1265862,5398824898,5404794476,936134342,941468257,941296661,929993167,9153686903,269941245,2505751,5038686965
2024-09-19,47687457198,0,47687457198,4768745720,29005843,4149061871,1244719,1258946538,1258947,5408008409,5414622439,939788439,944810659,946385757,934749506,9180356800,270400420,2503665,5039146140
2024-09-20,47687457198,0,47687457198,4768745720,29005843,4161093868,1248328,1264258957,1264259,5425352825,5431568372,943694902,948650603,949821184,938649935,9212384997,271267641,2512587,5040013361
2024-09-23,47687457198,0,47687457198,4768745720,29005843,4108323398,1232497,1246546641,1246547,5354870040,5361135820,935426319,939059215,940132920,930234244,9105988518,267743502,2479044,5036489222
2024-09-24,47687457198,0,47687457198,4768745720,29005843,4112680403,1233804,1243124383,1243124,5355804786,5362574290,936725068,940170223,942520889,932306229,9114296698,267790239,2476929,5036535959
2024-09-25,47687457198,0,47687457198,4768745720,29005843,4086824678,1226047,1238955088,1238955,5325779765,5332904603,934722378,938382545,940528329,929743325,9076281181,266288988,2465002,5035034708
2024-09-26,47687457198,0,47687457198,4768745720,29005843,4103230792,1230969,1244124475,1244124,5347355267,5354953554,939354599,942210189,944313201,933859324,9114690866,267367763,2475094,5036113483
2024-09-27,47687457198,0,47687457198,4768745720,29005843,4155086776,1246526,1269247519,1269248,5424334296,5429003553,954196515,958819101,958972813,949680970,9250672952,271216715,2515774,5039962435
2024-09-30,47687457198,0,47687457198,4768745720,29005843,4229274509,1268782,1255570090,1255570,5484844599,5494549416,974763713,976970917,980206654,968294634,9394785334,274242230,2524352,5042987950
2024-10-02,47687457198,0,47687457198,4768745720,29005843,4188834571,1256650,1218914102,1218914,5407748672,5418603697,967837396,969409520,972727215,960300067,9288877895,270387434,2475564,5039133153
2024-10-04,47687457198,0,47687457198,4768745720,29005843,3954500803,1186350,1066655659,1066656,5021156462,5030294876,923722031,924594255,927783811,917773172,8724168145,251057823,2253006,5019803543
2024-10-07,47687457198,0,47687457198,4768745720,29005843,2721002846,816301,717612335,717612,3438615181,3442772277,759483306,760225910,762043128,757143428,6481668048,171930759,1533913,4940676479
2024-10-08,0,0,0,0,0,2425167891,727550,625587298,625587,3050755189,3053927598,766986940,767873608,767792944,763733868,6120314958,152537759,1353138,152537759
2024-10-10,0,0,0,0,0,844787491,253436,162179542,162180,1006967033,2524169293,760140733,761004750,760926088,757140189,5563381054,50348352,415616,50348352
2024-10-11,0,0,0,0,0,540830715,162249,42056918,-42057,582887633,2058290203,782084404,779592681,779524129,777500554,5176991970,29144382,204306,29144382
2024-10-14,0,0,0,0,0,47896167,-14369,13363507,-13364,61259674,1521702630,793612637,793054437,792970393,789433712,4690773809,3062984,27732,3062984
2024-10-15,0,0,0,0,0,102817191,-30845,1808791,1809,104625982,1518371000,812248980,810519735,810433628,807216528,4758789870,5231299,32654,5231299
2024-10-16,0,0,0,0,0,120661374,-36198,9270015,-9270,129931389,1476217059,806330513,801986922,801902266,799902591,4686339351,6496569,45468,6496569
2024-10-17,0,0,0,0,0,86016642,-25805,16688035,-16688,102704677,1510207052,809548855,805973621,805409473,803927021,4735066021,5135234,42493,5135234
2024-10-18,0,0,0,0,0,100435711,-30131,52870741,-52871,153306451,1457376176,808182451,806759971,804665800,804594348,4681578746,7665323,83001,7665323
2024-10-21,0,0,0,0,0,1178804623,353641,12065145,12065,1190869768,1194994862,810904368,807882688,806908388,805804974,4426495280,59543488,365707,59543488
2024-10-22,0,0,0,0,0,1134761256,340428,30441023,30441,1165202279,1169276203,795970843,791468966,790766487,791194440,4338676939,58260114,370869,58260114
2024-10-23,0,0,0,0,0,1067118446,-320136,315858907,-315859,1382977353,205286944,796575140,792764747,792012412,792441492,3379080736,69148868,635994,69148868
2024-10-24,0,0,0,0,0,233976069,70193,60146892,60147,294122961,299118687,787204897,782299507,782050635,781960299,3432634025,14706148,130340,14706148
2024-10-25,0,0,0,0,0,322405952,96722,71861147,71861,394267100,403075006,800410417,793249235,794508334,792861609,3584104602,19713355,168583,19713355
2024-10-28,0,0,0,0,0,835538482,-250662,339035579,-339036,1174574061,389651814,783657118,778437440,779583844,779422354,3510752570,58728703,589697,58728703
2024-10-29,0,0,0,0,0,749920750,-224976,380200437,-380200,1130121187,486143954,784513474,778797160,779876802,779723854,3609055244,56506059,605177,56506059
2024-10-30,0,0,0,0,0,782762306,-234829,429222386,-429222,1211984692,516661458,797952666,793142555,794357221,793321094,3695434994,60599235,664051,60599235
2024-10-31,0,0,0,0,0,872591303,-261777,433616614,-433617,1306207917,435116213,800437552,796378812,797677805,795986075,3625596456,65310396,695394,65310396
2024-11-01,0,0,0,0,0,961520927,-288456,435974369,-435974,1397495296,349520195,801004362,797533672,798886465,796716809,3543661502,69874765,724431,69874765
2024-11-04,0,0,0,0,0,1024781353,-307434,438949545,-438950,1463730899,301850272,815559325,814391550,816021223,811793508,3559615877,73186545,746384,73186545
2024-11-05,0,0,0,0,0,1139404248,-341821,458002323,-458002,1597406571,210510031,820546931,819834345,821577884,816722879,3489192070,79870329,799824,79870329
2024-11-06,0,0,0,0,0,1342178757,-402654,498150335,-498150,1840329092,141946311,850247165,848621611,850083256,846673972,3537572315,92016455,900804,92016455
2024-11-07,0,0,0,0,0,1702569941,-510771,548171307,-548171,2250741248,458605082,897155473,896264998,898058099,893187592,4043271244,112537062,1058942,112537062
2024-11-08,0,0,0,0,0,1687423355,-506227,494057024,-494057,2181480378,445192224,869536782,867731608,869592057,864890923,3916943594,109074019,1000284,109074019
2024-11-11,0,0,0,0,0,1691749414,-507525,470519149,-470519,2162268563,427218708,868876652,867150238,868979726,864343716,3896569040,108113428,978044,108113428
2024-11-12,0,0,0,0,0,240809779,-72243,54801057,54801,295610836,292063033,884605397,886490691,888772048,880632714,3832563882,14780542,127044,14780542
2024-11-13,0,0,0,0,0,460944715,138283,13123167,13123,474067883,478793708,871503550,873675241,875799592,868902076,3968674168,23703394,151407,23703394
2024-11-14,0,0,0,0,0,348649135,104595,14806713,14807,363455849,368255675,881000326,881501096,883494023,878193426,3892444546,18172792,119401,18172792
2024-11-15,0,0,0,0,0,317398297,95219,26294214,26294,343692511,348172949,885226977,885769810,887741816,882718545,3889630097,17184626,121514,17184626
2024-11-18,0,0,0,0,0,161251840,48376,68621079,68621,229872918,235286559,887721620,888397993,890474171,884384157,3786264500,11493646,116997,11493646
2024-11-19,0,0,0,0,0,63585544,19076,79161248,79161,142746792,149118289,881623764,882995182,885220323,877477408,3676434966,7137340,98237,7137340
2024-11-20,0,0,0,0,0,171038269,51311,97356832,97357,268395101,275963378,883076934,883104381,885316977,877721254,3805182925,13419755,148668,13419755
2024-11-21,0,0,0,0,0,483947797,145184,506046952,506047,989994749,998638184,873982089,874547269,876897241,867688626,4491753408,49499737,651231,49499737
2024-11-22,0,0,0,0,0,987099063,296130,497743048,497743,1484842110,1493453670,878096652,879631306,882086594,871940380,5005208601,74242106,793873,74242106
2024-11-25,0,0,0,0,0,1843033050,552910,446610838,446611,2289643888,2297611766,875493759,877287816,876667218,866905282,5793965842,114482194,999521,114482194
2024-11-26,0,0,0,0,0,1755045292,526514,427537418,427537,2182582710,2192108753,885062545,885062545,884453245,874927203,5721614292,109129136,954051,109129136
2024-11-27,95374914395,95374914395,0,4768745720,7034255,1791643324,537493,491832150,491832,2283475474,2293581908,903830138,903830138,901923934,891817500,5894983619,114173774,1029325,4882919493
2024-11-28,190749828791,190749828791,0,9537491440,14046228,2517389228,755217,757168774,757169,3274558002,3285295306,835648937,835648937,833824511,823087208,6613504898,163727900,1512386,9701219340
2024-11-29,190749828791,190749828791,0,9537491440,14046228,2666440556,799932,798783632,798784,3465224188,3475355891,838932608,838932608,837141582,827009880,6817372570,173261209,1598716,9710752649
2024-12-02,190749828791,190749828791,0,9537491440,14046228,2509059230,752718,729857663,729858,3238916893,3249351977,803062651,803062651,801311274,790876190,6447664744,161945845,1482575,9699437284
2024-12-03,190749828791,190749828791,0,9537491440,14046228,2603275797,780983,711735499,711735,3315011296,3324373139,808262393,808262393,806585818,797223974,6544707718,165750565,1492718,9703242004
2024-12-04,190749828791,190749828791,0,9537491440,14046228,2652342154,795703,720528085,720528,3372870239,3382719196,810052228,810052228,808288831,798439874,6609552356,168643512,1516231,9706134951
2024-12-05,190749828791,190749828791,0,9537491440,14046228,2759281557,827784,755003949,755004,3514285506,3524749218,819326181,819326181,817524274,807060563,6787986417,175714275,1582788,9713205715
2024-12-06,190749828791,190749828791,0,9537491440,14046228,2823936054,847181,776881330,776881,3600817384,3609398422,818069856,818069856,816402141,807821103,6869761378,180040869,1624062,9717532309
2024-12-09,190749828791,190749828791,0,9537491440,14046228,2844889775,853467,785161428,785161,3630051203,3639368537,801137236,801137236,799453100,790135767,6831231876,181502560,1638628,9718994000
2024-12-10,190749828791,190749828791,0,9537491440,14046228,2931351784,879406,812500055,812500,3743851839,3752098671,806133718,806133718,804545598,796298767,6965210472,187192592,1691906,9724684031
2024-12-11,190749828791,190749828791,0,9537491440,14046228,2985852206,895756,821397173,821397,3807249379,3814091518,800933819,800933819,799487476,792645337,7008091968,190362469,1717153,9727853908
2024-12-12,190749828791,190749828791,0,9537491440,14046228,3092210896,927663,860081185,860081,3952292081,3958746022,808449965,808449965,807029726,800575785,7183251462,197614604,1787744,9735106044
2024-12-13,190749828791,190749828791,0,9537491440,14046228,3117001960,935101,868979823,868980,3985981783,3992049199,819481728,819481728,818106905,812039490,7261159049,199299089,1804080,9736790529
2024-12-16,190749828791,190749828791,0,9537491440,14046228,3133905140,940172,868756884,868757,4002662024,4008970966,826952659,826952659,825521076,819212134,7307609495,200133101,1808928,9737624541
2024-12-17,190749828791,190749828791,0,9537491440,14046228,2994033725,898210,839097453,839097,3833131179,3837109002,796504091,796504091,795365289,791387466,7016869940,191656559,1737308,9729147998
2024-12-18,190749828791,190749828791,0,9537491440,14046228,2904891557,871467,819631601,819632,3724523157,3730064422,779038629,779038629,777753612,772212347,6838107639,186226158,1691099,9723717597
2024-12-19,95374914395,95374914395,0,4768745720,9335368,2779689131,833907,757916841,757917,3537605971,3541334991,749675377,749675377,748605440,744876421,6534167606,176880299,1591824,4945626018
2024-12-20,95374914395,95374914395,0,4768745720,9335368,2581789303,774537,557430534,557431,3139219836,3142222861,742714019,742714019,741708757,738705733,6108065389,156960992,1331967,4925706712
2024-12-23,0,0,0,0,0,2007523400,602257,608072806,608073,2615596206,2618936500,747164755,747164755,746098239,742757945,5602122195,130779810,1210330,130779810
2024-12-24,0,0,0,0,0,2195268068,658580,571293787,571294,2766561856,2768677467,737148474,737148474,736244971,734129359,5713348744,138328093,1229874,138328093
2024-12-26,0,0,0,0,0,1919290766,575787,484529541,484530,2403820306,2405525447,735923658,735923658,734990741,733285600,5345649104,120191015,1060317,120191015
2024-12-27,0,0,0,0,0,1693759152,508128,463765445,463765,2157524597,2159514594,736480229,736480229,735581153,733591156,5101647361,107876230,971893,107876230
2024-12-30,0,0,0,0,0,1654992768,496498,468507796,468508,2123500564,2125621181,738940410,738940410,738042737,735922119,5077466858,106175028,965006,106175028
2024-12-31,0,0,0,0,0,1683807447,505142,480780688,480781,2164588135,2166550665,752519046,752519046,751661282,749698752,5172948790,108229407,985923,108229407
2025-01-02,0,0,0,0,0,1837626936,551288,500085961,500086,2337712898,2341194309,807918653,807918653,806881904,803400493,5567314013,116885645,1051374,116885645
2025-01-03,0,0,0,0,0,1830468670,549141,497911690,497912,2328380360,2332309875,804343831,804343831,803266273,799336758,5543600569,116419018,1047052,116419018
2025-01-06,0,0,0,0,0,1878774264,563632,488575307,488575,2367349571,2370287551,795183605,795183605,794232649,791294669,5546182079,118367479,1052208,118367479
2025-01-07,95374914395,95374914395,0,4768745720,4710860,1965524801,589657,162873165,162873,2128397966,2131764918,792532400,792532400,791541322,788174370,5296545410,106419898,752531,4875165618
2025-01-08,95374914395,95374914395,0,4768745720,4710860,2732192180,819658,198757537,198758,2930949717,2935089939,797182986,797182986,796071522,791931301,6117458734,146547486,1018415,4915293206
2025-01-09,95374914395,95374914395,0,4768745720,4710860,2619617499,785885,466528316,466528,3086145816,3089584268,811273500,811273500,810254724,806816272,6329202264,154307291,1252414,4923053011
2025-01-10,95374914395,95374914395,0,4768745720,4710860,2492976334,747893,290595577,290596,2783571911,2785984356,797569355,797569355,796707397,794294952,5972125414,139178596,1038488,4907924315
2025-01-13,95374914395,95374914395,0,4768745720,4710860,2370873899,711262,312373430,312373,2683247330,2684105622,756778326,756778326,756225265,755366972,5709254512,134162366,1023636,4902908086
2025-01-14,95374914395,95374914395,0,4768745720,4710860,2279763286,683929,356184627,356185,2635947914,2637172842,758221736,758221736,757597841,756372913,5667587068,131797396,1040114,4900543115
2025-01-15,95374914395,95374914395,0,4768745720,4710860,2184551625,655365,393416735,393417,2577968360,2578834551,753042130,753042130,752481057,751614866,5589014734,128898418,1048782,4897644138
2025-01-16,95374914395,95374914395,0,4768745720,4710860,1940554411,582166,384948713,384949,2325503124,2327280143,745438190,745438190,744731378,742954359,5305842261,116275156,967115,4885020876
2025-01-17,95374914395,95374914395,0,4768745720,4710860,1697210731,509163,393001813,393002,2090212544,2092326521,739370429,739370429,738623962,736509984,5046201326,104510627,902165,4873256347
2025-01-20,95374914395,95374914395,0,4768745720,4710860,2209398931,662820,394529936,394530,2603928868,2606282884,746416270,746416270,745628516,743274500,5588018440,130196443,1057350,4898942163
2025-01-21,95374914395,95374914395,0,4768745720,4710860,2208414225,662524,389021681,389022,2597435906,2599638605,741802758,741802758,741027805,738825106,5563097032,129871795,1051546,4898617515
2025-01-22,95374914395,95374914395,0,4768745720,4710860,2219510929,665853,391367483,391367,2610878412,2612636959,754939383,754939383,754226520,752467972,5629210217,130543921,1057221,4899289640
2025-01-23,95374914395,95374914395,0,4768745720,4710860,2124265716,637280,368197706,368198,2492463422,2494103102,755401684,755401684,754716301,753076621,5512699392,124623171,1005477,4893368891
2025-01-24,143062371593,95374914395,47687457198,9537491440,43763050,2006489204,601947,362654388,362654,2369143592,2370279534,759764930,759764930,759186117,758050175,5407045685,118457180,964601,9655948619
2025-01-31,143062371593,95374914395,47687457198,9537491440,43763050,2263320180,678996,362767097,362767,2626087277,2627480401,759783479,759783479,759146881,757753757,5663947997,131304364,1041763,9668795803
2025-02-03,143062371593,95374914395,47687457198,9537491440,43763050,2216194382,664858,368590598,368591,2584784981,2586529210,757716893,757716893,757012595,755268366,5614243956,129239249,1033449,9666730689
2025-02-04,143062371593,95374914395,47687457198,9537491440,43763050,2111830227,633549,381816074,381816,2493646301,2494824961,760441144,760441144,759843921,758665261,5534216430,124682315,1015365,9662173755
2025-02-05,143062371593,95374914395,47687457198,9537491440,43763050,2118930892,635679,696602775,696603,2815533668,2816456647,764692652,764692652,764154554,763231574,5873228079,140776683,1332282,9678268123
2025-02-06,143062371593,95374914395,47687457198,9537491440,43763050,2335002754,700501,780462326,780462,3115465080,3115541346,808508759,808508759,808177387,808101121,6348837372,155773254,1480963,9693264694
2025-02-07,143062371593,95374914395,47687457198,9537491440,43763050,2354827147,706448,801907004,801907,3156734151,3157482146,831804638,831804638,831247049,830499054,6482837524,157836708,1508355,9695328147
2025-02-10,143062371593,95374914395,47687457198,9537491440,43763050,2359041811,707713,806189827,806190,3165231638,3165969992,844874786,844874786,844314573,843576219,6543610356,158261582,1513902,9695753021
2025-02-11,143062371593,95374914395,47687457198,9537491440,43763050,1965562623,589669,770090351,770090,2735652973,2736234905,844985599,844985599,844470437,843888506,6114565047,136782649,1359759,9674274088
2025-02-12,143062371593,95374914395,47687457198,9537491440,43763050,1997577490,599273,719205019,719205,2716782508,2717275591,841042235,841042235,840554869,840061787,6079976717,135839125,1318478,9673330565
2025-02-13,95374914395,95374914395,0,4768745720,4710860,2114267677,634280,402988276,402988,2517255952,2517780722,849494385,849494385,848994598,848469828,5914233918,125862798,1037269,4894608517
2025-02-14,0,0,0,0,0,2348180090,704454,397817998,397818,2745998088,2746434683,850021450,850021450,849545556,849108961,6145132099,137299904,1102272,137299904
2025-02-17,0,0,0,0,0,2383897366,715169,426111897,426112,2810009262,2809992937,849587463,849587463,849239883,849256208,6207663954,140500463,1141281,140500463
2025-02-18,0,0,0,0,0,1881502208,564451,424521153,424521,2306023362,2306168710,850755105,850755105,850358716,850213367,5708251002,115301168,988972,115301168
2025-02-19,0,0,0,0,0,878467518,263540,370149803,370150,1248617321,1248954250,853886340,853886340,853433796,853096866,4663257593,62430866,633690,62430866
2025-02-20,0,0,0,0,0,707253009,212176,130574017,130574,837827026,838337093,857107773,857107773,856603202,856093135,4265248976,41891351,342750,41891351
2025-02-21,0,0,0,0,0,613076008,183923,35190881,35191,648266889,649133865,858675245,858675245,858069069,857202094,4081755517,32413344,219114,32413344
2025-02-24,0,0,0,0,0,531607061,159482,32491062,32491,564098123,564910361,858834336,858834336,858243322,857431083,3998253438,28204906,191973,28204906
2025-02-25,0,0,0,0,0,375725004,112718,30405517,30406,406130521,407219613,865113980,865113980,864440245,863351154,3865238970,20306526,143123,20306526
2025-02-26,0,0,0,0,0,1456605655,436982,443494753,443495,1900100408,1901898274,864918721,864918721,865133693,863335828,5360205236,95005020,880476,95005020
2025-02-27,190749828791,190749828791,0,9537491440,32180065,1874984648,562495,408030249,408030,2283014897,2286281366,881210824,881210824,881506244,878239775,5808449034,114150745,970526,9651642184
2025-02-28,190749828791,190749828791,0,9537491440,32180065,1973000646,591900,427903916,427904,2400904562,2405799114,932453600,932453600,934307984,929413432,6134427729,120045228,1019804,9657536668
2025-03-04,190749828791,190749828791,0,9537491440,32180065,2333798709,700140,526820609,526821,2860619318,2865296593,938209797,938209797,939434414,934757139,6615907739,143030966,1226960,9680522405
2025-03-05,190749828791,190749828791,0,9537491440,32180065,2625636175,787691,589226370,589226,3214862545,3218579202,963335536,963335536,964279166,960562509,7070091948,160743127,1376917,9698234567
2025-03-06,190749828791,190749828791,0,9537491440,32180065,3009475128,902843,801808070,801808,3811283198,3814036445,961803239,961803239,961803239,959049991,7658496152,190564160,1704651,9728055599
2025-03-07,190749828791,190749828791,0,9537491440,32180065,3174377492,952313,880667358,880667,4055044851,4058296395,950504660,950504660,950504660,947253115,7857063489,202752243,1832981,9740243682
2025-03-10,190749828791,190749828791,0,9537491440,32180065,3300521205,990156,874441899,874442,4174963104,4176529493,959491727,959491727,959491727,957925338,8012930013,208748155,1864598,9746239595
2025-03-11,190749828791,190749828791,0,9537491440,32180065,3439239170,1031772,866179257,866179,4305418427,4307444392,945501448,945501448,945501448,943475482,8087424217,215270921,1897951,9752762361
2025-03-12,190749828791,190749828791,0,9537491440,32180065,3870227180,1161068,942719894,942720,4812947074,4814576193,973178978,973178978,973178978,971549859,8705662986,240647354,2103788,9778138793
2025-03-13,190749828791,190749828791,0,9537491440,32180065,4127848889,1238355,987986936,987987,5115835826,5117635838,972307511,972307511,972307511,970507498,9005065868,255791791,2226342,9793283231
2025-03-14,190749828791,190749828791,0,9537491440,32180065,4228494494,1268548,1015368912,1015369,5243863407,5244889933,968810913,968810913,968810913,967784387,9119107060,262193170,2283917,9799684610
2025-03-17,190749828791,190749828791,0,9537491440,32180065,4298686868,1289606,1063557326,1063557,5362244194,5362273809,979666502,979666502,979666502,979636887,9280910203,268112210,2353163,9805603649
2025-03-18,190749828791,190749828791,0,9537491440,32180065,4324621751,1297387,1096644772,1096645,5421266523,5422025531,985837933,985837933,985837933,985078925,9364618254,271063326,2394031,9808554766
2025-03-19,190749828791,190749828791,0,9537491440,32180065,4333347323,1300004,1059764094,1059764,5393111417,5392659056,993817768,993817768,993817768,994270129,9368382489,269655571,2359768,9807147010
2025-03-20,190749828791,190749828791,0,9537491440,32180065,4341230183,1302369,799329638,799330,5140559821,5140603068,1030046339,1030046339,1030046339,1030003093,9260745179,257027991,2101699,9794519431
2025-03-21,190749828791,190749828791,0,9537491440,32180065,3159051952,947716,863154550,863155,4022206502,4022334255,1062514433,1062514433,1062514433,1062386681,8272264236,201110325,1810870,9738601765
2025-03-24,190749828791,190749828791,0,9537491440,32180065,3600154593,1080046,932422162,932422,4532576755,4533121315,1116342954,1116342954,1116342954,1115798395,8997948572,226628838,2012469,9764120277
2025-03-25,95374914395,95374914395,0,4768745720,13868732,3801553400,1140466,875827118,875827,4677380518,4677844331,1125043295,1125043295,1125043295,1124579482,9177553697,233869026,2016293,5002614746
2025-03-26,95374914395,95374914395,0,4768745720,13868732,3318985511,995696,733152943,733153,4052138453,4051096935,1116454334,1116454334,1116454334,1117495852,8517955789,202606923,1728849,4971352642
2025-03-27,95374914395,95374914395,0,4768745720,13868732,2942727029,882818,659919062,659919,3602646091,3601711314,1138357280,1138357280,1138357280,1139292057,8156075212,180132305,1542737,4948878024
2025-03-28,95374914395,95374914395,0,4768745720,13868732,2806289300,841887,625688314,625688,3431977614,3431187836,1149120139,1149120139,1149120139,1149909917,8028458171,171598881,1467575,4940344600
2025-03-31,95374914395,95374914395,0,4768745720,13868732,2837813781,851344,686263001,686263,3524076783,3524767977,1092969286,1092969286,1092969286,1092278092,7895953928,176203839,1537607,4944949559
2025-04-01,95374914395,95374914395,0,4768745720,13868732,4900085750,1470026,1201614143,1201614,6101699893,3911727427,1094721362,1094721362,1094721362,1095251105,8291142616,305084995,2671640,5073830714
2025-04-02,95374914395,95374914395,0,4768745720,13868732,5258835587,1577651,1280723353,1280723,6539558940,4316762905,1111861885,1112389110,1112389110,1110934150,8764337159,326977947,2858374,5095723667
2025-04-03,95374914395,95374914395,0,4768745720,13868732,7587586924,2276276,1801287576,1801288,9388874500,6866762813,1262879920,1266388821,1266388821,1259231767,11921652142,469443725,4077564,5238189445
2025-04-04,190749828791,190749828791,0,9537491440,20902987,6176902231,1853071,1587526618,1587527,7764428848,5550250904,1107104030,1115296228,1115296228,1107073915,9995021304,388221442,3440597,9925712882
2025-04-07,190749828791,190749828791,0,9537491440,20902987,6176136635,1852841,1634900872,1634901,7811037507,5665310581,1071933837,1083713806,1083713806,1073793089,9978465119,390551875,3487742,9928043315
2025-04-08,190749828791,190749828791,0,9537491440,20902987,6426699753,1928010,1708174988,1708175,8134874740,5985757214,1073760122,1084517282,1084517282,1075357404,10303909304,406743737,3636185,9944235177
2025-04-09,190749828791,190749828791,0,9537491440,20902987,6718632394,2015590,1787968863,1787969,8506601257,6356672572,1073872244,1084608650,1084608650,1076056441,10675818557,425330063,3803559,9962821502
2025-04-10,190749828791,190749828791,0,9537491440,20902987,6534627689,1960388,1784591922,1784592,8319219612,6230878899,1043355116,1050871706,1050871706,1044985597,10420963025,415960981,3744980,9953452420
2025-04-11,190749828791,190749828791,0,9537491440,20902987,6695895012,2008769,1844848181,1844848,8540743193,6383452073,1076825529,1084187067,1084187067,1080465590,10709117327,427037160,3853617,9964528599
2025-04-14,190749828791,190749828791,0,9537491440,20902987,7205966863,2161790,1946635615,1946636,9152602478,6838211553,1155715974,1163838666,1163838666,1158674952,11480279810,457630124,4108426,9995121563
2025-04-15,190749828791,190749828791,0,9537491440,20902987,7203731090,2161119,1940437590,1940438,9144168680,6823511622,1158875277,1169212871,1169212871,1161781781,11482594423,457208434,4101557,9994699874
2025-04-16,190749828791,190749828791,0,9537491440,20902987,7009113007,2102734,1905933970,1905934,8915046977,6631010146,1139567768,1151427998,1151427998,1144469063,11217902973,445752349,4008668,9983243788
2025-04-17,95374914395,95374914395,0,4768745720,7034255,7159747272,2147924,1968672736,1968673,9128420008,6763290777,1179829671,1193072787,1193072787,1185299560,11514565582,456421000,4116597,5225166720
2025-04-18,95374914395,95374914395,0,4768745720,7034255,7030107620,2109032,1938288460,1938288,8968396080,6630772863,1165244713,1180674483,1180674483,1172378504,11329745047,448419804,4047321,5217165524
2025-04-21,190749828791,190749828791,0,9537491440,33962556,6869468408,2060841,1914904370,1914904,8784372778,6470472494,1151740662,1167150239,1167150239,1162159622,11118673256,439218639,3975745,9976710078
2025-04-22,190749828791,190749828791,0,9537491440,33962556,6909903551,2072971,1943113264,1943113,8853016815,6518295179,1162542479,1177002956,1177002956,1172179157,11207022727,442650841,4016084,9980142280
2025-04-23,190749828791,190749828791,0,9537491440,33962556,6922115735,2076635,1954257755,1954258,8876373490,6518347831,1173091517,1190354574,1190354574,1184934142,11257082638,443818674,4030892,9981310114
2025-04-24,190749828791,190749828791,0,9537491440,33962556,6836489826,2050947,1906035928,1906036,8742525754,6412333518,1160196834,1175478535,1175478535,1169995402,11093482823,437126288,3956983,9974617727
2025-04-25,190749828791,190749828791,0,9537491440,33962556,6670167181,2001050,1848870894,1848871,8519038076,6235720626,1135770245,1152999270,1152999270,1147547205,10825036617,425951904,3849921,9963443343
2025-04-28,190749828791,190749828791,0,9537491440,33962556,6687513561,2006254,1854521334,1854521,8542034894,6252406534,1138950934,1156017994,1156017994,1150677427,10854070882,427101745,3860775,9964593184
2025-04-29,190749828791,190749828791,0,9537491440,33962556,6705090457,2011527,1866628004,1866628,8571718461,6273958129,1143113036,1160072639,1160072639,1154647295,10891863738,428585923,3878155,9966077363
2025-04-30,190749828791,190749828791,0,9537491440,33962556,6548434714,1964530,1814508852,1814509,8362943566,6109020117,1120382854,1139539094,1139539094,1133540595,10642021753,418147178,3779039,9955638618
2025-05-02,190749828791,190749828791,0,9537491440,33962556,6483604361,1945081,1794488048,1794488,8278092409,6040997111,1112258083,1129086919,1129086919,1124837215,10536266247,413904620,3739569,9951396060
2025-05-07,190749828791,190749828791,0,9537491440,33962556,6426906222,1928072,1793893555,1793894,8220799777,5978904168,1115137358,1136826078,1136826078,1126758251,10494451933,411039989,3721965,9948531428
2025-05-08,190749828791,190749828791,0,9537491440,33962556,6516759689,1955028,1838891627,1838892,8355651316,6060092899,1141443805,1159876685,1159876685,1154114612,10675404686,417782566,3793920,9955274005
2025-05-09,95374914395,95374914395,0,4768745720,26928301,6209448967,1862835,1763111198,1763111,7972560165,5743401159,1108372687,1120655359,1120655359,1120786320,10213870883,398628008,3625946,5167373728
2025-05-12,95374914395,95374914395,0,4768745720,26928301,6204368831,1861311,1719747812,1719748,7924116644,5696350814,1108177505,1120174153,1120174153,1119588325,10164464950,396205832,3581058,5164951552
2025-05-13,0,0,0,0,0,5664082409,1699225,1361718037,1361718,7025800446,4915401476,1051230315,1059168655,1059168655,1059168655,9144137755,351290022,3060943,351290022
2025-05-14,0,0,0,0,0,4610389878,1383117,1417285627,1417286,6027675504,3900771136,1058847060,1068057309,1068057309,1068057309,8163790122,301383775,2800403,301383775
2025-05-15,0,0,0,0,0,4875101686,1462531,1345943490,1345943,6221045176,4089522206,1061116712,1070406258,1070406258,1070406258,8361857692,311052259,2808474,311052259
2025-05-16,0,0,0,0,0,4906814825,1472044,1265498569,1265499,6172313393,4059343946,1050836423,1062133024,1062133024,1062133024,8296579442,308615670,2737543,308615670
2025-05-19,0,0,0,0,0,4546347735,1363904,1137031863,1137032,5683379598,3657065061,1009633213,1016681324,1016681324,1016681324,7716742246,284168980,2500936,284168980
2025-05-20,0,0,0,0,0,4270837545,1281251,1110515851,1110516,5381353396,3355679345,1009207875,1016466176,1016466176,1016466176,7414285749,269067670,2391767,269067670
2025-05-21,0,0,0,0,0,4041114158,1212334,1104144887,1104145,5145259045,3124949735,1007149492,1013159818,1013159818,1013159818,7171578681,257262952,2316479,257262952
2025-05-22,0,0,0,0,0,4018910739,1205673,690641879,690642,4709552617,2684725114,1009387032,1015440472,1015440472,1015440472,6740433561,235477631,1896315,235477631
2025-05-23,0,0,0,0,0,3971414702,1191424,732117928,732118,4703532631,2682176303,1007880133,1013476194,1013476194,1013476194,6730485019,235176632,1923542,235176632
2025-05-26,0,0,0,0,0,3975228860,1192569,781597314,781597,4756826174,2727748426,1012295252,1016782496,1016782496,1016782496,6790391165,237841309,1974166,237841309
2025-05-27,0,0,0,0,0,3951957536,1185587,804963815,804964,4756921351,2748792770,1001463232,1006665350,1006665350,1006665350,6770252050,237846068,1990551,237846068
2025-05-28,0,0,0,0,0,3925728340,1177719,844046290,844046,4769774629,2758678663,1003148934,1007947032,1007947032,1007947032,6785668693,238488731,2021765,238488731
2025-05-29,0,0,0,0,0,2575548439,772665,883587927,883588,3459136366,1399648687,1028829486,1030658193,1030658193,1030658193,5520452753,172956818,1656252,172956818
2025-05-30,0,0,0,0,0,2722399400,816720,831242271,831242,3553641671,1488309239,1032109795,1033222637,1033222637,1033222637,5620086945,177682084,1647962,177682084
2025-06-02,0,0,0,0,0,1438943256,431683,128407560,-128408,1567350816,1567853761,1072125260,1071227736,1071227736,1071227736,5853662228,78367541,560091,78367541
2025-06-04,47687457198,0,47687457198,4768745720,39052190,1922411127,576723,218982157,-218982,2141393285,2142455484,1027732850,1025838378,1025838378,1025838378,6247703466,107069664,795705,4875815384
2025-06-05,95374914395,0,95374914395,9537491440,68058034,298909796,89673,637677905,-637678,936587701,2102370468,1037682517,1035458222,1035458222,1035458222,6246427652,46829385,727351,9584320825
2025-06-09,95374914395,0,95374914395,9537491440,68058034,274361447,82308,629511240,-629511,903872687,2075475068,1049842772,1048519456,1048519456,1048224609,6270581361,45193634,711820,9582685074
2025-06-10,95374914395,0,95374914395,9537491440,68058034,223302414,66991,614019974,-614020,837322388,2021992812,1062342029,1058965599,1058965599,1058957870,6261223908,41866119,681011,9579357559
2025-06-11,95374914395,0,95374914395,9537491440,68058034,207053330,-62116,586895068,-586895,793948398,1550847566,1056093570,1052341322,1052341322,1052624312,5764248093,39697420,649011,9577188859
2025-06-12,47687457198,0,47687457198,4768745720,29005843,609526953,-182858,563967714,-563968,1173494667,1125231083,1062644871,1059416085,1059416085,1059879992,5366588115,58674733,746826,4827420453
2025-06-13,0,0,0,0,0,789660125,-236898,531791184,-531791,1321451309,892557776,1051613500,1048060383,1048060383,1048968216,5089260258,66072565,768689,66072565
2025-06-16,0,0,0,0,0,786475479,-235943,497786675,-497787,1284262154,860208196,1050136789,1045477339,1045477339,1046494819,5047794481,64213108,733729,64213108
2025-06-17,0,0,0,0,0,804570092,-241371,484266100,-484266,1288836192,823015758,1047574747,1044027249,1044027249,1044993934,5003638937,64441810,725637,64441810
2025-06-18,0,0,0,0,0,2312070698,-693621,524344484,-524344,2836415183,729121285,1053943389,1051285725,1051285725,1053350508,4938986632,141820759,1217966,141820759
2025-06-19,0,0,0,0,0,2197331796,-659200,568217951,-568218,2765549747,633148607,1067604019,1063215567,1063215567,1064797120,4891980881,138277487,1227417,138277487
2025-06-20,0,0,0,0,0,2083492019,-625048,610975045,-610975,2694467064,551128100,1071807355,1069960946,1069960946,1071531608,4834388956,134723353,1236023,134723353
2025-06-23,0,0,0,0,0,1909764518,-572929,654963396,-654963,2564727914,437146807,1063254164,1061435793,1061435793,1064326943,4687599500,128236396,1227893,128236396
2025-06-24,0,0,0,0,0,1721802324,-516541,701522165,-701522,2423324489,339537911,1041556109,1041080653,1041080653,1042230469,4505485794,121166224,1218063,121166224
2025-06-25,0,0,0,0,0,1659143621,-497743,746088441,-746088,2405232062,310894546,1046142399,1046477487,1046477487,1048195116,4498187037,120261603,1243832,120261603
2025-06-26,0,0,0,0,0,1833014342,-549904,720702431,-720702,2553716773,476437981,1037388956,1039451962,1039451962,1039889836,4632620697,127685839,1270607,127685839
2025-06-27,0,0,0,0,0,2062623829,-618787,664527677,-664528,2727151506,588256301,1068410831,1069662330,1069662330,1070484374,4866476166,136357575,1283315,136357575
2025-06-30,0,0,0,0,0,2207081039,-662124,392070526,-392071,2599151564,662139576,1071278513,1072327327,1072327327,1073074301,4951147044,129957578,1054195,129957578
2025-07-01,0,0,0,0,0,573113076,171934,18848671,18849,591961748,593658554,1076241664,1077599024,1077599024,1077938470,4903036736,29598087,190783,29598087
2025-07-02,0,0,0,0,0,2123696073,637109,4793692,-4794,2128489765,952122205,1089024145,1088440232,1088440232,1089853432,5307880246,106424488,641903,106424488
2025-07-03,0,0,0,0,0,309151038,92745,518221014,-518221,827372052,826438244,1167362690,1165791400,1165224717,1166228498,5491045549,41368603,610966,41368603
2025-07-04,0,0,0,0,0,2083094464,624928,14202134,14202,2097296597,709646870,1219137662,1218955180,1218274887,1220585395,5586599994,104864830,639130,104864830
2025-07-07,0,0,0,0,0,24684411,7405,492530727,-492531,517215137,517380954,1224133581,1223268110,1222827334,1224871839,5412481818,25860757,499936,25860757
2025-07-08,0,0,0,0,0,315523682,94657,484637019,-484637,800160701,800188857,1228457009,1227342773,1226952663,1228897501,5711838803,40008035,579294,40008035
2025-07-09,0,0,0,0,0,561748738,168525,692585039,-692585,1254333777,1254239260,1260806078,1259403761,1259069718,1260973578,6294492394,62716689,861110,62716689
2025-07-10,0,0,0,0,0,917233953,275170,729830166,-729830,1647064118,1646880737,1255337817,1255268988,1254465670,1255819225,6667772437,82353206,1005000,82353206
2025-07-11,0,0,0,0,0,941803084,282541,765879853,-765880,1707682937,1709204642,1284187072,1286667663,1285465776,1288058864,6853584017,85384147,1048421,85384147
2025-07-14,0,0,0,0,0,653421699,196027,655729683,-655730,1309151383,1311482306,1263376103,1264506702,1263742800,1268185817,6371293729,65457569,851756,65457569
2025-07-15,0,0,0,0,0,595725890,178718,575135380,-575135,1170861270,1173733849,1301961070,1303822204,1302871610,1307867400,6390256132,58543063,753853,58543063
2025-07-16,0,0,0,0,0,458289128,137487,629183808,-629184,1087472936,1089070004,1331653932,1332045978,1331347225,1335098215,6419215354,54373647,766671,54373647
2025-07-17,0,0,0,0,0,80989334,-24297,706826207,-706826,787815540,784066041,1344260120,1343930070,1343667893,1348271796,6164195920,39390777,731123,39390777
2025-07-18,0,0,0,0,0,18482505,-5545,737252972,-737253,755735478,753352427,1362584733,1362329573,1361824443,1365472915,6205564090,37786774,742798,37786774
2025-07-21,0,0,0,0,0,266536065,-79961,763620501,-763621,1030156566,1030413023,1362099868,1360514155,1360104404,1362253162,6475384612,51507828,843581,51507828
2025-07-22,0,0,0,0,0,148566116,-44570,745180667,-745181,893746783,893981275,1365666335,1364433552,1363882556,1365982839,6353946557,44687339,789751,44687339
2025-07-23,95374914395,95374914395,0,4768745720,4710860,52488177,15746,733481633,-733482,785969810,785447880,1367022043,1365776675,1365119831,1366799718,6250166146,39298490,749228,4808044210
2025-07-24,95374914395,95374914395,0,4768745720,4710860,496115227,148835,730950126,-730950,1227065353,1226976278,1399556446,1398403592,1397826455,1399983285,6822746055,61353268,879785,4830098987
2025-07-25,95374914395,95374914395,0,4768745720,4710860,750277070,225083,710866086,-710866,1461143156,1461289895,1396436320,1395221650,1394743217,1397162623,7044853706,73057158,935949,4841802878
2025-07-28,95374914395,95374914395,0,4768745720,4710860,1218401538,365520,583962858,-583963,1802364396,1801073247,1387545883,1385157084,1384649722,1385884574,7344310509,90118220,949483,4858863940
2025-07-29,95374914395,95374914395,0,4768745720,4710860,2428343995,728503,177606068,-177606,2605950063,2604947445,1422411053,1420376046,1419817624,1421284712,8288836881,130297503,906109,4899043223
2025-07-30,95374914395,95374914395,0,4768745720,4710860,2035750606,610725,162115542,-162116,2197866148,2196398215,1427728911,1425113193,1424595426,1425780298,7899616043,109893307,772841,4878639027
2025-07-31,95374914395,95374914395,0,4768745720,4710860,2310089106,693027,187438236,-187438,2497527342,2496544962,1457141756,1454933909,1454428109,1456018803,8319067538,124876367,880465,4893622087
2025-08-01,95374914395,95374914395,0,4768745720,4710860,2120753012,636226,169319169,-169319,2290072182,2291576273,1461117195,1460777759,1460252193,1464101346,8137824767,114503609,805545,4883249329
2025-08-04,95374914395,95374914395,0,4768745720,4710860,2662684101,798805,44880649,-44881,2707564751,2706637237,1382203711,1381742619,1380820653,1381603390,8233007610,135378238,843686,4904123957
2025-08-05,95374914395,95374914395,0,4768745720,4710860,3338649100,1001595,179050631,179051,3517699731,3515818678,1380182820,1380176512,1379106252,1379372028,9034656289,175884987,1180645,4944630706
2025-08-06,95374914395,95374914395,0,4768745720,4710860,3657626960,1097288,168808681,168809,3826435641,3825445331,1454283605,1455246072,1454017302,1454522064,9643514373,191321782,1266097,4960067502
2025-08-07,95374914395,95374914395,0,4768745720,4710860,4116759799,1235028,307106085,307106,4423865884,4421196808,1443374841,1443854647,1442554836,1442005576,10192986709,221193294,1542134,4989939014
2025-08-08,95374914395,95374914395,0,4768745720,4710860,4108625718,1232588,332764557,332765,4441390275,4438604810,1442437818,1441880090,1440778653,1440753791,10204455162,222069514,1565352,4990815234
2025-08-11,95374914395,95374914395,0,4768745720,4710860,6753906711,2026172,334832701,334833,7088739412,7087339086,1465196940,1465439777,1464317587,1464918804,12947212195,354436971,2361005,5123182690
2025-08-12,95374914395,95374914395,0,4768745720,4710860,6901227764,2070368,330200704,330201,7231428468,7231669325,1524494494,1525498468,1524341121,1525892698,13331896106,361571423,2400569,5130317143
2025-08-13,95374914395,95374914395,0,4768745720,4710860,6718813347,2015644,324769150,324769,7043582498,7042702273,1526270089,1526928810,1525735397,1526583277,13148219846,352179125,2340413,5120924845
2025-08-14,95374914395,95374914395,0,4768745720,4710860,6445409488,1933623,899896428,899896,7345305916,7342725488,1507645413,1508630656,1507214399,1506481242,13372697198,367265296,2833519,5136011016
2025-08-18,95374914395,95374914395,0,4768745720,4710860,6095808878,1828743,817312739,817313,6913121617,6911892495,1493133151,1492822875,1491858083,1492868820,12882575424,345656081,2646055,5114401801
2025-08-19,95374914395,95374914395,0,4768745720,4710860,5730172887,1719052,653091791,653092,6383264678,6382725524,1487871173,1487070261,1486340236,1488062045,12332069240,319163234,2372144,5087908954
2025-08-20,95374914395,95374914395,0,4768745720,4710860,5463409876,1639023,526116772,526117,5989526649,5988132318,1491640051,1490245759,1489559579,1490931899,11950509606,299476332,2165140,5068222052
2025-08-21,95374914395,95374914395,0,4768745720,4710860,5171027643,1551308,156094246,156094,5327121890,5324994908,1521392020,1519027820,1518507737,1519785121,11403707606,266356094,1707403,5035101814
2025-08-22,95374914395,95374914395,0,4768745720,4710860,3580442711,1074133,204112369,204112,3784555080,3783032877,1523573898,1521104550,1520776565,1522379679,9870867569,189227754,1278245,4957973474
2025-08-25,95374914395,95374914395,0,4768745720,4710860,3914134695,1174240,154708451,154708,4068843146,4064779266,1540016998,1535759158,1535492974,1536219301,10212267697,203442157,1328949,4972187877
2025-08-26,95374914395,95374914395,0,4768745720,4710860,4141845043,1242554,77745192,77745,4219590236,4214850338,1535272725,1530639077,1530320913,1530850990,10341934043,210979512,1320299,4979725232
2025-08-27,95374914395,95374914395,0,4768745720,4710860,5479344817,1643803,96138675,96139,5575483492,5570679426,1528745128,1525458928,1524662968,1524737021,11674283471,278774175,1739942,5047519894
2025-08-28,95374914395,95374914395,0,4768745720,4710860,5683056352,1704917,192420373,192420,5875476725,5872182167,1523764158,1521686366,1520841619,1521314347,11959788657,293773836,1897337,5062519556
2025-08-29,95374914395,95374914395,0,4768745720,4710860,5676019155,1702806,246670309,246670,5922689464,5918352781,1628342173,1624331033,1623809324,1624527199,12419362510,296134473,1949476,5064880193
2025-09-01,0,0,0,0,0,5945119787,1783536,18178432,18178,5963298219,5961451568,1630522296,1628176286,1627615861,1629236070,12477002081,298164911,1801714,298164911
2025-09-02,0,0,0,0,0,4620552031,1386166,549754900,-549755,5170306931,5168982400,1638492828,1634919137,1634836757,1636321117,11713552239,258515347,1935921,258515347
2025-09-03,0,0,0,0,0,4205315714,1261595,498010958,-498011,4703326672,4703053212,1619920770,1617152535,1617409207,1619201884,11176737608,235166334,1759606,235166334
2025-09-04,0,0,0,0,0,3607287747,1082186,542207100,-542207,4149494848,4149063723,1642273128,1639532697,1639508873,1641578230,10711956650,207474742,1624393,207474742
2025-09-05,0,0,0,0,0,3467551653,1040265,543270615,-543271,4010822268,4010387438,1645899011,1643665868,1643306986,1645535932,10588795234,200541113,1583536,200541113
2025-09-08,0,0,0,0,0,3397723565,1019317,539542090,-539542,3937265655,3935926903,1671850185,1669090092,1668591758,1670159042,10615617981,196863283,1558859,196863283
2025-09-09,0,0,0,0,0,1586942844,476083,396525565,-396526,1983468409,1980866021,1664046291,1660495964,1659823700,1660468234,8625700209,99173420,872608,99173420
2025-09-10,95374914395,95374914395,0,4768745720,13868732,1621077378,486323,316939491,-316939,1938016868,1936111186,1686453416,1683743789,1683031889,1684083064,8673423344,96900843,803263,4865646563
2025-09-11,95374914395,95374914395,0,4768745720,13868732,1916484035,574945,84871332,-84871,2001355367,1998315967,1698504302,1694917925,1694104378,1694425839,8780268411,100067768,659817,4868813488
2025-09-12,95374914395,95374914395,0,4768745720,13868732,3064066613,919220,54692368,-54692,3118758981,3116698865,1689305809,1686563651,1685819549,1686729945,9865117819,155937949,973912,4924683669
2025-09-15,95374914395,95374914395,0,4768745720,13868732,3143843743,943153,37508660,37509,3181352403,3179283219,1713454771,1711316718,1710606917,1712095388,10026757013,159067620,980662,4927813340
2025-09-16,95374914395,95374914395,0,4768745720,13868732,3006895225,902069,97113562,97114,3104008788,3101107994,1748223445,1746404612,1745437117,1746290147,10087463315,155200439,999182,4923946159
2025-09-17,95374914395,95374914395,0,4768745720,13868732,2913989935,874197,132119830,132120,3046109766,3044201897,1842425230,1842320511,1840998183,1841839689,10411785508,152305488,1006317,4921051208
2025-09-18,95374914395,95374914395,0,4768745720,13868732,2746787222,824036,402300936,402301,3149088158,3145188419,1825822453,1825450469,1823958385,1823414798,10443834524,157454408,1226337,4926200128
2025-09-19,95374914395,95374914395,0,4768745720,13868732,2426315071,727895,350004995,350005,2776320066,2776359721,1765982084,1765573538,1764670634,1766924643,9839510620,138816003,1077900,4907561723
2025-09-22,0,0,0,0,0,1137119440,341136,375058404,375058,1512177843,1510452990,1792980015,1789821027,1789578526,1791497663,8674330220,75608892,716194,75608892
2025-09-23,0,0,0,0,0,724518786,217356,387200192,387200,1111718978,1110257678,1794037731,1791410598,1790967101,1793019929,8279693038,55585949,604556,55585949
2025-09-24,0,0,0,0,0,78106027,-23432,411756247,411756,489862274,488908899,1740880961,1739498214,1739541825,1742339121,7451169020,24493114,435188,24493114
2025-09-25,0,0,0,0,0,2544374634,-763312,106302648,-106303,2650677282,2646064317,1627773841,1628296959,1629070203,1631613563,9162818883,132533864,869615,132533864
2025-09-26,0,0,0,0,0,3045162846,-913549,271220424,-271220,3316383270,3312561414,1677909118,1681174649,1683156135,1679749487,10034550803,165819163,1184769,165819163
2025-09-29,0,0,0,0,0,3939340843,-1181802,584947275,-584947,4524288117,4522884446,1724110234,1728548336,1731068427,1722993814,11429605258,226214406,1766750,226214406
2025-09-30,0,0,0,0,0,4762202644,-1428661,778918278,-778918,5541120923,5539143051,1723311527,1727437616,1729825913,1722901102,12442619208,277056046,2207579,277056046
2025-10-01,0,0,0,0,0,5167544317,-1550263,1004036992,-1004037,6171581309,6169818917,1709153978,1713849588,1716470322,1708295636,13017588441,308579065,2554300,308579065
2025-10-02,0,0,0,0,0,5593989598,-1678197,1124635721,-1124636,6718625319,6715120710,1711183127,1714864930,1717064034,1712488631,13570721432,335931266,2802833,335931266
2025-10-10,0,0,0,0,0,5984972896,-1795492,1190835093,-1190835,7175807989,7172998950,1756352689,1760388564,1762756846,1756793447,14209290496,358790399,2986327,358790399
2025-10-13,0,0,0,0,0,5933887896,-1780166,1155783902,-1155784,7089671798,7087433194,1679651998,1682225802,1683923985,1680192419,13813427397,354483590,2935950,354483590
2025-10-14,0,0,0,0,0,6055217715,-1816565,1224111108,-1224111,7279328822,7277858831,1691705877,1694082959,1695697904,1691560924,14050906495,363966441,3040676,363966441
2025-10-15,0,0,0,0,0,6335778429,-1900734,1317289280,-1317289,7653067709,7652193505,1713909873,1717250179,1719296758,1712737497,14515387812,382653385,3218023,382653385
2025-10-16,0,0,0,0,0,5730760046,-1719228,1290317532,-1290318,7021077577,7020146769,1564091300,1567836879,1569966568,1562892420,13284933935,351053879,3009546,351053879
2025-10-17,0,0,0,0,0,5842984564,-1752895,1358141464,-1358141,7201126027,7200995083,1556302311,1559934612,1562010986,1554356880,13433599873,360056301,3111037,360056301
2025-10-20,0,0,0,0,0,5878974412,-1763692,1344506171,-1344506,7223480583,7225020955,1544843254,1549682935,1552269518,1540716299,13412532962,361174029,3108198,361174029
2025-10-21,0,0,0,0,0,5879153933,-1763746,1293292837,-1293293,7172446769,7174053448,1542742686,1547782713,1550450087,1538468633,13353497567,358622338,3057039,358622338
2025-10-22,0,0,0,0,0,5572284459,-1671685,1152434184,-1152434,6724718643,6725269591,1468974024,1472820861,1474939142,1466304796,12608308413,336235932,2824120,336235932
2025-10-23,0,0,0,0,0,5330078947,-1599024,1045729986,-1045730,6375808933,6376289692,1398070075,1402109977,1404270618,1395428675,11976169037,318790447,2644754,318790447
2025-10-24,0,0,0,0,0,5258667981,-1577600,1037763306,-1037763,6296431287,6298076682,1396670378,1401042780,1403351045,1392716718,11891857603,314821564,2615364,314821564
2025-10-27,0,0,0,0,0,5027036202,-1508111,992336293,-992336,6019372495,6021727277,1359484946,1364257399,1366714334,1354673230,11466857186,300968625,2500447,300968625
2025-10-28,0,0,0,0,0,4985660511,-1495698,1814845671,-1814846,6800506181,6802684732,1366804968,1371522061,1373957564,1362190914,12277160238,340025309,3310544,340025309
2025-10-29,0,0,0,0,0,5000477275,-1500143,1823463770,-1823464,6823941045,6829072930,1345418251,1351251072,1354157809,1337379630,12217279692,341197052,3323607,341197052
2025-10-30,0,0,0,0,0,4613490883,-1384047,1677358893,-1677359,6290849777,6295887995,1236690287,1242438922,1245252647,1228838343,11249108195,314542489,3061406,314542489
2025-10-31,0,0,0,0,0,4699292361,-1409788,1775475708,-1775476,6474768069,6480564311,1217799158,1223440684,1226202889,1209240713,11357247755,323738403,3185263,323738403
2025-11-03,0,0,0,0,0,4631611690,-1389484,1878703326,-1878703,6510315016,6515450833,1207956789,1213670710,1216458344,1200033339,11353570015,325515751,3268187,325515751
2025-11-04,0,0,0,0,0,5169547273,-1550864,2065201693,-2065202,7234748966,7236931343,1291264075,1296770039,1299499852,1286351885,12410817193,361737448,3616066,361737448
2025-11-05,0,0,0,0,0,5055342831,-1516603,1981617440,-1981617,7036960272,7038587690,1276079708,1281753824,1284547314,1271658800,12152627336,351848014,3498220,351848014
2025-11-06,0,0,0,0,0,4707559585,-1412268,1782597652,-1782598,6490157237,6487401517,1187865272,1193244464,1195874465,1187990991,11252376709,324507862,3194866,324507862
2025-11-07,95374914395,95374914395,0,4768745720,26928301,4699312959,-1409794,1727536572,-1727537,6426849531,6424192889,1189451309,1195084798,1197823127,1189369622,11195921746,321342477,3137330,5090088196
2025-11-10,190749828791,190749828791,0,9537491440,45239634,4650199585,-1395060,1666880869,-1666881,6317080454,6314403100,1179138409,1184591318,1187248833,1179158249,11044539908,315854023,3061941,9853345462
2025-11-11,190749828791,190749828791,0,9537491440,45239634,4493141844,-1347943,1568776834,-1568777,6061918678,6062108102,1145977191,1151182340,1153722896,1143247211,10656237739,303095934,2916719,9840587373
2025-11-12,190749828791,190749828791,0,9537491440,45239634,4148571758,-1244572,1432660741,-1432661,5581232499,5577014560,1072335834,1077277143,1079677343,1074153573,9880458452,279061625,2677232,9816553064
2025-11-13,0,0,0,0,0,4153025462,-1245908,1443959703,-1443960,5596985165,5594170213,1074747990,1080065474,1082628462,1074999954,9906612092,279849258,2689867,279849258
2025-11-14,0,0,0,0,0,6811957610,-2043587,1489432892,-1489433,8301390502,8296988981,1065944920,1071400153,1074016005,1067730589,12576080649,415069525,3533020,415069525
2025-11-17,0,0,0,0,0,6708785869,-2012636,1526953916,-1526954,8235739786,8233314454,1058682448,1064069804,1066654269,1058523315,12481244290,411786989,3539590,411786989
2025-11-18,0,0,0,0,0,6315415537,-1894625,1518826645,-1518827,7834242182,7831350319,1019791578,1024468075,1026732937,1020418579,11922761487,391712109,3413451,391712109
2025-11-19,0,0,0,0,0,6310721370,-1893216,1559094331,-1559094,7869815700,7866263804,1019794002,1024514004,1026797309,1021062594,11958431712,393490785,3452311,393490785
2025-11-20,0,0,0,0,0,6189491751,-1856848,1565013147,-1565013,7754504898,7753645249,1017409572,1022771453,1025331289,1015709385,11834866948,387725245,3421861,387725245
2025-11-21,0,0,0,0,0,5849012260,-1754704,1541019322,-1541019,7390031581,7389879391,982821978,987651091,989968877,980656382,11330977719,369501579,3295723,369501579
2025-11-24,0,0,0,0,0,5694776047,-1708433,1551093832,-1551094,7245869879,7243209829,985316212,990104644,992406701,985674205,11196711591,362293494,3259527,362293494
2025-11-25,0,0,0,0,0,5537488884,-1661247,1539680048,-1539680,7077168932,7074417284,985884833,990558716,992811280,986383917,11030056029,353858447,3200927,353858447
2025-11-26,0,0,0,0,0,5402011290,-1620603,1555425178,-1555425,6957436468,6954614664,991384277,996034493,998278155,991962420,10932274008,347871823,3176029,347871823
2025-11-27,0,0,0,0,0,3952969068,-1185891,1228442555,-1228443,5181411623,5178860420,841896537,846156417,848169752,842434406,8557517531,259070581,2414333,259070581
2025-11-28,0,0,0,0,0,3808101819,-1142431,1227169392,-1227169,5035271211,5032760664,854701037,854169809,856063669,855317725,8453012903,251763561,2369600,251763561
2025-12-01,0,0,0,0,0,6153065208,-1845920,1916981760,-1916982,8070046969,4726865007,834828307,835451663,837450329,835451663,8070046969,403502348,3762901,403502348
2025-12-02,0,0,0,0,0,5950074424,-1785022,1889518908,-1889519,7839593332,4533377745,825704289,827541314,827455259,825514725,7839593332,391979667,3674541,391979667
2025-12-03,0,0,0,0,0,5984163806,-1795249,1883471786,-1883472,7867635592,4578507773,821181131,821839314,824034480,822072894,7867635592,393381780,3678721,393381780
2025-12-04,0,0,0,0,0,6042493506,-1812748,1889514864,-1889515,7932008370,4655948004,819856736,818760263,819647856,817795511,7932008370,396600418,3702263,396600418
2025-12-05,0,0,0,0,0,6042725904,-1812818,1874483699,-1874484,7917209602,4678941803,811698277,810184529,809061865,807323129,7917209602,395860480,3687301,395860480
2025-12-08,0,0,0,0,0,6052405583,-1815722,1861735875,-1861736,7914141458,4700969708,805221161,802192978,803755841,802001770,7914141458,395707073,3677458,395707073
2025-12-09,0,0,0,0,0,5912233228,-1773670,1812631846,-1812632,7724865074,4598104899,782338678,778539756,783826168,782055573,7724865074,386243254,3586302,386243254
2025-12-10,0,0,0,0,0,5930413704,-1779124,1803415307,-1803415,7733829011,4625300463,775918300,773281419,780596560,778732269,7733829011,386691451,3582539,386691451
2025-12-11,0,0,0,0,0,6009379023,-1802814,1810988936,-1810989,7820367959,4702622738,778518614,774754621,783170645,781301341,7820367959,391018398,3613803,391018398
2025-12-12,0,0,0,0,0,5928854143,-1778656,1787848675,-1787849,7716702818,4657581720,765035579,760979494,767427920,765678105,7716702818,385835141,3566505,385835141
2025-12-15,0,0,0,0,0,5345425554,-1603628,1596381793,-1596382,6941807347,4147896195,700134906,697679980,698753998,697342269,6941807347,347090367,3200009,347090367
2025-12-16,0,0,0,0,0,5417574268,-1625272,1602470945,-1602471,7020045214,4210791563,705102132,700934924,702298266,700918329,7020045214,351002261,3227743,351002261
2025-12-17,0,0,0,0,0,5444840421,-1633452,1608982440,-1608982,7053822861,4223124303,708025177,706536247,708834339,707302794,7053822861,352691143,3242435,352691143
2025-12-18,0,0,0,0,0,5356186391,-1606856,1602080385,-1602080,6958266777,4159642112,701154033,699133703,699887443,698449485,6958266777,347913339,3208936,347913339
2025-12-19,0,0,0,0,0,5302163264,-1590649,1608533793,-1608534,6910697057,4116571763,697595563,697505071,700297752,698726908,6910697057,345534853,3199183,345534853
2025-12-22,0,0,0,0,0,5130527442,-1539158,1580743682,-1580744,6711271124,3929435753,695290554,694655715,696704269,695184833,6711271124,335563556,3119902,335563556
2025-12-23,0,0,0,0,0,4316882685,-1295065,1544030567,-1544031,5860913252,3081650488,694796791,694227486,695872203,694366284,5860913252,293045663,2839095,293045663
2025-12-24,0,0,0,0,0,4491715639,-1347515,1333741265,-1333741,5825456904,3059825983,691589588,691589588,691961236,690490508,5825456904,291272845,2681256,291272845
2025-12-26,0,0,0,0,0,4587296826,-1376189,1422747346,-1422747,6010044172,3198518448,702914658,702914658,702691343,703005065,6010044172,300502209,2798936,300502209
2025-12-29,0,0,0,0,0,4500445865,-1350134,1388744153,-1388744,5889190018,3091661682,700085076,700085076,698533943,698824242,5889190018,294459501,2738878,294459501
2025-12-30,0,0,0,0,0,4412779335,-1323834,1355069910,-1355070,5767849245,2970197322,699818106,699818106,699007856,699007856,5767849245,288392462,2678904,288392462
2025-12-31,0,0,0,0,0,4357195939,-1307159,1326693757,-1326694,5683889696,2896686576,697207281,697207281,696394279,696394279,5683889696,284194485,2633853,284194485
2026-01-02,0,0,0,0,0,4048665631,-1214600,1234058916,-1234059,5282724547,2485666230,699549803,699549803,698979355,698979355,5282724547,264136227,2448659,264136227
2026-01-05,0,0,0,0,0,4049965511,-1214990,1253064013,-1253064,5303029523,2477854178,706100334,706100334,706487338,706487338,5303029523,265151476,2468054,265151476
2026-01-06,0,0,0,0,0,4103964950,-1231189,1325474075,-1325474,5429439025,2577170627,712509039,712509039,713625160,713625160,5429439025,271471951,2556664,271471951
2026-01-07,0,0,0,0,0,4097833132,-1229350,1317951558,-1317952,5415784691,2620740478,699293077,699293077,698229030,698229030,5415784691,270789235,2547301,270789235
2026-01-08,0,0,0,0,0,4205115926,-1261535,1494588150,-1494588,5699704077,2869707083,708214265,708214265,706784231,706784231,5699704077,284985204,2756123,284985204
2026-01-09,0,0,0,0,0,4353214641,-1305964,1440920758,-1440921,5794135399,2949038999,711050835,711050835,711497364,711497364,5794135399,289706770,2746885,289706770
2026-01-12,0,0,0,0,0,4661219692,-1398366,1463546026,-1463546,6124765718,3260116130,715576463,715576463,716748332,716748332,6124765718,306238286,2861912,306238286
2026-01-13,0,0,0,0,0,4660247983,-1398074,1491918409,-1491918,6152166392,3288536693,714611136,714611136,717203713,717203713,6152166392,307608320,2889993,307608320
2026-01-14,0,0,0,0,0,4876644654,-1462993,1557348526,-1557349,6433993180,3529229471,724919038,724919038,727462817,727462817,6433993180,321699659,3020342,321699659
2026-01-15,0,0,0,0,0,4772512659,-1431754,1563585553,-1563586,6336098212,3531191896,698081492,698081492,704371666,704371666,6336098212,316804911,2995339,316804911
2026-01-16,0,0,0,0,0,4988024987,-1496407,1626924649,-1626925,6614949637,3797308839,701341683,701341683,707478716,707478716,6614949637,330747482,3123332,330747482
2026-01-19,0,0,0,0,0,4964595363,-1489379,1589086178,-1589086,6553681541,3779162768,689291290,689291290,697968097,697968097,6553681541,327684077,3078465,327684077
2026-01-20,0,0,0,0,0,4921051307,-1476315,1549209012,-1549209,6470260319,3722628405,681156906,681156906,692659051,692659051,6470260319,323513016,3025524,323513016
2026-01-21,0,0,0,0,0,4708729522,-1412619,1491419410,-1491419,6200148933,3546255352,659417640,659417640,667529150,667529150,6200148933,310007447,2904038,310007447
2026-01-22,0,0,0,0,0,4679586181,-1403876,1490335686,-1490336,6169921867,3523728431,658572043,658572043,664524675,664524675,6169921867,308496093,2894212,308496093
2026-01-23,0,0,0,0,0,4703460743,-1411038,1486249654,-1486250,6189710397,3539839205,658853746,658853746,666081850,666081850,6189710397,309485520,2897288,309485520
2026-01-26,0,0,0,0,0,4696602109,-1408981,1475620936,-1475621,6172223045,3532803884,657088742,657088742,662620839,662620839,6172223045,308611152,2884602,308611152
2026-01-27,0,0,0,0,0,4745377292,-1423613,1486861607,-1486862,6232238898,3538615884,670387721,670387721,676423786,676423786,6232238898,311611945,2910475,311611945
2026-01-28,0,0,0,0,0,4734041313,-1420212,1488643414,-1488643,6222684727,3533482057,669652919,669652919,674948416,674948416,6222684727,311134236,2908856,311134236
2026-01-29,0,0,0,0,0,4775928446,-1432779,1515380422,-1515380,6291308868,3577626865,674676161,674676161,682164841,682164841,6291308868,314565443,2948159,314565443
2026-01-30,0,0,0,0,0,4738330243,-1421499,1495639069,-1495639,6233969313,3544422258,667397722,667397722,677375805,677375805,6233969313,311698466,2917138,311698466
2026-02-02,0,0,0,0,0,4793124307,-1437937,1496278763,-1496279,6289403070,3592981770,669062907,669062907,679147743,679147743,6289403070,314470153,2934216,314470153
2026-02-03,0,0,0,0,0,4797128288,-1439138,1498040054,-1498040,6295168342,3596005712,668828595,668828595,680752720,680752720,6295168342,314758417,2937179,314758417
2026-02-04,0,0,0,0,0,4898552307,-1469566,1518732960,-1518733,6417285267,3665744452,681123811,681123811,694646596,694646596,6417285267,320864263,2988299,320864263
2026-02-05,0,0,0,0,0,4874744888,-1462423,1499379723,-1499380,6374124611,3635810784,678439973,678439973,690716940,690716940,6374124611,318706231,2961803,318706231
2026-02-06,0,0,0,0,0,4889521839,-1466857,1506205919,-1506206,6395727759,3640015450,681585529,681585529,696270625,696270625,6395727759,319786388,2973062,319786388
2026-02-09,0,0,0,0,0,4935743808,-1480723,1522257363,-1522257,6458001171,3679781679,687180956,687180956,701928790,701928790,6458001171,322900059,3002981,322900059
2026-02-10,0,0,0,0,0,4856028925,-1456809,1470617051,-1470617,6326645976,3594610286,677470689,677470689,688547156,688547156,6326645976,316332299,2927426,316332299
2026-02-11,0,0,0,0,0,4714140235,-1414242,1437091462,-1437091,6151231697,3446316270,671549968,671549968,680907745,680907745,6151231697,307561585,2851334,307561585
2026-02-12,0,0,0,0,0,4590348587,-1377105,1400950496,-1400950,5991299083,3295165788,669945668,669945668,678120980,678120980,5991299083,299564954,2778055,299564954
2026-02-13,0,0,0,0,0,4522507830,-1356752,1336319153,-1336319,5858826983,3148698330,674272394,674272394,680791933,680791933,5858826983,292941349,2693072,292941349
2026-02-19,0,0,0,0,0,4032773271,-1209832,1224994734,-1224995,5257768004,2541790697,675058569,675058569,682930085,682930085,5257768004,262888400,2434827,262888400
2026-02-20,0,0,0,0,0,3985333438,-1195600,1220822108,-1220822,5206155546,2514006825,669878410,669878410,676195951,676195951,5206155546,260307777,2416422,260307777
2026-02-23,0,0,0,0,0,4035441005,-1210632,1222160081,-1222160,5257601086,2561398902,670062820,670062820,678038272,678038272,5257601086,262880054,2432792,262880054
2026-02-24,0,0,0,0,0,4500999819,-1350300,1324992032,-1324992,5825991851,2889460041,729441480,729441480,738824425,738824425,5825991851,291299593,2675292,291299593
2026-02-25,0,0,0,0,0,4560279561,-1368084,1329758904,-1329759,5890038465,2960152727,728400300,728400300,736542568,736542568,5890038465,294501923,2697843,294501923
2026-02-26,95374914395,95374914395,0,4768745720,7034255,4463795604,-1339139,1238427069,-1238427,5702222673,2845751842,712132319,712132319,716103096,716103096,5702222673,285111134,2577566,5053856853
2026-02-27,95374914395,95374914395,0,4768745720,7034255,4296949726,-1289085,1179503195,-1179503,5476452921,2619238496,713047404,713047404,715559809,715559809,5476452921,273822646,2468588,5042568366
2026-03-03,95374914395,95374914395,0,4768745720,7034255,2460380981,-738114,440625157,-440625,2901006138,1711215840,587601481,587601481,594895149,594895149,4076209100,145050307,1178739,4913796027
2026-03-04,95374914395,95374914395,0,4768745720,7034255,2615056954,-784517,450640068,-450640,3065697022,1874368904,588265805,587491112,596051406,596051406,4242228633,153284851,1235157,4922030571
2026-03-05,95374914395,95374914395,0,4768745720,7034255,2597477188,-779243,460932199,-460932,3058409387,1884277360,579415928,579784345,586881805,586881805,4217241243,152920469,1240175,4921666189
2026-03-06,95374914395,95374914395,0,4768745720,7034255,3002702055,-900811,506187757,-506188,3508889812,2314057031,589436471,588930440,597669406,597669406,4687762754,175444491,1406998,4944190210
2026-03-09,0,0,0,0,0,2473551910,-742066,769153221,-769153,3242705132,2227346002,501999404,498448615,509454960,509454960,4246703940,162135257,1511219,162135257
2026-03-10,190749828791,190749828791,0,9537491440,11745115,2354875584,-706463,702118747,-702119,3056994331,2105521220,470115895,468519631,476534688,476534688,3997226121,152849717,1408581,9690341156
2026-03-11,190749828791,190749828791,0,9537491440,11745115,2428545370,-728564,688750950,-688751,3117296320,2164520345,470817050,469615712,476988657,476988657,4058930421,155864816,1417315,9693356256
2026-03-12,190749828791,190749828791,0,9537491440,11745115,2603553367,-781066,751059051,-751059,3354612418,2368539251,487430948,485860860,493821627,493821627,4329474314,167730621,1532125,9705222060
2026-03-13,190749828791,190749828791,0,9537491440,11745115,2628589169,-788577,775686849,-775687,3404276018,2443869384,474890350,472013315,481641835,481641835,4354056718,170213801,1564264,9707705240
2026-03-16,190749828791,190749828791,0,9537491440,11745115,2622546850,-786764,803443905,-803444,3425990755,2467398320,473911936,471328754,480587808,480587808,4373814626,171299538,1590208,9708790977
2026-03-17,95374914395,95374914395,0,4768745720,4710860,2644689965,-793407,817422891,-817423,3462112855,2494623575,478191963,475104061,485288592,485288592,4418496781,173105643,1610830,4941851363
2026-03-18,95374914395,95374914395,0,4768745720,4710860,2606658107,-781997,786898393,-786898,3393556500,2437648527,472603881,470916552,478797651,478797651,4338764261,169677825,1568896,4938423545
2026-03-19,95374914395,95374914395,0,4768745720,4710860,2546927407,-764078,781869138,-781869,3328796545,2391814207,463579903,461003536,469779353,469779353,4255956351,166439827,1545947,4935185547
2026-03-20,95374914395,95374914395,0,4768745720,4710860,2486607817,-745982,791695868,-791696,3278303685,2359767813,454592970,451074474,461027184,461027184,4187489625,163915184,1537678,4932660904
2026-03-23,95374914395,95374914395,0,4768745720,4710860,2127663260,-638299,737111585,-737112,2864774845,2055472074,401107472,396565463,406922390,406922390,3666989789,143238742,1375411,4911984462
2026-03-24,95374914395,95374914395,0,4768745720,4710860,2031259027,-609378,727512606,-727513,2758771634,1972390272,389810433,386731681,394730057,394730057,3538392500,137938582,1336890,4906684301
2026-03-25,95374914395,95374914395,0,4768745720,4710860,2035293262,-610588,735581889,-735582,2770875151,1978657509,392803656,390094269,397463514,397463514,3556482462,138543758,1346170,4907289477
2026-03-26,95374914395,95374914395,0,4768745720,4710860,2039117069,-611735,739890554,-739891,2779007624,1984322110,394001861,391199812,398743781,398743781,3567011346,138950381,1351626,4907696101
2026-03-27,95374914395,95374914395,0,4768745720,4710860,2023147180,-606944,731785683,-731786,2754932863,1966578864,390868030,387663210,395779410,395779410,3536668924,137746643,1338730,4906492363
2026-03-30,95374914395,95374914395,0,4768745720,4710860,1978736975,-593621,722753856,-722754,2701490830,1926672465,384237801,381690365,388682901,388682901,3469966433,135074542,1316375,4903820261
2026-03-31,95374914395,95374914395,0,4768745720,4710860,1980543487,-594163,722870317,-722870,2703413805,1927716873,384622444,381909069,389205154,389205154,3472658693,135170690,1317033,4903916410
2026-04-01,190749828791,190749828791,0,9537491440,14046228,2277637010,-683291,813614382,-813614,3091251392,1704693671,345263895,343946239,348673794,348673794,3091251392,154562570,1496905,9692054009
2026-04-02,190749828791,190749828791,0,9537491440,14046228,2245806724,-673742,802268224,-802268,3048074948,1675844540,341077156,339728503,345712374,345712374,3048074948,152403747,1476010,9689895187
2026-04-03,190749828791,190749828791,0,9537491440,14046228,2201584126,-660475,772397419,-772397,2973981545,1603588737,340767179,339214758,345205435,345205435,2973981545,148699077,1432873,9686190517
2026-04-06,190749828791,190749828791,0,9537491440,14046228,2187241198,-656172,666291332,-666291,2853532529,1477455724,342254470,340671319,346575508,346575508,2853532529,142676626,1322464,9680168066
2026-04-07,190749828791,190749828791,0,9537491440,14046228,1877713931,-563314,685001946,-685002,2562715877,1168841930,346650463,345346956,350938264,350938264,2562715877,128135794,1248316,9665627233
2026-04-08,190749828791,190749828791,0,9537491440,14046228,1896368453,-568911,689322103,-689322,2585690556,1234083586,336710059,335068329,339914291,339914291,2585690556,129284528,1258233,9666775967
2026-04-09,190749828791,190749828791,0,9537491440,14046228,1960858302,-588257,691168975,-691169,2652027277,1297119611,337471044,335996248,340720187,340720187,2652027277,132601364,1279426,9670092803
2026-04-10,95374914395,95374914395,0,4768745720,4710860,1923613411,-577084,680899752,-680900,2604513163,1249749062,337285969,335992217,340742957,340742957,2604513163,130225658,1257984,4898971378
2026-04-13,95374914395,95374914395,0,4768745720,4710860,1895308281,-568592,674246315,-674246,2569554596,1202619838,340082850,338586050,344132929,344132929,2569554596,128477730,1242839,4897223450
2026-04-14,95374914395,95374914395,0,4768745720,4710860,1867062098,-560119,665822086,-665822,2532884184,1144683300,345715459,344345082,349070171,349070171,2532884184,126644209,1225941,4895389929
2026-04-15,95374914395,95374914395,0,4768745720,4710860,1759977687,-527993,631759675,-631760,2391737362,1000911934,346341846,344867486,349808048,349808048,2391737362,119586868,1159753,4888332588
2026-04-16,0,0,0,0,0,1773057732,-531917,634238105,-634238,2407295837,1001550298,350043597,348767758,353467092,353467092,2407295837,120364792,1166155,120364792
2026-04-17,0,0,0,0,0,1771916767,-531575,640250719,-640251,2412167486,1003916047,350461224,349249783,354270215,354270215,2412167486,120608374,1171826,120608374
2026-04-20,0,0,0,0,0,1791093490,-537328,640670069,-640670,2431763559,1006608195,354857510,353771464,358263195,358263195,2431763559,121588178,1177998,121588178
2026-04-21,0,0,0,0,0,1818587991,-545576,495640142,-495640,2314228133,855562368,363391084,362583164,366345759,366345759,2314228133,115711407,1041217,115711407
2026-04-22,0,0,0,0,0,1794830701,-538449,506136919,-506137,2300967620,837762313,364352684,363473362,367689631,367689631,2300967620,115048381,1044586,115048381
2026-04-23,0,0,0,0,0,1812543673,-543763,661499973,-661500,2474043646,1025920508,360308273,359784103,364015381,364015381,2474043646,123702182,1205263,123702182
2026-04-24,0,0,0,0,0,2068013893,-620404,734719817,-734720,2802733710,1355843100,359837713,359331747,363860575,363860575,2802733710,140136685,1355124,140136685
2026-04-27,0,0,0,0,0,1971854145,-591556,714707412,-714707,2686561557,1232522148,361715600,361369818,365476995,365476995,2686561557,134328078,1306264,134328078
2026-04-28,0,0,0,0,0,2115729481,-634719,777613971,-777614,2893343452,1407612544,369676221,369803254,373125716,373125716,2893343452,144667173,1412333,144667173
2026-04-29,0,0,0,0,0,2151410600,-645423,789035124,-789035,2940445723,1448223602,371401628,371620471,374600011,374600011,2940445723,147022286,1434458,147022286
2026-04-30,0,0,0,0,0,2225242953,-667573,799996324,-799996,3025239278,1549911407,366898664,367228077,370600565,370600565,3025239278,151261964,1467569,151261964
2026-05-04,0,0,0,0,0,2297078418,-689124,829988982,-829989,3127067400,1614140411,376276162,376832099,379909364,379909364,3127067400,156353370,1519113,156353370
2026-05-06,0,0,0,0,0,2285975105,-685793,836895530,-836896,3122870635,1606155640,377555209,378399252,380380267,380380267,3122870635,156143532,1522688,156143532
2026-05-07,0,0,0,0,0,2249638644,-674892,828019688,-828020,3077658332,1572741796,374692355,375260808,377481687,377481687,3077658332,153882917,1502911,153882917
2026-05-08,0,0,0,0,0,2270801594,-681240,845316515,-845317,3116118109,1590701411,379608816,379979407,382914237,382914237,3116118109,155805905,1526557,155805905
2026-05-11,0,0,0,0,0,2264929749,-679479,850819465,-850819,3115749215,1587563731,380237693,380763834,383591979,383591979,3115749215,155787461,1530298,155787461
2026-05-12,47687457198,0,47687457198,4768745720,39052190,2240311520,-672093,836803132,-836803,3077114652,1575403691,373490174,374444462,376888163,376888163,3077114652,153855733,1508897,4922601452
2026-05-13,47687457198,0,47687457198,4768745720,39052190,2246446662,-673934,849671287,-849671,3096117948,1584459683,375792166,376482620,379691740,379691740,3096117948,154805897,1523605,4923551617
2026-05-14,47687457198,0,47687457198,4768745720,39052190,2257226610,-677168,856374537,-856375,3113601147,1599382910,376468871,377370278,380189544,380189544,3113601147,155680057,1533543,4924425777
2026-05-15,47687457198,0,47687457198,4768745720,39052190,2259002813,-677701,848666288,-848666,3107669102,1615443209,370631950,371685890,374954026,374954026,3107669102,155383455,1526367,4924129175
2026-05-18,47687457198,0,47687457198,4768745720,39052190,2337320109,-701196,861723504,-861724,3199043613,1706138791,370719677,371785009,375200068,375200068,3199043613,159952181,1562920,4928697900
2026-05-19,47687457198,0,47687457198,4768745720,39052190,2500393631,-750118,904972356,-904972,3405365987,1842697927,388728300,390628379,391655691,391655691,3405365987,170268299,1655090,4939014019
2026-05-20,47687457198,0,47687457198,4768745720,39052190,2503675899,-751103,907080840,-907081,3410756740,1845756395,389256231,391123747,392310183,392310183,3410756740,170537837,1658184,4939283557
2026-05-21,47687457198,0,47687457198,4768745720,39052190,2550516178,-765155,933621527,-933622,3484137705,1886012436,397844765,400093501,400093501,400093501,3484137705,174206885,1698776,4942952605
2026-05-22,47687457198,0,47687457198,4768745720,39052190,2550698997,-765210,935633716,-935634,3486332712,1887193998,398049711,400363001,400363001,400363001,3486332712,174316636,1700843,4943062355
2026-05-26,47687457198,0,47687457198,4768745720,39052190,2643053830,-792916,972324819,-972325,3615378648,1956769293,413001823,415202511,415202511,415202511,3615378648,180768932,1765241,4949514652
2026-05-27,0,0,0,0,0,2624035521,-787211,966681655,-966682,3590717176,1937398579,411408861,413969912,413969912,413969912,3590717176,179535859,1753892,179535859
2026-05-28,0,0,0,0,0,2658517589,-797555,971575825,-971576,3630093414,1964254032,414581162,417086073,417086073,417086073,3630093414,181504671,1769131,181504671
2026-05-29,0,0,0,0,0,2667933076,-800380,949933051,-949933,3617866127,1958603460,413379643,415294341,415294341,415294341,3617866127,180893306,1750313,180893306
2026-06-01,0,0,0,0,0,2804236994,-841271,963306057,-963306,3767543051,2037735231,430884786,432974345,432974345,432974345,3767543051,188377153,1804577,188377153
2026-06-02,0,0,0,0,0,2916051785,-874816,977588974,-977589,3893640759,2105966407,445487174,447395726,447395726,447395726,3893640759,194682038,1852405,194682038
2026-06-04,0,0,0,0,0,2922217345,-876665,944375908,-944376,3866593253,2087669542,442316029,445535894,445535894,445535894,3866593253,193329663,1821041,193329663
2026-06-05,0,0,0,0,0,2959817765,-887945,950766196,-950766,3910583961,2110118347,447633180,450944145,450944145,450944145,3910583961,195529198,1838712,195529198
2026-06-08,0,0,0,0,0,2950982158,-885295,947426232,-947426,3898408389,2102965349,446325656,449705795,449705795,449705795,3898408389,194920419,1832721,194920419
2026-06-09,0,0,0,0,0,2905074544,-871522,931159080,-931159,3836233624,2068895855,439406313,442643819,442643819,442643819,3836233624,191811681,1802681,191811681
2026-06-10,95374914395,95374914395,0,4768745720,7034255,2927825624,-878348,942269120,-942269,3870094744,2084329754,444236192,447176266,447176266,447176266,3870094744,193504737,1820617,4962250457
2026-06-11,95374914395,95374914395,0,4768745720,7034255,2964293880,-889288,945340625,-945341,3909634506,2105063916,448759256,451937111,451937111,451937111,3909634506,195481725,1834629,4964227445
2026-06-12,143062371593,95374914395,47687457198,9537491440,46086445,2877579894,-863274,883509267,-883509,3761089161,2017108038,434038364,436647586,436647586,436647586,3761089161,188054458,1746783,9725545898
2026-06-15,143062371593,95374914395,47687457198,9537491440,46086445,3145563172,-943669,894044153,-894044,4039607324,2144106776,471836298,474554750,474554750,474554750,4039607324,201980366,1837713,9739471806
2026-06-16,143062371593,95374914395,47687457198,9537491440,46086445,3170945124,-951284,826941438,-826941,3997886563,2032187007,489321793,492125921,492125921,492125921,3997886563,199894328,1778225,9737385768
2026-06-17,143062371593,95374914395,47687457198,9537491440,46086445,2818684496,-845605,837675748,-837676,3656360243,1697125700,487937259,490432428,490432428,490432428,3656360243,182818012,1683281,9720309452
2026-06-18,143062371593,95374914395,47687457198,9537491440,46086445,2824547863,-847364,835452535,-835453,3660000398,1723094197,482046849,484953118,484953118,484953118,3660000398,183000020,1682817,9720491459
2026-06-19,143062371593,95374914395,47687457198,9537491440,46086445,2883859668,-865158,848188496,-848188,3732048164,1781360845,485434871,488417483,488417483,488417483,3732048164,186602408,1713346,9724093848
2026-06-22,143062371593,95374914395,47687457198,9537491440,46086445,2973647152,-892094,854827271,-854827,3828474423,1843027068,494004642,497147571,497147571,497147571,3828474423,191423721,1746921,9728915161
2026-06-23,143062371593,95374914395,47687457198,9537491440,46086445,2954902516,-886471,839152663,-839153,3794055178,1809125472,494007083,496974208,496974208,496974208,3794055178,189702759,1725623,9727194198
2026-06-24,143062371593,95374914395,47687457198,9537491440,46086445,3267002326,-980101,918000662,-918001,4185002988,1954152332,555239221,558537145,558537145,558537145,4185002988,209250149,1898101,9746741589
2026-06-25,143062371593,95374914395,47687457198,9537491440,46086445,3304143516,-991243,925983671,-925984,4230127187,1938744043,570517394,573621917,573621917,573621917,4230127187,211506359,1917227,9748997799
2026-06-26,143062371593,95374914395,47687457198,9537491440,46086445,3141555863,-942467,666293880,-666294,3807849743,1533188521,566633818,569342468,569342468,569342468,3807849743,190392487,1608761,9727883927
2026-06-29,143062371593,95374914395,47687457198,9537491440,46086445,3095676290,-928703,675701999,-675702,3771378290,1480733061,570281609,573454540,573454540,573454540,3771378290,188568914,1604405,9726060354
2026-06-30,143062371593,95374914395,47687457198,9537491440,46086445,3009086614,-902726,658708611,-658709,3667795225,1392318494,566641000,569611910,569611910,569611910,3667795225,183389761,1561435,9720881201
2026-07-01,143062371593,95374914395,47687457198,9537491440,46086445,3039300275,-911790,656802778,-656803,3696103052,1394373812,572989898,576246447,576246447,576246447,3696103052,184805153,1568593,9722296592
2026-07-02,143062371593,95374914395,47687457198,9537491440,46086445,2946730259,-884019,682304575,-682305,3629034833,1351232023,567280654,570174052,570174052,570174052,3629034833,181451742,1566324,9718943181
2026-07-03,143062371593,95374914395,47687457198,9537491440,46086445,2496522171,-748957,724878508,-724879,3221400679,931430248,570443635,573175598,573175598,573175598,3221400679,161070034,1473835,9698561473
2026-07-06,143062371593,95374914395,47687457198,9537491440,46086445,2644614438,-793384,770962906,-770963,3415577344,1126061963,570343224,573057386,573057386,573057386,3415577344,170778867,1564347,9708270307
2026-07-07,143062371593,95374914395,47687457198,9537491440,46086445,2829336886,-848801,873150001,-873150,3702486887,1363237666,583050142,585399693,585399693,585399693,3702486887,185124344,1721951,9722615784
2026-07-08,143062371593,95374914395,47687457198,9537491440,46086445,2963184492,-888955,830190275,-830190,3793374768,1454478462,582907497,585329603,585329603,585329603,3793374768,189668738,1719146,9727160178
2026-07-09,143062371593,95374914395,47687457198,9537491440,46086445,3134177450,-940253,890283265,-890283,4024460715,1668145182,587558150,589585794,589585794,589585794,4024460715,201223036,1830537,9738714475
2026-07-10,143062371593,95374914395,47687457198,9537491440,46086445,3180496758,-954149,926238250,-926238,4106735008,1727781726,593532360,595140307,595140307,595140307,4106735008,205336750,1880387,9742828190
2026-07-13,143062371593,95374914395,47687457198,9537491440,46086445,3194982837,-958495,951414115,-951414,4146396951,1744236300,598812588,601116021,601116021,601116021,4146396951,207319848,1909909,9744811287
2026-07-14,143062371593,95374914395,47687457198,9537491440,46086445,3188265922,-956480,969382292,-969382,4157648214,1814903767,583374602,586456615,586456615,586456615,4157648214,207882411,1925862,9745373850
2026-07-15,143062371593,95374914395,47687457198,9537491440,46086445,3198678505,-959604,987557384,-987557,4186235889,1843723065,583545690,586322378,586322378,586322378,4186235889,209311794,1947161,9746803234
2026-07-16,143062371593,95374914395,47687457198,9537491440,46086445,3312477468,-993743,1028764607,-1028765,4341242075,1942473284,597465772,600434340,600434340,600434340,4341242075,217062104,2022508,9754553543
2026-07-20,143062371593,95374914395,47687457198,9537491440,46086445,3498250146,-1049475,1038869018,-1038869,4537119164,2145762651,595289205,598689103,598689103,598689103,4537119164,226855958,2088344,9764347398
2026-07-21,143062371593,95374914395,47687457198,9537491440,46086445,3842259008,-1152678,1042967957,-1042968,4885226964,2501524361,593795126,596635826,596635826,596635826,4885226964,244261348,2195646,9781752788
2026-07-22,143062371593,95374914395,47687457198,9537491440,46086445,3864381019,-1159314,1048645660,-1048646,4913026680,2549107233,588883782,591678555,591678555,591678555,4913026680,245651334,2207960,9783142774
2026-07-23,143062371593,95374914395,47687457198,9537491440,46086445,3926522374,-1177957,1078857057,-1078857,5005379432,2595239116,600386652,603251221,603251221,603251221,5005379432,250268972,2256814,9787760411
2026-07-24,143062371593,95374914395,47687457198,9537491440,46086445,3888522322,-1166557,1082454200,-1082454,4970976521,2572143591,597610941,600407330,600407330,600407330,4970976521,248548826,2249011,9786040266
2026-07-27,143062371593,95374914395,47687457198,9537491440,46086445,3707222400,-1112167,1039387472,-1039387,4746609873,2450857930,572570108,574393945,574393945,574393945,4746609873,237330494,2151554,9774821933
2026-07-28,95374914395,95374914395,0,4768745720,7034255,3651535160,-1095461,1034099919,-1034100,4685635079,2403430918,569183371,571006930,571006930,571006930,4685635079,234281754,2129560,5003027474
2026-07-29,95374914395,95374914395,0,4768745720,7034255,3551303506,-1065391,1020591997,-1020592,4571895503,2290869568,569237832,570596034,570596034,570596034,4571895503,228594775,2085983,4997340495
2026-07-30,95374914395,95374914395,0,4768745720,7034255,3417785094,-1025336,1030112299,-1030112,4447897393,2154665467,572136796,573698377,573698377,573698377,4447897393,222394870,2055448,4991140589
2026-07-31,95374914395,95374914395,0,4768745720,7034255,2955590902,-886677,834986776,-834987,3790577677,1513970584,567880945,569575383,569575383,569575383,3790577677,189528884,1721664,4958274604
2026-08-03,95374914395,95374914395,0,4768745720,7034255,2912448418,-873735,889838367,-889838,3802286784,1524426486,568097038,569921087,569921087,569921087,3802286784,190114339,1763573,4958860059
2026-08-04,95374914395,95374914395,0,4768745720,7034255,2807934567,-842380,954177636,-954178,3762112203,1403997465,588071562,590014392,590014392,590014392,3762112203,188105610,1796558,4956851330
2026-08-05,95374914395,95374914395,0,4768745720,7034255,2465098969,-739530,901737868,-901738,3366836837,1057874975,575982012,577659950,577659950,577659950,3366836837,168341842,1641268,4937087562
2026-08-06,95374914395,95374914395,0,4768745720,7034255,2256506814,-676952,849996009,-849996,3106502823,816666214,571153469,572894380,572894380,572894380,3106502823,155325141,1526948,4924070861
2026-08-07,95374914395,95374914395,0,4768745720,7034255,2194237110,-658271,830385457,-830385,3024622568,659701635,589599497,591773812,591773812,591773812,3024622568,151231128,1488657,4919976848
2026-08-10,95374914395,95374914395,0,4768745720,7034255,2108725297,-632618,593101491,-593101,2701826787,338782370,589187340,591285692,591285692,591285692,2701826787,135091339,1225719,4903837059
2026-08-11,95374914395,95374914395,0,4768745720,7034255,2026872511,-608062,598021229,-598021,2624893739,274760403,585884701,588082878,588082878,588082878,2624893739,131244687,1206083,4899990407
2026-08-12,95374914395,95374914395,0,4768745720,7034255,1931061525,-579318,612474748,-612475,2543536272,192459457,586060181,588338878,588338878,588338878,2543536272,127176814,1191793,4895922533
2026-08-13,95374914395,95374914395,0,4768745720,7034255,1908574877,-572572,629994118,-629994,2538568995,152304391,594288937,597325222,597325222,597325222,2538568995,126928450,1202567,4895674170
2026-08-14,143062371593,95374914395,47687457198,9537491440,46086445,1879840352,-563952,637864773,-637865,2517705126,167372977,597953999,601253845,601253845,601253845,2569088510,125885256,1201817,9663376696
2026-08-18,143062371593,95374914395,47687457198,9537491440,46086445,2103683519,-631105,704097818,-704098,2807781337,241081316,639578454,642373856,642373856,642373856,2807781337,140389067,1335203,9677880506
2026-08-19,143062371593,95374914395,47687457198,9537491440,46086445,2098098329,-629429,845393456,-845393,2943491785,376030147,640407162,642351492,642351492,642351492,2943491785,147174589,1474823,9684666029
2026-08-20,143062371593,95374914395,47687457198,9537491440,46086445,2572949606,-771885,802608117,-802608,3375557722,767782779,649861441,652637834,652637834,652637834,3375557722,168777886,1574493,9706269326
2026-08-21,143062371593,95374914395,47687457198,9537491440,46086445,2381493405,-714448,792235441,-792235,3173728846,546331453,654948995,657482799,657482799,657482799,3173728846,158686442,1506683,9696177882
2026-08-24,143062371593,95374914395,47687457198,9537491440,46086445,1490281268,-447084,573892241,-573892,2064173509,633921597,715206398,715045514,715045514,715045514,3494264538,103208675,1020977,9640700115
2026-08-25,47687457198,0,47687457198,4768745720,39052190,2638656155,-791597,1042647414,-1042647,3681303569,756909736,729783624,731336368,731937472,731336368,3681303569,184065178,1834244,4952810898
2026-08-26,143062371593,95374914395,47687457198,9537491440,57363523,2628797986,-788639,1012175067,-1012175,3640973054,716844779,729529795,731329246,731939988,731329246,3640973054,182048653,1800814,9719540092
2026-08-27,143062371593,95374914395,47687457198,9537491440,57363523,2322310142,-696693,1025873773,-1025874,3348183915,476995999,757912708,759122599,759635118,759122599,3512789024,167409196,1722567,9704900635
2026-08-28,143062371593,95374914395,47687457198,9537491440,57363523,1046790517,-314037,583279004,-583279,1630069521,410618589,750428693,750695984,751184675,750695984,3413623926,81503476,897316,9618994916
2026-08-31,143062371593,95374914395,47687457198,9537491440,57363523,1055926446,-316778,583686237,-583686,1639612683,398236891,750707394,751350604,751195940,751350604,3402841433,81980634,900464,9619472074
2026-09-01,143062371593,95374914395,47687457198,9537491440,57363523,1155131315,-346539,584947820,-584948,1740079135,317270564,760727848,761046262,760174923,761046262,3360265859,87003957,931487,9624495396
2026-09-02,143062371593,95374914395,47687457198,9537491440,57363523,1834122137,-550237,773518872,-773519,2607641009,1086427306,758486262,760482232,758237023,760482232,4124115055,130382050,1323756,9667873490
2026-09-03,143062371593,95374914395,47687457198,9537491440,57363523,1887285667,-566186,769766001,-769766,2657051668,1150161748,752930145,753242590,752525405,753242590,4162102478,132852583,1335952,9670344023
2026-09-04,143062371593,95374914395,47687457198,9537491440,57363523,2002574334,-600772,793479842,-793480,2796054176,1187010746,804871333,803776322,803380547,803776322,4402815270,139802709,1394252,9677294148
2026-09-07,47687457198,0,47687457198,4768745720,39052190,2304003288,-691201,855805392,-855805,3159808681,1410073550,877783161,871536273,871120575,871536273,4902049830,157990434,1547006,4926736154
