TIME,DATA_VALUE,retrieved_at
19981113,8.6,2026-09-11
19981116,8.5,2026-09-11
19981117,8.45,2026-09-11
19981118,8.45,2026-09-11
19981119,8.35,2026-09-11
19981120,8.35,2026-09-11
19981123,8.3,2026-09-11
19981124,8.2,2026-09-11
19981125,7.9,2026-09-11
19981126,8,2026-09-11
19981127,8.15,2026-09-11
19981130,8.1,2026-09-11
19981201,8.15,2026-09-11
19981202,8.2,2026-09-11
19981203,8.15,2026-09-11
19981204,7.9,2026-09-11
19981207,7.25,2026-09-11
19981208,7.3,2026-09-11
19981209,7.3,2026-09-11
19981210,7.1,2026-09-11
19981211,7,2026-09-11
19981214,6.8,2026-09-11
19981215,6.95,2026-09-11
19981216,7,2026-09-11
19981217,7,2026-09-11
19981218,7.1,2026-09-11
19981221,7.1,2026-09-11
19981222,7.1,2026-09-11
19981223,7,2026-09-11
19981224,6.95,2026-09-11
19981228,6.95,2026-09-11
19981229,6.95,2026-09-11
19981230,6.95,2026-09-11
19981231,6.95,2026-09-11
19990104,6.78,2026-09-11
19990105,6.39,2026-09-11
19990106,6.28,2026-09-11
19990107,5.97,2026-09-11
19990108,5.93,2026-09-11
19990109,5.93,2026-09-11
19990111,6.04,2026-09-11
19990112,6.29,2026-09-11
19990113,6.32,2026-09-11
19990114,6.58,2026-09-11
19990115,6.49,2026-09-11
19990116,6.49,2026-09-11
19990118,6.6,2026-09-11
19990119,6.65,2026-09-11
19990120,6.65,2026-09-11
19990121,7.08,2026-09-11
19990122,7.1,2026-09-11
19990123,7.1,2026-09-11
19990125,7.16,2026-09-11
19990126,7.38,2026-09-11
19990127,7.33,2026-09-11
19990128,7.05,2026-09-11
19990129,7.05,2026-09-11
19990130,7.05,2026-09-11
19990201,7.09,2026-09-11
19990202,7,2026-09-11
19990203,7.01,2026-09-11
19990204,7,2026-09-11
19990205,7,2026-09-11
19990208,7,2026-09-11
19990209,7.36,2026-09-11
19990210,7.27,2026-09-11
19990211,7.2,2026-09-11
19990212,7.11,2026-09-11
19990218,7.1,2026-09-11
19990219,7.1,2026-09-11
19990222,7.1,2026-09-11
19990223,7.1,2026-09-11
19990224,7.1,2026-09-11
19990225,7.03,2026-09-11
19990226,6.96,2026-09-11
19990302,6.48,2026-09-11
19990303,6.59,2026-09-11
19990304,6.67,2026-09-11
19990305,7.03,2026-09-11
19990308,7,2026-09-11
19990309,7,2026-09-11
19990310,7.02,2026-09-11
19990311,7.06,2026-09-11
19990312,7.04,2026-09-11
19990315,7.04,2026-09-11
19990316,7,2026-09-11
19990317,6.95,2026-09-11
19990318,6.96,2026-09-11
19990319,6.92,2026-09-11
19990322,6.74,2026-09-11
19990323,6.7,2026-09-11
19990324,6.65,2026-09-11
19990325,6.6,2026-09-11
19990326,6.59,2026-09-11
19990329,6.49,2026-09-11
19990330,6.5,2026-09-11
19990331,6.5,2026-09-11
19990401,6.57,2026-09-11
19990402,6.61,2026-09-11
19990406,6.55,2026-09-11
19990407,6.51,2026-09-11
19990408,6.33,2026-09-11
19990409,6.42,2026-09-11
19990412,6.41,2026-09-11
19990413,6.39,2026-09-11
19990414,6.37,2026-09-11
19990415,6.34,2026-09-11
19990416,6.32,2026-09-11
19990419,6.21,2026-09-11
19990420,6.04,2026-09-11
19990421,6.06,2026-09-11
19990422,6.11,2026-09-11
19990423,6.08,2026-09-11
19990426,6.28,2026-09-11
19990427,6.43,2026-09-11
19990428,6.53,2026-09-11
19990429,6.64,2026-09-11
19990430,6.66,2026-09-11
19990503,6.86,2026-09-11
19990504,7.08,2026-09-11
19990506,5.91,2026-09-11
19990507,6.17,2026-09-11
19990510,6.37,2026-09-11
19990511,6.57,2026-09-11
19990512,7,2026-09-11
19990513,7,2026-09-11
19990514,7,2026-09-11
19990517,7,2026-09-11
19990518,7,2026-09-11
19990519,7.01,2026-09-11
19990520,6.98,2026-09-11
19990521,6.99,2026-09-11
19990524,6.96,2026-09-11
19990525,6.7,2026-09-11
19990526,6.6,2026-09-11
19990527,6.63,2026-09-11
19990528,6.73,2026-09-11
19990531,6.67,2026-09-11
19990601,6.7,2026-09-11
19990602,6.7,2026-09-11
19990603,6.71,2026-09-11
19990604,6.45,2026-09-11
19990607,6.35,2026-09-11
19990608,6.39,2026-09-11
19990609,6.58,2026-09-11
19990610,6.58,2026-09-11
19990611,6.65,2026-09-11
19990614,6.7,2026-09-11
19990615,6.7,2026-09-11
19990616,6.85,2026-09-11
19990617,6.86,2026-09-11
19990618,7.03,2026-09-11
19990621,7.22,2026-09-11
19990622,7.23,2026-09-11
19990623,7.35,2026-09-11
19990624,7.35,2026-09-11
19990625,7.35,2026-09-11
19990628,7.35,2026-09-11
19990629,7.2,2026-09-11
19990630,7.2,2026-09-11
19990701,7.22,2026-09-11
19990702,7.21,2026-09-11
19990705,7.22,2026-09-11
19990706,7.23,2026-09-11
19990707,7.23,2026-09-11
19990708,7.26,2026-09-11
19990709,7.33,2026-09-11
19990712,7.57,2026-09-11
19990713,7.68,2026-09-11
19990714,7.67,2026-09-11
19990715,7.92,2026-09-11
19990716,8.05,2026-09-11
19990719,8.31,2026-09-11
19990720,8.3,2026-09-11
19990721,8.4,2026-09-11
19990722,8.4,2026-09-11
19990723,8.72,2026-09-11
19990726,8.44,2026-09-11
19990727,8.25,2026-09-11
19990728,8.26,2026-09-11
19990729,8.26,2026-09-11
19990730,8.44,2026-09-11
19990802,8.58,2026-09-11
19990803,8.59,2026-09-11
19990804,8.59,2026-09-11
19990805,8.73,2026-09-11
19990806,8.78,2026-09-11
19990809,8.87,2026-09-11
19990810,9,2026-09-11
19990811,8.96,2026-09-11
19990812,8.75,2026-09-11
19990813,8.85,2026-09-11
19990816,8.91,2026-09-11
19990817,8.88,2026-09-11
19990818,8.9,2026-09-11
19990819,8.96,2026-09-11
19990820,9.21,2026-09-11
19990823,9.18,2026-09-11
19990824,9,2026-09-11
19990825,8.98,2026-09-11
19990826,8.98,2026-09-11
19990827,8.99,2026-09-11
19990830,9,2026-09-11
19990831,9.11,2026-09-11
19990901,9.15,2026-09-11
19990902,9.17,2026-09-11
19990903,9.35,2026-09-11
19990906,9.37,2026-09-11
19990907,9.37,2026-09-11
19990908,9.37,2026-09-11
19990909,9.35,2026-09-11
19990910,9.3,2026-09-11
19990913,9.3,2026-09-11
19990914,9.4,2026-09-11
19990915,9.49,2026-09-11
19990916,9.57,2026-09-11
19990917,9.77,2026-09-11
19990920,9.78,2026-09-11
19990921,9.41,2026-09-11
19990922,9.17,2026-09-11
19990927,8.88,2026-09-11
19990928,8.9,2026-09-11
19990929,9.12,2026-09-11
19990930,9.03,2026-09-11
19991001,9.01,2026-09-11
19991004,8.57,2026-09-11
19991005,8.49,2026-09-11
19991006,8.55,2026-09-11
19991007,8.35,2026-09-11
19991008,8.35,2026-09-11
19991011,8.38,2026-09-11
19991012,8.35,2026-09-11
19991013,8.41,2026-09-11
19991014,8.47,2026-09-11
19991015,8.45,2026-09-11
19991018,8.4,2026-09-11
19991019,8.3,2026-09-11
19991020,8,2026-09-11
19991021,7.74,2026-09-11
19991022,7.7,2026-09-11
19991025,7.99,2026-09-11
19991026,7.86,2026-09-11
19991027,8.03,2026-09-11
19991028,8.05,2026-09-11
19991029,8.18,2026-09-11
19991101,8.2,2026-09-11
19991102,8.29,2026-09-11
19991103,8.27,2026-09-11
19991104,8.3,2026-09-11
19991105,8.44,2026-09-11
19991108,8.45,2026-09-11
19991109,8.38,2026-09-11
19991110,8.35,2026-09-11
19991111,8.23,2026-09-11
19991112,8.3,2026-09-11
19991115,8.34,2026-09-11
19991116,8.38,2026-09-11
19991117,8.46,2026-09-11
19991118,8.59,2026-09-11
19991119,8.6,2026-09-11
19991122,8.63,2026-09-11
19991123,8.87,2026-09-11
19991124,8.6,2026-09-11
19991125,8.6,2026-09-11
19991126,8.6,2026-09-11
19991129,8.61,2026-09-11
19991130,8.62,2026-09-11
19991201,8.69,2026-09-11
19991202,8.72,2026-09-11
19991203,8.7,2026-09-11
19991206,8.67,2026-09-11
19991207,8.68,2026-09-11
19991208,8.69,2026-09-11
19991209,8.69,2026-09-11
19991210,8.78,2026-09-11
19991213,8.8,2026-09-11
19991214,8.8,2026-09-11
19991215,8.8,2026-09-11
19991216,8.88,2026-09-11
19991217,8.89,2026-09-11
19991220,8.9,2026-09-11
19991221,8.99,2026-09-11
19991222,9,2026-09-11
19991223,9.03,2026-09-11
19991224,9.03,2026-09-11
19991227,9.03,2026-09-11
19991228,9.03,2026-09-11
19991229,9.03,2026-09-11
19991230,9.03,2026-09-11
20000104,9.04,2026-09-11
20000105,9.11,2026-09-11
20000106,9.16,2026-09-11
20000107,9.17,2026-09-11
20000110,9.23,2026-09-11
20000111,9.3,2026-09-11
20000112,9.38,2026-09-11
20000113,9.47,2026-09-11
20000114,9.49,2026-09-11
20000117,9.55,2026-09-11
20000118,9.58,2026-09-11
20000119,9.53,2026-09-11
20000120,9.3,2026-09-11
20000121,9.28,2026-09-11
20000124,9.28,2026-09-11
20000125,9.29,2026-09-11
20000126,9.36,2026-09-11
20000127,9.22,2026-09-11
20000128,9.01,2026-09-11
20000131,9,2026-09-11
20000201,9.07,2026-09-11
20000202,9.06,2026-09-11
20000203,8.98,2026-09-11
20000207,8.92,2026-09-11
20000208,9.05,2026-09-11
20000209,9.1,2026-09-11
20000210,9.08,2026-09-11
20000211,9.11,2026-09-11
20000214,9,2026-09-11
20000215,8.9,2026-09-11
20000216,8.9,2026-09-11
20000217,8.95,2026-09-11
20000218,8.95,2026-09-11
20000221,8.96,2026-09-11
20000222,8.96,2026-09-11
20000223,9,2026-09-11
20000224,8.98,2026-09-11
20000225,8.93,2026-09-11
20000228,8.9,2026-09-11
20000229,8.91,2026-09-11
20000302,8.95,2026-09-11
20000303,8.97,2026-09-11
20000306,9,2026-09-11
20000307,9.02,2026-09-11
20000308,9.06,2026-09-11
20000309,9.04,2026-09-11
20000310,9.04,2026-09-11
20000313,9.04,2026-09-11
20000314,9.08,2026-09-11
20000315,9.1,2026-09-11
20000316,9.11,2026-09-11
20000317,9.09,2026-09-11
20000320,9.11,2026-09-11
20000321,9.11,2026-09-11
20000322,9.11,2026-09-11
20000323,9.11,2026-09-11
20000324,9.08,2026-09-11
20000327,9.07,2026-09-11
20000328,9.05,2026-09-11
20000329,9.05,2026-09-11
20000330,9.06,2026-09-11
20000331,9,2026-09-11
20000403,9.01,2026-09-11
20000404,9,2026-09-11
20000406,8.99,2026-09-11
20000407,8.91,2026-09-11
20000410,8.86,2026-09-11
20000411,8.9,2026-09-11
20000412,8.98,2026-09-11
20000414,9,2026-09-11
20000417,9.04,2026-09-11
20000418,8.93,2026-09-11
20000419,8.9,2026-09-11
20000420,8.94,2026-09-11
20000421,8.93,2026-09-11
20000424,8.91,2026-09-11
20000425,8.94,2026-09-11
20000426,8.97,2026-09-11
20000427,8.97,2026-09-11
20000428,8.92,2026-09-11
20000502,8.89,2026-09-11
20000503,8.87,2026-09-11
20000504,8.86,2026-09-11
20000508,8.85,2026-09-11
20000509,8.87,2026-09-11
20000510,8.89,2026-09-11
20000512,8.91,2026-09-11
20000515,8.94,2026-09-11
20000516,8.95,2026-09-11
20000517,8.95,2026-09-11
20000518,9,2026-09-11
20000519,9.09,2026-09-11
20000522,9.1,2026-09-11
20000523,9.16,2026-09-11
20000524,9.02,2026-09-11
20000525,8.98,2026-09-11
20000526,8.99,2026-09-11
20000529,8.99,2026-09-11
20000530,8.94,2026-09-11
20000531,8.87,2026-09-11
20000601,8.82,2026-09-11
20000602,8.75,2026-09-11
20000605,8.74,2026-09-11
20000607,8.69,2026-09-11
20000608,8.69,2026-09-11
20000609,8.69,2026-09-11
20000612,8.69,2026-09-11
20000613,8.71,2026-09-11
20000614,8.71,2026-09-11
20000615,8.71,2026-09-11
20000616,8.72,2026-09-11
20000619,8.7,2026-09-11
20000620,8.7,2026-09-11
20000621,8.68,2026-09-11
20000622,8.63,2026-09-11
20000623,8.57,2026-09-11
20000626,8.58,2026-09-11
20000627,8.58,2026-09-11
20000628,8.57,2026-09-11
20000629,8.47,2026-09-11
20000630,8.31,2026-09-11
20000703,8.15,2026-09-11
20000704,8.25,2026-09-11
20000705,8.14,2026-09-11
20000706,8.06,2026-09-11
20000707,7.9,2026-09-11
20000710,7.94,2026-09-11
20000711,7.93,2026-09-11
20000712,7.96,2026-09-11
20000713,7.98,2026-09-11
20000714,7.93,2026-09-11
20000718,7.79,2026-09-11
20000719,7.77,2026-09-11
20000720,7.87,2026-09-11
20000721,7.87,2026-09-11
20000724,8.01,2026-09-11
20000725,8.16,2026-09-11
20000726,8.13,2026-09-11
20000727,8.1,2026-09-11
20000728,8.05,2026-09-11
20000731,8.07,2026-09-11
20000801,8.05,2026-09-11
20000802,7.92,2026-09-11
20000803,7.84,2026-09-11
20000804,7.9,2026-09-11
20000807,7.9,2026-09-11
20000808,7.84,2026-09-11
20000809,7.77,2026-09-11
20000810,7.69,2026-09-11
20000811,7.73,2026-09-11
20000814,7.74,2026-09-11
20000816,7.75,2026-09-11
20000817,7.83,2026-09-11
20000818,7.9,2026-09-11
20000821,7.9,2026-09-11
20000822,7.86,2026-09-11
20000823,7.88,2026-09-11
20000824,7.91,2026-09-11
20000825,7.92,2026-09-11
20000828,7.91,2026-09-11
20000829,7.87,2026-09-11
20000830,7.76,2026-09-11
20000831,7.79,2026-09-11
20000901,7.8,2026-09-11
20000904,7.7,2026-09-11
20000905,7.7,2026-09-11
20000906,7.7,2026-09-11
20000907,7.7,2026-09-11
20000908,7.76,2026-09-11
20000914,7.85,2026-09-11
20000915,7.92,2026-09-11
20000918,8.11,2026-09-11
20000919,8.1,2026-09-11
20000920,8.09,2026-09-11
20000921,8.12,2026-09-11
20000922,8.2,2026-09-11
20000925,8.15,2026-09-11
20000926,8.12,2026-09-11
20000927,8.08,2026-09-11
20000928,8.08,2026-09-11
20000929,8.07,2026-09-11
20001002,8.02,2026-09-11
20001004,7.99,2026-09-11
20001005,7.96,2026-09-11
20001006,7.86,2026-09-11
20001009,7.83,2026-09-11
20001010,7.86,2026-09-11
20001011,7.93,2026-09-11
20001012,7.91,2026-09-11
20001013,8.01,2026-09-11
20001016,7.92,2026-09-11
20001017,7.91,2026-09-11
20001018,7.89,2026-09-11
20001019,7.86,2026-09-11
20001020,7.79,2026-09-11
20001023,7.79,2026-09-11
20001024,7.78,2026-09-11
20001025,7.75,2026-09-11
20001026,7.71,2026-09-11
20001027,7.63,2026-09-11
20001030,7.62,2026-09-11
20001031,7.64,2026-09-11
20001101,7.59,2026-09-11
20001102,7.61,2026-09-11
20001103,7.63,2026-09-11
20001106,7.65,2026-09-11
20001107,7.66,2026-09-11
20001108,7.54,2026-09-11
20001109,7.27,2026-09-11
20001110,7.1,2026-09-11
20001113,7.05,2026-09-11
20001114,7.1,2026-09-11
20001115,7.18,2026-09-11
20001116,7.23,2026-09-11
20001117,7.2,2026-09-11
20001120,7.25,2026-09-11
20001121,7.32,2026-09-11
20001122,7.24,2026-09-11
20001123,7.32,2026-09-11
20001124,7.29,2026-09-11
20001127,7.2,2026-09-11
20001128,7.18,2026-09-11
20001129,7.19,2026-09-11
20001130,7.16,2026-09-11
20001201,7,2026-09-11
20001204,6.91,2026-09-11
20001205,6.82,2026-09-11
20001206,6.82,2026-09-11
20001207,6.84,2026-09-11
20001208,6.79,2026-09-11
20001211,6.77,2026-09-11
20001212,6.84,2026-09-11
20001213,6.83,2026-09-11
20001214,6.69,2026-09-11
20001215,6.71,2026-09-11
20001218,6.74,2026-09-11
20001219,6.75,2026-09-11
20001220,6.75,2026-09-11
20001221,6.75,2026-09-11
20001222,6.75,2026-09-11
20001226,6.75,2026-09-11
20001227,6.81,2026-09-11
20001228,6.74,2026-09-11
20001229,6.7,2026-09-11
20010102,6.67,2026-09-11
20010103,6.64,2026-09-11
20010104,6.37,2026-09-11
20010105,6.19,2026-09-11
20010108,6.1,2026-09-11
20010109,6.14,2026-09-11
20010110,6.14,2026-09-11
20010111,5.95,2026-09-11
20010112,6,2026-09-11
20010115,5.99,2026-09-11
20010116,5.86,2026-09-11
20010117,5.73,2026-09-11
20010118,5.8,2026-09-11
20010119,5.77,2026-09-11
20010122,5.77,2026-09-11
20010126,5.77,2026-09-11
20010129,5.75,2026-09-11
20010130,5.73,2026-09-11
20010131,5.68,2026-09-11
20010201,5.63,2026-09-11
20010202,5.48,2026-09-11
20010205,5.38,2026-09-11
20010206,5.28,2026-09-11
20010207,5.2,2026-09-11
20010208,5.25,2026-09-11
20010209,5.18,2026-09-11
20010212,5,2026-09-11
20010213,5.06,2026-09-11
20010214,5.19,2026-09-11
20010215,5.14,2026-09-11
20010216,5.32,2026-09-11
20010219,5.4,2026-09-11
20010220,5.4,2026-09-11
20010221,5.72,2026-09-11
20010222,5.66,2026-09-11
20010223,6,2026-09-11
20010226,5.87,2026-09-11
20010227,5.74,2026-09-11
20010228,5.43,2026-09-11
20010302,5.55,2026-09-11
20010305,5.58,2026-09-11
20010306,5.83,2026-09-11
20010307,6.04,2026-09-11
20010308,6.3,2026-09-11
20010309,5.99,2026-09-11
20010312,6.09,2026-09-11
20010313,6.09,2026-09-11
20010314,5.74,2026-09-11
20010315,5.57,2026-09-11
20010316,5.61,2026-09-11
20010319,5.64,2026-09-11
20010320,5.63,2026-09-11
20010321,5.71,2026-09-11
20010322,5.85,2026-09-11
20010323,5.76,2026-09-11
20010326,5.68,2026-09-11
20010327,5.72,2026-09-11
20010328,5.88,2026-09-11
20010329,6.12,2026-09-11
20010330,6.31,2026-09-11
20010402,6.66,2026-09-11
20010403,6.46,2026-09-11
20010404,6.7,2026-09-11
20010406,6.58,2026-09-11
20010409,6.5,2026-09-11
20010410,6.44,2026-09-11
20010411,6.4,2026-09-11
20010412,6.38,2026-09-11
20010413,6.4,2026-09-11
20010416,6.42,2026-09-11
20010417,6.4,2026-09-11
20010418,6.47,2026-09-11
20010419,6.48,2026-09-11
20010420,6.6,2026-09-11
20010423,6.72,2026-09-11
20010424,6.72,2026-09-11
20010425,6.75,2026-09-11
20010426,6.93,2026-09-11
20010427,6.85,2026-09-11
20010430,6.8,2026-09-11
20010502,6.57,2026-09-11
20010503,6.5,2026-09-11
20010504,6.45,2026-09-11
20010507,6.5,2026-09-11
20010508,6.47,2026-09-11
20010509,6.42,2026-09-11
20010510,6.43,2026-09-11
20010511,6.44,2026-09-11
20010514,6.54,2026-09-11
20010515,6.65,2026-09-11
20010516,6.61,2026-09-11
20010517,6.61,2026-09-11
20010518,6.59,2026-09-11
20010521,6.54,2026-09-11
20010522,6.53,2026-09-11
20010523,6.53,2026-09-11
20010524,6.4,2026-09-11
20010525,6.42,2026-09-11
20010528,6.26,2026-09-11
20010529,6.3,2026-09-11
20010530,6.16,2026-09-11
20010531,6.17,2026-09-11
20010601,6.15,2026-09-11
20010604,6.11,2026-09-11
20010605,6.23,2026-09-11
20010607,6.23,2026-09-11
20010608,6.1,2026-09-11
20010611,6.1,2026-09-11
20010612,6.13,2026-09-11
20010613,6.1,2026-09-11
20010614,6.07,2026-09-11
20010615,6.05,2026-09-11
20010618,6.14,2026-09-11
20010619,6.12,2026-09-11
20010620,6,2026-09-11
20010621,5.98,2026-09-11
20010622,5.93,2026-09-11
20010625,5.86,2026-09-11
20010626,5.89,2026-09-11
20010627,5.92,2026-09-11
20010628,5.9,2026-09-11
20010629,5.93,2026-09-11
20010702,5.96,2026-09-11
20010703,6.05,2026-09-11
20010704,6.03,2026-09-11
20010705,5.98,2026-09-11
20010706,5.92,2026-09-11
20010709,5.9,2026-09-11
20010710,5.9,2026-09-11
20010711,5.8,2026-09-11
20010712,5.75,2026-09-11
20010713,5.79,2026-09-11
20010716,5.79,2026-09-11
20010718,5.66,2026-09-11
20010719,5.57,2026-09-11
20010720,5.57,2026-09-11
20010723,5.61,2026-09-11
20010724,5.58,2026-09-11
20010725,5.58,2026-09-11
20010726,5.57,2026-09-11
20010727,5.6,2026-09-11
20010730,5.63,2026-09-11
20010731,5.58,2026-09-11
20010801,5.48,2026-09-11
20010802,5.47,2026-09-11
20010803,5.42,2026-09-11
20010806,5.41,2026-09-11
20010807,5.37,2026-09-11
20010808,5.34,2026-09-11
20010809,5.14,2026-09-11
20010810,5.02,2026-09-11
20010813,4.96,2026-09-11
20010814,5.1,2026-09-11
20010816,5.12,2026-09-11
20010817,5.02,2026-09-11
20010820,4.97,2026-09-11
20010821,4.99,2026-09-11
20010822,4.94,2026-09-11
20010823,5.06,2026-09-11
20010824,5.07,2026-09-11
20010827,5.15,2026-09-11
20010828,5.12,2026-09-11
20010829,5.02,2026-09-11
20010830,5.14,2026-09-11
20010831,5.15,2026-09-11
20010903,5.01,2026-09-11
20010904,5.02,2026-09-11
20010905,5.12,2026-09-11
20010906,5.17,2026-09-11
20010907,5.2,2026-09-11
20010910,5.16,2026-09-11
20010911,5.18,2026-09-11
20010912,5.05,2026-09-11
20010913,4.99,2026-09-11
20010914,4.92,2026-09-11
20010917,4.97,2026-09-11
20010918,4.9,2026-09-11
20010919,4.67,2026-09-11
20010920,4.7,2026-09-11
20010921,4.72,2026-09-11
20010924,4.68,2026-09-11
20010925,4.66,2026-09-11
20010926,4.65,2026-09-11
20010927,4.57,2026-09-11
20010928,4.45,2026-09-11
20011004,4.34,2026-09-11
20011005,4.39,2026-09-11
20011008,4.41,2026-09-11
20011009,4.38,2026-09-11
20011010,4.5,2026-09-11
20011011,4.82,2026-09-11
20011012,4.85,2026-09-11
20011015,4.7,2026-09-11
20011016,4.74,2026-09-11
20011017,4.81,2026-09-11
20011018,4.82,2026-09-11
20011019,4.76,2026-09-11
20011022,4.72,2026-09-11
20011023,4.77,2026-09-11
20011024,4.9,2026-09-11
20011025,4.98,2026-09-11
20011026,4.98,2026-09-11
20011029,4.98,2026-09-11
20011030,5.03,2026-09-11
20011031,4.98,2026-09-11
20011101,4.87,2026-09-11
20011102,4.79,2026-09-11
20011105,4.86,2026-09-11
20011106,4.83,2026-09-11
20011107,4.87,2026-09-11
20011108,4.87,2026-09-11
20011109,4.9,2026-09-11
20011112,4.94,2026-09-11
20011113,4.95,2026-09-11
20011114,5.25,2026-09-11
20011115,5.53,2026-09-11
20011116,5.59,2026-09-11
20011119,5.63,2026-09-11
20011120,5.55,2026-09-11
20011121,5.68,2026-09-11
20011122,5.89,2026-09-11
20011123,5.82,2026-09-11
20011126,5.89,2026-09-11
20011127,5.92,2026-09-11
20011128,5.7,2026-09-11
20011129,5.78,2026-09-11
20011130,5.68,2026-09-11
20011203,5.61,2026-09-11
20011204,5.72,2026-09-11
20011205,5.84,2026-09-11
20011206,6.14,2026-09-11
20011207,6.18,2026-09-11
20011210,6.2,2026-09-11
20011211,6.13,2026-09-11
20011212,6.15,2026-09-11
20011213,6.08,2026-09-11
20011214,5.94,2026-09-11
20011217,5.89,2026-09-11
20011218,5.79,2026-09-11
20011219,5.83,2026-09-11
20011220,5.88,2026-09-11
20011221,5.87,2026-09-11
20011224,5.87,2026-09-11
20011226,5.81,2026-09-11
20011227,5.84,2026-09-11
20011228,5.91,2026-09-11
20011231,5.91,2026-09-11
20020102,6.15,2026-09-11
20020103,6.17,2026-09-11
20020104,6.17,2026-09-11
20020107,6.15,2026-09-11
20020108,6.21,2026-09-11
20020109,6.15,2026-09-11
20020110,6.14,2026-09-11
20020111,6,2026-09-11
20020114,6.06,2026-09-11
20020115,6.02,2026-09-11
20020116,5.98,2026-09-11
20020117,5.96,2026-09-11
20020118,5.96,2026-09-11
20020121,5.96,2026-09-11
20020122,6.05,2026-09-11
20020123,6.08,2026-09-11
20020124,6.15,2026-09-11
20020125,6.12,2026-09-11
20020128,6.18,2026-09-11
20020129,6.15,2026-09-11
20020130,6.05,2026-09-11
20020131,6.03,2026-09-11
20020201,5.95,2026-09-11
20020204,5.95,2026-09-11
20020205,5.92,2026-09-11
20020206,5.94,2026-09-11
20020207,5.85,2026-09-11
20020208,5.9,2026-09-11
20020214,6,2026-09-11
20020215,5.99,2026-09-11
20020218,5.97,2026-09-11
20020219,5.95,2026-09-11
20020220,5.96,2026-09-11
20020221,5.93,2026-09-11
20020222,5.93,2026-09-11
20020225,5.89,2026-09-11
20020226,5.85,2026-09-11
20020227,5.85,2026-09-11
20020228,5.71,2026-09-11
20020304,5.9,2026-09-11
20020305,5.93,2026-09-11
20020306,6.05,2026-09-11
20020307,6.05,2026-09-11
20020308,6.19,2026-09-11
20020311,6.22,2026-09-11
20020312,6.23,2026-09-11
20020313,6.35,2026-09-11
20020314,6.36,2026-09-11
20020315,6.44,2026-09-11
20020318,6.4,2026-09-11
20020319,6.55,2026-09-11
20020320,6.48,2026-09-11
20020321,6.48,2026-09-11
20020322,6.46,2026-09-11
20020325,6.44,2026-09-11
20020326,6.48,2026-09-11
20020327,6.46,2026-09-11
20020328,6.37,2026-09-11
20020329,6.39,2026-09-11
20020401,6.46,2026-09-11
20020402,6.53,2026-09-11
20020403,6.49,2026-09-11
20020404,6.52,2026-09-11
20020408,6.52,2026-09-11
20020409,6.58,2026-09-11
20020410,6.52,2026-09-11
20020411,6.53,2026-09-11
20020412,6.48,2026-09-11
20020415,6.46,2026-09-11
20020416,6.51,2026-09-11
20020417,6.51,2026-09-11
20020418,6.49,2026-09-11
20020419,6.47,2026-09-11
20020422,6.49,2026-09-11
20020423,6.47,2026-09-11
20020424,6.44,2026-09-11
20020425,6.4,2026-09-11
20020426,6.37,2026-09-11
20020429,6.33,2026-09-11
20020430,6.33,2026-09-11
20020502,6.31,2026-09-11
20020503,6.28,2026-09-11
20020506,6.29,2026-09-11
20020507,6.34,2026-09-11
20020508,6.38,2026-09-11
20020509,6.4,2026-09-11
20020510,6.29,2026-09-11
20020513,6.25,2026-09-11
20020514,6.24,2026-09-11
20020515,6.32,2026-09-11
20020516,6.31,2026-09-11
20020517,6.32,2026-09-11
20020520,6.32,2026-09-11
20020521,6.28,2026-09-11
20020522,6.33,2026-09-11
20020523,6.31,2026-09-11
20020524,6.31,2026-09-11
20020527,6.31,2026-09-11
20020528,6.32,2026-09-11
20020529,6.28,2026-09-11
20020530,6.15,2026-09-11
20020531,6.14,2026-09-11
20020603,6.14,2026-09-11
20020604,6.08,2026-09-11
20020605,6.1,2026-09-11
20020607,6.05,2026-09-11
20020610,6.06,2026-09-11
20020611,6.08,2026-09-11
20020612,6.09,2026-09-11
20020614,6.08,2026-09-11
20020617,5.98,2026-09-11
20020618,5.95,2026-09-11
20020619,5.89,2026-09-11
20020620,5.89,2026-09-11
20020621,5.86,2026-09-11
20020624,5.83,2026-09-11
20020625,5.75,2026-09-11
20020626,5.52,2026-09-11
20020627,5.61,2026-09-11
20020628,5.66,2026-09-11
20020702,5.62,2026-09-11
20020703,5.66,2026-09-11
20020704,5.76,2026-09-11
20020705,5.91,2026-09-11
20020708,5.86,2026-09-11
20020709,5.93,2026-09-11
20020710,5.91,2026-09-11
20020711,5.8,2026-09-11
20020712,5.88,2026-09-11
20020715,5.84,2026-09-11
20020716,5.83,2026-09-11
20020718,5.84,2026-09-11
20020719,5.7,2026-09-11
20020722,5.45,2026-09-11
20020723,5.64,2026-09-11
20020724,5.54,2026-09-11
20020725,5.5,2026-09-11
20020726,5.43,2026-09-11
20020729,5.46,2026-09-11
20020730,5.57,2026-09-11
20020731,5.54,2026-09-11
20020801,5.48,2026-09-11
20020802,5.39,2026-09-11
20020805,5.26,2026-09-11
20020806,5.32,2026-09-11
20020807,5.3,2026-09-11
20020808,5.28,2026-09-11
20020809,5.27,2026-09-11
20020812,5.26,2026-09-11
20020813,5.26,2026-09-11
20020814,5.24,2026-09-11
20020816,5.27,2026-09-11
20020819,5.29,2026-09-11
20020820,5.35,2026-09-11
20020821,5.41,2026-09-11
20020822,5.44,2026-09-11
20020823,5.48,2026-09-11
20020826,5.57,2026-09-11
20020827,5.56,2026-09-11
20020828,5.56,2026-09-11
20020829,5.53,2026-09-11
20020830,5.45,2026-09-11
20020902,5.5,2026-09-11
20020903,5.45,2026-09-11
20020904,5.35,2026-09-11
20020905,5.34,2026-09-11
20020906,5.29,2026-09-11
20020909,5.31,2026-09-11
20020910,5.39,2026-09-11
20020911,5.5,2026-09-11
20020912,5.47,2026-09-11
20020913,5.34,2026-09-11
20020916,5.34,2026-09-11
20020917,5.51,2026-09-11
20020918,5.37,2026-09-11
20020919,5.38,2026-09-11
20020923,5.32,2026-09-11
20020924,5.31,2026-09-11
20020925,5.32,2026-09-11
20020926,5.29,2026-09-11
20020927,5.3,2026-09-11
20020930,5.3,2026-09-11
20021001,5.31,2026-09-11
20021002,5.34,2026-09-11
20021004,5.38,2026-09-11
20021007,5.38,2026-09-11
20021008,5.41,2026-09-11
20021009,5.39,2026-09-11
20021010,5.33,2026-09-11
20021011,5.33,2026-09-11
20021014,5.36,2026-09-11
20021015,5.38,2026-09-11
20021016,5.4,2026-09-11
20021017,5.5,2026-09-11
20021018,5.49,2026-09-11
20021021,5.45,2026-09-11
20021022,5.45,2026-09-11
20021023,5.46,2026-09-11
20021024,5.43,2026-09-11
20021025,5.4,2026-09-11
20021028,5.37,2026-09-11
20021029,5.35,2026-09-11
20021030,5.35,2026-09-11
20021031,5.33,2026-09-11
20021101,5.31,2026-09-11
20021104,5.35,2026-09-11
20021105,5.34,2026-09-11
20021106,5.35,2026-09-11
20021107,5.28,2026-09-11
20021108,5.24,2026-09-11
20021111,5.23,2026-09-11
20021112,5.2,2026-09-11
20021113,5.17,2026-09-11
20021114,5.18,2026-09-11
20021115,5.27,2026-09-11
20021118,5.24,2026-09-11
20021119,5.22,2026-09-11
20021120,5.24,2026-09-11
20021121,5.27,2026-09-11
20021122,5.3,2026-09-11
20021125,5.37,2026-09-11
20021126,5.35,2026-09-11
20021127,5.39,2026-09-11
20021128,5.41,2026-09-11
20021129,5.35,2026-09-11
20021202,5.39,2026-09-11
20021203,5.4,2026-09-11
20021204,5.37,2026-09-11
20021205,5.39,2026-09-11
20021206,5.39,2026-09-11
20021209,5.34,2026-09-11
20021210,5.34,2026-09-11
20021211,5.31,2026-09-11
20021212,5.3,2026-09-11
20021213,5.27,2026-09-11
20021216,5.27,2026-09-11
20021217,5.28,2026-09-11
20021218,5.27,2026-09-11
20021220,5.24,2026-09-11
20021223,5.23,2026-09-11
20021224,5.24,2026-09-11
20021226,5.19,2026-09-11
20021227,5.19,2026-09-11
20021230,5.13,2026-09-11
20021231,5.11,2026-09-11
20030102,5.07,2026-09-11
20030103,5.09,2026-09-11
20030106,5.1,2026-09-11
20030107,5.05,2026-09-11
20030108,5.06,2026-09-11
20030109,5.06,2026-09-11
20030110,5.03,2026-09-11
20030113,5.05,2026-09-11
20030114,5.01,2026-09-11
20030115,4.98,2026-09-11
20030116,4.96,2026-09-11
20030117,4.96,2026-09-11
20030120,4.96,2026-09-11
20030121,4.93,2026-09-11
20030122,4.89,2026-09-11
20030123,4.91,2026-09-11
20030124,4.9,2026-09-11
20030127,4.87,2026-09-11
20030128,4.81,2026-09-11
20030129,4.74,2026-09-11
20030130,4.77,2026-09-11
20030203,4.79,2026-09-11
20030204,4.76,2026-09-11
20030205,4.76,2026-09-11
20030206,4.7,2026-09-11
20030207,4.68,2026-09-11
20030210,4.68,2026-09-11
20030211,4.75,2026-09-11
20030212,4.81,2026-09-11
20030213,4.78,2026-09-11
20030214,4.77,2026-09-11
20030217,4.86,2026-09-11
20030218,4.85,2026-09-11
20030219,4.78,2026-09-11
20030220,4.79,2026-09-11
20030221,4.73,2026-09-11
20030224,4.71,2026-09-11
20030225,4.65,2026-09-11
20030226,4.6,2026-09-11
20030227,4.57,2026-09-11
20030228,4.6,2026-09-11
20030303,4.64,2026-09-11
20030304,4.6,2026-09-11
20030305,4.6,2026-09-11
20030306,4.6,2026-09-11
20030307,4.62,2026-09-11
20030310,4.65,2026-09-11
20030311,4.69,2026-09-11
20030312,5.2,2026-09-11
20030313,5.24,2026-09-11
20030314,5.08,2026-09-11
20030317,5.1,2026-09-11
20030318,5,2026-09-11
20030319,4.86,2026-09-11
20030320,4.82,2026-09-11
20030321,4.75,2026-09-11
20030324,4.75,2026-09-11
20030325,4.72,2026-09-11
20030326,4.65,2026-09-11
20030327,4.61,2026-09-11
20030328,4.68,2026-09-11
20030331,4.62,2026-09-11
20030401,4.61,2026-09-11
20030402,4.63,2026-09-11
20030403,4.6,2026-09-11
20030404,4.61,2026-09-11
20030407,4.65,2026-09-11
20030408,4.65,2026-09-11
20030409,4.68,2026-09-11
20030410,4.62,2026-09-11
20030411,4.58,2026-09-11
20030414,4.59,2026-09-11
20030415,4.59,2026-09-11
20030416,4.6,2026-09-11
20030417,4.6,2026-09-11
20030418,4.62,2026-09-11
20030421,4.64,2026-09-11
20030422,4.61,2026-09-11
20030423,4.58,2026-09-11
20030424,4.57,2026-09-11
20030425,4.56,2026-09-11
20030428,4.52,2026-09-11
20030429,4.52,2026-09-11
20030430,4.46,2026-09-11
20030502,4.4,2026-09-11
20030506,4.4,2026-09-11
20030507,4.39,2026-09-11
20030509,4.37,2026-09-11
20030512,4.39,2026-09-11
20030513,4.34,2026-09-11
20030514,4.25,2026-09-11
20030515,4.22,2026-09-11
20030516,4.22,2026-09-11
20030519,4.19,2026-09-11
20030520,4.25,2026-09-11
20030521,4.21,2026-09-11
20030522,4.26,2026-09-11
20030523,4.26,2026-09-11
20030526,4.28,2026-09-11
20030527,4.24,2026-09-11
20030528,4.2,2026-09-11
20030529,4.11,2026-09-11
20030530,4.1,2026-09-11
20030602,4.13,2026-09-11
20030603,4.09,2026-09-11
20030604,4.08,2026-09-11
20030605,4.07,2026-09-11
20030609,4.07,2026-09-11
20030610,4.04,2026-09-11
20030611,4.03,2026-09-11
20030612,4.06,2026-09-11
20030613,4.05,2026-09-11
20030616,3.95,2026-09-11
20030617,3.98,2026-09-11
20030618,3.95,2026-09-11
20030619,4,2026-09-11
20030620,4.09,2026-09-11
20030623,4.15,2026-09-11
20030624,4.09,2026-09-11
20030625,4.09,2026-09-11
20030626,4.12,2026-09-11
20030627,4.16,2026-09-11
20030630,4.16,2026-09-11
20030701,4.13,2026-09-11
20030702,4.08,2026-09-11
20030703,4.07,2026-09-11
20030704,4.21,2026-09-11
20030707,4.22,2026-09-11
20030708,4.29,2026-09-11
20030709,4.31,2026-09-11
20030710,4.32,2026-09-11
20030711,4.2,2026-09-11
20030714,4.27,2026-09-11
20030715,4.32,2026-09-11
20030716,4.49,2026-09-11
20030718,4.47,2026-09-11
20030721,4.44,2026-09-11
20030722,4.46,2026-09-11
20030723,4.42,2026-09-11
20030724,4.46,2026-09-11
20030725,4.48,2026-09-11
20030728,4.57,2026-09-11
20030729,4.68,2026-09-11
20030730,4.58,2026-09-11
20030731,4.58,2026-09-11
20030801,4.75,2026-09-11
20030804,4.67,2026-09-11
20030805,4.66,2026-09-11
20030806,4.65,2026-09-11
20030807,4.62,2026-09-11
20030808,4.58,2026-09-11
20030811,4.61,2026-09-11
20030812,4.63,2026-09-11
20030813,4.6,2026-09-11
20030814,4.66,2026-09-11
20030818,4.67,2026-09-11
20030819,4.66,2026-09-11
20030820,4.63,2026-09-11
20030821,4.63,2026-09-11
20030822,4.64,2026-09-11
20030825,4.58,2026-09-11
20030826,4.57,2026-09-11
20030827,4.57,2026-09-11
20030828,4.5,2026-09-11
20030829,4.46,2026-09-11
20030901,4.42,2026-09-11
20030902,4.43,2026-09-11
20030903,4.43,2026-09-11
20030904,4.4,2026-09-11
20030905,4.38,2026-09-11
20030908,4.31,2026-09-11
20030909,4.39,2026-09-11
20030915,4.27,2026-09-11
20030916,4.27,2026-09-11
20030917,4.2,2026-09-11
20030918,4.17,2026-09-11
20030919,4.12,2026-09-11
20030922,4.13,2026-09-11
20030923,4.09,2026-09-11
20030924,4.08,2026-09-11
20030925,4.2,2026-09-11
20030926,4.18,2026-09-11
20030929,4.11,2026-09-11
20030930,4.11,2026-09-11
20031001,4,2026-09-11
20031002,3.98,2026-09-11
20031006,4.06,2026-09-11
20031007,4.08,2026-09-11
20031008,4.12,2026-09-11
20031009,4.12,2026-09-11
20031010,4.17,2026-09-11
20031013,4.16,2026-09-11
20031014,4.22,2026-09-11
20031015,4.21,2026-09-11
20031016,4.31,2026-09-11
20031017,4.33,2026-09-11
20031020,4.41,2026-09-11
20031021,4.41,2026-09-11
20031022,4.42,2026-09-11
20031023,4.35,2026-09-11
20031024,4.44,2026-09-11
20031027,4.47,2026-09-11
20031028,4.47,2026-09-11
20031029,4.39,2026-09-11
20031030,4.51,2026-09-11
20031031,4.48,2026-09-11
20031103,4.55,2026-09-11
20031104,4.65,2026-09-11
20031105,4.69,2026-09-11
20031106,4.68,2026-09-11
20031107,4.77,2026-09-11
20031110,4.7,2026-09-11
20031111,4.71,2026-09-11
20031112,4.81,2026-09-11
20031113,4.92,2026-09-11
20031114,4.95,2026-09-11
20031117,4.88,2026-09-11
20031118,4.97,2026-09-11
20031119,4.87,2026-09-11
20031120,4.78,2026-09-11
20031121,4.71,2026-09-11
20031124,4.71,2026-09-11
20031125,4.71,2026-09-11
20031126,4.7,2026-09-11
20031127,4.76,2026-09-11
20031128,4.88,2026-09-11
20031201,5.01,2026-09-11
20031202,5,2026-09-11
20031203,5.06,2026-09-11
20031204,5.06,2026-09-11
20031205,4.99,2026-09-11
20031208,4.88,2026-09-11
20031209,4.91,2026-09-11
20031210,4.9,2026-09-11
20031211,4.83,2026-09-11
20031212,4.84,2026-09-11
20031215,4.96,2026-09-11
20031216,4.84,2026-09-11
20031217,4.84,2026-09-11
20031218,4.84,2026-09-11
20031219,4.81,2026-09-11
20031222,4.8,2026-09-11
20031223,4.79,2026-09-11
20031224,4.77,2026-09-11
20031226,4.73,2026-09-11
20031229,4.73,2026-09-11
20031230,4.81,2026-09-11
20031231,4.82,2026-09-11
20040102,4.8,2026-09-11
20040105,4.87,2026-09-11
20040106,4.87,2026-09-11
20040107,4.89,2026-09-11
20040108,4.94,2026-09-11
20040109,4.97,2026-09-11
20040112,4.87,2026-09-11
20040113,4.84,2026-09-11
20040114,4.82,2026-09-11
20040115,4.8,2026-09-11
20040116,4.83,2026-09-11
20040119,4.92,2026-09-11
20040120,4.94,2026-09-11
20040126,4.93,2026-09-11
20040127,4.9,2026-09-11
20040128,4.87,2026-09-11
20040129,4.92,2026-09-11
20040130,4.94,2026-09-11
20040202,4.95,2026-09-11
20040203,4.91,2026-09-11
20040204,4.89,2026-09-11
20040205,4.9,2026-09-11
20040206,4.94,2026-09-11
20040209,4.89,2026-09-11
20040210,4.87,2026-09-11
20040211,4.84,2026-09-11
20040212,4.8,2026-09-11
20040213,4.82,2026-09-11
20040216,4.82,2026-09-11
20040217,4.78,2026-09-11
20040218,4.75,2026-09-11
20040219,4.75,2026-09-11
20040220,4.75,2026-09-11
20040223,4.8,2026-09-11
20040224,4.77,2026-09-11
20040225,4.73,2026-09-11
20040226,4.76,2026-09-11
20040227,4.78,2026-09-11
20040302,4.75,2026-09-11
20040303,4.79,2026-09-11
20040304,4.78,2026-09-11
20040305,4.77,2026-09-11
20040308,4.68,2026-09-11
20040309,4.66,2026-09-11
20040310,4.66,2026-09-11
20040311,4.6,2026-09-11
20040312,4.57,2026-09-11
20040315,4.57,2026-09-11
20040316,4.6,2026-09-11
20040317,4.56,2026-09-11
20040318,4.52,2026-09-11
20040319,4.52,2026-09-11
20040322,4.48,2026-09-11
20040323,4.4,2026-09-11
20040324,4.41,2026-09-11
20040325,4.42,2026-09-11
20040326,4.51,2026-09-11
20040329,4.56,2026-09-11
20040330,4.53,2026-09-11
20040331,4.5,2026-09-11
20040401,4.4,2026-09-11
20040402,4.42,2026-09-11
20040406,4.63,2026-09-11
20040407,4.57,2026-09-11
20040408,4.56,2026-09-11
20040409,4.49,2026-09-11
20040412,4.54,2026-09-11
20040413,4.55,2026-09-11
20040414,4.65,2026-09-11
20040416,4.6,2026-09-11
20040419,4.59,2026-09-11
20040420,4.58,2026-09-11
20040421,4.63,2026-09-11
20040422,4.6,2026-09-11
20040423,4.55,2026-09-11
20040426,4.54,2026-09-11
20040427,4.52,2026-09-11
20040428,4.51,2026-09-11
20040429,4.49,2026-09-11
20040430,4.43,2026-09-11
20040503,4.49,2026-09-11
20040504,4.49,2026-09-11
20040506,4.44,2026-09-11
20040507,4.42,2026-09-11
20040510,4.42,2026-09-11
20040511,4.43,2026-09-11
20040512,4.41,2026-09-11
20040513,4.39,2026-09-11
20040514,4.39,2026-09-11
20040517,4.4,2026-09-11
20040518,4.41,2026-09-11
20040519,4.43,2026-09-11
20040520,4.43,2026-09-11
20040521,4.39,2026-09-11
20040524,4.37,2026-09-11
20040525,4.31,2026-09-11
20040527,4.28,2026-09-11
20040528,4.23,2026-09-11
20040531,4.24,2026-09-11
20040601,4.28,2026-09-11
20040602,4.27,2026-09-11
20040603,4.18,2026-09-11
20040604,4.19,2026-09-11
20040607,4.22,2026-09-11
20040608,4.24,2026-09-11
20040609,4.26,2026-09-11
20040610,4.23,2026-09-11
20040611,4.23,2026-09-11
20040614,4.31,2026-09-11
20040615,4.33,2026-09-11
20040616,4.28,2026-09-11
20040617,4.37,2026-09-11
20040618,4.39,2026-09-11
20040621,4.35,2026-09-11
20040622,4.32,2026-09-11
20040623,4.31,2026-09-11
20040624,4.3,2026-09-11
20040625,4.31,2026-09-11
20040628,4.28,2026-09-11
20040629,4.29,2026-09-11
20040630,4.24,2026-09-11
20040701,4.22,2026-09-11
20040702,4.24,2026-09-11
20040705,4.21,2026-09-11
20040706,4.21,2026-09-11
20040707,4.2,2026-09-11
20040708,4.23,2026-09-11
20040709,4.23,2026-09-11
20040712,4.25,2026-09-11
20040713,4.25,2026-09-11
20040714,4.22,2026-09-11
20040715,4.21,2026-09-11
20040716,4.21,2026-09-11
20040719,4.19,2026-09-11
20040720,4.19,2026-09-11
20040721,4.2,2026-09-11
20040722,4.2,2026-09-11
20040723,4.18,2026-09-11
20040726,4.15,2026-09-11
20040727,4.12,2026-09-11
20040728,4.1,2026-09-11
20040729,4.11,2026-09-11
20040730,4.08,2026-09-11
20040802,4.08,2026-09-11
20040803,4.07,2026-09-11
20040804,4.06,2026-09-11
20040805,4.09,2026-09-11
20040806,4.12,2026-09-11
20040809,4.08,2026-09-11
20040810,4.04,2026-09-11
20040811,4.04,2026-09-11
20040812,3.87,2026-09-11
20040813,3.74,2026-09-11
20040816,3.74,2026-09-11
20040817,3.71,2026-09-11
20040818,3.7,2026-09-11
20040819,3.67,2026-09-11
20040820,3.67,2026-09-11
20040823,3.72,2026-09-11
20040824,3.69,2026-09-11
20040825,3.64,2026-09-11
20040826,3.62,2026-09-11
20040827,3.59,2026-09-11
20040830,3.57,2026-09-11
20040831,3.56,2026-09-11
20040901,3.59,2026-09-11
20040902,3.62,2026-09-11
20040903,3.62,2026-09-11
20040906,3.64,2026-09-11
20040907,3.65,2026-09-11
20040908,3.63,2026-09-11
20040909,3.65,2026-09-11
20040910,3.63,2026-09-11
20040913,3.65,2026-09-11
20040914,3.62,2026-09-11
20040915,3.59,2026-09-11
20040916,3.57,2026-09-11
20040917,3.56,2026-09-11
20040920,3.54,2026-09-11
20040921,3.52,2026-09-11
20040922,3.52,2026-09-11
20040923,3.55,2026-09-11
20040924,3.55,2026-09-11
20040930,3.53,2026-09-11
20041001,3.51,2026-09-11
20041004,3.42,2026-09-11
20041005,3.4,2026-09-11
20041006,3.46,2026-09-11
20041007,3.63,2026-09-11
20041008,3.68,2026-09-11
20041011,3.64,2026-09-11
20041012,3.63,2026-09-11
20041013,3.61,2026-09-11
20041014,3.56,2026-09-11
20041015,3.56,2026-09-11
20041018,3.57,2026-09-11
20041019,3.57,2026-09-11
20041020,3.56,2026-09-11
20041021,3.55,2026-09-11
20041022,3.54,2026-09-11
20041025,3.52,2026-09-11
20041026,3.48,2026-09-11
20041027,3.48,2026-09-11
20041028,3.5,2026-09-11
20041029,3.45,2026-09-11
20041101,3.47,2026-09-11
20041102,3.51,2026-09-11
20041103,3.56,2026-09-11
20041104,3.54,2026-09-11
20041105,3.56,2026-09-11
20041108,3.51,2026-09-11
20041109,3.51,2026-09-11
20041110,3.57,2026-09-11
20041111,3.37,2026-09-11
20041112,3.37,2026-09-11
20041115,3.41,2026-09-11
20041116,3.38,2026-09-11
20041117,3.37,2026-09-11
20041118,3.4,2026-09-11
20041119,3.37,2026-09-11
20041122,3.37,2026-09-11
20041123,3.33,2026-09-11
20041124,3.33,2026-09-11
20041125,3.32,2026-09-11
20041126,3.31,2026-09-11
20041129,3.31,2026-09-11
20041130,3.31,2026-09-11
20041201,3.28,2026-09-11
20041202,3.29,2026-09-11
20041203,3.29,2026-09-11
20041206,3.28,2026-09-11
20041207,3.24,2026-09-11
20041208,3.26,2026-09-11
20041209,3.29,2026-09-11
20041210,3.31,2026-09-11
20041213,3.31,2026-09-11
20041214,3.28,2026-09-11
20041215,3.28,2026-09-11
20041216,3.26,2026-09-11
20041217,3.26,2026-09-11
20041220,3.27,2026-09-11
20041221,3.26,2026-09-11
20041222,3.27,2026-09-11
20041223,3.27,2026-09-11
20041224,3.27,2026-09-11
20041227,3.28,2026-09-11
20041228,3.29,2026-09-11
20041229,3.28,2026-09-11
20041230,3.28,2026-09-11
20041231,3.28,2026-09-11
20050103,3.38,2026-09-11
20050104,3.37,2026-09-11
20050105,3.34,2026-09-11
20050106,3.37,2026-09-11
20050107,3.36,2026-09-11
20050110,3.35,2026-09-11
20050111,3.44,2026-09-11
20050112,3.45,2026-09-11
20050113,3.58,2026-09-11
20050114,3.72,2026-09-11
20050117,3.77,2026-09-11
20050118,3.67,2026-09-11
20050119,3.68,2026-09-11
20050120,3.73,2026-09-11
20050121,3.94,2026-09-11
20050124,3.92,2026-09-11
20050125,3.87,2026-09-11
20050126,3.84,2026-09-11
20050127,3.83,2026-09-11
20050128,3.94,2026-09-11
20050131,4.06,2026-09-11
20050201,4.03,2026-09-11
20050202,4.02,2026-09-11
20050203,4.06,2026-09-11
20050204,4.14,2026-09-11
20050207,4.27,2026-09-11
20050211,4.46,2026-09-11
20050214,4.43,2026-09-11
20050215,4.31,2026-09-11
20050216,4.19,2026-09-11
20050217,4.25,2026-09-11
20050218,4.13,2026-09-11
20050221,4.18,2026-09-11
20050222,4.22,2026-09-11
20050223,4.21,2026-09-11
20050224,4.15,2026-09-11
20050225,4.09,2026-09-11
20050228,4.04,2026-09-11
20050302,4.1,2026-09-11
20050303,4.11,2026-09-11
20050304,4.18,2026-09-11
20050307,4.16,2026-09-11
20050308,4.12,2026-09-11
20050309,4.14,2026-09-11
20050310,4.08,2026-09-11
20050311,4.08,2026-09-11
20050314,4.04,2026-09-11
20050315,4.03,2026-09-11
20050316,4.01,2026-09-11
20050317,3.97,2026-09-11
20050318,3.94,2026-09-11
20050321,3.98,2026-09-11
20050322,3.96,2026-09-11
20050323,4.01,2026-09-11
20050324,4.08,2026-09-11
20050325,4.11,2026-09-11
20050328,4.07,2026-09-11
20050329,3.92,2026-09-11
20050330,3.9,2026-09-11
20050331,3.91,2026-09-11
20050401,3.9,2026-09-11
20050404,3.92,2026-09-11
20050406,3.93,2026-09-11
20050407,3.88,2026-09-11
20050408,3.87,2026-09-11
20050411,3.89,2026-09-11
20050412,3.93,2026-09-11
20050413,3.92,2026-09-11
20050414,3.9,2026-09-11
20050415,3.85,2026-09-11
20050418,3.83,2026-09-11
20050419,3.83,2026-09-11
20050420,3.81,2026-09-11
20050421,3.82,2026-09-11
20050422,3.82,2026-09-11
20050425,3.8,2026-09-11
20050426,3.81,2026-09-11
20050427,3.82,2026-09-11
20050428,3.81,2026-09-11
20050429,3.76,2026-09-11
20050502,3.78,2026-09-11
20050503,3.76,2026-09-11
20050504,3.77,2026-09-11
20050506,3.77,2026-09-11
20050509,3.78,2026-09-11
20050510,3.78,2026-09-11
20050511,3.78,2026-09-11
20050512,3.75,2026-09-11
20050513,3.72,2026-09-11
20050516,3.69,2026-09-11
20050517,3.69,2026-09-11
20050518,3.67,2026-09-11
20050519,3.65,2026-09-11
20050520,3.66,2026-09-11
20050523,3.68,2026-09-11
20050524,3.65,2026-09-11
20050525,3.63,2026-09-11
20050526,3.62,2026-09-11
20050527,3.7,2026-09-11
20050530,3.7,2026-09-11
20050531,3.67,2026-09-11
20050601,3.63,2026-09-11
20050602,3.61,2026-09-11
20050603,3.61,2026-09-11
20050607,3.65,2026-09-11
20050608,3.65,2026-09-11
20050609,3.65,2026-09-11
20050610,3.68,2026-09-11
20050613,3.8,2026-09-11
20050614,3.79,2026-09-11
20050615,3.89,2026-09-11
20050616,3.86,2026-09-11
20050617,3.86,2026-09-11
20050620,3.83,2026-09-11
20050621,3.85,2026-09-11
20050622,3.93,2026-09-11
20050623,3.93,2026-09-11
20050624,3.86,2026-09-11
20050627,3.8,2026-09-11
20050628,3.8,2026-09-11
20050629,3.89,2026-09-11
20050630,4.02,2026-09-11
20050701,3.95,2026-09-11
20050704,4.09,2026-09-11
20050705,4.05,2026-09-11
20050706,4.02,2026-09-11
20050707,4.03,2026-09-11
20050708,4.03,2026-09-11
20050711,4.06,2026-09-11
20050712,4.06,2026-09-11
20050713,4.17,2026-09-11
20050714,4.21,2026-09-11
20050715,4.2,2026-09-11
20050718,4.2,2026-09-11
20050719,4.22,2026-09-11
20050720,4.19,2026-09-11
20050721,4.1,2026-09-11
20050722,4.03,2026-09-11
20050725,4.05,2026-09-11
20050726,4.16,2026-09-11
20050727,4.17,2026-09-11
20050728,4.22,2026-09-11
20050729,4.23,2026-09-11
20050801,4.41,2026-09-11
20050802,4.36,2026-09-11
20050803,4.36,2026-09-11
20050804,4.36,2026-09-11
20050805,4.41,2026-09-11
20050808,4.4,2026-09-11
20050809,4.43,2026-09-11
20050810,4.37,2026-09-11
20050811,4.36,2026-09-11
20050812,4.31,2026-09-11
20050816,4.27,2026-09-11
20050817,4.28,2026-09-11
20050818,4.28,2026-09-11
20050819,4.24,2026-09-11
20050822,4.28,2026-09-11
20050823,4.41,2026-09-11
20050824,4.38,2026-09-11
20050825,4.4,2026-09-11
20050826,4.36,2026-09-11
20050829,4.31,2026-09-11
20050830,4.22,2026-09-11
20050831,4.16,2026-09-11
20050901,4.16,2026-09-11
20050902,4.14,2026-09-11
20050905,4.13,2026-09-11
20050906,4.2,2026-09-11
20050907,4.27,2026-09-11
20050908,4.5,2026-09-11
20050909,4.53,2026-09-11
20050912,4.49,2026-09-11
20050913,4.55,2026-09-11
20050914,4.55,2026-09-11
20050915,4.58,2026-09-11
20050916,4.68,2026-09-11
20050920,4.66,2026-09-11
20050921,4.62,2026-09-11
20050922,4.63,2026-09-11
20050923,4.71,2026-09-11
20050926,4.8,2026-09-11
20050927,4.8,2026-09-11
20050928,4.67,2026-09-11
20050929,4.64,2026-09-11
20050930,4.6,2026-09-11
20051004,4.77,2026-09-11
20051005,4.77,2026-09-11
20051006,4.66,2026-09-11
20051007,4.64,2026-09-11
20051010,4.68,2026-09-11
20051011,4.64,2026-09-11
20051012,4.67,2026-09-11
20051013,4.74,2026-09-11
20051014,4.79,2026-09-11
20051017,4.84,2026-09-11
20051018,4.84,2026-09-11
20051019,4.78,2026-09-11
20051020,4.78,2026-09-11
20051021,4.82,2026-09-11
20051024,4.9,2026-09-11
20051025,4.93,2026-09-11
20051026,4.95,2026-09-11
20051027,5.01,2026-09-11
20051028,4.97,2026-09-11
20051031,4.95,2026-09-11
20051101,4.92,2026-09-11
20051102,4.98,2026-09-11
20051103,5.04,2026-09-11
20051104,5.07,2026-09-11
20051107,5.11,2026-09-11
20051108,5.15,2026-09-11
20051109,5.13,2026-09-11
20051110,5.16,2026-09-11
20051111,5.15,2026-09-11
20051114,5.15,2026-09-11
20051115,5.22,2026-09-11
20051116,5.2,2026-09-11
20051117,5.18,2026-09-11
20051118,5.12,2026-09-11
20051121,5.15,2026-09-11
20051122,5.11,2026-09-11
20051123,5.06,2026-09-11
20051124,5.03,2026-09-11
20051125,5.03,2026-09-11
20051128,5.01,2026-09-11
20051129,5.04,2026-09-11
20051130,5.1,2026-09-11
20051201,5.14,2026-09-11
20051202,5.16,2026-09-11
20051205,5.27,2026-09-11
20051206,5.27,2026-09-11
20051207,5.25,2026-09-11
20051208,5.07,2026-09-11
20051209,4.99,2026-09-11
20051212,5.06,2026-09-11
20051213,5.04,2026-09-11
20051214,4.94,2026-09-11
20051215,4.97,2026-09-11
20051216,4.99,2026-09-11
20051219,4.95,2026-09-11
20051220,4.97,2026-09-11
20051221,5.01,2026-09-11
20051222,5.02,2026-09-11
20051223,5.04,2026-09-11
20051226,5.03,2026-09-11
20051227,5.05,2026-09-11
20051228,4.99,2026-09-11
20051229,5.08,2026-09-11
20051230,5.08,2026-09-11
20060102,5.16,2026-09-11
20060103,5.12,2026-09-11
20060104,5.06,2026-09-11
20060105,5.12,2026-09-11
20060106,5.1,2026-09-11
20060109,5.06,2026-09-11
20060110,5.1,2026-09-11
20060111,5.08,2026-09-11
20060112,5.01,2026-09-11
20060113,4.98,2026-09-11
20060116,5.03,2026-09-11
20060117,5.02,2026-09-11
20060118,4.97,2026-09-11
20060119,4.98,2026-09-11
20060120,4.97,2026-09-11
20060123,4.96,2026-09-11
20060124,5,2026-09-11
20060125,4.95,2026-09-11
20060126,4.93,2026-09-11
20060127,4.93,2026-09-11
20060131,4.92,2026-09-11
20060201,4.89,2026-09-11
20060202,4.9,2026-09-11
20060203,4.95,2026-09-11
20060206,4.93,2026-09-11
20060207,4.95,2026-09-11
20060208,4.95,2026-09-11
20060209,4.85,2026-09-11
20060210,4.85,2026-09-11
20060213,4.87,2026-09-11
20060214,4.83,2026-09-11
20060215,4.81,2026-09-11
20060216,4.82,2026-09-11
20060217,4.83,2026-09-11
20060220,4.84,2026-09-11
20060221,4.83,2026-09-11
20060222,4.82,2026-09-11
20060223,4.83,2026-09-11
20060224,4.83,2026-09-11
20060227,4.87,2026-09-11
20060228,4.9,2026-09-11
20060302,4.92,2026-09-11
20060303,4.93,2026-09-11
20060306,4.98,2026-09-11
20060307,5.05,2026-09-11
20060308,5.01,2026-09-11
20060309,4.93,2026-09-11
20060310,4.88,2026-09-11
20060313,4.94,2026-09-11
20060314,4.91,2026-09-11
20060315,4.88,2026-09-11
20060316,4.91,2026-09-11
20060317,4.89,2026-09-11
20060320,4.9,2026-09-11
20060321,4.92,2026-09-11
20060322,4.92,2026-09-11
20060323,4.92,2026-09-11
20060324,4.94,2026-09-11
20060327,4.94,2026-09-11
20060328,4.9,2026-09-11
20060329,4.88,2026-09-11
20060330,4.89,2026-09-11
20060331,4.93,2026-09-11
20060403,4.98,2026-09-11
20060404,5,2026-09-11
20060405,4.98,2026-09-11
20060406,4.96,2026-09-11
20060407,4.92,2026-09-11
20060410,4.97,2026-09-11
20060411,4.96,2026-09-11
20060412,4.97,2026-09-11
20060413,5.01,2026-09-11
20060414,5.04,2026-09-11
20060417,5.03,2026-09-11
20060418,5.03,2026-09-11
20060419,4.97,2026-09-11
20060420,4.97,2026-09-11
20060421,4.91,2026-09-11
20060424,4.88,2026-09-11
20060425,4.9,2026-09-11
20060426,4.87,2026-09-11
20060427,4.87,2026-09-11
20060428,4.81,2026-09-11
20060502,4.82,2026-09-11
20060503,4.84,2026-09-11
20060504,4.8,2026-09-11
20060508,4.8,2026-09-11
20060509,4.81,2026-09-11
20060510,4.82,2026-09-11
20060511,4.76,2026-09-11
20060512,4.76,2026-09-11
20060515,4.81,2026-09-11
20060516,4.8,2026-09-11
20060517,4.77,2026-09-11
20060518,4.75,2026-09-11
20060519,4.72,2026-09-11
20060522,4.74,2026-09-11
20060523,4.77,2026-09-11
20060524,4.75,2026-09-11
20060525,4.75,2026-09-11
20060526,4.76,2026-09-11
20060529,4.75,2026-09-11
20060530,4.72,2026-09-11
20060601,4.71,2026-09-11
20060602,4.74,2026-09-11
20060605,4.74,2026-09-11
20060607,4.77,2026-09-11
20060608,4.8,2026-09-11
20060609,4.82,2026-09-11
20060612,4.84,2026-09-11
20060613,4.84,2026-09-11
20060614,4.85,2026-09-11
20060615,4.89,2026-09-11
20060616,4.89,2026-09-11
20060619,4.94,2026-09-11
20060620,4.94,2026-09-11
20060621,4.94,2026-09-11
20060622,4.96,2026-09-11
20060623,5.04,2026-09-11
20060626,5.03,2026-09-11
20060627,5.04,2026-09-11
20060628,5.04,2026-09-11
20060629,5.01,2026-09-11
20060630,4.92,2026-09-11
20060703,4.92,2026-09-11
20060704,4.89,2026-09-11
20060705,4.85,2026-09-11
20060706,4.85,2026-09-11
20060707,4.93,2026-09-11
20060710,4.95,2026-09-11
20060711,4.92,2026-09-11
20060712,4.94,2026-09-11
20060713,4.93,2026-09-11
20060714,4.91,2026-09-11
20060718,4.88,2026-09-11
20060719,4.89,2026-09-11
20060720,4.86,2026-09-11
20060721,4.86,2026-09-11
20060724,4.87,2026-09-11
20060725,4.9,2026-09-11
20060726,4.89,2026-09-11
20060727,4.87,2026-09-11
20060728,4.86,2026-09-11
20060731,4.83,2026-09-11
20060801,4.79,2026-09-11
20060802,4.8,2026-09-11
20060803,4.79,2026-09-11
20060804,4.81,2026-09-11
20060807,4.79,2026-09-11
20060808,4.76,2026-09-11
20060809,4.75,2026-09-11
20060810,4.8,2026-09-11
20060811,4.75,2026-09-11
20060814,4.81,2026-09-11
20060816,4.8,2026-09-11
20060817,4.77,2026-09-11
20060818,4.77,2026-09-11
20060821,4.78,2026-09-11
20060822,4.77,2026-09-11
20060823,4.74,2026-09-11
20060824,4.76,2026-09-11
20060825,4.75,2026-09-11
20060828,4.75,2026-09-11
20060829,4.75,2026-09-11
20060830,4.76,2026-09-11
20060831,4.76,2026-09-11
20060901,4.73,2026-09-11
20060904,4.72,2026-09-11
20060905,4.74,2026-09-11
20060906,4.78,2026-09-11
20060907,4.73,2026-09-11
20060908,4.73,2026-09-11
20060911,4.73,2026-09-11
20060912,4.73,2026-09-11
20060913,4.71,2026-09-11
20060914,4.72,2026-09-11
20060915,4.71,2026-09-11
20060918,4.72,2026-09-11
20060919,4.72,2026-09-11
20060920,4.67,2026-09-11
20060921,4.66,2026-09-11
20060922,4.62,2026-09-11
20060925,4.63,2026-09-11
20060926,4.62,2026-09-11
20060927,4.61,2026-09-11
20060928,4.61,2026-09-11
20060929,4.57,2026-09-11
20061002,4.59,2026-09-11
20061004,4.57,2026-09-11
20061009,4.59,2026-09-11
20061010,4.58,2026-09-11
20061011,4.61,2026-09-11
20061012,4.61,2026-09-11
20061013,4.62,2026-09-11
20061016,4.63,2026-09-11
20061017,4.6,2026-09-11
20061018,4.6,2026-09-11
20061019,4.57,2026-09-11
20061020,4.57,2026-09-11
20061023,4.6,2026-09-11
20061024,4.67,2026-09-11
20061025,4.67,2026-09-11
20061026,4.65,2026-09-11
20061027,4.66,2026-09-11
20061030,4.7,2026-09-11
20061031,4.71,2026-09-11
20061101,4.66,2026-09-11
20061102,4.62,2026-09-11
20061103,4.62,2026-09-11
20061106,4.72,2026-09-11
20061107,4.73,2026-09-11
20061108,4.78,2026-09-11
20061109,4.7,2026-09-11
20061110,4.68,2026-09-11
20061113,4.7,2026-09-11
20061114,4.73,2026-09-11
20061115,4.71,2026-09-11
20061116,4.71,2026-09-11
20061117,4.71,2026-09-11
20061120,4.69,2026-09-11
20061121,4.73,2026-09-11
20061122,4.72,2026-09-11
20061123,4.76,2026-09-11
20061124,4.76,2026-09-11
20061127,4.77,2026-09-11
20061128,4.8,2026-09-11
20061129,4.82,2026-09-11
20061130,4.82,2026-09-11
20061201,4.81,2026-09-11
20061204,4.79,2026-09-11
20061205,4.77,2026-09-11
20061206,4.73,2026-09-11
20061207,4.71,2026-09-11
20061208,4.74,2026-09-11
20061211,4.78,2026-09-11
20061212,4.76,2026-09-11
20061213,4.76,2026-09-11
20061214,4.81,2026-09-11
20061215,4.81,2026-09-11
20061218,4.83,2026-09-11
20061219,4.83,2026-09-11
20061220,4.85,2026-09-11
20061221,4.83,2026-09-11
20061222,4.85,2026-09-11
20061226,4.94,2026-09-11
20061227,4.93,2026-09-11
20061228,4.92,2026-09-11
20061229,4.92,2026-09-11
20070102,4.93,2026-09-11
20070103,4.9,2026-09-11
20070104,4.91,2026-09-11
20070105,4.88,2026-09-11
20070108,4.89,2026-09-11
20070109,4.9,2026-09-11
20070110,4.9,2026-09-11
20070111,4.93,2026-09-11
20070112,4.97,2026-09-11
20070115,4.98,2026-09-11
20070116,4.98,2026-09-11
20070117,4.98,2026-09-11
20070118,4.99,2026-09-11
20070119,4.96,2026-09-11
20070122,4.97,2026-09-11
20070123,4.98,2026-09-11
20070124,5.02,2026-09-11
20070125,5.02,2026-09-11
20070126,5.06,2026-09-11
20070129,5.04,2026-09-11
20070130,5.03,2026-09-11
20070131,5.02,2026-09-11
20070201,4.96,2026-09-11
20070202,5,2026-09-11
20070205,5,2026-09-11
20070206,4.97,2026-09-11
20070207,4.94,2026-09-11
20070208,4.93,2026-09-11
20070209,4.92,2026-09-11
20070212,4.92,2026-09-11
20070213,4.93,2026-09-11
20070214,4.92,2026-09-11
20070215,4.87,2026-09-11
20070216,4.86,2026-09-11
20070220,4.89,2026-09-11
20070221,4.86,2026-09-11
20070222,4.86,2026-09-11
20070223,4.86,2026-09-11
20070226,4.84,2026-09-11
20070227,4.86,2026-09-11
20070228,4.86,2026-09-11
20070302,4.86,2026-09-11
20070305,4.81,2026-09-11
20070306,4.83,2026-09-11
20070307,4.8,2026-09-11
20070308,4.81,2026-09-11
20070309,4.8,2026-09-11
20070312,4.83,2026-09-11
20070313,4.84,2026-09-11
20070314,4.81,2026-09-11
20070315,4.81,2026-09-11
20070316,4.79,2026-09-11
20070319,4.8,2026-09-11
20070320,4.8,2026-09-11
20070321,4.79,2026-09-11
20070322,4.76,2026-09-11
20070323,4.75,2026-09-11
20070326,4.76,2026-09-11
20070327,4.76,2026-09-11
20070328,4.75,2026-09-11
20070329,4.76,2026-09-11
20070330,4.76,2026-09-11
20070402,4.78,2026-09-11
20070403,4.81,2026-09-11
20070404,4.83,2026-09-11
20070405,4.82,2026-09-11
20070406,4.84,2026-09-11
20070409,4.92,2026-09-11
20070410,4.92,2026-09-11
20070411,4.94,2026-09-11
20070412,4.95,2026-09-11
20070413,4.97,2026-09-11
20070416,4.99,2026-09-11
20070417,4.97,2026-09-11
20070418,4.94,2026-09-11
20070419,4.94,2026-09-11
20070420,5.02,2026-09-11
20070423,4.99,2026-09-11
20070424,4.99,2026-09-11
20070425,5,2026-09-11
20070426,5.02,2026-09-11
20070427,5.03,2026-09-11
20070430,5.05,2026-09-11
20070502,5.02,2026-09-11
20070503,5,2026-09-11
20070504,4.99,2026-09-11
20070507,5.01,2026-09-11
20070508,5.04,2026-09-11
20070509,5.06,2026-09-11
20070510,5.07,2026-09-11
20070511,5.06,2026-09-11
20070514,5.07,2026-09-11
20070515,5.08,2026-09-11
20070516,5.08,2026-09-11
20070517,5.12,2026-09-11
20070518,5.15,2026-09-11
20070521,5.15,2026-09-11
20070522,5.16,2026-09-11
20070523,5.17,2026-09-11
20070525,5.17,2026-09-11
20070528,5.16,2026-09-11
20070529,5.15,2026-09-11
20070530,5.18,2026-09-11
20070531,5.17,2026-09-11
20070601,5.15,2026-09-11
20070604,5.15,2026-09-11
20070605,5.16,2026-09-11
20070607,5.21,2026-09-11
20070608,5.28,2026-09-11
20070611,5.26,2026-09-11
20070612,5.27,2026-09-11
20070613,5.26,2026-09-11
20070614,5.25,2026-09-11
20070615,5.25,2026-09-11
20070618,5.24,2026-09-11
20070619,5.24,2026-09-11
20070620,5.26,2026-09-11
20070621,5.32,2026-09-11
20070622,5.29,2026-09-11
20070625,5.25,2026-09-11
20070626,5.27,2026-09-11
20070627,5.23,2026-09-11
20070628,5.22,2026-09-11
20070629,5.26,2026-09-11
20070702,5.28,2026-09-11
20070703,5.3,2026-09-11
20070704,5.33,2026-09-11
20070705,5.36,2026-09-11
20070706,5.35,2026-09-11
20070709,5.35,2026-09-11
20070710,5.35,2026-09-11
20070711,5.32,2026-09-11
20070712,5.37,2026-09-11
20070713,5.41,2026-09-11
20070716,5.42,2026-09-11
20070718,5.4,2026-09-11
20070719,5.4,2026-09-11
20070720,5.41,2026-09-11
20070723,5.38,2026-09-11
20070724,5.41,2026-09-11
20070725,5.36,2026-09-11
20070726,5.32,2026-09-11
20070727,5.25,2026-09-11
20070730,5.27,2026-09-11
20070731,5.22,2026-09-11
20070801,5.16,2026-09-11
20070802,5.19,2026-09-11
20070803,5.19,2026-09-11
20070806,5.19,2026-09-11
20070807,5.22,2026-09-11
20070808,5.26,2026-09-11
20070809,5.32,2026-09-11
20070810,5.27,2026-09-11
20070813,5.29,2026-09-11
20070814,5.3,2026-09-11
20070816,5.24,2026-09-11
20070817,5.23,2026-09-11
20070820,5.26,2026-09-11
20070821,5.26,2026-09-11
20070822,5.28,2026-09-11
20070823,5.31,2026-09-11
20070824,5.3,2026-09-11
20070827,5.34,2026-09-11
20070828,5.37,2026-09-11
20070829,5.39,2026-09-11
20070830,5.36,2026-09-11
20070831,5.43,2026-09-11
20070903,5.45,2026-09-11
20070904,5.44,2026-09-11
20070905,5.42,2026-09-11
20070906,5.41,2026-09-11
20070907,5.36,2026-09-11
20070910,5.32,2026-09-11
20070911,5.36,2026-09-11
20070912,5.34,2026-09-11
20070913,5.34,2026-09-11
20070914,5.37,2026-09-11
20070917,5.37,2026-09-11
20070918,5.36,2026-09-11
20070919,5.37,2026-09-11
20070920,5.4,2026-09-11
20070921,5.43,2026-09-11
20070927,5.46,2026-09-11
20070928,5.46,2026-09-11
20071001,5.47,2026-09-11
20071002,5.46,2026-09-11
20071004,5.43,2026-09-11
20071005,5.4,2026-09-11
20071008,5.43,2026-09-11
20071009,5.46,2026-09-11
20071010,5.46,2026-09-11
20071011,5.47,2026-09-11
20071012,5.48,2026-09-11
20071015,5.51,2026-09-11
20071016,5.48,2026-09-11
20071017,5.45,2026-09-11
20071018,5.46,2026-09-11
20071019,5.41,2026-09-11
20071022,5.34,2026-09-11
20071023,5.35,2026-09-11
20071024,5.32,2026-09-11
20071025,5.36,2026-09-11
20071026,5.37,2026-09-11
20071029,5.38,2026-09-11
20071030,5.41,2026-09-11
20071031,5.43,2026-09-11
20071101,5.46,2026-09-11
20071102,5.42,2026-09-11
20071105,5.43,2026-09-11
20071106,5.42,2026-09-11
20071107,5.39,2026-09-11
20071108,5.32,2026-09-11
20071109,5.34,2026-09-11
20071112,5.37,2026-09-11
20071113,5.37,2026-09-11
20071114,5.41,2026-09-11
20071115,5.43,2026-09-11
20071116,5.46,2026-09-11
20071119,5.52,2026-09-11
20071120,5.55,2026-09-11
20071121,5.65,2026-09-11
20071122,5.65,2026-09-11
20071123,5.62,2026-09-11
20071126,5.66,2026-09-11
20071127,5.69,2026-09-11
20071128,5.93,2026-09-11
20071129,6.03,2026-09-11
20071130,5.77,2026-09-11
20071203,5.75,2026-09-11
20071204,5.82,2026-09-11
20071205,6,2026-09-11
20071206,6,2026-09-11
20071207,6.11,2026-09-11
20071210,6.07,2026-09-11
20071211,6.06,2026-09-11
20071212,6.02,2026-09-11
20071213,5.89,2026-09-11
20071214,5.89,2026-09-11
20071217,5.89,2026-09-11
20071218,5.88,2026-09-11
20071220,5.81,2026-09-11
20071221,5.81,2026-09-11
20071224,5.82,2026-09-11
20071226,5.78,2026-09-11
20071227,5.74,2026-09-11
20071228,5.74,2026-09-11
20071231,5.74,2026-09-11
20080102,5.86,2026-09-11
20080103,5.86,2026-09-11
20080104,5.83,2026-09-11
20080107,5.82,2026-09-11
20080108,5.9,2026-09-11
20080109,5.85,2026-09-11
20080110,5.73,2026-09-11
20080111,5.52,2026-09-11
20080114,5.53,2026-09-11
20080115,5.43,2026-09-11
20080116,5.35,2026-09-11
20080117,5.45,2026-09-11
20080118,5.36,2026-09-11
20080121,5.35,2026-09-11
20080122,5.3,2026-09-11
20080123,5.05,2026-09-11
20080124,5.1,2026-09-11
20080125,5.19,2026-09-11
20080128,5.06,2026-09-11
20080129,5.08,2026-09-11
20080130,5.09,2026-09-11
20080131,5.04,2026-09-11
20080201,5.05,2026-09-11
20080204,5.16,2026-09-11
20080205,5.14,2026-09-11
20080211,5.12,2026-09-11
20080212,5.08,2026-09-11
20080213,5.01,2026-09-11
20080214,5.01,2026-09-11
20080215,5.02,2026-09-11
20080218,5,2026-09-11
20080219,5.05,2026-09-11
20080220,5.03,2026-09-11
20080221,5.12,2026-09-11
20080222,5.05,2026-09-11
20080225,5.08,2026-09-11
20080226,5.09,2026-09-11
20080227,5.06,2026-09-11
20080228,5.03,2026-09-11
20080229,4.97,2026-09-11
20080303,4.92,2026-09-11
20080304,4.94,2026-09-11
20080305,4.92,2026-09-11
20080306,4.95,2026-09-11
20080307,5,2026-09-11
20080310,5.14,2026-09-11
20080311,5.16,2026-09-11
20080312,5.16,2026-09-11
20080313,5.27,2026-09-11
20080314,5.25,2026-09-11
20080317,5.33,2026-09-11
20080318,5.13,2026-09-11
20080319,5.25,2026-09-11
20080320,5.2,2026-09-11
20080321,5.18,2026-09-11
20080324,5.29,2026-09-11
20080325,5.28,2026-09-11
20080326,5.28,2026-09-11
20080327,5.17,2026-09-11
20080328,5.17,2026-09-11
20080331,5.1,2026-09-11
20080401,5.13,2026-09-11
20080402,5.1,2026-09-11
20080403,5.14,2026-09-11
20080404,5.14,2026-09-11
20080407,5.11,2026-09-11
20080408,5.03,2026-09-11
20080410,4.91,2026-09-11
20080411,4.94,2026-09-11
20080414,4.95,2026-09-11
20080415,4.94,2026-09-11
20080416,4.94,2026-09-11
20080417,4.95,2026-09-11
20080418,4.98,2026-09-11
20080421,4.97,2026-09-11
20080422,4.93,2026-09-11
20080423,4.95,2026-09-11
20080424,4.92,2026-09-11
20080425,4.94,2026-09-11
20080428,4.92,2026-09-11
20080429,4.91,2026-09-11
20080430,4.88,2026-09-11
20080502,4.9,2026-09-11
20080506,4.92,2026-09-11
20080507,4.98,2026-09-11
20080508,5.22,2026-09-11
20080509,5.22,2026-09-11
20080513,5.3,2026-09-11
20080514,5.27,2026-09-11
20080515,5.26,2026-09-11
20080516,5.31,2026-09-11
20080519,5.46,2026-09-11
20080520,5.33,2026-09-11
20080521,5.39,2026-09-11
20080522,5.34,2026-09-11
20080523,5.39,2026-09-11
20080526,5.4,2026-09-11
20080527,5.35,2026-09-11
20080528,5.36,2026-09-11
20080529,5.43,2026-09-11
20080530,5.46,2026-09-11
20080602,5.54,2026-09-11
20080603,5.5,2026-09-11
20080604,5.49,2026-09-11
20080605,5.48,2026-09-11
20080609,5.67,2026-09-11
20080610,5.78,2026-09-11
20080611,5.73,2026-09-11
20080612,5.74,2026-09-11
20080613,5.74,2026-09-11
20080616,5.7,2026-09-11
20080617,5.66,2026-09-11
20080618,5.68,2026-09-11
20080619,5.66,2026-09-11
20080620,5.72,2026-09-11
20080623,5.87,2026-09-11
20080624,5.85,2026-09-11
20080625,5.82,2026-09-11
20080626,5.74,2026-09-11
20080627,5.77,2026-09-11
20080630,5.9,2026-09-11
20080701,5.87,2026-09-11
20080702,5.97,2026-09-11
20080703,6.06,2026-09-11
20080704,6.05,2026-09-11
20080707,6.05,2026-09-11
20080708,6.02,2026-09-11
20080709,5.99,2026-09-11
20080710,6.01,2026-09-11
20080711,6.15,2026-09-11
20080714,6.17,2026-09-11
20080715,6.13,2026-09-11
20080716,6.11,2026-09-11
20080717,5.99,2026-09-11
20080718,5.97,2026-09-11
20080721,6.06,2026-09-11
20080722,5.9,2026-09-11
20080723,5.84,2026-09-11
20080724,5.81,2026-09-11
20080725,5.77,2026-09-11
20080728,5.85,2026-09-11
20080729,5.81,2026-09-11
20080730,5.77,2026-09-11
20080731,5.8,2026-09-11
20080801,5.72,2026-09-11
20080804,5.8,2026-09-11
20080805,5.76,2026-09-11
20080806,5.7,2026-09-11
20080807,5.66,2026-09-11
20080808,5.7,2026-09-11
20080811,5.72,2026-09-11
20080812,5.76,2026-09-11
20080813,5.76,2026-09-11
20080814,5.85,2026-09-11
20080818,5.87,2026-09-11
20080819,5.77,2026-09-11
20080820,5.72,2026-09-11
20080821,5.71,2026-09-11
20080822,5.81,2026-09-11
20080825,5.88,2026-09-11
20080826,5.84,2026-09-11
20080827,5.81,2026-09-11
20080828,5.76,2026-09-11
20080829,5.77,2026-09-11
20080901,5.88,2026-09-11
20080902,5.97,2026-09-11
20080903,5.87,2026-09-11
20080904,5.82,2026-09-11
20080905,5.8,2026-09-11
20080908,5.76,2026-09-11
20080909,5.76,2026-09-11
20080910,5.73,2026-09-11
20080911,5.69,2026-09-11
20080912,5.66,2026-09-11
20080916,5.49,2026-09-11
20080917,5.6,2026-09-11
20080918,5.89,2026-09-11
20080919,5.8,2026-09-11
20080922,5.85,2026-09-11
20080923,5.88,2026-09-11
20080924,5.91,2026-09-11
20080925,5.93,2026-09-11
20080926,6.01,2026-09-11
20080929,5.98,2026-09-11
20080930,5.74,2026-09-11
20081001,5.75,2026-09-11
20081002,5.7,2026-09-11
20081006,5.77,2026-09-11
20081007,5.6,2026-09-11
20081008,5.61,2026-09-11
20081009,5.33,2026-09-11
20081010,5.23,2026-09-11
20081013,5.29,2026-09-11
20081014,5.28,2026-09-11
20081015,5.17,2026-09-11
20081016,5.27,2026-09-11
20081017,5.03,2026-09-11
20081020,5.03,2026-09-11
20081021,5,2026-09-11
20081022,4.8,2026-09-11
20081023,4.84,2026-09-11
20081024,4.84,2026-09-11
20081027,4.52,2026-09-11
20081028,4.56,2026-09-11
20081029,4.54,2026-09-11
20081030,4.39,2026-09-11
20081031,4.47,2026-09-11
20081103,4.71,2026-09-11
20081104,4.68,2026-09-11
20081105,4.6,2026-09-11
20081106,4.55,2026-09-11
20081107,4.72,2026-09-11
20081110,5,2026-09-11
20081111,5.01,2026-09-11
20081112,4.94,2026-09-11
20081113,5.24,2026-09-11
20081114,5.4,2026-09-11
20081117,5.23,2026-09-11
20081118,5.36,2026-09-11
20081119,5.16,2026-09-11
20081120,5.15,2026-09-11
20081121,4.99,2026-09-11
20081124,5.06,2026-09-11
20081125,5.05,2026-09-11
20081126,4.88,2026-09-11
20081127,4.86,2026-09-11
20081128,4.87,2026-09-11
20081201,4.7,2026-09-11
20081202,4.44,2026-09-11
20081203,4.26,2026-09-11
20081204,4.33,2026-09-11
20081205,4.17,2026-09-11
20081208,4.22,2026-09-11
20081209,4.16,2026-09-11
20081210,4.21,2026-09-11
20081211,4.01,2026-09-11
20081212,3.95,2026-09-11
20081215,3.97,2026-09-11
20081216,3.85,2026-09-11
20081217,3.84,2026-09-11
20081218,3.82,2026-09-11
20081219,3.81,2026-09-11
20081222,3.88,2026-09-11
20081223,3.87,2026-09-11
20081224,3.75,2026-09-11
20081226,3.68,2026-09-11
20081229,3.61,2026-09-11
20081230,3.41,2026-09-11
20081231,3.41,2026-09-11
20090102,3.42,2026-09-11
20090105,3.35,2026-09-11
20090106,3.34,2026-09-11
20090107,3.45,2026-09-11
20090108,3.26,2026-09-11
20090109,3.48,2026-09-11
20090112,3.53,2026-09-11
20090113,3.5,2026-09-11
20090114,3.36,2026-09-11
20090115,3.56,2026-09-11
20090116,3.61,2026-09-11
20090119,3.42,2026-09-11
20090120,3.48,2026-09-11
20090121,3.39,2026-09-11
20090122,3.39,2026-09-11
20090123,3.38,2026-09-11
20090128,3.36,2026-09-11
20090129,3.41,2026-09-11
20090130,3.59,2026-09-11
20090202,3.78,2026-09-11
20090203,3.84,2026-09-11
20090204,3.7,2026-09-11
20090205,3.79,2026-09-11
20090206,3.73,2026-09-11
20090209,3.74,2026-09-11
20090210,3.73,2026-09-11
20090211,3.66,2026-09-11
20090212,3.62,2026-09-11
20090213,3.57,2026-09-11
20090216,3.69,2026-09-11
20090217,3.97,2026-09-11
20090218,3.74,2026-09-11
20090219,3.75,2026-09-11
20090220,3.92,2026-09-11
20090223,3.83,2026-09-11
20090224,3.9,2026-09-11
20090225,3.99,2026-09-11
20090226,3.88,2026-09-11
20090227,3.82,2026-09-11
20090302,3.87,2026-09-11
20090303,3.74,2026-09-11
20090304,3.7,2026-09-11
20090305,3.71,2026-09-11
20090306,3.63,2026-09-11
20090309,3.66,2026-09-11
20090310,3.62,2026-09-11
20090311,3.69,2026-09-11
20090312,3.62,2026-09-11
20090313,3.72,2026-09-11
20090316,3.74,2026-09-11
20090317,3.62,2026-09-11
20090318,3.66,2026-09-11
20090319,3.49,2026-09-11
20090320,3.49,2026-09-11
20090323,3.55,2026-09-11
20090324,3.64,2026-09-11
20090325,3.64,2026-09-11
20090326,3.71,2026-09-11
20090327,3.74,2026-09-11
20090330,3.89,2026-09-11
20090331,3.94,2026-09-11
20090401,3.83,2026-09-11
20090402,3.87,2026-09-11
20090403,3.95,2026-09-11
20090406,3.99,2026-09-11
20090407,3.94,2026-09-11
20090408,3.89,2026-09-11
20090409,3.88,2026-09-11
20090410,3.88,2026-09-11
20090413,3.88,2026-09-11
20090414,3.78,2026-09-11
20090415,3.75,2026-09-11
20090416,3.8,2026-09-11
20090417,3.72,2026-09-11
20090420,3.7,2026-09-11
20090421,3.69,2026-09-11
20090422,3.72,2026-09-11
20090423,3.7,2026-09-11
20090424,3.57,2026-09-11
20090427,3.58,2026-09-11
20090428,3.5,2026-09-11
20090429,3.51,2026-09-11
20090430,3.59,2026-09-11
20090504,3.78,2026-09-11
20090506,3.8,2026-09-11
20090507,3.91,2026-09-11
20090508,3.9,2026-09-11
20090511,3.93,2026-09-11
20090512,3.83,2026-09-11
20090513,3.85,2026-09-11
20090514,3.77,2026-09-11
20090515,3.79,2026-09-11
20090518,3.75,2026-09-11
20090519,3.86,2026-09-11
20090520,3.87,2026-09-11
20090521,3.84,2026-09-11
20090522,3.85,2026-09-11
20090525,3.81,2026-09-11
20090526,3.79,2026-09-11
20090527,3.82,2026-09-11
20090528,3.87,2026-09-11
20090529,3.83,2026-09-11
20090601,3.81,2026-09-11
20090602,3.93,2026-09-11
20090603,3.91,2026-09-11
20090604,3.88,2026-09-11
20090605,3.87,2026-09-11
20090608,4.02,2026-09-11
20090609,4.03,2026-09-11
20090610,4.04,2026-09-11
20090611,4.22,2026-09-11
20090612,4.3,2026-09-11
20090615,4.27,2026-09-11
20090616,4.25,2026-09-11
20090617,4.24,2026-09-11
20090618,4.2,2026-09-11
20090619,4.17,2026-09-11
20090622,4.2,2026-09-11
20090623,4.12,2026-09-11
20090624,4.07,2026-09-11
20090625,4.17,2026-09-11
20090626,4.12,2026-09-11
20090629,4.1,2026-09-11
20090630,4.16,2026-09-11
20090701,4.08,2026-09-11
20090702,4.06,2026-09-11
20090703,4.04,2026-09-11
20090706,4.09,2026-09-11
20090707,4.13,2026-09-11
20090708,4.06,2026-09-11
20090709,4,2026-09-11
20090710,3.91,2026-09-11
20090713,3.95,2026-09-11
20090714,3.96,2026-09-11
20090715,3.99,2026-09-11
20090716,3.99,2026-09-11
20090717,4.1,2026-09-11
20090720,4.18,2026-09-11
20090721,4.16,2026-09-11
20090722,4.21,2026-09-11
20090723,4.16,2026-09-11
20090724,4.16,2026-09-11
20090727,4.17,2026-09-11
20090728,4.16,2026-09-11
20090729,4.17,2026-09-11
20090730,4.15,2026-09-11
20090731,4.26,2026-09-11
20090803,4.37,2026-09-11
20090804,4.35,2026-09-11
20090805,4.43,2026-09-11
20090806,4.49,2026-09-11
20090807,4.46,2026-09-11
20090810,4.47,2026-09-11
20090811,4.41,2026-09-11
20090812,4.45,2026-09-11
20090813,4.52,2026-09-11
20090814,4.61,2026-09-11
20090817,4.46,2026-09-11
20090818,4.51,2026-09-11
20090819,4.37,2026-09-11
20090820,4.39,2026-09-11
20090821,4.34,2026-09-11
20090824,4.4,2026-09-11
20090825,4.34,2026-09-11
20090826,4.36,2026-09-11
20090827,4.31,2026-09-11
20090828,4.35,2026-09-11
20090831,4.38,2026-09-11
20090901,4.37,2026-09-11
20090902,4.31,2026-09-11
20090903,4.28,2026-09-11
20090904,4.3,2026-09-11
20090907,4.33,2026-09-11
20090908,4.31,2026-09-11
20090909,4.29,2026-09-11
20090910,4.5,2026-09-11
20090911,4.49,2026-09-11
20090914,4.49,2026-09-11
20090915,4.47,2026-09-11
20090916,4.4,2026-09-11
20090917,4.4,2026-09-11
20090918,4.37,2026-09-11
20090921,4.43,2026-09-11
20090922,4.49,2026-09-11
20090923,4.47,2026-09-11
20090924,4.44,2026-09-11
20090925,4.43,2026-09-11
20090928,4.45,2026-09-11
20090929,4.47,2026-09-11
20090930,4.39,2026-09-11
20091001,4.36,2026-09-11
20091005,4.34,2026-09-11
20091006,4.44,2026-09-11
20091007,4.45,2026-09-11
20091008,4.47,2026-09-11
20091009,4.36,2026-09-11
20091012,4.39,2026-09-11
20091013,4.37,2026-09-11
20091014,4.37,2026-09-11
20091015,4.43,2026-09-11
20091016,4.56,2026-09-11
20091019,4.54,2026-09-11
20091020,4.55,2026-09-11
20091021,4.53,2026-09-11
20091022,4.55,2026-09-11
20091023,4.59,2026-09-11
20091026,4.62,2026-09-11
20091027,4.54,2026-09-11
20091028,4.51,2026-09-11
20091029,4.45,2026-09-11
20091030,4.44,2026-09-11
20091102,4.43,2026-09-11
20091103,4.43,2026-09-11
20091104,4.47,2026-09-11
20091105,4.46,2026-09-11
20091106,4.46,2026-09-11
20091109,4.49,2026-09-11
20091110,4.47,2026-09-11
20091111,4.42,2026-09-11
20091112,4.34,2026-09-11
20091113,4.27,2026-09-11
20091116,4.29,2026-09-11
20091117,4.24,2026-09-11
20091118,4.27,2026-09-11
20091119,4.24,2026-09-11
20091120,4.26,2026-09-11
20091123,4.3,2026-09-11
20091124,4.28,2026-09-11
20091125,4.25,2026-09-11
20091126,4.2,2026-09-11
20091127,4.05,2026-09-11
20091130,4.1,2026-09-11
20091201,4.05,2026-09-11
20091202,4.13,2026-09-11
20091203,4.12,2026-09-11
20091204,4.16,2026-09-11
20091207,4.24,2026-09-11
20091208,4.2,2026-09-11
20091209,4.17,2026-09-11
20091210,4.26,2026-09-11
20091211,4.22,2026-09-11
20091214,4.25,2026-09-11
20091215,4.18,2026-09-11
20091216,4.25,2026-09-11
20091217,4.24,2026-09-11
20091218,4.2,2026-09-11
20091221,4.19,2026-09-11
20091222,4.31,2026-09-11
20091223,4.28,2026-09-11
20091224,4.32,2026-09-11
20091228,4.36,2026-09-11
20091229,4.39,2026-09-11
20091230,4.41,2026-09-11
20091231,4.41,2026-09-11
20100104,4.44,2026-09-11
20100105,4.36,2026-09-11
20100106,4.43,2026-09-11
20100107,4.32,2026-09-11
20100108,4.36,2026-09-11
20100111,4.27,2026-09-11
20100112,4.25,2026-09-11
20100113,4.26,2026-09-11
20100114,4.23,2026-09-11
20100115,4.24,2026-09-11
20100118,4.28,2026-09-11
20100119,4.24,2026-09-11
20100120,4.24,2026-09-11
20100121,4.26,2026-09-11
20100122,4.24,2026-09-11
20100125,4.26,2026-09-11
20100126,4.21,2026-09-11
20100127,4.23,2026-09-11
20100128,4.31,2026-09-11
20100129,4.27,2026-09-11
20100201,4.3,2026-09-11
20100202,4.27,2026-09-11
20100203,4.27,2026-09-11
20100204,4.26,2026-09-11
20100205,4.22,2026-09-11
20100208,4.26,2026-09-11
20100209,4.27,2026-09-11
20100210,4.27,2026-09-11
20100211,4.18,2026-09-11
20100212,4.12,2026-09-11
20100216,4.12,2026-09-11
20100217,4.1,2026-09-11
20100218,4.1,2026-09-11
20100219,4.18,2026-09-11
20100222,4.2,2026-09-11
20100223,4.16,2026-09-11
20100224,4.14,2026-09-11
20100225,4.09,2026-09-11
20100226,4.1,2026-09-11
20100302,4.11,2026-09-11
20100303,4.09,2026-09-11
20100304,4.08,2026-09-11
20100305,4.1,2026-09-11
20100308,4.12,2026-09-11
20100309,4.1,2026-09-11
20100310,4.08,2026-09-11
20100311,3.97,2026-09-11
20100312,3.93,2026-09-11
20100315,3.93,2026-09-11
20100316,3.84,2026-09-11
20100317,3.8,2026-09-11
20100318,3.76,2026-09-11
20100319,3.79,2026-09-11
20100322,3.77,2026-09-11
20100323,3.9,2026-09-11
20100324,3.94,2026-09-11
20100325,3.82,2026-09-11
20100326,3.84,2026-09-11
20100329,3.92,2026-09-11
20100330,3.9,2026-09-11
20100331,3.89,2026-09-11
20100401,3.84,2026-09-11
20100402,3.84,2026-09-11
20100405,3.85,2026-09-11
20100406,3.84,2026-09-11
20100407,3.82,2026-09-11
20100408,3.74,2026-09-11
20100409,3.77,2026-09-11
20100412,3.85,2026-09-11
20100413,3.83,2026-09-11
20100414,3.87,2026-09-11
20100415,3.85,2026-09-11
20100416,3.8,2026-09-11
20100419,3.78,2026-09-11
20100420,3.76,2026-09-11
20100421,3.8,2026-09-11
20100422,3.77,2026-09-11
20100423,3.76,2026-09-11
20100426,3.75,2026-09-11
20100427,3.66,2026-09-11
20100428,3.62,2026-09-11
20100429,3.58,2026-09-11
20100430,3.61,2026-09-11
20100503,3.7,2026-09-11
20100504,3.71,2026-09-11
20100506,3.79,2026-09-11
20100507,3.69,2026-09-11
20100510,3.71,2026-09-11
20100511,3.64,2026-09-11
20100512,3.77,2026-09-11
20100513,3.79,2026-09-11
20100514,3.78,2026-09-11
20100517,3.78,2026-09-11
20100518,3.77,2026-09-11
20100519,3.76,2026-09-11
20100520,3.74,2026-09-11
20100524,3.64,2026-09-11
20100525,3.59,2026-09-11
20100526,3.61,2026-09-11
20100527,3.6,2026-09-11
20100528,3.61,2026-09-11
20100531,3.58,2026-09-11
20100601,3.57,2026-09-11
20100603,3.63,2026-09-11
20100604,3.68,2026-09-11
20100607,3.6,2026-09-11
20100608,3.63,2026-09-11
20100609,3.61,2026-09-11
20100610,3.64,2026-09-11
20100611,3.68,2026-09-11
20100614,3.71,2026-09-11
20100615,3.73,2026-09-11
20100616,3.72,2026-09-11
20100617,3.7,2026-09-11
20100618,3.72,2026-09-11
20100621,3.88,2026-09-11
20100622,3.9,2026-09-11
20100623,3.93,2026-09-11
20100624,3.9,2026-09-11
20100625,3.9,2026-09-11
20100628,3.95,2026-09-11
20100629,3.89,2026-09-11
20100630,3.86,2026-09-11
20100701,3.8,2026-09-11
20100702,3.82,2026-09-11
20100705,3.85,2026-09-11
20100706,3.84,2026-09-11
20100707,3.9,2026-09-11
20100708,3.94,2026-09-11
20100709,3.94,2026-09-11
20100712,3.96,2026-09-11
20100713,3.96,2026-09-11
20100714,3.98,2026-09-11
20100715,3.94,2026-09-11
20100716,3.92,2026-09-11
20100719,3.92,2026-09-11
20100720,3.92,2026-09-11
20100721,3.87,2026-09-11
20100722,3.82,2026-09-11
20100723,3.85,2026-09-11
20100726,3.88,2026-09-11
20100727,3.86,2026-09-11
20100728,3.86,2026-09-11
20100729,3.8,2026-09-11
20100730,3.8,2026-09-11
20100802,3.86,2026-09-11
20100803,3.87,2026-09-11
20100804,3.84,2026-09-11
20100805,3.87,2026-09-11
20100806,3.89,2026-09-11
20100809,3.92,2026-09-11
20100810,3.91,2026-09-11
20100811,3.83,2026-09-11
20100812,3.76,2026-09-11
20100813,3.73,2026-09-11
20100816,3.74,2026-09-11
20100817,3.76,2026-09-11
20100818,3.7,2026-09-11
20100819,3.68,2026-09-11
20100820,3.61,2026-09-11
20100823,3.62,2026-09-11
20100824,3.58,2026-09-11
20100825,3.57,2026-09-11
20100826,3.54,2026-09-11
20100827,3.56,2026-09-11
20100830,3.58,2026-09-11
20100831,3.55,2026-09-11
20100901,3.65,2026-09-11
20100902,3.6,2026-09-11
20100903,3.65,2026-09-11
20100906,3.69,2026-09-11
20100907,3.63,2026-09-11
20100908,3.61,2026-09-11
20100909,3.35,2026-09-11
20100910,3.4,2026-09-11
20100913,3.43,2026-09-11
20100914,3.39,2026-09-11
20100915,3.43,2026-09-11
20100916,3.39,2026-09-11
20100917,3.45,2026-09-11
20100920,3.5,2026-09-11
20100924,3.44,2026-09-11
20100927,3.39,2026-09-11
20100928,3.37,2026-09-11
20100929,3.34,2026-09-11
20100930,3.32,2026-09-11
20101001,3.26,2026-09-11
20101004,3.3,2026-09-11
20101005,3.29,2026-09-11
20101006,3.31,2026-09-11
20101007,3.31,2026-09-11
20101008,3.27,2026-09-11
20101011,3.28,2026-09-11
20101012,3.26,2026-09-11
20101013,3.28,2026-09-11
20101014,3.08,2026-09-11
20101015,3.05,2026-09-11
20101018,3.06,2026-09-11
20101019,3.2,2026-09-11
20101020,3.26,2026-09-11
20101021,3.29,2026-09-11
20101022,3.23,2026-09-11
20101025,3.29,2026-09-11
20101026,3.25,2026-09-11
20101027,3.3,2026-09-11
20101028,3.23,2026-09-11
20101029,3.25,2026-09-11
20101101,3.35,2026-09-11
20101102,3.41,2026-09-11
20101103,3.43,2026-09-11
20101104,3.5,2026-09-11
20101105,3.6,2026-09-11
20101108,3.55,2026-09-11
20101109,3.58,2026-09-11
20101110,3.51,2026-09-11
20101111,3.48,2026-09-11
20101112,3.46,2026-09-11
20101115,3.47,2026-09-11
20101116,3.32,2026-09-11
20101117,3.35,2026-09-11
20101118,3.33,2026-09-11
20101119,3.32,2026-09-11
20101122,3.38,2026-09-11
20101123,3.42,2026-09-11
20101124,3.34,2026-09-11
20101125,3.31,2026-09-11
20101126,3.3,2026-09-11
20101129,3.22,2026-09-11
20101130,3.19,2026-09-11
20101201,3.21,2026-09-11
20101202,3.18,2026-09-11
20101203,3.12,2026-09-11
20101206,3.11,2026-09-11
20101207,2.89,2026-09-11
20101208,3.08,2026-09-11
20101209,3.17,2026-09-11
20101210,3.14,2026-09-11
20101213,3.26,2026-09-11
20101214,3.3,2026-09-11
20101215,3.43,2026-09-11
20101216,3.35,2026-09-11
20101217,3.36,2026-09-11
20101220,3.35,2026-09-11
20101221,3.24,2026-09-11
20101222,3.19,2026-09-11
20101223,3.23,2026-09-11
20101224,3.28,2026-09-11
20101227,3.35,2026-09-11
20101228,3.37,2026-09-11
20101229,3.38,2026-09-11
20101230,3.38,2026-09-11
20101231,3.38,2026-09-11
20110103,3.5,2026-09-11
20110104,3.5,2026-09-11
20110105,3.5,2026-09-11
20110106,3.58,2026-09-11
20110107,3.59,2026-09-11
20110110,3.57,2026-09-11
20110111,3.6,2026-09-11
20110112,3.54,2026-09-11
20110113,3.64,2026-09-11
20110114,3.69,2026-09-11
20110117,3.71,2026-09-11
20110118,3.66,2026-09-11
20110119,3.79,2026-09-11
20110120,3.81,2026-09-11
20110121,3.81,2026-09-11
20110124,3.88,2026-09-11
20110125,3.9,2026-09-11
20110126,3.88,2026-09-11
20110127,3.86,2026-09-11
20110128,3.88,2026-09-11
20110131,3.96,2026-09-11
20110201,3.98,2026-09-11
20110207,4.1,2026-09-11
20110208,4.06,2026-09-11
20110209,4,2026-09-11
20110210,3.96,2026-09-11
20110211,3.94,2026-09-11
20110214,3.97,2026-09-11
20110215,3.95,2026-09-11
20110216,3.93,2026-09-11
20110217,3.96,2026-09-11
20110218,3.94,2026-09-11
20110221,3.96,2026-09-11
20110222,3.89,2026-09-11
20110223,3.89,2026-09-11
20110224,3.81,2026-09-11
20110225,3.84,2026-09-11
20110228,3.84,2026-09-11
20110302,3.84,2026-09-11
20110303,3.93,2026-09-11
20110304,3.94,2026-09-11
20110307,3.92,2026-09-11
20110308,3.89,2026-09-11
20110309,3.83,2026-09-11
20110310,3.71,2026-09-11
20110311,3.69,2026-09-11
20110314,3.64,2026-09-11
20110315,3.57,2026-09-11
20110316,3.64,2026-09-11
20110317,3.66,2026-09-11
20110318,3.65,2026-09-11
20110321,3.71,2026-09-11
20110322,3.7,2026-09-11
20110323,3.66,2026-09-11
20110324,3.66,2026-09-11
20110325,3.71,2026-09-11
20110328,3.73,2026-09-11
20110329,3.71,2026-09-11
20110330,3.74,2026-09-11
20110331,3.73,2026-09-11
20110401,3.67,2026-09-11
20110404,3.68,2026-09-11
20110405,3.69,2026-09-11
20110406,3.7,2026-09-11
20110407,3.68,2026-09-11
20110408,3.76,2026-09-11
20110411,3.78,2026-09-11
20110412,3.72,2026-09-11
20110413,3.74,2026-09-11
20110414,3.73,2026-09-11
20110415,3.72,2026-09-11
20110418,3.7,2026-09-11
20110419,3.71,2026-09-11
20110420,3.74,2026-09-11
20110421,3.78,2026-09-11
20110422,3.8,2026-09-11
20110425,3.84,2026-09-11
20110426,3.82,2026-09-11
20110427,3.82,2026-09-11
20110428,3.79,2026-09-11
20110429,3.77,2026-09-11
20110502,3.77,2026-09-11
20110503,3.78,2026-09-11
20110504,3.79,2026-09-11
20110506,3.75,2026-09-11
20110509,3.75,2026-09-11
20110511,3.72,2026-09-11
20110512,3.67,2026-09-11
20110513,3.66,2026-09-11
20110516,3.61,2026-09-11
20110517,3.62,2026-09-11
20110518,3.62,2026-09-11
20110519,3.62,2026-09-11
20110520,3.62,2026-09-11
20110523,3.58,2026-09-11
20110524,3.59,2026-09-11
20110525,3.57,2026-09-11
20110526,3.61,2026-09-11
20110527,3.6,2026-09-11
20110530,3.58,2026-09-11
20110531,3.59,2026-09-11
20110601,3.64,2026-09-11
20110602,3.57,2026-09-11
20110603,3.57,2026-09-11
20110607,3.52,2026-09-11
20110608,3.52,2026-09-11
20110609,3.57,2026-09-11
20110610,3.65,2026-09-11
20110613,3.66,2026-09-11
20110614,3.7,2026-09-11
20110615,3.68,2026-09-11
20110616,3.61,2026-09-11
20110617,3.67,2026-09-11
20110620,3.66,2026-09-11
20110621,3.67,2026-09-11
20110622,3.67,2026-09-11
20110623,3.68,2026-09-11
20110624,3.71,2026-09-11
20110627,3.72,2026-09-11
20110628,3.72,2026-09-11
20110629,3.77,2026-09-11
20110630,3.76,2026-09-11
20110701,3.77,2026-09-11
20110704,3.78,2026-09-11
20110705,3.76,2026-09-11
20110706,3.79,2026-09-11
20110707,3.79,2026-09-11
20110708,3.85,2026-09-11
20110711,3.81,2026-09-11
20110712,3.71,2026-09-11
20110713,3.71,2026-09-11
20110714,3.7,2026-09-11
20110715,3.68,2026-09-11
20110718,3.69,2026-09-11
20110719,3.71,2026-09-11
20110720,3.75,2026-09-11
20110721,3.75,2026-09-11
20110722,3.79,2026-09-11
20110725,3.82,2026-09-11
20110726,3.84,2026-09-11
20110727,3.82,2026-09-11
20110728,3.81,2026-09-11
20110729,3.85,2026-09-11
20110801,3.9,2026-09-11
20110802,3.87,2026-09-11
20110803,3.82,2026-09-11
20110804,3.77,2026-09-11
20110805,3.61,2026-09-11
20110808,3.6,2026-09-11
20110809,3.57,2026-09-11
20110810,3.45,2026-09-11
20110811,3.52,2026-09-11
20110812,3.49,2026-09-11
20110816,3.5,2026-09-11
20110817,3.54,2026-09-11
20110818,3.56,2026-09-11
20110819,3.49,2026-09-11
20110822,3.49,2026-09-11
20110823,3.52,2026-09-11
20110824,3.46,2026-09-11
20110825,3.46,2026-09-11
20110826,3.48,2026-09-11
20110829,3.51,2026-09-11
20110830,3.48,2026-09-11
20110831,3.49,2026-09-11
20110901,3.45,2026-09-11
20110902,3.44,2026-09-11
20110905,3.35,2026-09-11
20110906,3.35,2026-09-11
20110907,3.45,2026-09-11
20110908,3.4,2026-09-11
20110909,3.36,2026-09-11
20110914,3.31,2026-09-11
20110915,3.37,2026-09-11
20110916,3.4,2026-09-11
20110919,3.51,2026-09-11
20110920,3.49,2026-09-11
20110921,3.5,2026-09-11
20110922,3.49,2026-09-11
20110923,3.45,2026-09-11
20110926,3.51,2026-09-11
20110927,3.46,2026-09-11
20110928,3.53,2026-09-11
20110929,3.55,2026-09-11
20110930,3.55,2026-09-11
20111004,3.46,2026-09-11
20111005,3.44,2026-09-11
20111006,3.43,2026-09-11
20111007,3.43,2026-09-11
20111010,3.48,2026-09-11
20111011,3.48,2026-09-11
20111012,3.42,2026-09-11
20111013,3.4,2026-09-11
20111014,3.41,2026-09-11
20111017,3.46,2026-09-11
20111018,3.45,2026-09-11
20111019,3.45,2026-09-11
20111020,3.44,2026-09-11
20111021,3.49,2026-09-11
20111024,3.53,2026-09-11
20111025,3.53,2026-09-11
20111026,3.5,2026-09-11
20111027,3.53,2026-09-11
20111028,3.54,2026-09-11
20111031,3.51,2026-09-11
20111101,3.48,2026-09-11
20111102,3.47,2026-09-11
20111103,3.43,2026-09-11
20111104,3.43,2026-09-11
20111107,3.41,2026-09-11
20111108,3.39,2026-09-11
20111109,3.38,2026-09-11
20111110,3.33,2026-09-11
20111111,3.37,2026-09-11
20111114,3.39,2026-09-11
20111115,3.36,2026-09-11
20111116,3.34,2026-09-11
20111117,3.37,2026-09-11
20111118,3.36,2026-09-11
20111121,3.37,2026-09-11
20111122,3.39,2026-09-11
20111123,3.36,2026-09-11
20111124,3.38,2026-09-11
20111125,3.41,2026-09-11
20111128,3.44,2026-09-11
20111129,3.43,2026-09-11
20111130,3.38,2026-09-11
20111201,3.38,2026-09-11
20111202,3.38,2026-09-11
20111205,3.38,2026-09-11
20111206,3.34,2026-09-11
20111207,3.33,2026-09-11
20111208,3.35,2026-09-11
20111209,3.35,2026-09-11
20111212,3.36,2026-09-11
20111213,3.35,2026-09-11
20111214,3.34,2026-09-11
20111215,3.33,2026-09-11
20111216,3.33,2026-09-11
20111219,3.42,2026-09-11
20111220,3.38,2026-09-11
20111221,3.36,2026-09-11
20111222,3.36,2026-09-11
20111223,3.37,2026-09-11
20111226,3.38,2026-09-11
20111227,3.39,2026-09-11
20111228,3.39,2026-09-11
20111229,3.34,2026-09-11
20111230,3.34,2026-09-11
20120102,3.34,2026-09-11
20120103,3.35,2026-09-11
20120104,3.35,2026-09-11
20120105,3.34,2026-09-11
20120106,3.35,2026-09-11
20120109,3.38,2026-09-11
20120110,3.38,2026-09-11
20120111,3.38,2026-09-11
20120112,3.38,2026-09-11
20120113,3.37,2026-09-11
20120116,3.35,2026-09-11
20120117,3.37,2026-09-11
20120118,3.36,2026-09-11
20120119,3.38,2026-09-11
20120120,3.4,2026-09-11
20120125,3.42,2026-09-11
20120126,3.4,2026-09-11
20120127,3.38,2026-09-11
20120130,3.36,2026-09-11
20120131,3.38,2026-09-11
20120201,3.37,2026-09-11
20120202,3.38,2026-09-11
20120203,3.38,2026-09-11
20120206,3.4,2026-09-11
20120207,3.42,2026-09-11
20120208,3.44,2026-09-11
20120209,3.45,2026-09-11
20120210,3.44,2026-09-11
20120213,3.46,2026-09-11
20120214,3.44,2026-09-11
20120215,3.46,2026-09-11
20120216,3.43,2026-09-11
20120217,3.45,2026-09-11
20120220,3.47,2026-09-11
20120221,3.47,2026-09-11
20120222,3.46,2026-09-11
20120223,3.44,2026-09-11
20120224,3.45,2026-09-11
20120227,3.44,2026-09-11
20120228,3.42,2026-09-11
20120229,3.45,2026-09-11
20120302,3.48,2026-09-11
20120305,3.51,2026-09-11
20120306,3.5,2026-09-11
20120307,3.5,2026-09-11
20120308,3.48,2026-09-11
20120309,3.49,2026-09-11
20120312,3.47,2026-09-11
20120313,3.48,2026-09-11
20120314,3.52,2026-09-11
20120315,3.57,2026-09-11
20120316,3.59,2026-09-11
20120319,3.62,2026-09-11
20120320,3.6,2026-09-11
20120321,3.63,2026-09-11
20120322,3.63,2026-09-11
20120323,3.64,2026-09-11
20120326,3.62,2026-09-11
20120327,3.63,2026-09-11
20120328,3.59,2026-09-11
20120329,3.57,2026-09-11
20120330,3.55,2026-09-11
20120402,3.58,2026-09-11
20120403,3.56,2026-09-11
20120404,3.56,2026-09-11
20120405,3.56,2026-09-11
20120406,3.54,2026-09-11
20120409,3.5,2026-09-11
20120410,3.5,2026-09-11
20120412,3.5,2026-09-11
20120413,3.49,2026-09-11
20120416,3.47,2026-09-11
20120417,3.47,2026-09-11
20120418,3.49,2026-09-11
20120419,3.49,2026-09-11
20120420,3.46,2026-09-11
20120423,3.47,2026-09-11
20120424,3.47,2026-09-11
20120425,3.49,2026-09-11
20120426,3.49,2026-09-11
20120427,3.46,2026-09-11
20120430,3.45,2026-09-11
20120502,3.46,2026-09-11
20120503,3.44,2026-09-11
20120504,3.42,2026-09-11
20120507,3.38,2026-09-11
20120508,3.39,2026-09-11
20120509,3.37,2026-09-11
20120510,3.4,2026-09-11
20120511,3.37,2026-09-11
20120514,3.38,2026-09-11
20120515,3.38,2026-09-11
20120516,3.38,2026-09-11
20120517,3.39,2026-09-11
20120518,3.36,2026-09-11
20120521,3.37,2026-09-11
20120522,3.36,2026-09-11
20120523,3.36,2026-09-11
20120524,3.35,2026-09-11
20120525,3.35,2026-09-11
20120529,3.36,2026-09-11
20120530,3.35,2026-09-11
20120531,3.32,2026-09-11
20120601,3.3,2026-09-11
20120604,3.26,2026-09-11
20120605,3.28,2026-09-11
20120607,3.3,2026-09-11
20120608,3.25,2026-09-11
20120611,3.32,2026-09-11
20120612,3.29,2026-09-11
20120613,3.31,2026-09-11
20120614,3.29,2026-09-11
20120615,3.27,2026-09-11
20120618,3.3,2026-09-11
20120619,3.29,2026-09-11
20120620,3.31,2026-09-11
20120621,3.31,2026-09-11
20120622,3.29,2026-09-11
20120625,3.29,2026-09-11
20120626,3.29,2026-09-11
20120627,3.27,2026-09-11
20120628,3.26,2026-09-11
20120629,3.3,2026-09-11
20120702,3.3,2026-09-11
20120703,3.29,2026-09-11
20120704,3.28,2026-09-11
20120705,3.27,2026-09-11
20120706,3.23,2026-09-11
20120709,3.21,2026-09-11
20120710,3.22,2026-09-11
20120711,3.19,2026-09-11
20120712,2.97,2026-09-11
20120713,2.95,2026-09-11
20120716,2.95,2026-09-11
20120717,2.92,2026-09-11
20120718,2.89,2026-09-11
20120719,2.91,2026-09-11
20120720,2.88,2026-09-11
20120723,2.82,2026-09-11
20120724,2.83,2026-09-11
20120725,2.78,2026-09-11
20120726,2.81,2026-09-11
20120727,2.86,2026-09-11
20120730,2.85,2026-09-11
20120731,2.85,2026-09-11
20120801,2.83,2026-09-11
20120802,2.79,2026-09-11
20120803,2.77,2026-09-11
20120806,2.78,2026-09-11
20120807,2.78,2026-09-11
20120808,2.76,2026-09-11
20120809,2.82,2026-09-11
20120810,2.79,2026-09-11
20120813,2.82,2026-09-11
20120814,2.87,2026-09-11
20120816,2.95,2026-09-11
20120817,2.93,2026-09-11
20120820,2.95,2026-09-11
20120821,2.9,2026-09-11
20120822,2.9,2026-09-11
20120823,2.88,2026-09-11
20120824,2.83,2026-09-11
20120827,2.81,2026-09-11
20120828,2.81,2026-09-11
20120829,2.79,2026-09-11
20120830,2.78,2026-09-11
20120831,2.76,2026-09-11
20120903,2.75,2026-09-11
20120904,2.77,2026-09-11
20120905,2.74,2026-09-11
20120906,2.75,2026-09-11
20120907,2.82,2026-09-11
20120910,2.8,2026-09-11
20120911,2.78,2026-09-11
20120912,2.8,2026-09-11
20120913,2.87,2026-09-11
20120914,2.86,2026-09-11
20120917,2.9,2026-09-11
20120918,2.86,2026-09-11
20120919,2.88,2026-09-11
20120920,2.82,2026-09-11
20120921,2.84,2026-09-11
20120924,2.81,2026-09-11
20120925,2.8,2026-09-11
20120926,2.79,2026-09-11
20120927,2.81,2026-09-11
20120928,2.79,2026-09-11
20121002,2.76,2026-09-11
20121004,2.74,2026-09-11
20121005,2.75,2026-09-11
20121008,2.76,2026-09-11
20121009,2.76,2026-09-11
20121010,2.71,2026-09-11
20121011,2.74,2026-09-11
20121012,2.77,2026-09-11
20121015,2.76,2026-09-11
20121016,2.78,2026-09-11
20121017,2.81,2026-09-11
20121018,2.84,2026-09-11
20121019,2.81,2026-09-11
20121022,2.84,2026-09-11
20121023,2.82,2026-09-11
20121024,2.81,2026-09-11
20121025,2.81,2026-09-11
20121026,2.78,2026-09-11
20121029,2.79,2026-09-11
20121030,2.78,2026-09-11
20121031,2.77,2026-09-11
20121101,2.77,2026-09-11
20121102,2.78,2026-09-11
20121105,2.8,2026-09-11
20121106,2.78,2026-09-11
20121107,2.78,2026-09-11
20121108,2.76,2026-09-11
20121109,2.79,2026-09-11
20121112,2.79,2026-09-11
20121113,2.78,2026-09-11
20121114,2.79,2026-09-11
20121115,2.78,2026-09-11
20121116,2.77,2026-09-11
20121119,2.79,2026-09-11
20121120,2.8,2026-09-11
20121121,2.8,2026-09-11
20121122,2.82,2026-09-11
20121123,2.84,2026-09-11
20121126,2.82,2026-09-11
20121127,2.84,2026-09-11
20121128,2.83,2026-09-11
20121129,2.83,2026-09-11
20121130,2.84,2026-09-11
20121203,2.84,2026-09-11
20121204,2.84,2026-09-11
20121205,2.86,2026-09-11
20121206,2.83,2026-09-11
20121207,2.81,2026-09-11
20121210,2.83,2026-09-11
20121211,2.83,2026-09-11
20121212,2.83,2026-09-11
20121213,2.86,2026-09-11
20121214,2.87,2026-09-11
20121217,2.88,2026-09-11
20121218,2.9,2026-09-11
20121220,2.88,2026-09-11
20121221,2.85,2026-09-11
20121224,2.87,2026-09-11
20121226,2.88,2026-09-11
20121227,2.85,2026-09-11
20121228,2.82,2026-09-11
20121231,2.82,2026-09-11
20130102,2.82,2026-09-11
20130103,2.77,2026-09-11
20130104,2.74,2026-09-11
20130107,2.76,2026-09-11
20130108,2.74,2026-09-11
20130109,2.75,2026-09-11
20130110,2.7,2026-09-11
20130111,2.76,2026-09-11
20130114,2.76,2026-09-11
20130115,2.73,2026-09-11
20130116,2.74,2026-09-11
20130117,2.73,2026-09-11
20130118,2.75,2026-09-11
20130121,2.74,2026-09-11
20130122,2.73,2026-09-11
20130123,2.72,2026-09-11
20130124,2.71,2026-09-11
20130125,2.71,2026-09-11
20130128,2.74,2026-09-11
20130129,2.75,2026-09-11
20130130,2.78,2026-09-11
20130131,2.76,2026-09-11
20130201,2.76,2026-09-11
20130204,2.76,2026-09-11
20130205,2.75,2026-09-11
20130206,2.72,2026-09-11
20130207,2.72,2026-09-11
20130208,2.72,2026-09-11
20130212,2.71,2026-09-11
20130213,2.73,2026-09-11
20130214,2.73,2026-09-11
20130215,2.72,2026-09-11
20130218,2.71,2026-09-11
20130219,2.69,2026-09-11
20130220,2.71,2026-09-11
20130221,2.68,2026-09-11
20130222,2.69,2026-09-11
20130225,2.68,2026-09-11
20130226,2.65,2026-09-11
20130227,2.63,2026-09-11
20130228,2.63,2026-09-11
20130304,2.63,2026-09-11
20130305,2.63,2026-09-11
20130306,2.64,2026-09-11
20130307,2.66,2026-09-11
20130308,2.66,2026-09-11
20130311,2.66,2026-09-11
20130312,2.61,2026-09-11
20130313,2.61,2026-09-11
20130314,2.62,2026-09-11
20130315,2.61,2026-09-11
20130318,2.59,2026-09-11
20130319,2.6,2026-09-11
20130320,2.6,2026-09-11
20130321,2.59,2026-09-11
20130322,2.58,2026-09-11
20130325,2.58,2026-09-11
20130326,2.58,2026-09-11
20130327,2.58,2026-09-11
20130328,2.45,2026-09-11
20130329,2.52,2026-09-11
20130401,2.49,2026-09-11
20130402,2.47,2026-09-11
20130403,2.47,2026-09-11
20130404,2.48,2026-09-11
20130405,2.44,2026-09-11
20130408,2.47,2026-09-11
20130409,2.49,2026-09-11
20130410,2.48,2026-09-11
20130411,2.63,2026-09-11
20130412,2.67,2026-09-11
20130415,2.66,2026-09-11
20130416,2.61,2026-09-11
20130417,2.63,2026-09-11
20130418,2.59,2026-09-11
20130419,2.61,2026-09-11
20130422,2.62,2026-09-11
20130423,2.6,2026-09-11
20130424,2.61,2026-09-11
20130425,2.56,2026-09-11
20130426,2.52,2026-09-11
20130429,2.52,2026-09-11
20130430,2.49,2026-09-11
20130502,2.44,2026-09-11
20130503,2.47,2026-09-11
20130506,2.56,2026-09-11
20130507,2.54,2026-09-11
20130508,2.55,2026-09-11
20130509,2.55,2026-09-11
20130510,2.55,2026-09-11
20130513,2.57,2026-09-11
20130514,2.56,2026-09-11
20130515,2.56,2026-09-11
20130516,2.56,2026-09-11
20130520,2.6,2026-09-11
20130521,2.6,2026-09-11
20130522,2.61,2026-09-11
20130523,2.61,2026-09-11
20130524,2.62,2026-09-11
20130527,2.61,2026-09-11
20130528,2.64,2026-09-11
20130529,2.75,2026-09-11
20130530,2.75,2026-09-11
20130531,2.78,2026-09-11
20130603,2.78,2026-09-11
20130604,2.78,2026-09-11
20130605,2.81,2026-09-11
20130607,2.77,2026-09-11
20130610,2.79,2026-09-11
20130611,2.8,2026-09-11
20130612,2.88,2026-09-11
20130613,2.82,2026-09-11
20130614,2.76,2026-09-11
20130617,2.81,2026-09-11
20130618,2.77,2026-09-11
20130619,2.81,2026-09-11
20130620,2.94,2026-09-11
20130621,3.04,2026-09-11
20130624,3.12,2026-09-11
20130625,3.02,2026-09-11
20130626,2.97,2026-09-11
20130627,2.97,2026-09-11
20130628,2.88,2026-09-11
20130701,2.99,2026-09-11
20130702,2.94,2026-09-11
20130703,2.95,2026-09-11
20130704,2.93,2026-09-11
20130705,2.95,2026-09-11
20130708,3,2026-09-11
20130709,2.99,2026-09-11
20130710,2.94,2026-09-11
20130711,2.84,2026-09-11
20130712,2.86,2026-09-11
20130715,2.89,2026-09-11
20130716,2.88,2026-09-11
20130717,2.89,2026-09-11
20130718,2.85,2026-09-11
20130719,2.85,2026-09-11
20130722,2.85,2026-09-11
20130723,2.88,2026-09-11
20130724,2.89,2026-09-11
20130725,2.95,2026-09-11
20130726,2.94,2026-09-11
20130729,2.9,2026-09-11
20130730,2.91,2026-09-11
20130731,2.92,2026-09-11
20130801,2.92,2026-09-11
20130802,2.96,2026-09-11
20130805,2.92,2026-09-11
20130806,2.92,2026-09-11
20130807,2.94,2026-09-11
20130808,2.92,2026-09-11
20130809,2.91,2026-09-11
20130812,2.9,2026-09-11
20130813,2.92,2026-09-11
20130814,2.97,2026-09-11
20130816,2.96,2026-09-11
20130819,2.99,2026-09-11
20130820,2.94,2026-09-11
20130821,2.97,2026-09-11
20130822,2.99,2026-09-11
20130823,2.96,2026-09-11
20130826,2.94,2026-09-11
20130827,2.94,2026-09-11
20130828,2.93,2026-09-11
20130829,2.91,2026-09-11
20130830,2.88,2026-09-11
20130902,2.92,2026-09-11
20130903,2.93,2026-09-11
20130904,2.93,2026-09-11
20130905,2.99,2026-09-11
20130906,2.99,2026-09-11
20130909,2.95,2026-09-11
20130910,2.97,2026-09-11
20130911,2.94,2026-09-11
20130912,2.91,2026-09-11
20130913,2.93,2026-09-11
20130916,2.87,2026-09-11
20130917,2.85,2026-09-11
20130923,2.8,2026-09-11
20130924,2.82,2026-09-11
20130925,2.84,2026-09-11
20130926,2.85,2026-09-11
20130927,2.83,2026-09-11
20130930,2.82,2026-09-11
20131001,2.84,2026-09-11
20131002,2.82,2026-09-11
20131004,2.83,2026-09-11
20131007,2.84,2026-09-11
20131008,2.85,2026-09-11
20131010,2.87,2026-09-11
20131011,2.86,2026-09-11
20131014,2.88,2026-09-11
20131015,2.88,2026-09-11
20131016,2.87,2026-09-11
20131017,2.85,2026-09-11
20131018,2.82,2026-09-11
20131021,2.84,2026-09-11
20131022,2.83,2026-09-11
20131023,2.79,2026-09-11
20131024,2.8,2026-09-11
20131025,2.8,2026-09-11
20131028,2.828,2026-09-11
20131029,2.804,2026-09-11
20131030,2.794,2026-09-11
20131031,2.819,2026-09-11
20131101,2.844,2026-09-11
20131104,2.865,2026-09-11
20131105,2.888,2026-09-11
20131106,2.884,2026-09-11
20131107,2.9,2026-09-11
20131108,2.886,2026-09-11
20131111,2.956,2026-09-11
20131112,2.96,2026-09-11
20131113,2.939,2026-09-11
20131114,2.938,2026-09-11
20131115,2.94,2026-09-11
20131118,2.935,2026-09-11
20131119,2.954,2026-09-11
20131120,2.957,2026-09-11
20131121,2.975,2026-09-11
20131122,2.945,2026-09-11
20131125,2.967,2026-09-11
20131126,2.96,2026-09-11
20131127,2.97,2026-09-11
20131128,2.986,2026-09-11
20131129,3.01,2026-09-11
20131202,3.039,2026-09-11
20131203,3.04,2026-09-11
20131204,3.025,2026-09-11
20131205,3.019,2026-09-11
20131206,3.008,2026-09-11
20131209,2.983,2026-09-11
20131210,2.991,2026-09-11
20131211,3.005,2026-09-11
20131212,3.006,2026-09-11
20131213,2.96,2026-09-11
20131216,2.92,2026-09-11
20131217,2.883,2026-09-11
20131218,2.901,2026-09-11
20131219,2.893,2026-09-11
20131220,2.878,2026-09-11
20131223,2.881,2026-09-11
20131224,2.887,2026-09-11
20131226,2.883,2026-09-11
20131227,2.834,2026-09-11
20131230,2.858,2026-09-11
20131231,2.858,2026-09-11
20140102,2.913,2026-09-11
20140103,2.924,2026-09-11
20140106,2.863,2026-09-11
20140107,2.864,2026-09-11
20140108,2.858,2026-09-11
20140109,2.895,2026-09-11
20140110,2.911,2026-09-11
20140113,2.89,2026-09-11
20140114,2.904,2026-09-11
20140115,2.906,2026-09-11
20140116,2.889,2026-09-11
20140117,2.895,2026-09-11
20140120,2.904,2026-09-11
20140121,2.908,2026-09-11
20140122,2.919,2026-09-11
20140123,2.902,2026-09-11
20140124,2.861,2026-09-11
20140127,2.881,2026-09-11
20140128,2.871,2026-09-11
20140129,2.88,2026-09-11
20140203,2.882,2026-09-11
20140204,2.85,2026-09-11
20140205,2.855,2026-09-11
20140206,2.85,2026-09-11
20140207,2.855,2026-09-11
20140210,2.845,2026-09-11
20140211,2.84,2026-09-11
20140212,2.842,2026-09-11
20140213,2.837,2026-09-11
20140214,2.842,2026-09-11
20140217,2.851,2026-09-11
20140218,2.862,2026-09-11
20140219,2.855,2026-09-11
20140220,2.856,2026-09-11
20140221,2.878,2026-09-11
20140224,2.87,2026-09-11
20140225,2.86,2026-09-11
20140226,2.857,2026-09-11
20140227,2.848,2026-09-11
20140228,2.85,2026-09-11
20140303,2.892,2026-09-11
20140304,2.911,2026-09-11
20140305,2.895,2026-09-11
20140306,2.895,2026-09-11
20140307,2.895,2026-09-11
20140310,2.883,2026-09-11
20140311,2.88,2026-09-11
20140312,2.865,2026-09-11
20140313,2.866,2026-09-11
20140314,2.826,2026-09-11
20140317,2.847,2026-09-11
20140318,2.84,2026-09-11
20140319,2.83,2026-09-11
20140320,2.865,2026-09-11
20140321,2.885,2026-09-11
20140324,2.889,2026-09-11
20140325,2.879,2026-09-11
20140326,2.885,2026-09-11
20140327,2.878,2026-09-11
20140328,2.868,2026-09-11
20140331,2.87,2026-09-11
20140401,2.873,2026-09-11
20140402,2.881,2026-09-11
20140403,2.882,2026-09-11
20140404,2.886,2026-09-11
20140407,2.87,2026-09-11
20140408,2.875,2026-09-11
20140409,2.856,2026-09-11
20140410,2.86,2026-09-11
20140411,2.856,2026-09-11
20140414,2.874,2026-09-11
20140415,2.879,2026-09-11
20140416,2.89,2026-09-11
20140417,2.87,2026-09-11
20140418,2.881,2026-09-11
20140421,2.885,2026-09-11
20140422,2.878,2026-09-11
20140423,2.881,2026-09-11
20140424,2.88,2026-09-11
20140425,2.874,2026-09-11
20140428,2.878,2026-09-11
20140429,2.875,2026-09-11
20140430,2.873,2026-09-11
20140502,2.86,2026-09-11
20140507,2.852,2026-09-11
20140508,2.85,2026-09-11
20140509,2.836,2026-09-11
20140512,2.849,2026-09-11
20140513,2.86,2026-09-11
20140514,2.852,2026-09-11
20140515,2.829,2026-09-11
20140516,2.836,2026-09-11
20140519,2.837,2026-09-11
20140520,2.847,2026-09-11
20140521,2.842,2026-09-11
20140522,2.85,2026-09-11
20140523,2.831,2026-09-11
20140526,2.829,2026-09-11
20140527,2.83,2026-09-11
20140528,2.819,2026-09-11
20140529,2.805,2026-09-11
20140530,2.816,2026-09-11
20140602,2.825,2026-09-11
20140603,2.837,2026-09-11
20140605,2.839,2026-09-11
20140609,2.84,2026-09-11
20140610,2.819,2026-09-11
20140611,2.823,2026-09-11
20140612,2.789,2026-09-11
20140613,2.74,2026-09-11
20140616,2.721,2026-09-11
20140617,2.728,2026-09-11
20140618,2.725,2026-09-11
20140619,2.681,2026-09-11
20140620,2.662,2026-09-11
20140623,2.69,2026-09-11
20140624,2.683,2026-09-11
20140625,2.687,2026-09-11
20140626,2.705,2026-09-11
20140627,2.694,2026-09-11
20140630,2.681,2026-09-11
20140701,2.664,2026-09-11
20140702,2.58,2026-09-11
20140703,2.595,2026-09-11
20140704,2.608,2026-09-11
20140707,2.612,2026-09-11
20140708,2.647,2026-09-11
20140709,2.611,2026-09-11
20140710,2.59,2026-09-11
20140711,2.586,2026-09-11
20140714,2.595,2026-09-11
20140715,2.59,2026-09-11
20140716,2.58,2026-09-11
20140717,2.514,2026-09-11
20140718,2.519,2026-09-11
20140721,2.521,2026-09-11
20140722,2.513,2026-09-11
20140723,2.464,2026-09-11
20140724,2.497,2026-09-11
20140725,2.494,2026-09-11
20140728,2.505,2026-09-11
20140729,2.518,2026-09-11
20140730,2.512,2026-09-11
20140731,2.515,2026-09-11
20140801,2.54,2026-09-11
20140804,2.545,2026-09-11
20140805,2.518,2026-09-11
20140806,2.535,2026-09-11
20140807,2.526,2026-09-11
20140808,2.5,2026-09-11
20140811,2.51,2026-09-11
20140812,2.519,2026-09-11
20140813,2.515,2026-09-11
20140814,2.538,2026-09-11
20140818,2.562,2026-09-11
20140819,2.573,2026-09-11
20140820,2.575,2026-09-11
20140821,2.582,2026-09-11
20140822,2.584,2026-09-11
20140825,2.569,2026-09-11
20140826,2.54,2026-09-11
20140827,2.526,2026-09-11
20140828,2.526,2026-09-11
20140829,2.511,2026-09-11
20140901,2.518,2026-09-11
20140902,2.512,2026-09-11
20140903,2.534,2026-09-11
20140904,2.54,2026-09-11
20140905,2.508,2026-09-11
20140911,2.496,2026-09-11
20140912,2.406,2026-09-11
20140915,2.403,2026-09-11
20140916,2.37,2026-09-11
20140917,2.369,2026-09-11
20140918,2.365,2026-09-11
20140919,2.37,2026-09-11
20140922,2.354,2026-09-11
20140923,2.35,2026-09-11
20140924,2.335,2026-09-11
20140925,2.327,2026-09-11
20140926,2.317,2026-09-11
20140929,2.323,2026-09-11
20140930,2.297,2026-09-11
20141001,2.219,2026-09-11
20141002,2.247,2026-09-11
20141006,2.258,2026-09-11
20141007,2.285,2026-09-11
20141008,2.288,2026-09-11
20141010,2.26,2026-09-11
20141013,2.257,2026-09-11
20141014,2.278,2026-09-11
20141015,2.284,2026-09-11
20141016,2.252,2026-09-11
20141017,2.245,2026-09-11
20141020,2.259,2026-09-11
20141021,2.244,2026-09-11
20141022,2.235,2026-09-11
20141023,2.217,2026-09-11
20141024,2.209,2026-09-11
20141027,2.219,2026-09-11
20141028,2.217,2026-09-11
20141029,2.207,2026-09-11
20141030,2.196,2026-09-11
20141031,2.138,2026-09-11
20141103,2.12,2026-09-11
20141104,2.096,2026-09-11
20141105,2.093,2026-09-11
20141106,2.081,2026-09-11
20141107,2.09,2026-09-11
20141110,2.118,2026-09-11
20141111,2.176,2026-09-11
20141112,2.204,2026-09-11
20141113,2.21,2026-09-11
20141114,2.2,2026-09-11
20141117,2.189,2026-09-11
20141118,2.18,2026-09-11
20141119,2.18,2026-09-11
20141120,2.156,2026-09-11
20141121,2.161,2026-09-11
20141124,2.121,2026-09-11
20141125,2.105,2026-09-11
20141126,2.098,2026-09-11
20141127,2.114,2026-09-11
20141128,2.074,2026-09-11
20141201,2.073,2026-09-11
20141202,2.079,2026-09-11
20141203,2.122,2026-09-11
20141204,2.163,2026-09-11
20141205,2.166,2026-09-11
20141208,2.217,2026-09-11
20141209,2.179,2026-09-11
20141210,2.18,2026-09-11
20141211,2.126,2026-09-11
20141212,2.112,2026-09-11
20141215,2.124,2026-09-11
20141216,2.129,2026-09-11
20141217,2.169,2026-09-11
20141218,2.183,2026-09-11
20141219,2.18,2026-09-11
20141222,2.156,2026-09-11
20141223,2.156,2026-09-11
20141224,2.147,2026-09-11
20141226,2.158,2026-09-11
20141229,2.134,2026-09-11
20141230,2.099,2026-09-11
20141231,2.098,2026-09-11
20150102,2.135,2026-09-11
20150105,2.118,2026-09-11
20150106,2.079,2026-09-11
20150107,2.076,2026-09-11
20150108,2.072,2026-09-11
20150109,2.056,2026-09-11
20150112,2.006,2026-09-11
20150113,2.024,2026-09-11
20150114,1.974,2026-09-11
20150115,2.044,2026-09-11
20150116,2.012,2026-09-11
20150119,2.038,2026-09-11
20150120,2.031,2026-09-11
20150121,2.045,2026-09-11
20150122,2.063,2026-09-11
20150123,2.027,2026-09-11
20150126,2.024,2026-09-11
20150127,2.029,2026-09-11
20150128,2.004,2026-09-11
20150129,1.998,2026-09-11
20150130,1.97,2026-09-11
20150202,1.985,2026-09-11
20150203,1.935,2026-09-11
20150204,1.961,2026-09-11
20150205,1.975,2026-09-11
20150206,1.962,2026-09-11
20150209,1.977,2026-09-11
20150210,2.056,2026-09-11
20150211,2.051,2026-09-11
20150212,2.075,2026-09-11
20150213,2.05,2026-09-11
20150216,2.091,2026-09-11
20150217,2.054,2026-09-11
20150223,2.061,2026-09-11
20150224,2.063,2026-09-11
20150225,2.037,2026-09-11
20150226,2.04,2026-09-11
20150227,2.034,2026-09-11
20150302,2,2026-09-11
20150303,1.99,2026-09-11
20150304,1.98,2026-09-11
20150305,1.978,2026-09-11
20150306,1.943,2026-09-11
20150309,1.924,2026-09-11
20150310,1.937,2026-09-11
20150311,1.907,2026-09-11
20150312,1.896,2026-09-11
20150313,1.869,2026-09-11
20150316,1.856,2026-09-11
20150317,1.872,2026-09-11
20150318,1.859,2026-09-11
20150319,1.825,2026-09-11
20150320,1.797,2026-09-11
20150323,1.793,2026-09-11
20150324,1.795,2026-09-11
20150325,1.785,2026-09-11
20150326,1.779,2026-09-11
20150327,1.77,2026-09-11
20150330,1.748,2026-09-11
20150331,1.721,2026-09-11
20150401,1.72,2026-09-11
20150402,1.721,2026-09-11
20150403,1.714,2026-09-11
20150406,1.714,2026-09-11
20150407,1.721,2026-09-11
20150408,1.727,2026-09-11
20150409,1.698,2026-09-11
20150410,1.714,2026-09-11
20150413,1.732,2026-09-11
20150414,1.731,2026-09-11
20150415,1.721,2026-09-11
20150416,1.724,2026-09-11
20150417,1.691,2026-09-11
20150420,1.693,2026-09-11
20150421,1.71,2026-09-11
20150422,1.71,2026-09-11
20150423,1.745,2026-09-11
20150424,1.771,2026-09-11
20150427,1.786,2026-09-11
20150428,1.829,2026-09-11
20150429,1.842,2026-09-11
20150430,1.843,2026-09-11
20150504,1.896,2026-09-11
20150506,1.969,2026-09-11
20150507,1.966,2026-09-11
20150508,1.888,2026-09-11
20150511,1.876,2026-09-11
20150512,1.942,2026-09-11
20150513,1.864,2026-09-11
20150514,1.857,2026-09-11
20150515,1.881,2026-09-11
20150518,1.889,2026-09-11
20150519,1.903,2026-09-11
20150520,1.878,2026-09-11
20150521,1.88,2026-09-11
20150522,1.871,2026-09-11
20150526,1.846,2026-09-11
20150527,1.809,2026-09-11
20150528,1.798,2026-09-11
20150529,1.745,2026-09-11
20150601,1.746,2026-09-11
20150602,1.726,2026-09-11
20150603,1.757,2026-09-11
20150604,1.767,2026-09-11
20150605,1.741,2026-09-11
20150608,1.729,2026-09-11
20150609,1.733,2026-09-11
20150610,1.773,2026-09-11
20150611,1.797,2026-09-11
20150612,1.762,2026-09-11
20150615,1.764,2026-09-11
20150616,1.766,2026-09-11
20150617,1.8,2026-09-11
20150618,1.778,2026-09-11
20150619,1.77,2026-09-11
20150622,1.787,2026-09-11
20150623,1.795,2026-09-11
20150624,1.806,2026-09-11
20150625,1.814,2026-09-11
20150626,1.818,2026-09-11
20150629,1.793,2026-09-11
20150630,1.793,2026-09-11
20150701,1.805,2026-09-11
20150702,1.828,2026-09-11
20150703,1.826,2026-09-11
20150706,1.829,2026-09-11
20150707,1.825,2026-09-11
20150708,1.807,2026-09-11
20150709,1.802,2026-09-11
20150710,1.806,2026-09-11
20150713,1.804,2026-09-11
20150714,1.796,2026-09-11
20150715,1.795,2026-09-11
20150716,1.789,2026-09-11
20150717,1.784,2026-09-11
20150720,1.775,2026-09-11
20150721,1.771,2026-09-11
20150722,1.749,2026-09-11
20150723,1.716,2026-09-11
20150724,1.706,2026-09-11
20150727,1.703,2026-09-11
20150728,1.731,2026-09-11
20150729,1.716,2026-09-11
20150730,1.735,2026-09-11
20150731,1.768,2026-09-11
20150803,1.76,2026-09-11
20150804,1.774,2026-09-11
20150805,1.792,2026-09-11
20150806,1.786,2026-09-11
20150807,1.783,2026-09-11
20150810,1.763,2026-09-11
20150811,1.737,2026-09-11
20150812,1.705,2026-09-11
20150813,1.729,2026-09-11
20150817,1.723,2026-09-11
20150818,1.716,2026-09-11
20150819,1.73,2026-09-11
20150820,1.714,2026-09-11
20150821,1.709,2026-09-11
20150824,1.693,2026-09-11
20150825,1.708,2026-09-11
20150826,1.719,2026-09-11
20150827,1.705,2026-09-11
20150828,1.718,2026-09-11
20150831,1.735,2026-09-11
20150901,1.725,2026-09-11
20150902,1.696,2026-09-11
20150903,1.674,2026-09-11
20150904,1.645,2026-09-11
20150907,1.651,2026-09-11
20150908,1.668,2026-09-11
20150909,1.68,2026-09-11
20150910,1.65,2026-09-11
20150911,1.655,2026-09-11
20150914,1.667,2026-09-11
20150915,1.653,2026-09-11
20150916,1.67,2026-09-11
20150917,1.683,2026-09-11
20150918,1.635,2026-09-11
20150921,1.617,2026-09-11
20150922,1.624,2026-09-11
20150923,1.619,2026-09-11
20150924,1.63,2026-09-11
20150925,1.615,2026-09-11
20150930,1.568,2026-09-11
20151001,1.596,2026-09-11
20151002,1.584,2026-09-11
20151005,1.577,2026-09-11
20151006,1.591,2026-09-11
20151007,1.614,2026-09-11
20151008,1.615,2026-09-11
20151012,1.646,2026-09-11
20151013,1.638,2026-09-11
20151014,1.657,2026-09-11
20151015,1.623,2026-09-11
20151016,1.622,2026-09-11
20151019,1.622,2026-09-11
20151020,1.64,2026-09-11
20151021,1.649,2026-09-11
20151022,1.654,2026-09-11
20151023,1.65,2026-09-11
20151026,1.645,2026-09-11
20151027,1.63,2026-09-11
20151028,1.626,2026-09-11
20151029,1.641,2026-09-11
20151030,1.657,2026-09-11
20151102,1.658,2026-09-11
20151103,1.665,2026-09-11
20151104,1.677,2026-09-11
20151105,1.691,2026-09-11
20151106,1.729,2026-09-11
20151109,1.803,2026-09-11
20151110,1.781,2026-09-11
20151111,1.798,2026-09-11
20151112,1.787,2026-09-11
20151113,1.778,2026-09-11
20151116,1.749,2026-09-11
20151117,1.758,2026-09-11
20151118,1.752,2026-09-11
20151119,1.736,2026-09-11
20151120,1.762,2026-09-11
20151123,1.761,2026-09-11
20151124,1.767,2026-09-11
20151125,1.769,2026-09-11
20151126,1.778,2026-09-11
20151127,1.798,2026-09-11
20151130,1.785,2026-09-11
20151201,1.772,2026-09-11
20151202,1.762,2026-09-11
20151203,1.755,2026-09-11
20151204,1.781,2026-09-11
20151207,1.787,2026-09-11
20151208,1.763,2026-09-11
20151209,1.762,2026-09-11
20151210,1.745,2026-09-11
20151211,1.748,2026-09-11
20151214,1.732,2026-09-11
20151215,1.733,2026-09-11
20151216,1.748,2026-09-11
20151217,1.726,2026-09-11
20151218,1.693,2026-09-11
20151221,1.658,2026-09-11
20151222,1.672,2026-09-11
20151223,1.668,2026-09-11
20151224,1.662,2026-09-11
20151228,1.677,2026-09-11
20151229,1.655,2026-09-11
20151230,1.662,2026-09-11
20151231,1.662,2026-09-11
20160104,1.634,2026-09-11
20160105,1.643,2026-09-11
20160106,1.639,2026-09-11
20160107,1.639,2026-09-11
20160108,1.665,2026-09-11
20160111,1.635,2026-09-11
20160112,1.638,2026-09-11
20160113,1.633,2026-09-11
20160114,1.648,2026-09-11
20160115,1.648,2026-09-11
20160118,1.646,2026-09-11
20160119,1.644,2026-09-11
20160120,1.617,2026-09-11
20160121,1.611,2026-09-11
20160122,1.621,2026-09-11
20160125,1.621,2026-09-11
20160126,1.599,2026-09-11
20160127,1.604,2026-09-11
20160128,1.618,2026-09-11
20160129,1.564,2026-09-11
20160201,1.525,2026-09-11
20160202,1.516,2026-09-11
20160203,1.496,2026-09-11
20160204,1.494,2026-09-11
20160205,1.506,2026-09-11
20160211,1.45,2026-09-11
20160212,1.475,2026-09-11
20160215,1.484,2026-09-11
20160216,1.431,2026-09-11
20160217,1.435,2026-09-11
20160218,1.451,2026-09-11
20160219,1.468,2026-09-11
20160222,1.48,2026-09-11
20160223,1.481,2026-09-11
20160224,1.469,2026-09-11
20160225,1.464,2026-09-11
20160226,1.452,2026-09-11
20160229,1.454,2026-09-11
20160302,1.469,2026-09-11
20160303,1.504,2026-09-11
20160304,1.522,2026-09-11
20160307,1.502,2026-09-11
20160308,1.481,2026-09-11
20160309,1.47,2026-09-11
20160310,1.5,2026-09-11
20160311,1.55,2026-09-11
20160314,1.532,2026-09-11
20160315,1.533,2026-09-11
20160316,1.542,2026-09-11
20160317,1.515,2026-09-11
20160318,1.499,2026-09-11
20160321,1.496,2026-09-11
20160322,1.512,2026-09-11
20160323,1.512,2026-09-11
20160324,1.5,2026-09-11
20160325,1.495,2026-09-11
20160328,1.479,2026-09-11
20160329,1.449,2026-09-11
20160330,1.45,2026-09-11
20160331,1.444,2026-09-11
20160401,1.448,2026-09-11
20160404,1.44,2026-09-11
20160405,1.453,2026-09-11
20160406,1.458,2026-09-11
20160407,1.468,2026-09-11
20160408,1.463,2026-09-11
20160411,1.466,2026-09-11
20160412,1.465,2026-09-11
20160414,1.502,2026-09-11
20160415,1.494,2026-09-11
20160418,1.507,2026-09-11
20160419,1.501,2026-09-11
20160420,1.474,2026-09-11
20160421,1.483,2026-09-11
20160422,1.472,2026-09-11
20160425,1.455,2026-09-11
20160426,1.452,2026-09-11
20160427,1.456,2026-09-11
20160428,1.45,2026-09-11
20160429,1.453,2026-09-11
20160502,1.465,2026-09-11
20160503,1.445,2026-09-11
20160504,1.434,2026-09-11
20160509,1.413,2026-09-11
20160510,1.412,2026-09-11
20160511,1.417,2026-09-11
20160512,1.422,2026-09-11
20160513,1.442,2026-09-11
20160516,1.443,2026-09-11
20160517,1.455,2026-09-11
20160518,1.472,2026-09-11
20160519,1.492,2026-09-11
20160520,1.471,2026-09-11
20160523,1.467,2026-09-11
20160524,1.444,2026-09-11
20160525,1.461,2026-09-11
20160526,1.468,2026-09-11
20160527,1.468,2026-09-11
20160530,1.503,2026-09-11
20160531,1.496,2026-09-11
20160601,1.438,2026-09-11
20160602,1.443,2026-09-11
20160603,1.423,2026-09-11
20160607,1.405,2026-09-11
20160608,1.378,2026-09-11
20160609,1.345,2026-09-11
20160610,1.322,2026-09-11
20160613,1.311,2026-09-11
20160614,1.337,2026-09-11
20160615,1.339,2026-09-11
20160616,1.318,2026-09-11
20160617,1.334,2026-09-11
20160620,1.359,2026-09-11
20160621,1.343,2026-09-11
20160622,1.355,2026-09-11
20160623,1.337,2026-09-11
20160624,1.249,2026-09-11
20160627,1.236,2026-09-11
20160628,1.248,2026-09-11
20160629,1.238,2026-09-11
20160630,1.247,2026-09-11
20160701,1.21,2026-09-11
20160704,1.224,2026-09-11
20160705,1.217,2026-09-11
20160706,1.203,2026-09-11
20160707,1.208,2026-09-11
20160708,1.216,2026-09-11
20160711,1.213,2026-09-11
20160712,1.217,2026-09-11
20160713,1.211,2026-09-11
20160714,1.205,2026-09-11
20160715,1.221,2026-09-11
20160718,1.229,2026-09-11
20160719,1.227,2026-09-11
20160720,1.221,2026-09-11
20160721,1.233,2026-09-11
20160722,1.227,2026-09-11
20160725,1.225,2026-09-11
20160726,1.22,2026-09-11
20160727,1.222,2026-09-11
20160728,1.203,2026-09-11
20160729,1.216,2026-09-11
20160801,1.212,2026-09-11
20160802,1.212,2026-09-11
20160803,1.247,2026-09-11
20160804,1.238,2026-09-11
20160805,1.225,2026-09-11
20160808,1.246,2026-09-11
20160809,1.247,2026-09-11
20160810,1.215,2026-09-11
20160811,1.222,2026-09-11
20160812,1.23,2026-09-11
20160816,1.219,2026-09-11
20160817,1.233,2026-09-11
20160818,1.228,2026-09-11
20160819,1.231,2026-09-11
20160822,1.232,2026-09-11
20160823,1.228,2026-09-11
20160824,1.229,2026-09-11
20160825,1.236,2026-09-11
20160826,1.241,2026-09-11
20160829,1.272,2026-09-11
20160830,1.283,2026-09-11
20160831,1.308,2026-09-11
20160901,1.333,2026-09-11
20160902,1.326,2026-09-11
20160905,1.307,2026-09-11
20160906,1.3,2026-09-11
20160907,1.278,2026-09-11
20160908,1.288,2026-09-11
20160909,1.328,2026-09-11
20160912,1.356,2026-09-11
20160913,1.35,2026-09-11
20160919,1.345,2026-09-11
20160920,1.336,2026-09-11
20160921,1.327,2026-09-11
20160922,1.296,2026-09-11
20160923,1.303,2026-09-11
20160926,1.308,2026-09-11
20160927,1.305,2026-09-11
20160928,1.304,2026-09-11
20160929,1.297,2026-09-11
20160930,1.247,2026-09-11
20161004,1.276,2026-09-11
20161005,1.316,2026-09-11
20161006,1.321,2026-09-11
20161007,1.326,2026-09-11
20161010,1.335,2026-09-11
20161011,1.373,2026-09-11
20161012,1.353,2026-09-11
20161013,1.323,2026-09-11
20161014,1.319,2026-09-11
20161017,1.35,2026-09-11
20161018,1.353,2026-09-11
20161019,1.352,2026-09-11
20161020,1.354,2026-09-11
20161021,1.381,2026-09-11
20161024,1.385,2026-09-11
20161025,1.398,2026-09-11
20161026,1.405,2026-09-11
20161027,1.418,2026-09-11
20161028,1.438,2026-09-11
20161031,1.438,2026-09-11
20161101,1.451,2026-09-11
20161102,1.436,2026-09-11
20161103,1.428,2026-09-11
20161104,1.431,2026-09-11
20161107,1.426,2026-09-11
20161108,1.425,2026-09-11
20161109,1.402,2026-09-11
20161110,1.465,2026-09-11
20161111,1.508,2026-09-11
20161114,1.61,2026-09-11
20161115,1.635,2026-09-11
20161116,1.689,2026-09-11
20161117,1.713,2026-09-11
20161118,1.736,2026-09-11
20161121,1.725,2026-09-11
20161122,1.735,2026-09-11
20161123,1.775,2026-09-11
20161124,1.811,2026-09-11
20161125,1.811,2026-09-11
20161128,1.764,2026-09-11
20161129,1.709,2026-09-11
20161130,1.71,2026-09-11
20161201,1.726,2026-09-11
20161202,1.745,2026-09-11
20161205,1.727,2026-09-11
20161206,1.737,2026-09-11
20161207,1.736,2026-09-11
20161208,1.714,2026-09-11
20161209,1.735,2026-09-11
20161212,1.734,2026-09-11
20161213,1.676,2026-09-11
20161214,1.644,2026-09-11
20161215,1.697,2026-09-11
20161216,1.688,2026-09-11
20161219,1.694,2026-09-11
20161220,1.714,2026-09-11
20161221,1.687,2026-09-11
20161222,1.657,2026-09-11
20161223,1.665,2026-09-11
20161226,1.669,2026-09-11
20161227,1.654,2026-09-11
20161228,1.643,2026-09-11
20161229,1.638,2026-09-11
20161230,1.638,2026-09-11
20170102,1.638,2026-09-11
20170103,1.617,2026-09-11
20170104,1.63,2026-09-11
20170105,1.607,2026-09-11
20170106,1.626,2026-09-11
20170109,1.663,2026-09-11
20170110,1.647,2026-09-11
20170111,1.653,2026-09-11
20170112,1.624,2026-09-11
20170113,1.635,2026-09-11
20170116,1.633,2026-09-11
20170117,1.628,2026-09-11
20170118,1.649,2026-09-11
20170119,1.677,2026-09-11
20170120,1.655,2026-09-11
20170123,1.64,2026-09-11
20170124,1.628,2026-09-11
20170125,1.647,2026-09-11
20170126,1.687,2026-09-11
20170131,1.675,2026-09-11
20170201,1.685,2026-09-11
20170202,1.674,2026-09-11
20170203,1.685,2026-09-11
20170206,1.662,2026-09-11
20170207,1.641,2026-09-11
20170208,1.652,2026-09-11
20170209,1.648,2026-09-11
20170210,1.668,2026-09-11
20170213,1.663,2026-09-11
20170214,1.653,2026-09-11
20170215,1.661,2026-09-11
20170216,1.656,2026-09-11
20170217,1.655,2026-09-11
20170220,1.67,2026-09-11
20170221,1.671,2026-09-11
20170222,1.69,2026-09-11
20170223,1.676,2026-09-11
20170224,1.666,2026-09-11
20170227,1.663,2026-09-11
20170228,1.67,2026-09-11
20170302,1.713,2026-09-11
20170303,1.713,2026-09-11
20170306,1.746,2026-09-11
20170307,1.784,2026-09-11
20170308,1.784,2026-09-11
20170309,1.789,2026-09-11
20170310,1.78,2026-09-11
20170313,1.765,2026-09-11
20170314,1.758,2026-09-11
20170315,1.759,2026-09-11
20170316,1.695,2026-09-11
20170317,1.675,2026-09-11
20170320,1.67,2026-09-11
20170321,1.67,2026-09-11
20170322,1.663,2026-09-11
20170323,1.666,2026-09-11
20170324,1.678,2026-09-11
20170327,1.65,2026-09-11
20170328,1.657,2026-09-11
20170329,1.653,2026-09-11
20170330,1.665,2026-09-11
20170331,1.662,2026-09-11
20170403,1.668,2026-09-11
20170404,1.646,2026-09-11
20170405,1.654,2026-09-11
20170406,1.679,2026-09-11
20170407,1.681,2026-09-11
20170410,1.722,2026-09-11
20170411,1.693,2026-09-11
20170412,1.686,2026-09-11
20170413,1.674,2026-09-11
20170414,1.677,2026-09-11
20170417,1.673,2026-09-11
20170418,1.676,2026-09-11
20170419,1.67,2026-09-11
20170420,1.674,2026-09-11
20170421,1.684,2026-09-11
20170424,1.701,2026-09-11
20170425,1.677,2026-09-11
20170426,1.682,2026-09-11
20170427,1.673,2026-09-11
20170428,1.675,2026-09-11
20170502,1.69,2026-09-11
20170504,1.681,2026-09-11
20170508,1.707,2026-09-11
20170510,1.733,2026-09-11
20170511,1.727,2026-09-11
20170512,1.71,2026-09-11
20170515,1.71,2026-09-11
20170516,1.717,2026-09-11
20170517,1.684,2026-09-11
20170518,1.683,2026-09-11
20170519,1.671,2026-09-11
20170522,1.685,2026-09-11
20170523,1.676,2026-09-11
20170524,1.691,2026-09-11
20170525,1.681,2026-09-11
20170526,1.677,2026-09-11
20170529,1.672,2026-09-11
20170530,1.658,2026-09-11
20170531,1.661,2026-09-11
20170601,1.645,2026-09-11
20170602,1.63,2026-09-11
20170605,1.623,2026-09-11
20170607,1.621,2026-09-11
20170608,1.637,2026-09-11
20170609,1.632,2026-09-11
20170612,1.697,2026-09-11
20170613,1.661,2026-09-11
20170614,1.681,2026-09-11
20170615,1.682,2026-09-11
20170616,1.695,2026-09-11
20170619,1.683,2026-09-11
20170620,1.685,2026-09-11
20170621,1.692,2026-09-11
20170622,1.701,2026-09-11
20170623,1.688,2026-09-11
20170626,1.686,2026-09-11
20170627,1.681,2026-09-11
20170628,1.711,2026-09-11
20170629,1.7,2026-09-11
20170630,1.698,2026-09-11
20170703,1.716,2026-09-11
20170704,1.74,2026-09-11
20170705,1.745,2026-09-11
20170706,1.75,2026-09-11
20170707,1.781,2026-09-11
20170710,1.756,2026-09-11
20170711,1.762,2026-09-11
20170712,1.762,2026-09-11
20170713,1.745,2026-09-11
20170714,1.75,2026-09-11
20170717,1.754,2026-09-11
20170718,1.746,2026-09-11
20170719,1.747,2026-09-11
20170720,1.74,2026-09-11
20170721,1.721,2026-09-11
20170724,1.72,2026-09-11
20170725,1.709,2026-09-11
20170726,1.729,2026-09-11
20170727,1.712,2026-09-11
20170728,1.723,2026-09-11
20170731,1.724,2026-09-11
20170801,1.733,2026-09-11
20170802,1.73,2026-09-11
20170803,1.737,2026-09-11
20170804,1.742,2026-09-11
20170807,1.772,2026-09-11
20170808,1.805,2026-09-11
20170809,1.833,2026-09-11
20170810,1.824,2026-09-11
20170811,1.804,2026-09-11
20170814,1.802,2026-09-11
20170816,1.821,2026-09-11
20170817,1.801,2026-09-11
20170818,1.777,2026-09-11
20170821,1.784,2026-09-11
20170822,1.803,2026-09-11
20170823,1.797,2026-09-11
20170824,1.801,2026-09-11
20170825,1.755,2026-09-11
20170828,1.758,2026-09-11
20170829,1.772,2026-09-11
20170830,1.752,2026-09-11
20170831,1.747,2026-09-11
20170901,1.747,2026-09-11
20170904,1.782,2026-09-11
20170905,1.78,2026-09-11
20170906,1.775,2026-09-11
20170907,1.782,2026-09-11
20170908,1.758,2026-09-11
20170911,1.757,2026-09-11
20170912,1.753,2026-09-11
20170913,1.742,2026-09-11
20170914,1.742,2026-09-11
20170915,1.739,2026-09-11
20170918,1.742,2026-09-11
20170919,1.779,2026-09-11
20170920,1.775,2026-09-11
20170921,1.781,2026-09-11
20170922,1.775,2026-09-11
20170925,1.786,2026-09-11
20170926,1.832,2026-09-11
20170927,1.887,2026-09-11
20170928,1.888,2026-09-11
20170929,1.888,2026-09-11
20171010,1.938,2026-09-11
20171011,1.929,2026-09-11
20171012,1.9,2026-09-11
20171013,1.916,2026-09-11
20171016,1.927,2026-09-11
20171017,1.947,2026-09-11
20171018,1.935,2026-09-11
20171019,2.006,2026-09-11
20171020,2.088,2026-09-11
20171023,2.032,2026-09-11
20171024,2.057,2026-09-11
20171025,2.094,2026-09-11
20171026,2.182,2026-09-11
20171027,2.164,2026-09-11
20171030,2.137,2026-09-11
20171031,2.164,2026-09-11
20171101,2.14,2026-09-11
20171102,2.126,2026-09-11
20171103,2.133,2026-09-11
20171106,2.152,2026-09-11
20171107,2.133,2026-09-11
20171108,2.151,2026-09-11
20171109,2.147,2026-09-11
20171110,2.157,2026-09-11
20171113,2.18,2026-09-11
20171114,2.211,2026-09-11
20171115,2.177,2026-09-11
20171116,2.171,2026-09-11
20171117,2.174,2026-09-11
20171120,2.156,2026-09-11
20171121,2.156,2026-09-11
20171122,2.17,2026-09-11
20171123,2.134,2026-09-11
20171124,2.169,2026-09-11
20171127,2.153,2026-09-11
20171128,2.119,2026-09-11
20171129,2.112,2026-09-11
20171130,2.075,2026-09-11
20171201,2.081,2026-09-11
20171204,2.083,2026-09-11
20171205,2.112,2026-09-11
20171206,2.084,2026-09-11
20171207,2.094,2026-09-11
20171208,2.094,2026-09-11
20171211,2.087,2026-09-11
20171212,2.077,2026-09-11
20171213,2.078,2026-09-11
20171214,2.08,2026-09-11
20171215,2.078,2026-09-11
20171218,2.09,2026-09-11
20171219,2.097,2026-09-11
20171220,2.087,2026-09-11
20171221,2.094,2026-09-11
20171222,2.131,2026-09-11
20171226,2.129,2026-09-11
20171227,2.15,2026-09-11
20171228,2.134,2026-09-11
20171229,2.135,2026-09-11
20180102,2.119,2026-09-11
20180103,2.127,2026-09-11
20180104,2.142,2026-09-11
20180105,2.099,2026-09-11
20180108,2.135,2026-09-11
20180109,2.149,2026-09-11
20180110,2.172,2026-09-11
20180111,2.152,2026-09-11
20180112,2.174,2026-09-11
20180115,2.223,2026-09-11
20180116,2.225,2026-09-11
20180117,2.227,2026-09-11
20180118,2.172,2026-09-11
20180119,2.17,2026-09-11
20180122,2.203,2026-09-11
20180123,2.192,2026-09-11
20180124,2.197,2026-09-11
20180125,2.215,2026-09-11
20180126,2.222,2026-09-11
20180129,2.281,2026-09-11
20180130,2.304,2026-09-11
20180131,2.274,2026-09-11
20180201,2.249,2026-09-11
20180202,2.25,2026-09-11
20180205,2.287,2026-09-11
20180206,2.253,2026-09-11
20180207,2.248,2026-09-11
20180208,2.272,2026-09-11
20180209,2.278,2026-09-11
20180212,2.302,2026-09-11
20180213,2.278,2026-09-11
20180214,2.265,2026-09-11
20180219,2.302,2026-09-11
20180220,2.316,2026-09-11
20180221,2.306,2026-09-11
20180222,2.303,2026-09-11
20180223,2.285,2026-09-11
20180226,2.263,2026-09-11
20180227,2.258,2026-09-11
20180228,2.266,2026-09-11
20180302,2.29,2026-09-11
20180305,2.311,2026-09-11
20180306,2.312,2026-09-11
20180307,2.297,2026-09-11
20180308,2.286,2026-09-11
20180309,2.293,2026-09-11
20180312,2.305,2026-09-11
20180313,2.301,2026-09-11
20180314,2.274,2026-09-11
20180315,2.268,2026-09-11
20180316,2.276,2026-09-11
20180319,2.275,2026-09-11
20180320,2.286,2026-09-11
20180321,2.291,2026-09-11
20180322,2.256,2026-09-11
20180323,2.223,2026-09-11
20180326,2.244,2026-09-11
20180327,2.232,2026-09-11
20180328,2.222,2026-09-11
20180329,2.227,2026-09-11
20180330,2.216,2026-09-11
20180402,2.225,2026-09-11
20180403,2.193,2026-09-11
20180404,2.168,2026-09-11
20180405,2.175,2026-09-11
20180406,2.156,2026-09-11
20180409,2.167,2026-09-11
20180410,2.185,2026-09-11
20180411,2.165,2026-09-11
20180412,2.156,2026-09-11
20180413,2.155,2026-09-11
20180416,2.169,2026-09-11
20180417,2.178,2026-09-11
20180418,2.196,2026-09-11
20180419,2.195,2026-09-11
20180420,2.2,2026-09-11
20180423,2.235,2026-09-11
20180424,2.227,2026-09-11
20180425,2.246,2026-09-11
20180426,2.234,2026-09-11
20180427,2.201,2026-09-11
20180430,2.216,2026-09-11
20180502,2.237,2026-09-11
20180503,2.246,2026-09-11
20180504,2.28,2026-09-11
20180508,2.311,2026-09-11
20180509,2.309,2026-09-11
20180510,2.276,2026-09-11
20180511,2.286,2026-09-11
20180514,2.309,2026-09-11
20180515,2.312,2026-09-11
20180516,2.285,2026-09-11
20180517,2.262,2026-09-11
20180518,2.231,2026-09-11
20180521,2.251,2026-09-11
20180523,2.235,2026-09-11
20180524,2.191,2026-09-11
20180525,2.198,2026-09-11
20180528,2.208,2026-09-11
20180529,2.189,2026-09-11
20180530,2.192,2026-09-11
20180531,2.195,2026-09-11
20180601,2.193,2026-09-11
20180604,2.213,2026-09-11
20180605,2.201,2026-09-11
20180607,2.217,2026-09-11
20180608,2.189,2026-09-11
20180611,2.223,2026-09-11
20180612,2.223,2026-09-11
20180614,2.227,2026-09-11
20180615,2.186,2026-09-11
20180618,2.178,2026-09-11
20180619,2.164,2026-09-11
20180620,2.163,2026-09-11
20180621,2.149,2026-09-11
20180622,2.147,2026-09-11
20180625,2.143,2026-09-11
20180626,2.148,2026-09-11
20180627,2.122,2026-09-11
20180628,2.115,2026-09-11
20180629,2.122,2026-09-11
20180702,2.123,2026-09-11
20180703,2.138,2026-09-11
20180704,2.116,2026-09-11
20180705,2.093,2026-09-11
20180706,2.101,2026-09-11
20180709,2.107,2026-09-11
20180710,2.095,2026-09-11
20180711,2.054,2026-09-11
20180712,2.09,2026-09-11
20180713,2.105,2026-09-11
20180716,2.088,2026-09-11
20180717,2.094,2026-09-11
20180718,2.087,2026-09-11
20180719,2.089,2026-09-11
20180720,2.077,2026-09-11
20180723,2.077,2026-09-11
20180724,2.092,2026-09-11
20180725,2.079,2026-09-11
20180726,2.071,2026-09-11
20180727,2.112,2026-09-11
20180730,2.128,2026-09-11
20180731,2.123,2026-09-11
20180801,2.124,2026-09-11
20180802,2.113,2026-09-11
20180803,2.108,2026-09-11
20180806,2.097,2026-09-11
20180807,2.082,2026-09-11
20180808,2.07,2026-09-11
20180809,2.05,2026-09-11
20180810,2.04,2026-09-11
20180813,2.051,2026-09-11
20180814,2.063,2026-09-11
20180816,2.05,2026-09-11
20180817,1.997,2026-09-11
20180820,1.985,2026-09-11
20180821,1.919,2026-09-11
20180822,1.962,2026-09-11
20180823,1.963,2026-09-11
20180824,1.963,2026-09-11
20180827,1.963,2026-09-11
20180828,1.965,2026-09-11
20180829,1.955,2026-09-11
20180830,1.98,2026-09-11
20180831,1.916,2026-09-11
20180903,1.922,2026-09-11
20180904,1.917,2026-09-11
20180905,1.9,2026-09-11
20180906,1.912,2026-09-11
20180907,1.919,2026-09-11
20180910,1.918,2026-09-11
20180911,1.923,2026-09-11
20180912,1.893,2026-09-11
20180913,1.921,2026-09-11
20180914,1.96,2026-09-11
20180917,1.967,2026-09-11
20180918,1.98,2026-09-11
20180919,1.996,2026-09-11
20180920,2.035,2026-09-11
20180921,2.022,2026-09-11
20180927,2.006,2026-09-11
20180928,2.005,2026-09-11
20181001,2.022,2026-09-11
20181002,2.015,2026-09-11
20181004,2.066,2026-09-11
20181005,2.084,2026-09-11
20181008,2.091,2026-09-11
20181010,2.059,2026-09-11
20181011,2.012,2026-09-11
20181012,2.05,2026-09-11
20181015,2.051,2026-09-11
20181016,2.048,2026-09-11
20181017,2.023,2026-09-11
20181018,1.981,2026-09-11
20181019,1.989,2026-09-11
20181022,2.009,2026-09-11
20181023,1.989,2026-09-11
20181024,2.007,2026-09-11
20181025,1.982,2026-09-11
20181026,1.968,2026-09-11
20181029,1.894,2026-09-11
20181030,1.931,2026-09-11
20181031,1.939,2026-09-11
20181101,1.942,2026-09-11
20181102,1.982,2026-09-11
20181105,1.982,2026-09-11
20181106,1.984,2026-09-11
20181107,1.964,2026-09-11
20181108,1.966,2026-09-11
20181109,1.96,2026-09-11
20181112,1.945,2026-09-11
20181113,1.94,2026-09-11
20181114,1.922,2026-09-11
20181115,1.943,2026-09-11
20181116,1.947,2026-09-11
20181119,1.942,2026-09-11
20181120,1.94,2026-09-11
20181121,1.946,2026-09-11
20181122,1.942,2026-09-11
20181123,1.914,2026-09-11
20181126,1.914,2026-09-11
20181127,1.908,2026-09-11
20181128,1.92,2026-09-11
20181129,1.889,2026-09-11
20181130,1.897,2026-09-11
20181203,1.924,2026-09-11
20181204,1.914,2026-09-11
20181205,1.901,2026-09-11
20181206,1.839,2026-09-11
20181207,1.834,2026-09-11
20181210,1.803,2026-09-11
20181211,1.792,2026-09-11
20181212,1.803,2026-09-11
20181213,1.795,2026-09-11
20181214,1.781,2026-09-11
20181217,1.795,2026-09-11
20181218,1.795,2026-09-11
20181219,1.783,2026-09-11
20181220,1.8,2026-09-11
20181221,1.838,2026-09-11
20181224,1.846,2026-09-11
20181226,1.807,2026-09-11
20181227,1.81,2026-09-11
20181228,1.817,2026-09-11
20181231,1.817,2026-09-11
20190102,1.802,2026-09-11
20190103,1.796,2026-09-11
20190104,1.797,2026-09-11
20190107,1.807,2026-09-11
20190108,1.81,2026-09-11
20190109,1.809,2026-09-11
20190110,1.796,2026-09-11
20190111,1.804,2026-09-11
20190114,1.797,2026-09-11
20190115,1.797,2026-09-11
20190116,1.803,2026-09-11
20190117,1.795,2026-09-11
20190118,1.814,2026-09-11
20190121,1.821,2026-09-11
20190122,1.803,2026-09-11
20190123,1.803,2026-09-11
20190124,1.81,2026-09-11
20190125,1.812,2026-09-11
20190128,1.82,2026-09-11
20190129,1.823,2026-09-11
20190130,1.827,2026-09-11
20190131,1.809,2026-09-11
20190201,1.803,2026-09-11
20190207,1.801,2026-09-11
20190208,1.786,2026-09-11
20190211,1.781,2026-09-11
20190212,1.796,2026-09-11
20190213,1.801,2026-09-11
20190214,1.794,2026-09-11
20190215,1.779,2026-09-11
20190218,1.804,2026-09-11
20190219,1.8,2026-09-11
20190220,1.802,2026-09-11
20190221,1.811,2026-09-11
20190222,1.814,2026-09-11
20190225,1.819,2026-09-11
20190226,1.816,2026-09-11
20190227,1.808,2026-09-11
20190228,1.813,2026-09-11
20190304,1.834,2026-09-11
20190305,1.836,2026-09-11
20190306,1.828,2026-09-11
20190307,1.817,2026-09-11
20190308,1.802,2026-09-11
20190311,1.81,2026-09-11
20190312,1.81,2026-09-11
20190313,1.795,2026-09-11
20190314,1.793,2026-09-11
20190315,1.803,2026-09-11
20190318,1.812,2026-09-11
20190319,1.81,2026-09-11
20190320,1.813,2026-09-11
20190321,1.793,2026-09-11
20190322,1.8,2026-09-11
20190325,1.77,2026-09-11
20190326,1.763,2026-09-11
20190327,1.722,2026-09-11
20190328,1.679,2026-09-11
20190329,1.69,2026-09-11
20190401,1.726,2026-09-11
20190402,1.706,2026-09-11
20190403,1.72,2026-09-11
20190404,1.72,2026-09-11
20190405,1.735,2026-09-11
20190408,1.723,2026-09-11
20190409,1.725,2026-09-11
20190410,1.731,2026-09-11
20190411,1.732,2026-09-11
20190412,1.733,2026-09-11
20190415,1.761,2026-09-11
20190416,1.765,2026-09-11
20190417,1.778,2026-09-11
20190418,1.741,2026-09-11
20190419,1.756,2026-09-11
20190422,1.769,2026-09-11
20190423,1.768,2026-09-11
20190424,1.749,2026-09-11
20190425,1.724,2026-09-11
20190426,1.72,2026-09-11
20190429,1.712,2026-09-11
20190430,1.699,2026-09-11
20190502,1.732,2026-09-11
20190503,1.739,2026-09-11
20190507,1.723,2026-09-11
20190508,1.717,2026-09-11
20190509,1.708,2026-09-11
20190510,1.719,2026-09-11
20190513,1.721,2026-09-11
20190514,1.711,2026-09-11
20190515,1.71,2026-09-11
20190516,1.675,2026-09-11
20190517,1.67,2026-09-11
20190520,1.681,2026-09-11
20190521,1.663,2026-09-11
20190522,1.667,2026-09-11
20190523,1.648,2026-09-11
20190524,1.643,2026-09-11
20190527,1.652,2026-09-11
20190528,1.654,2026-09-11
20190529,1.619,2026-09-11
20190530,1.626,2026-09-11
20190531,1.587,2026-09-11
20190603,1.575,2026-09-11
20190604,1.57,2026-09-11
20190605,1.542,2026-09-11
20190607,1.537,2026-09-11
20190610,1.533,2026-09-11
20190611,1.542,2026-09-11
20190612,1.469,2026-09-11
20190613,1.48,2026-09-11
20190614,1.47,2026-09-11
20190617,1.491,2026-09-11
20190618,1.493,2026-09-11
20190619,1.484,2026-09-11
20190620,1.42,2026-09-11
20190621,1.44,2026-09-11
20190624,1.44,2026-09-11
20190625,1.478,2026-09-11
20190626,1.496,2026-09-11
20190627,1.494,2026-09-11
20190628,1.472,2026-09-11
20190701,1.479,2026-09-11
20190702,1.463,2026-09-11
20190703,1.429,2026-09-11
20190704,1.416,2026-09-11
20190705,1.423,2026-09-11
20190708,1.422,2026-09-11
20190709,1.424,2026-09-11
20190710,1.438,2026-09-11
20190711,1.419,2026-09-11
20190712,1.424,2026-09-11
20190715,1.434,2026-09-11
20190716,1.431,2026-09-11
20190717,1.399,2026-09-11
20190718,1.345,2026-09-11
20190719,1.327,2026-09-11
20190722,1.333,2026-09-11
20190723,1.339,2026-09-11
20190724,1.321,2026-09-11
20190725,1.302,2026-09-11
20190726,1.308,2026-09-11
20190729,1.306,2026-09-11
20190730,1.301,2026-09-11
20190731,1.292,2026-09-11
20190801,1.309,2026-09-11
20190802,1.26,2026-09-11
20190805,1.172,2026-09-11
20190806,1.163,2026-09-11
20190807,1.153,2026-09-11
20190808,1.165,2026-09-11
20190809,1.186,2026-09-11
20190812,1.182,2026-09-11
20190813,1.15,2026-09-11
20190814,1.149,2026-09-11
20190816,1.095,2026-09-11
20190819,1.093,2026-09-11
20190820,1.101,2026-09-11
20190821,1.156,2026-09-11
20190822,1.13,2026-09-11
20190823,1.169,2026-09-11
20190826,1.121,2026-09-11
20190827,1.171,2026-09-11
20190828,1.18,2026-09-11
20190829,1.167,2026-09-11
20190830,1.168,2026-09-11
20190902,1.233,2026-09-11
20190903,1.228,2026-09-11
20190904,1.241,2026-09-11
20190905,1.259,2026-09-11
20190906,1.265,2026-09-11
20190909,1.235,2026-09-11
20190910,1.242,2026-09-11
20190911,1.258,2026-09-11
20190916,1.348,2026-09-11
20190917,1.315,2026-09-11
20190918,1.309,2026-09-11
20190919,1.329,2026-09-11
20190920,1.332,2026-09-11
20190923,1.331,2026-09-11
20190924,1.325,2026-09-11
20190925,1.304,2026-09-11
20190926,1.301,2026-09-11
20190927,1.301,2026-09-11
20190930,1.297,2026-09-11
20191001,1.323,2026-09-11
20191002,1.303,2026-09-11
20191004,1.21,2026-09-11
20191007,1.232,2026-09-11
20191008,1.264,2026-09-11
20191010,1.276,2026-09-11
20191011,1.281,2026-09-11
20191014,1.281,2026-09-11
20191015,1.281,2026-09-11
20191016,1.32,2026-09-11
20191017,1.375,2026-09-11
20191018,1.375,2026-09-11
20191021,1.408,2026-09-11
20191022,1.379,2026-09-11
20191023,1.388,2026-09-11
20191024,1.396,2026-09-11
20191025,1.435,2026-09-11
20191028,1.523,2026-09-11
20191029,1.499,2026-09-11
20191030,1.481,2026-09-11
20191031,1.466,2026-09-11
20191101,1.467,2026-09-11
20191104,1.55,2026-09-11
20191105,1.522,2026-09-11
20191106,1.53,2026-09-11
20191107,1.541,2026-09-11
20191108,1.518,2026-09-11
20191111,1.5,2026-09-11
20191112,1.564,2026-09-11
20191113,1.51,2026-09-11
20191114,1.515,2026-09-11
20191115,1.513,2026-09-11
20191118,1.518,2026-09-11
20191119,1.485,2026-09-11
20191120,1.45,2026-09-11
20191121,1.462,2026-09-11
20191122,1.456,2026-09-11
20191125,1.475,2026-09-11
20191126,1.475,2026-09-11
20191127,1.456,2026-09-11
20191128,1.43,2026-09-11
20191129,1.385,2026-09-11
20191202,1.425,2026-09-11
20191203,1.46,2026-09-11
20191204,1.406,2026-09-11
20191205,1.423,2026-09-11
20191206,1.43,2026-09-11
20191209,1.412,2026-09-11
20191210,1.39,2026-09-11
20191211,1.381,2026-09-11
20191212,1.382,2026-09-11
20191213,1.402,2026-09-11
20191216,1.369,2026-09-11
20191217,1.363,2026-09-11
20191218,1.357,2026-09-11
20191219,1.383,2026-09-11
20191220,1.392,2026-09-11
20191223,1.38,2026-09-11
20191224,1.37,2026-09-11
20191226,1.367,2026-09-11
20191227,1.37,2026-09-11
20191230,1.36,2026-09-11
20191231,1.36,2026-09-11
20200102,1.327,2026-09-11
20200103,1.27,2026-09-11
20200106,1.277,2026-09-11
20200107,1.331,2026-09-11
20200108,1.363,2026-09-11
20200109,1.416,2026-09-11
20200110,1.425,2026-09-11
20200113,1.418,2026-09-11
20200114,1.386,2026-09-11
20200115,1.391,2026-09-11
20200116,1.426,2026-09-11
20200117,1.433,2026-09-11
20200120,1.455,2026-09-11
20200121,1.395,2026-09-11
20200122,1.437,2026-09-11
20200123,1.424,2026-09-11
20200128,1.352,2026-09-11
20200129,1.33,2026-09-11
20200130,1.301,2026-09-11
20200131,1.303,2026-09-11
20200203,1.291,2026-09-11
20200204,1.331,2026-09-11
20200205,1.307,2026-09-11
20200206,1.311,2026-09-11
20200207,1.28,2026-09-11
20200210,1.296,2026-09-11
20200211,1.299,2026-09-11
20200212,1.297,2026-09-11
20200213,1.275,2026-09-11
20200214,1.33,2026-09-11
20200217,1.32,2026-09-11
20200218,1.271,2026-09-11
20200219,1.284,2026-09-11
20200220,1.234,2026-09-11
20200221,1.182,2026-09-11
20200224,1.139,2026-09-11
20200225,1.171,2026-09-11
20200226,1.135,2026-09-11
20200227,1.194,2026-09-11
20200228,1.104,2026-09-11
20200302,1.128,2026-09-11
20200303,1.11,2026-09-11
20200304,1.029,2026-09-11
20200305,1.051,2026-09-11
20200306,1.078,2026-09-11
20200309,1.038,2026-09-11
20200310,1.082,2026-09-11
20200311,1.086,2026-09-11
20200312,1.062,2026-09-11
20200313,1.149,2026-09-11
20200316,1.099,2026-09-11
20200317,1.03,2026-09-11
20200318,1.05,2026-09-11
20200319,1.193,2026-09-11
20200320,1.107,2026-09-11
20200323,1.153,2026-09-11
20200324,1.127,2026-09-11
20200325,1.131,2026-09-11
20200326,1.067,2026-09-11
20200327,1.06,2026-09-11
20200330,1.098,2026-09-11
20200331,1.07,2026-09-11
20200401,1.092,2026-09-11
20200402,1.059,2026-09-11
20200403,1.066,2026-09-11
20200406,1.052,2026-09-11
20200407,1.047,2026-09-11
20200408,1.024,2026-09-11
20200409,0.986,2026-09-11
20200410,0.97,2026-09-11
20200413,0.996,2026-09-11
20200414,0.996,2026-09-11
20200416,0.982,2026-09-11
20200417,1.006,2026-09-11
20200420,1.013,2026-09-11
20200421,1.035,2026-09-11
20200422,1.046,2026-09-11
20200423,1.036,2026-09-11
20200424,1.018,2026-09-11
20200427,1.026,2026-09-11
20200428,1.033,2026-09-11
20200429,1.006,2026-09-11
20200504,0.975,2026-09-11
20200506,0.96,2026-09-11
20200507,0.946,2026-09-11
20200508,0.914,2026-09-11
20200511,0.926,2026-09-11
20200512,0.886,2026-09-11
20200513,0.856,2026-09-11
20200514,0.869,2026-09-11
20200515,0.874,2026-09-11
20200518,0.887,2026-09-11
20200519,0.876,2026-09-11
20200520,0.868,2026-09-11
20200521,0.856,2026-09-11
20200522,0.837,2026-09-11
20200525,0.815,2026-09-11
20200526,0.839,2026-09-11
20200527,0.863,2026-09-11
20200528,0.818,2026-09-11
20200529,0.826,2026-09-11
20200601,0.831,2026-09-11
20200602,0.851,2026-09-11
20200603,0.866,2026-09-11
20200604,0.886,2026-09-11
20200605,0.894,2026-09-11
20200608,0.902,2026-09-11
20200609,0.861,2026-09-11
20200610,0.84,2026-09-11
20200611,0.837,2026-09-11
20200612,0.841,2026-09-11
20200615,0.861,2026-09-11
20200616,0.86,2026-09-11
20200617,0.874,2026-09-11
20200618,0.842,2026-09-11
20200619,0.844,2026-09-11
20200622,0.846,2026-09-11
20200623,0.827,2026-09-11
20200624,0.819,2026-09-11
20200625,0.817,2026-09-11
20200626,0.811,2026-09-11
20200629,0.842,2026-09-11
20200630,0.842,2026-09-11
20200701,0.847,2026-09-11
20200702,0.831,2026-09-11
20200703,0.838,2026-09-11
20200706,0.854,2026-09-11
20200707,0.843,2026-09-11
20200708,0.839,2026-09-11
20200709,0.84,2026-09-11
20200710,0.849,2026-09-11
20200713,0.86,2026-09-11
20200714,0.854,2026-09-11
20200715,0.847,2026-09-11
20200716,0.829,2026-09-11
20200717,0.812,2026-09-11
20200720,0.801,2026-09-11
20200721,0.818,2026-09-11
20200722,0.81,2026-09-11
20200723,0.798,2026-09-11
20200724,0.799,2026-09-11
20200727,0.803,2026-09-11
20200728,0.813,2026-09-11
20200729,0.811,2026-09-11
20200730,0.799,2026-09-11
20200731,0.796,2026-09-11
20200803,0.799,2026-09-11
20200804,0.802,2026-09-11
20200805,0.795,2026-09-11
20200806,0.807,2026-09-11
20200807,0.81,2026-09-11
20200810,0.83,2026-09-11
20200811,0.818,2026-09-11
20200812,0.827,2026-09-11
20200813,0.815,2026-09-11
20200814,0.828,2026-09-11
20200818,0.81,2026-09-11
20200819,0.805,2026-09-11
20200820,0.813,2026-09-11
20200821,0.854,2026-09-11
20200824,0.824,2026-09-11
20200825,0.825,2026-09-11
20200826,0.835,2026-09-11
20200827,0.852,2026-09-11
20200828,0.893,2026-09-11
20200831,0.94,2026-09-11
20200901,0.977,2026-09-11
20200902,0.923,2026-09-11
20200903,0.919,2026-09-11
20200904,0.929,2026-09-11
20200907,0.973,2026-09-11
20200908,0.949,2026-09-11
20200909,0.915,2026-09-11
20200910,0.915,2026-09-11
20200911,0.926,2026-09-11
20200914,0.919,2026-09-11
20200915,0.907,2026-09-11
20200916,0.91,2026-09-11
20200917,0.914,2026-09-11
20200918,0.907,2026-09-11
20200921,0.904,2026-09-11
20200922,0.897,2026-09-11
20200923,0.883,2026-09-11
20200924,0.857,2026-09-11
20200925,0.855,2026-09-11
20200928,0.843,2026-09-11
20200929,0.846,2026-09-11
20201005,0.881,2026-09-11
20201006,0.905,2026-09-11
20201007,0.91,2026-09-11
20201008,0.907,2026-09-11
20201012,0.925,2026-09-11
20201013,0.923,2026-09-11
20201014,0.901,2026-09-11
20201015,0.877,2026-09-11
20201016,0.888,2026-09-11
20201019,0.891,2026-09-11
20201020,0.911,2026-09-11
20201021,0.934,2026-09-11
20201022,0.925,2026-09-11
20201023,0.91,2026-09-11
20201026,0.908,2026-09-11
20201027,0.917,2026-09-11
20201028,0.914,2026-09-11
20201029,0.927,2026-09-11
20201030,0.935,2026-09-11
20201102,0.971,2026-09-11
20201103,0.98,2026-09-11
20201104,0.955,2026-09-11
20201105,0.927,2026-09-11
20201106,0.943,2026-09-11
20201109,0.959,2026-09-11
20201110,0.976,2026-09-11
20201111,0.989,2026-09-11
20201112,0.969,2026-09-11
20201113,0.965,2026-09-11
20201116,0.97,2026-09-11
20201117,0.96,2026-09-11
20201118,0.949,2026-09-11
20201119,0.955,2026-09-11
20201120,0.963,2026-09-11
20201123,0.955,2026-09-11
20201124,0.963,2026-09-11
20201125,0.971,2026-09-11
20201126,0.981,2026-09-11
20201127,0.979,2026-09-11
20201130,0.983,2026-09-11
20201201,0.982,2026-09-11
20201202,0.982,2026-09-11
20201203,0.975,2026-09-11
20201204,0.966,2026-09-11
20201207,0.961,2026-09-11
20201208,0.959,2026-09-11
20201209,0.966,2026-09-11
20201210,0.973,2026-09-11
20201211,0.98,2026-09-11
20201214,0.986,2026-09-11
20201215,0.984,2026-09-11
20201216,0.989,2026-09-11
20201217,0.999,2026-09-11
20201218,0.963,2026-09-11
20201221,0.959,2026-09-11
20201222,0.945,2026-09-11
20201223,0.932,2026-09-11
20201224,0.95,2026-09-11
20201228,0.958,2026-09-11
20201229,0.973,2026-09-11
20201230,0.978,2026-09-11
20201231,0.976,2026-09-11
20210104,0.954,2026-09-11
20210105,0.936,2026-09-11
20210106,0.953,2026-09-11
20210107,0.964,2026-09-11
20210108,0.978,2026-09-11
20210111,0.969,2026-09-11
20210112,0.976,2026-09-11
20210113,0.979,2026-09-11
20210114,0.988,2026-09-11
20210115,0.973,2026-09-11
20210118,0.968,2026-09-11
20210119,0.974,2026-09-11
20210120,0.976,2026-09-11
20210121,0.971,2026-09-11
20210122,0.993,2026-09-11
20210125,1.006,2026-09-11
20210126,1.007,2026-09-11
20210127,0.982,2026-09-11
20210128,0.977,2026-09-11
20210129,0.971,2026-09-11
20210201,0.994,2026-09-11
20210202,0.98,2026-09-11
20210203,0.978,2026-09-11
20210204,0.984,2026-09-11
20210205,0.982,2026-09-11
20210208,1.001,2026-09-11
20210209,0.99,2026-09-11
20210210,0.995,2026-09-11
20210215,0.998,2026-09-11
20210216,0.984,2026-09-11
20210217,0.986,2026-09-11
20210218,0.985,2026-09-11
20210219,0.996,2026-09-11
20210222,1.02,2026-09-11
20210223,1.02,2026-09-11
20210224,1.006,2026-09-11
20210225,0.995,2026-09-11
20210226,1.02,2026-09-11
20210302,1.021,2026-09-11
20210303,1.019,2026-09-11
20210304,1.03,2026-09-11
20210305,1.066,2026-09-11
20210308,1.139,2026-09-11
20210309,1.206,2026-09-11
20210310,1.182,2026-09-11
20210311,1.179,2026-09-11
20210312,1.223,2026-09-11
20210315,1.238,2026-09-11
20210316,1.177,2026-09-11
20210317,1.177,2026-09-11
20210318,1.133,2026-09-11
20210319,1.146,2026-09-11
20210322,1.13,2026-09-11
20210323,1.132,2026-09-11
20210324,1.115,2026-09-11
20210325,1.089,2026-09-11
20210326,1.117,2026-09-11
20210329,1.119,2026-09-11
20210330,1.155,2026-09-11
20210331,1.133,2026-09-11
20210401,1.138,2026-09-11
20210402,1.151,2026-09-11
20210405,1.202,2026-09-11
20210406,1.181,2026-09-11
20210407,1.181,2026-09-11
20210408,1.152,2026-09-11
20210409,1.168,2026-09-11
20210412,1.14,2026-09-11
20210413,1.138,2026-09-11
20210414,1.102,2026-09-11
20210415,1.147,2026-09-11
20210416,1.154,2026-09-11
20210419,1.129,2026-09-11
20210420,1.134,2026-09-11
20210421,1.11,2026-09-11
20210422,1.105,2026-09-11
20210423,1.12,2026-09-11
20210426,1.119,2026-09-11
20210427,1.097,2026-09-11
20210428,1.105,2026-09-11
20210429,1.121,2026-09-11
20210430,1.141,2026-09-11
20210503,1.149,2026-09-11
20210504,1.158,2026-09-11
20210506,1.14,2026-09-11
20210507,1.137,2026-09-11
20210510,1.136,2026-09-11
20210511,1.128,2026-09-11
20210512,1.121,2026-09-11
20210513,1.123,2026-09-11
20210514,1.116,2026-09-11
20210517,1.107,2026-09-11
20210518,1.099,2026-09-11
20210520,1.103,2026-09-11
20210521,1.095,2026-09-11
20210524,1.116,2026-09-11
20210525,1.142,2026-09-11
20210526,1.161,2026-09-11
20210527,1.124,2026-09-11
20210528,1.162,2026-09-11
20210531,1.227,2026-09-11
20210601,1.213,2026-09-11
20210602,1.206,2026-09-11
20210603,1.191,2026-09-11
20210604,1.22,2026-09-11
20210607,1.201,2026-09-11
20210608,1.174,2026-09-11
20210609,1.137,2026-09-11
20210610,1.282,2026-09-11
20210611,1.276,2026-09-11
20210614,1.287,2026-09-11
20210615,1.307,2026-09-11
20210616,1.286,2026-09-11
20210617,1.327,2026-09-11
20210618,1.313,2026-09-11
20210621,1.351,2026-09-11
20210622,1.331,2026-09-11
20210623,1.338,2026-09-11
20210624,1.384,2026-09-11
20210625,1.441,2026-09-11
20210628,1.47,2026-09-11
20210629,1.459,2026-09-11
20210630,1.448,2026-09-11
20210701,1.469,2026-09-11
20210702,1.484,2026-09-11
20210705,1.462,2026-09-11
20210706,1.465,2026-09-11
20210707,1.41,2026-09-11
20210708,1.358,2026-09-11
20210709,1.375,2026-09-11
20210712,1.384,2026-09-11
20210713,1.424,2026-09-11
20210714,1.39,2026-09-11
20210715,1.497,2026-09-11
20210716,1.451,2026-09-11
20210719,1.459,2026-09-11
20210720,1.41,2026-09-11
20210721,1.383,2026-09-11
20210722,1.397,2026-09-11
20210723,1.393,2026-09-11
20210726,1.369,2026-09-11
20210727,1.38,2026-09-11
20210728,1.419,2026-09-11
20210729,1.431,2026-09-11
20210730,1.417,2026-09-11
20210802,1.435,2026-09-11
20210803,1.442,2026-09-11
20210804,1.418,2026-09-11
20210805,1.414,2026-09-11
20210806,1.433,2026-09-11
20210809,1.436,2026-09-11
20210810,1.432,2026-09-11
20210811,1.419,2026-09-11
20210812,1.413,2026-09-11
20210813,1.407,2026-09-11
20210817,1.402,2026-09-11
20210818,1.389,2026-09-11
20210819,1.36,2026-09-11
20210820,1.364,2026-09-11
20210823,1.389,2026-09-11
20210824,1.438,2026-09-11
20210825,1.435,2026-09-11
20210826,1.398,2026-09-11
20210827,1.408,2026-09-11
20210830,1.398,2026-09-11
20210831,1.395,2026-09-11
20210901,1.417,2026-09-11
20210902,1.422,2026-09-11
20210903,1.437,2026-09-11
20210906,1.459,2026-09-11
20210907,1.464,2026-09-11
20210908,1.489,2026-09-11
20210909,1.499,2026-09-11
20210910,1.501,2026-09-11
20210913,1.525,2026-09-11
20210914,1.535,2026-09-11
20210915,1.492,2026-09-11
20210916,1.51,2026-09-11
20210917,1.535,2026-09-11
20210923,1.558,2026-09-11
20210924,1.575,2026-09-11
20210927,1.566,2026-09-11
20210928,1.609,2026-09-11
20210929,1.603,2026-09-11
20210930,1.593,2026-09-11
20211001,1.633,2026-09-11
20211005,1.65,2026-09-11
20211006,1.719,2026-09-11
20211007,1.704,2026-09-11
20211008,1.701,2026-09-11
20211012,1.815,2026-09-11
20211013,1.824,2026-09-11
20211014,1.813,2026-09-11
20211015,1.795,2026-09-11
20211018,1.875,2026-09-11
20211019,1.866,2026-09-11
20211020,1.847,2026-09-11
20211021,1.836,2026-09-11
20211022,1.889,2026-09-11
20211025,1.919,2026-09-11
20211026,1.947,2026-09-11
20211027,2.044,2026-09-11
20211028,2.017,2026-09-11
20211029,2.103,2026-09-11
20211101,2.108,2026-09-11
20211102,2.038,2026-09-11
20211103,2.036,2026-09-11
20211104,2.04,2026-09-11
20211105,1.944,2026-09-11
20211108,1.906,2026-09-11
20211109,1.865,2026-09-11
20211110,1.877,2026-09-11
20211111,1.913,2026-09-11
20211112,1.968,2026-09-11
20211115,1.912,2026-09-11
20211116,1.963,2026-09-11
20211117,1.974,2026-09-11
20211118,1.953,2026-09-11
20211119,1.966,2026-09-11
20211122,2.018,2026-09-11
20211123,2.031,2026-09-11
20211124,2.013,2026-09-11
20211125,1.933,2026-09-11
20211126,1.863,2026-09-11
20211129,1.844,2026-09-11
20211130,1.799,2026-09-11
20211201,1.813,2026-09-11
20211202,1.845,2026-09-11
20211203,1.9,2026-09-11
20211206,1.865,2026-09-11
20211207,1.872,2026-09-11
20211208,1.831,2026-09-11
20211209,1.794,2026-09-11
20211210,1.805,2026-09-11
20211213,1.79,2026-09-11
20211214,1.784,2026-09-11
20211215,1.808,2026-09-11
20211216,1.766,2026-09-11
20211217,1.767,2026-09-11
20211220,1.74,2026-09-11
20211221,1.72,2026-09-11
20211222,1.757,2026-09-11
20211223,1.805,2026-09-11
20211224,1.798,2026-09-11
20211227,1.776,2026-09-11
20211228,1.786,2026-09-11
20211229,1.783,2026-09-11
20211230,1.799,2026-09-11
20211231,1.798,2026-09-11
20220103,1.855,2026-09-11
20220104,1.868,2026-09-11
20220105,1.913,2026-09-11
20220106,2.013,2026-09-11
20220107,2.015,2026-09-11
20220110,2.058,2026-09-11
20220111,2.038,2026-09-11
20220112,1.998,2026-09-11
20220113,1.953,2026-09-11
20220114,2.044,2026-09-11
20220117,2.148,2026-09-11
20220118,2.127,2026-09-11
20220119,2.073,2026-09-11
20220120,2.119,2026-09-11
20220121,2.132,2026-09-11
20220124,2.112,2026-09-11
20220125,2.174,2026-09-11
20220126,2.156,2026-09-11
20220127,2.217,2026-09-11
20220128,2.189,2026-09-11
20220203,2.158,2026-09-11
20220204,2.194,2026-09-11
20220207,2.237,2026-09-11
20220208,2.303,2026-09-11
20220209,2.279,2026-09-11
20220210,2.264,2026-09-11
20220211,2.343,2026-09-11
20220214,2.347,2026-09-11
20220215,2.345,2026-09-11
20220216,2.325,2026-09-11
20220217,2.295,2026-09-11
20220218,2.322,2026-09-11
20220221,2.363,2026-09-11
20220222,2.327,2026-09-11
20220223,2.317,2026-09-11
20220224,2.226,2026-09-11
20220225,2.244,2026-09-11
20220228,2.242,2026-09-11
20220302,2.187,2026-09-11
20220303,2.195,2026-09-11
20220304,2.214,2026-09-11
20220307,2.288,2026-09-11
20220308,2.287,2026-09-11
20220310,2.267,2026-09-11
20220311,2.255,2026-09-11
20220314,2.283,2026-09-11
20220315,2.285,2026-09-11
20220316,2.268,2026-09-11
20220317,2.217,2026-09-11
20220318,2.231,2026-09-11
20220321,2.268,2026-09-11
20220322,2.399,2026-09-11
20220323,2.426,2026-09-11
20220324,2.455,2026-09-11
20220325,2.505,2026-09-11
20220328,2.747,2026-09-11
20220329,2.7,2026-09-11
20220330,2.615,2026-09-11
20220331,2.663,2026-09-11
20220401,2.784,2026-09-11
20220404,2.837,2026-09-11
20220405,2.879,2026-09-11
20220406,2.941,2026-09-11
20220407,2.905,2026-09-11
20220408,2.987,2026-09-11
20220411,3.186,2026-09-11
20220412,3.105,2026-09-11
20220413,3.001,2026-09-11
20220414,2.888,2026-09-11
20220415,2.944,2026-09-11
20220418,2.99,2026-09-11
20220419,2.981,2026-09-11
20220420,2.957,2026-09-11
20220421,2.927,2026-09-11
20220422,2.971,2026-09-11
20220425,2.857,2026-09-11
20220426,2.83,2026-09-11
20220427,2.899,2026-09-11
20220428,2.925,2026-09-11
20220429,2.958,2026-09-11
20220502,3.086,2026-09-11
20220503,3.139,2026-09-11
20220504,3.178,2026-09-11
20220506,3.146,2026-09-11
20220509,3.062,2026-09-11
20220510,3.046,2026-09-11
20220511,2.928,2026-09-11
20220512,2.9,2026-09-11
20220513,2.911,2026-09-11
20220516,3.046,2026-09-11
20220517,3.031,2026-09-11
20220518,3.069,2026-09-11
20220519,3.046,2026-09-11
20220520,3.011,2026-09-11
20220523,3.018,2026-09-11
20220524,2.967,2026-09-11
20220525,2.946,2026-09-11
20220526,2.955,2026-09-11
20220527,2.947,2026-09-11
20220530,2.942,2026-09-11
20220531,3.027,2026-09-11
20220602,3.125,2026-09-11
20220603,3.121,2026-09-11
20220607,3.232,2026-09-11
20220608,3.209,2026-09-11
20220609,3.171,2026-09-11
20220610,3.275,2026-09-11
20220613,3.514,2026-09-11
20220614,3.548,2026-09-11
20220615,3.666,2026-09-11
20220616,3.728,2026-09-11
20220617,3.745,2026-09-11
20220620,3.675,2026-09-11
20220621,3.663,2026-09-11
20220622,3.522,2026-09-11
20220623,3.608,2026-09-11
20220624,3.523,2026-09-11
20220627,3.568,2026-09-11
20220628,3.552,2026-09-11
20220629,3.552,2026-09-11
20220630,3.55,2026-09-11
20220701,3.439,2026-09-11
20220704,3.43,2026-09-11
20220705,3.301,2026-09-11
20220706,3.239,2026-09-11
20220707,3.262,2026-09-11
20220708,3.315,2026-09-11
20220711,3.324,2026-09-11
20220712,3.291,2026-09-11
20220713,3.211,2026-09-11
20220714,3.26,2026-09-11
20220715,3.205,2026-09-11
20220718,3.212,2026-09-11
20220719,3.192,2026-09-11
20220720,3.296,2026-09-11
20220721,3.294,2026-09-11
20220722,3.218,2026-09-11
20220725,3.153,2026-09-11
20220726,3.121,2026-09-11
20220727,3.09,2026-09-11
20220728,3.13,2026-09-11
20220729,3.009,2026-09-11
20220801,3.081,2026-09-11
20220802,3.012,2026-09-11
20220803,3.065,2026-09-11
20220804,3.114,2026-09-11
20220805,3.079,2026-09-11
20220808,3.134,2026-09-11
20220809,3.134,2026-09-11
20220810,3.154,2026-09-11
20220811,3.124,2026-09-11
20220812,3.181,2026-09-11
20220816,3.078,2026-09-11
20220817,3.087,2026-09-11
20220818,3.125,2026-09-11
20220819,3.197,2026-09-11
20220822,3.245,2026-09-11
20220823,3.281,2026-09-11
20220824,3.311,2026-09-11
20220825,3.531,2026-09-11
20220826,3.525,2026-09-11
20220829,3.653,2026-09-11
20220830,3.642,2026-09-11
20220831,3.685,2026-09-11
20220901,3.778,2026-09-11
20220902,3.678,2026-09-11
20220905,3.616,2026-09-11
20220906,3.682,2026-09-11
20220907,3.685,2026-09-11
20220908,3.543,2026-09-11
20220913,3.536,2026-09-11
20220914,3.585,2026-09-11
20220915,3.77,2026-09-11
20220916,3.767,2026-09-11
20220919,3.759,2026-09-11
20220920,3.823,2026-09-11
20220921,3.847,2026-09-11
20220922,4.104,2026-09-11
20220923,4.199,2026-09-11
20220926,4.548,2026-09-11
20220927,4.304,2026-09-11
20220928,4.338,2026-09-11
20220929,4.303,2026-09-11
20220930,4.186,2026-09-11
20221004,4.081,2026-09-11
20221005,4.157,2026-09-11
20221006,4.145,2026-09-11
20221007,4.276,2026-09-11
20221011,4.342,2026-09-11
20221012,4.107,2026-09-11
20221013,4.203,2026-09-11
20221014,4.207,2026-09-11
20221017,4.239,2026-09-11
20221018,4.242,2026-09-11
20221019,4.331,2026-09-11
20221020,4.35,2026-09-11
20221021,4.495,2026-09-11
20221024,4.305,2026-09-11
20221025,4.221,2026-09-11
20221026,4.208,2026-09-11
20221027,4.254,2026-09-11
20221028,4.112,2026-09-11
20221031,4.185,2026-09-11
20221101,4.068,2026-09-11
20221102,4.095,2026-09-11
20221103,4.158,2026-09-11
20221104,4.118,2026-09-11
20221107,4.186,2026-09-11
20221108,4.156,2026-09-11
20221109,4.086,2026-09-11
20221110,4.033,2026-09-11
20221111,3.834,2026-09-11
20221114,3.85,2026-09-11
20221115,3.753,2026-09-11
20221116,3.808,2026-09-11
20221117,3.804,2026-09-11
20221118,3.787,2026-09-11
20221121,3.837,2026-09-11
20221122,3.844,2026-09-11
20221123,3.849,2026-09-11
20221124,3.689,2026-09-11
20221125,3.644,2026-09-11
20221128,3.669,2026-09-11
20221129,3.723,2026-09-11
20221130,3.689,2026-09-11
20221201,3.65,2026-09-11
20221202,3.616,2026-09-11
20221205,3.609,2026-09-11
20221206,3.633,2026-09-11
20221207,3.672,2026-09-11
20221208,3.676,2026-09-11
20221209,3.657,2026-09-11
20221212,3.623,2026-09-11
20221213,3.623,2026-09-11
20221214,3.53,2026-09-11
20221215,3.536,2026-09-11
20221216,3.539,2026-09-11
20221219,3.545,2026-09-11
20221220,3.685,2026-09-11
20221221,3.638,2026-09-11
20221222,3.567,2026-09-11
20221223,3.623,2026-09-11
20221226,3.663,2026-09-11
20221227,3.662,2026-09-11
20221228,3.668,2026-09-11
20221229,3.719,2026-09-11
20221230,3.722,2026-09-11
20230102,3.782,2026-09-11
20230103,3.661,2026-09-11
20230104,3.632,2026-09-11
20230105,3.644,2026-09-11
20230106,3.681,2026-09-11
20230109,3.577,2026-09-11
20230110,3.556,2026-09-11
20230111,3.472,2026-09-11
20230112,3.466,2026-09-11
20230113,3.369,2026-09-11
20230116,3.454,2026-09-11
20230117,3.484,2026-09-11
20230118,3.39,2026-09-11
20230119,3.248,2026-09-11
20230120,3.33,2026-09-11
20230125,3.285,2026-09-11
20230126,3.273,2026-09-11
20230127,3.304,2026-09-11
20230130,3.271,2026-09-11
20230131,3.325,2026-09-11
20230201,3.263,2026-09-11
20230202,3.183,2026-09-11
20230203,3.11,2026-09-11
20230206,3.283,2026-09-11
20230207,3.315,2026-09-11
20230208,3.339,2026-09-11
20230209,3.401,2026-09-11
20230210,3.398,2026-09-11
20230213,3.452,2026-09-11
20230214,3.429,2026-09-11
20230215,3.502,2026-09-11
20230216,3.504,2026-09-11
20230217,3.639,2026-09-11
20230220,3.677,2026-09-11
20230221,3.623,2026-09-11
20230222,3.645,2026-09-11
20230223,3.599,2026-09-11
20230224,3.555,2026-09-11
20230227,3.683,2026-09-11
20230228,3.797,2026-09-11
20230302,3.878,2026-09-11
20230303,3.791,2026-09-11
20230306,3.774,2026-09-11
20230307,3.726,2026-09-11
20230308,3.855,2026-09-11
20230309,3.858,2026-09-11
20230310,3.703,2026-09-11
20230313,3.435,2026-09-11
20230314,3.381,2026-09-11
20230315,3.473,2026-09-11
20230316,3.4,2026-09-11
20230317,3.415,2026-09-11
20230320,3.264,2026-09-11
20230321,3.294,2026-09-11
20230322,3.284,2026-09-11
20230323,3.206,2026-09-11
20230324,3.16,2026-09-11
20230327,3.22,2026-09-11
20230328,3.258,2026-09-11
20230329,3.249,2026-09-11
20230330,3.24,2026-09-11
20230331,3.27,2026-09-11
20230403,3.342,2026-09-11
20230404,3.279,2026-09-11
20230405,3.264,2026-09-11
20230406,3.211,2026-09-11
20230407,3.24,2026-09-11
20230410,3.192,2026-09-11
20230411,3.231,2026-09-11
20230412,3.233,2026-09-11
20230413,3.199,2026-09-11
20230414,3.215,2026-09-11
20230417,3.287,2026-09-11
20230418,3.294,2026-09-11
20230419,3.337,2026-09-11
20230420,3.334,2026-09-11
20230421,3.267,2026-09-11
20230424,3.23,2026-09-11
20230425,3.265,2026-09-11
20230426,3.259,2026-09-11
20230427,3.288,2026-09-11
20230428,3.293,2026-09-11
20230502,3.335,2026-09-11
20230503,3.281,2026-09-11
20230504,3.21,2026-09-11
20230508,3.261,2026-09-11
20230509,3.256,2026-09-11
20230510,3.273,2026-09-11
20230511,3.22,2026-09-11
20230512,3.225,2026-09-11
20230515,3.279,2026-09-11
20230516,3.242,2026-09-11
20230517,3.274,2026-09-11
20230518,3.316,2026-09-11
20230519,3.34,2026-09-11
20230522,3.321,2026-09-11
20230523,3.373,2026-09-11
20230524,3.378,2026-09-11
20230525,3.48,2026-09-11
20230526,3.524,2026-09-11
20230530,3.56,2026-09-11
20230531,3.459,2026-09-11
20230601,3.478,2026-09-11
20230602,3.436,2026-09-11
20230605,3.502,2026-09-11
20230607,3.471,2026-09-11
20230608,3.543,2026-09-11
20230609,3.506,2026-09-11
20230612,3.493,2026-09-11
20230613,3.484,2026-09-11
20230614,3.545,2026-09-11
20230615,3.626,2026-09-11
20230616,3.585,2026-09-11
20230619,3.583,2026-09-11
20230620,3.567,2026-09-11
20230621,3.571,2026-09-11
20230622,3.592,2026-09-11
20230623,3.609,2026-09-11
20230626,3.568,2026-09-11
20230627,3.538,2026-09-11
20230628,3.557,2026-09-11
20230629,3.584,2026-09-11
20230630,3.662,2026-09-11
20230703,3.613,2026-09-11
20230704,3.619,2026-09-11
20230705,3.618,2026-09-11
20230706,3.676,2026-09-11
20230707,3.735,2026-09-11
20230710,3.795,2026-09-11
20230711,3.703,2026-09-11
20230712,3.704,2026-09-11
20230713,3.602,2026-09-11
20230714,3.614,2026-09-11
20230717,3.611,2026-09-11
20230718,3.596,2026-09-11
20230719,3.543,2026-09-11
20230720,3.581,2026-09-11
20230721,3.602,2026-09-11
20230724,3.617,2026-09-11
20230725,3.645,2026-09-11
20230726,3.627,2026-09-11
20230727,3.587,2026-09-11
20230728,3.635,2026-09-11
20230731,3.681,2026-09-11
20230801,3.647,2026-09-11
20230802,3.677,2026-09-11
20230803,3.714,2026-09-11
20230804,3.738,2026-09-11
20230807,3.689,2026-09-11
20230808,3.647,2026-09-11
20230809,3.672,2026-09-11
20230810,3.687,2026-09-11
20230811,3.698,2026-09-11
20230814,3.747,2026-09-11
20230816,3.712,2026-09-11
20230817,3.788,2026-09-11
20230818,3.729,2026-09-11
20230821,3.795,2026-09-11
20230822,3.802,2026-09-11
20230823,3.771,2026-09-11
20230824,3.759,2026-09-11
20230825,3.789,2026-09-11
20230828,3.759,2026-09-11
20230829,3.74,2026-09-11
20230830,3.732,2026-09-11
20230831,3.711,2026-09-11
20230901,3.689,2026-09-11
20230904,3.738,2026-09-11
20230905,3.765,2026-09-11
20230906,3.765,2026-09-11
20230907,3.847,2026-09-11
20230908,3.795,2026-09-11
20230911,3.865,2026-09-11
20230912,3.863,2026-09-11
20230913,3.853,2026-09-11
20230914,3.836,2026-09-11
20230915,3.85,2026-09-11
20230918,3.891,2026-09-11
20230919,3.887,2026-09-11
20230920,3.89,2026-09-11
20230921,3.93,2026-09-11
20230922,3.876,2026-09-11
20230925,3.876,2026-09-11
20230926,3.891,2026-09-11
20230927,3.884,2026-09-11
20231004,4.108,2026-09-11
20231005,4.081,2026-09-11
20231006,4.015,2026-09-11
20231010,3.997,2026-09-11
20231011,3.953,2026-09-11
20231012,3.932,2026-09-11
20231013,3.957,2026-09-11
20231016,3.973,2026-09-11
20231017,3.991,2026-09-11
20231018,4.031,2026-09-11
20231019,4.07,2026-09-11
20231020,4.033,2026-09-11
20231023,4.055,2026-09-11
20231024,4.004,2026-09-11
20231025,4.038,2026-09-11
20231026,4.104,2026-09-11
20231027,4.073,2026-09-11
20231030,4.089,2026-09-11
20231031,4.085,2026-09-11
20231101,4.071,2026-09-11
20231102,3.979,2026-09-11
20231103,3.949,2026-09-11
20231106,3.877,2026-09-11
20231107,3.887,2026-09-11
20231108,3.868,2026-09-11
20231109,3.847,2026-09-11
20231110,3.862,2026-09-11
20231113,3.877,2026-09-11
20231114,3.857,2026-09-11
20231115,3.744,2026-09-11
20231116,3.701,2026-09-11
20231117,3.681,2026-09-11
20231120,3.667,2026-09-11
20231121,3.644,2026-09-11
20231122,3.666,2026-09-11
20231123,3.644,2026-09-11
20231124,3.677,2026-09-11
20231127,3.689,2026-09-11
20231128,3.648,2026-09-11
20231129,3.554,2026-09-11
20231130,3.583,2026-09-11
20231201,3.587,2026-09-11
20231204,3.531,2026-09-11
20231205,3.484,2026-09-11
20231206,3.463,2026-09-11
20231207,3.511,2026-09-11
20231208,3.461,2026-09-11
20231211,3.48,2026-09-11
20231212,3.446,2026-09-11
20231213,3.465,2026-09-11
20231214,3.258,2026-09-11
20231215,3.281,2026-09-11
20231218,3.277,2026-09-11
20231219,3.296,2026-09-11
20231220,3.232,2026-09-11
20231221,3.236,2026-09-11
20231222,3.234,2026-09-11
20231226,3.221,2026-09-11
20231227,3.22,2026-09-11
20231228,3.154,2026-09-11
20231229,3.154,2026-09-11
20240102,3.24,2026-09-11
20240103,3.278,2026-09-11
20240104,3.227,2026-09-11
20240105,3.283,2026-09-11
20240108,3.297,2026-09-11
20240109,3.255,2026-09-11
20240110,3.269,2026-09-11
20240111,3.227,2026-09-11
20240112,3.204,2026-09-11
20240115,3.191,2026-09-11
20240116,3.235,2026-09-11
20240117,3.277,2026-09-11
20240118,3.285,2026-09-11
20240119,3.307,2026-09-11
20240122,3.278,2026-09-11
20240123,3.286,2026-09-11
20240124,3.3,2026-09-11
20240125,3.313,2026-09-11
20240126,3.263,2026-09-11
20240129,3.304,2026-09-11
20240130,3.268,2026-09-11
20240131,3.261,2026-09-11
20240201,3.267,2026-09-11
20240202,3.248,2026-09-11
20240205,3.312,2026-09-11
20240206,3.292,2026-09-11
20240207,3.286,2026-09-11
20240208,3.305,2026-09-11
20240213,3.353,2026-09-11
20240214,3.425,2026-09-11
20240215,3.405,2026-09-11
20240216,3.405,2026-09-11
20240219,3.397,2026-09-11
20240220,3.405,2026-09-11
20240221,3.402,2026-09-11
20240222,3.342,2026-09-11
20240223,3.374,2026-09-11
20240226,3.34,2026-09-11
20240227,3.364,2026-09-11
20240228,3.359,2026-09-11
20240229,3.385,2026-09-11
20240304,3.36,2026-09-11
20240305,3.349,2026-09-11
20240306,3.325,2026-09-11
20240307,3.321,2026-09-11
20240308,3.271,2026-09-11
20240311,3.275,2026-09-11
20240312,3.273,2026-09-11
20240313,3.251,2026-09-11
20240314,3.273,2026-09-11
20240315,3.308,2026-09-11
20240318,3.348,2026-09-11
20240319,3.383,2026-09-11
20240320,3.371,2026-09-11
20240321,3.306,2026-09-11
20240322,3.284,2026-09-11
20240325,3.29,2026-09-11
20240326,3.301,2026-09-11
20240327,3.288,2026-09-11
20240328,3.293,2026-09-11
20240329,3.322,2026-09-11
20240401,3.291,2026-09-11
20240402,3.333,2026-09-11
20240403,3.341,2026-09-11
20240404,3.338,2026-09-11
20240405,3.329,2026-09-11
20240408,3.383,2026-09-11
20240409,3.391,2026-09-11
20240411,3.466,2026-09-11
20240412,3.403,2026-09-11
20240415,3.44,2026-09-11
20240416,3.469,2026-09-11
20240417,3.475,2026-09-11
20240418,3.427,2026-09-11
20240419,3.468,2026-09-11
20240422,3.512,2026-09-11
20240423,3.489,2026-09-11
20240424,3.509,2026-09-11
20240425,3.543,2026-09-11
20240426,3.531,2026-09-11
20240429,3.552,2026-09-11
20240430,3.529,2026-09-11
20240502,3.509,2026-09-11
20240503,3.5,2026-09-11
20240507,3.448,2026-09-11
20240508,3.439,2026-09-11
20240509,3.453,2026-09-11
20240510,3.44,2026-09-11
20240513,3.452,2026-09-11
20240514,3.454,2026-09-11
20240516,3.375,2026-09-11
20240517,3.379,2026-09-11
20240520,3.412,2026-09-11
20240521,3.411,2026-09-11
20240522,3.409,2026-09-11
20240523,3.402,2026-09-11
20240524,3.423,2026-09-11
20240527,3.413,2026-09-11
20240528,3.394,2026-09-11
20240529,3.425,2026-09-11
20240530,3.44,2026-09-11
20240531,3.452,2026-09-11
20240603,3.434,2026-09-11
20240604,3.39,2026-09-11
20240605,3.345,2026-09-11
20240607,3.308,2026-09-11
20240610,3.353,2026-09-11
20240611,3.341,2026-09-11
20240612,3.307,2026-09-11
20240613,3.277,2026-09-11
20240614,3.252,2026-09-11
20240617,3.212,2026-09-11
20240618,3.214,2026-09-11
20240619,3.162,2026-09-11
20240620,3.196,2026-09-11
20240621,3.176,2026-09-11
20240624,3.194,2026-09-11
20240625,3.201,2026-09-11
20240626,3.215,2026-09-11
20240627,3.22,2026-09-11
20240628,3.182,2026-09-11
20240701,3.21,2026-09-11
20240702,3.169,2026-09-11
20240703,3.16,2026-09-11
20240704,3.128,2026-09-11
20240705,3.115,2026-09-11
20240708,3.119,2026-09-11
20240709,3.114,2026-09-11
20240710,3.12,2026-09-11
20240711,3.163,2026-09-11
20240712,3.101,2026-09-11
20240715,3.076,2026-09-11
20240716,3.035,2026-09-11
20240717,3.05,2026-09-11
20240718,3.058,2026-09-11
20240719,3.074,2026-09-11
20240722,3.071,2026-09-11
20240723,3.084,2026-09-11
20240724,3.046,2026-09-11
20240725,3.024,2026-09-11
20240726,3.024,2026-09-11
20240729,2.978,2026-09-11
20240730,2.994,2026-09-11
20240731,3.004,2026-09-11
20240801,2.976,2026-09-11
20240802,2.939,2026-09-11
20240805,2.806,2026-09-11
20240806,2.935,2026-09-11
20240807,2.929,2026-09-11
20240808,2.911,2026-09-11
20240809,2.941,2026-09-11
20240812,2.946,2026-09-11
20240813,2.918,2026-09-11
20240814,2.888,2026-09-11
20240816,2.928,2026-09-11
20240819,2.927,2026-09-11
20240820,2.944,2026-09-11
20240821,2.94,2026-09-11
20240822,2.907,2026-09-11
20240823,2.92,2026-09-11
20240826,2.89,2026-09-11
20240827,2.94,2026-09-11
20240828,2.919,2026-09-11
20240829,2.939,2026-09-11
20240830,2.953,2026-09-11
20240902,2.989,2026-09-11
20240903,2.981,2026-09-11
20240904,2.931,2026-09-11
20240905,2.905,2026-09-11
20240906,2.881,2026-09-11
20240909,2.897,2026-09-11
20240910,2.877,2026-09-11
20240911,2.82,2026-09-11
20240912,2.866,2026-09-11
20240913,2.822,2026-09-11
20240919,2.843,2026-09-11
20240920,2.838,2026-09-11
20240923,2.864,2026-09-11
20240924,2.854,2026-09-11
20240925,2.812,2026-09-11
20240926,2.807,2026-09-11
20240927,2.826,2026-09-11
20240930,2.811,2026-09-11
20241002,2.78,2026-09-11
20241004,2.824,2026-09-11
20241007,2.96,2026-09-11
20241008,2.932,2026-09-11
20241010,2.962,2026-09-11
20241011,2.947,2026-09-11
20241014,2.938,2026-09-11
20241015,2.906,2026-09-11
20241016,2.88,2026-09-11
20241017,2.897,2026-09-11
20241018,2.908,2026-09-11
20241021,2.902,2026-09-11
20241022,2.943,2026-09-11
20241023,2.936,2026-09-11
20241024,2.891,2026-09-11
20241025,2.882,2026-09-11
20241028,2.932,2026-09-11
20241029,2.936,2026-09-11
20241030,2.937,2026-09-11
20241031,2.936,2026-09-11
20241101,2.939,2026-09-11
20241104,2.935,2026-09-11
20241105,2.918,2026-09-11
20241106,2.96,2026-09-11
20241107,2.922,2026-09-11
20241108,2.889,2026-09-11
20241111,2.901,2026-09-11
20241112,2.9,2026-09-11
20241113,2.939,2026-09-11
20241114,2.929,2026-09-11
20241115,2.941,2026-09-11
20241118,2.915,2026-09-11
20241119,2.889,2026-09-11
20241120,2.873,2026-09-11
20241121,2.829,2026-09-11
20241122,2.816,2026-09-11
20241125,2.773,2026-09-11
20241126,2.773,2026-09-11
20241127,2.741,2026-09-11
20241128,2.638,2026-09-11
20241129,2.607,2026-09-11
20241202,2.567,2026-09-11
20241203,2.585,2026-09-11
20241204,2.626,2026-09-11
20241205,2.603,2026-09-11
20241206,2.62,2026-09-11
20241209,2.579,2026-09-11
20241210,2.524,2026-09-11
20241211,2.536,2026-09-11
20241212,2.549,2026-09-11
20241213,2.541,2026-09-11
20241216,2.553,2026-09-11
20241217,2.621,2026-09-11
20241218,2.536,2026-09-11
20241219,2.603,2026-09-11
20241220,2.629,2026-09-11
20241223,2.616,2026-09-11
20241224,2.626,2026-09-11
20241226,2.648,2026-09-11
20241227,2.634,2026-09-11
20241230,2.597,2026-09-11
20241231,2.596,2026-09-11
20250102,2.507,2026-09-11
20250103,2.482,2026-09-11
20250106,2.524,2026-09-11
20250107,2.508,2026-09-11
20250108,2.505,2026-09-11
20250109,2.5,2026-09-11
20250110,2.561,2026-09-11
20250113,2.664,2026-09-11
20250114,2.646,2026-09-11
20250115,2.675,2026-09-11
20250116,2.626,2026-09-11
20250117,2.588,2026-09-11
20250120,2.623,2026-09-11
20250121,2.579,2026-09-11
20250122,2.577,2026-09-11
20250123,2.578,2026-09-11
20250124,2.57,2026-09-11
20250131,2.573,2026-09-11
20250203,2.572,2026-09-11
20250204,2.584,2026-09-11
20250205,2.578,2026-09-11
20250206,2.582,2026-09-11
20250207,2.635,2026-09-11
20250210,2.638,2026-09-11
20250211,2.633,2026-09-11
20250212,2.651,2026-09-11
20250213,2.631,2026-09-11
20250214,2.611,2026-09-11
20250217,2.623,2026-09-11
20250218,2.641,2026-09-11
20250219,2.63,2026-09-11
20250220,2.628,2026-09-11
20250221,2.618,2026-09-11
20250224,2.61,2026-09-11
20250225,2.596,2026-09-11
20250226,2.591,2026-09-11
20250227,2.592,2026-09-11
20250228,2.566,2026-09-11
20250304,2.541,2026-09-11
20250305,2.565,2026-09-11
20250306,2.594,2026-09-11
20250307,2.565,2026-09-11
20250310,2.596,2026-09-11
20250311,2.56,2026-09-11
20250312,2.55,2026-09-11
20250313,2.57,2026-09-11
20250314,2.596,2026-09-11
20250317,2.601,2026-09-11
20250318,2.598,2026-09-11
20250319,2.621,2026-09-11
20250320,2.598,2026-09-11
20250321,2.597,2026-09-11
20250324,2.604,2026-09-11
20250325,2.612,2026-09-11
20250326,2.618,2026-09-11
20250327,2.622,2026-09-11
20250328,2.629,2026-09-11
20250331,2.569,2026-09-11
20250401,2.581,2026-09-11
20250402,2.584,2026-09-11
20250403,2.529,2026-09-11
20250404,2.461,2026-09-11
20250407,2.405,2026-09-11
20250408,2.413,2026-09-11
20250409,2.434,2026-09-11
20250410,2.437,2026-09-11
20250411,2.411,2026-09-11
20250414,2.408,2026-09-11
20250415,2.399,2026-09-11
20250416,2.351,2026-09-11
20250417,2.385,2026-09-11
20250418,2.362,2026-09-11
20250421,2.331,2026-09-11
20250422,2.33,2026-09-11
20250423,2.337,2026-09-11
20250424,2.341,2026-09-11
20250425,2.305,2026-09-11
20250428,2.316,2026-09-11
20250429,2.31,2026-09-11
20250430,2.267,2026-09-11
20250502,2.282,2026-09-11
20250507,2.253,2026-09-11
20250508,2.281,2026-09-11
20250509,2.331,2026-09-11
20250512,2.33,2026-09-11
20250513,2.37,2026-09-11
20250514,2.351,2026-09-11
20250515,2.362,2026-09-11
20250516,2.319,2026-09-11
20250519,2.366,2026-09-11
20250520,2.33,2026-09-11
20250521,2.345,2026-09-11
20250522,2.336,2026-09-11
20250523,2.338,2026-09-11
20250526,2.348,2026-09-11
20250527,2.34,2026-09-11
20250528,2.314,2026-09-11
20250529,2.341,2026-09-11
20250530,2.347,2026-09-11
20250602,2.34,2026-09-11
20250604,2.414,2026-09-11
20250605,2.412,2026-09-11
20250609,2.405,2026-09-11
20250610,2.385,2026-09-11
20250611,2.419,2026-09-11
20250612,2.429,2026-09-11
20250613,2.462,2026-09-11
20250616,2.483,2026-09-11
20250617,2.448,2026-09-11
20250618,2.472,2026-09-11
20250619,2.475,2026-09-11
20250620,2.463,2026-09-11
20250623,2.498,2026-09-11
20250624,2.461,2026-09-11
20250625,2.46,2026-09-11
20250626,2.454,2026-09-11
20250627,2.453,2026-09-11
20250630,2.452,2026-09-11
20250701,2.454,2026-09-11
20250702,2.483,2026-09-11
20250703,2.449,2026-09-11
20250704,2.467,2026-09-11
20250707,2.482,2026-09-11
20250708,2.477,2026-09-11
20250709,2.478,2026-09-11
20250710,2.433,2026-09-11
20250711,2.448,2026-09-11
20250714,2.474,2026-09-11
20250715,2.463,2026-09-11
20250716,2.459,2026-09-11
20250717,2.479,2026-09-11
20250718,2.474,2026-09-11
20250721,2.456,2026-09-11
20250722,2.463,2026-09-11
20250723,2.458,2026-09-11
20250724,2.467,2026-09-11
20250725,2.485,2026-09-11
20250728,2.464,2026-09-11
20250729,2.46,2026-09-11
20250730,2.454,2026-09-11
20250731,2.46,2026-09-11
20250801,2.478,2026-09-11
20250804,2.421,2026-09-11
20250805,2.425,2026-09-11
20250806,2.43,2026-09-11
20250807,2.408,2026-09-11
20250808,2.409,2026-09-11
20250811,2.42,2026-09-11
20250812,2.431,2026-09-11
20250813,2.417,2026-09-11
20250814,2.404,2026-09-11
20250818,2.426,2026-09-11
20250819,2.444,2026-09-11
20250820,2.441,2026-09-11
20250821,2.438,2026-09-11
20250822,2.456,2026-09-11
20250825,2.434,2026-09-11
20250826,2.422,2026-09-11
20250827,2.402,2026-09-11
20250828,2.416,2026-09-11
20250829,2.426,2026-09-11
20250901,2.435,2026-09-11
20250902,2.45,2026-09-11
20250903,2.475,2026-09-11
20250904,2.472,2026-09-11
20250905,2.46,2026-09-11
20250908,2.448,2026-09-11
20250909,2.425,2026-09-11
20250910,2.43,2026-09-11
20250911,2.42,2026-09-11
20250912,2.431,2026-09-11
20250915,2.443,2026-09-11
20250916,2.417,2026-09-11
20250917,2.418,2026-09-11
20250918,2.403,2026-09-11
20250919,2.441,2026-09-11
20250922,2.459,2026-09-11
20250923,2.46,2026-09-11
20250924,2.489,2026-09-11
20250925,2.528,2026-09-11
20250926,2.562,2026-09-11
20250929,2.563,2026-09-11
20250930,2.582,2026-09-11
20251001,2.596,2026-09-11
20251002,2.581,2026-09-11
20251010,2.591,2026-09-11
20251013,2.554,2026-09-11
20251014,2.533,2026-09-11
20251015,2.52,2026-09-11
20251016,2.569,2026-09-11
20251017,2.555,2026-09-11
20251020,2.569,2026-09-11
20251021,2.6,2026-09-11
20251022,2.572,2026-09-11
20251023,2.605,2026-09-11
20251024,2.591,2026-09-11
20251027,2.62,2026-09-11
20251028,2.633,2026-09-11
20251029,2.677,2026-09-11
20251030,2.732,2026-09-11
20251031,2.716,2026-09-11
20251103,2.741,2026-09-11
20251104,2.729,2026-09-11
20251105,2.767,2026-09-11
20251106,2.834,2026-09-11
20251107,2.894,2026-09-11
20251110,2.865,2026-09-11
20251111,2.831,2026-09-11
20251112,2.923,2026-09-11
20251113,2.932,2026-09-11
20251114,2.944,2026-09-11
20251117,2.914,2026-09-11
20251118,2.872,2026-09-11
20251119,2.869,2026-09-11
20251120,2.908,2026-09-11
20251121,2.872,2026-09-11
20251124,2.904,2026-09-11
20251125,2.902,2026-09-11
20251126,2.895,2026-09-11
20251127,3.013,2026-09-11
20251128,2.991,2026-09-11
20251201,3.045,2026-09-11
20251202,3.022,2026-09-11
20251203,3.041,2026-09-11
20251204,3.025,2026-09-11
20251205,2.994,2026-09-11
20251208,3.034,2026-09-11
20251209,3.084,2026-09-11
20251210,3.095,2026-09-11
20251211,3.101,2026-09-11
20251212,3.093,2026-09-11
20251215,3,2026-09-11
20251216,2.999,2026-09-11
20251217,2.996,2026-09-11
20251218,2.967,2026-09-11
20251219,3.01,2026-09-11
20251222,2.999,2026-09-11
20251223,2.963,2026-09-11
20251224,2.939,2026-09-11
20251226,2.958,2026-09-11
20251229,2.939,2026-09-11
20251230,2.952,2026-09-11
20251231,2.953,2026-09-11
20260102,2.935,2026-09-11
20260105,2.933,2026-09-11
20260106,2.948,2026-09-11
20260107,2.91,2026-09-11
20260108,2.902,2026-09-11
20260109,2.942,2026-09-11
20260112,2.98,2026-09-11
20260113,3.003,2026-09-11
20260114,2.996,2026-09-11
20260115,3.09,2026-09-11
20260116,3.08,2026-09-11
20260119,3.13,2026-09-11
20260120,3.191,2026-09-11
20260121,3.138,2026-09-11
20260122,3.109,2026-09-11
20260123,3.137,2026-09-11
20260126,3.096,2026-09-11
20260127,3.094,2026-09-11
20260128,3.067,2026-09-11
20260129,3.106,2026-09-11
20260130,3.138,2026-09-11
20260202,3.152,2026-09-11
20260203,3.189,2026-09-11
20260204,3.212,2026-09-11
20260205,3.204,2026-09-11
20260206,3.233,2026-09-11
20260209,3.267,2026-09-11
20260210,3.224,2026-09-11
20260211,3.2,2026-09-11
20260212,3.154,2026-09-11
20260213,3.142,2026-09-11
20260219,3.178,2026-09-11
20260220,3.143,2026-09-11
20260223,3.154,2026-09-11
20260224,3.158,2026-09-11
20260225,3.124,2026-09-11
20260226,3.062,2026-09-11
20260227,3.041,2026-09-11
20260303,3.18,2026-09-11
20260304,3.223,2026-09-11
20260305,3.189,2026-09-11
20260306,3.227,2026-09-11
20260309,3.42,2026-09-11
20260310,3.283,2026-09-11
20260311,3.253,2026-09-11
20260312,3.271,2026-09-11
20260313,3.338,2026-09-11
20260316,3.3,2026-09-11
20260317,3.324,2026-09-11
20260318,3.261,2026-09-11
20260319,3.329,2026-09-11
20260320,3.41,2026-09-11
20260323,3.617,2026-09-11
20260324,3.523,2026-09-11
20260325,3.558,2026-09-11
20260326,3.552,2026-09-11
20260327,3.582,2026-09-11
20260330,3.542,2026-09-11
20260331,3.552,2026-09-11
20260401,3.37,2026-09-11
20260402,3.477,2026-09-11
20260403,3.448,2026-09-11
20260406,3.432,2026-09-11
20260407,3.451,2026-09-11
20260408,3.315,2026-09-11
20260409,3.338,2026-09-11
20260410,3.36,2026-09-11
20260413,3.382,2026-09-11
20260414,3.339,2026-09-11
20260415,3.328,2026-09-11
20260416,3.34,2026-09-11
20260417,3.371,2026-09-11
20260420,3.348,2026-09-11
20260421,3.33,2026-09-11
20260422,3.365,2026-09-11
20260423,3.458,2026-09-11
20260424,3.496,2026-09-11
20260427,3.492,2026-09-11
20260428,3.529,2026-09-11
20260429,3.525,2026-09-11
20260430,3.595,2026-09-11
20260504,3.615,2026-09-11
20260506,3.595,2026-09-11
20260507,3.546,2026-09-11
20260508,3.569,2026-09-11
20260511,3.598,2026-09-11
20260512,3.674,2026-09-11
20260513,3.635,2026-09-11
20260514,3.654,2026-09-11
20260515,3.766,2026-09-11
20260518,3.757,2026-09-11
20260519,3.751,2026-09-11
20260520,3.76,2026-09-11
20260521,3.753,2026-09-11
20260522,3.736,2026-09-11
20260526,3.664,2026-09-11
20260527,3.711,2026-09-11
20260528,3.766,2026-09-11
20260529,3.731,2026-09-11
20260601,3.79,2026-09-11
20260602,3.773,2026-09-11
20260604,3.858,2026-09-11
20260605,3.882,2026-09-11
20260608,3.94,2026-09-11
20260609,3.856,2026-09-11
20260610,3.881,2026-09-11
20260611,3.904,2026-09-11
20260612,3.808,2026-09-11
20260615,3.744,2026-09-11
20260616,3.717,2026-09-11
20260617,3.71,2026-09-11
20260618,3.75,2026-09-11
20260619,3.784,2026-09-11
20260622,3.81,2026-09-11
20260623,3.77,2026-09-11
20260624,3.772,2026-09-11
20260625,3.757,2026-09-11
20260626,3.722,2026-09-11
20260629,3.733,2026-09-11
20260630,3.703,2026-09-11
20260701,3.791,2026-09-11
20260702,3.747,2026-09-11
20260703,3.748,2026-09-11
20260706,3.776,2026-09-11
20260707,3.78,2026-09-11
20260708,3.775,2026-09-11
20260709,3.778,2026-09-11
20260710,3.768,2026-09-11
20260713,3.809,2026-09-11
20260714,3.887,2026-09-11
20260715,3.866,2026-09-11
20260716,3.848,2026-09-11
20260720,3.895,2026-09-11
20260721,3.867,2026-09-11
20260722,3.913,2026-09-11
20260723,3.917,2026-09-11
20260724,3.959,2026-09-11
20260727,3.865,2026-09-11
20260728,3.829,2026-09-11
20260729,3.8,2026-09-11
20260730,3.831,2026-09-11
20260731,3.758,2026-09-11
20260803,3.742,2026-09-11
20260804,3.74,2026-09-11
20260805,3.669,2026-09-11
20260806,3.742,2026-09-11
20260807,3.746,2026-09-11
20260810,3.778,2026-09-11
20260811,3.808,2026-09-11
20260812,3.791,2026-09-11
20260813,3.781,2026-09-11
20260814,3.796,2026-09-11
20260818,3.847,2026-09-11
20260819,3.798,2026-09-11
20260820,3.811,2026-09-11
20260821,3.854,2026-09-11
20260824,3.836,2026-09-11
20260825,3.83,2026-09-11
20260826,3.816,2026-09-11
20260827,3.755,2026-09-11
20260828,3.788,2026-09-11
20260831,3.838,2026-09-11
20260901,3.878,2026-09-11
20260902,3.93,2026-09-11
20260903,3.888,2026-09-11
20260904,3.884,2026-09-11
20260907,3.9,2026-09-11
20260908,3.901,2026-09-11
20260909,3.91,2026-09-11
20260910,3.93,2026-09-11
