TIME,DATA_VALUE,retrieved_at
20001218,7.15,2026-09-11
20001219,7.2,2026-09-11
20001220,7.2,2026-09-11
20001221,7.24,2026-09-11
20001222,7.24,2026-09-11
20001226,7.25,2026-09-11
20001227,7.3,2026-09-11
20001228,7.26,2026-09-11
20001229,7.21,2026-09-11
20010102,7.18,2026-09-11
20010103,7.15,2026-09-11
20010104,6.85,2026-09-11
20010105,6.68,2026-09-11
20010108,6.6,2026-09-11
20010109,6.68,2026-09-11
20010110,6.69,2026-09-11
20010111,6.57,2026-09-11
20010112,6.6,2026-09-11
20010115,6.61,2026-09-11
20010116,6.6,2026-09-11
20010117,6.58,2026-09-11
20010118,6.53,2026-09-11
20010119,6.54,2026-09-11
20010122,6.54,2026-09-11
20010126,6.55,2026-09-11
20010129,6.55,2026-09-11
20010130,6.55,2026-09-11
20010131,6.54,2026-09-11
20010201,6.54,2026-09-11
20010202,6.48,2026-09-11
20010205,6.46,2026-09-11
20010206,6.42,2026-09-11
20010207,6.29,2026-09-11
20010208,6.27,2026-09-11
20010209,6.13,2026-09-11
20010212,5.93,2026-09-11
20010213,5.98,2026-09-11
20010214,6.03,2026-09-11
20010215,6.01,2026-09-11
20010216,6.1,2026-09-11
20010219,6.25,2026-09-11
20010220,6.23,2026-09-11
20010221,6.62,2026-09-11
20010222,6.75,2026-09-11
20010223,7.08,2026-09-11
20010226,6.99,2026-09-11
20010227,6.89,2026-09-11
20010228,6.49,2026-09-11
20010302,6.55,2026-09-11
20010305,6.58,2026-09-11
20010306,6.76,2026-09-11
20010307,7.01,2026-09-11
20010308,7.21,2026-09-11
20010309,7.03,2026-09-11
20010312,7.12,2026-09-11
20010313,7.12,2026-09-11
20010314,6.88,2026-09-11
20010315,6.75,2026-09-11
20010316,6.84,2026-09-11
20010319,6.9,2026-09-11
20010320,6.91,2026-09-11
20010321,7.05,2026-09-11
20010322,7.15,2026-09-11
20010323,7.09,2026-09-11
20010326,7.01,2026-09-11
20010327,7.02,2026-09-11
20010328,7.15,2026-09-11
20010329,7.32,2026-09-11
20010330,7.51,2026-09-11
20010402,7.76,2026-09-11
20010403,7.62,2026-09-11
20010404,7.82,2026-09-11
20010406,7.76,2026-09-11
20010409,7.72,2026-09-11
20010410,7.67,2026-09-11
20010411,7.63,2026-09-11
20010412,7.63,2026-09-11
20010413,7.62,2026-09-11
20010416,7.64,2026-09-11
20010417,7.63,2026-09-11
20010418,7.66,2026-09-11
20010419,7.66,2026-09-11
20010420,7.7,2026-09-11
20010423,7.82,2026-09-11
20010424,7.83,2026-09-11
20010425,7.85,2026-09-11
20010426,7.95,2026-09-11
20010427,7.9,2026-09-11
20010430,7.85,2026-09-11
20010502,7.64,2026-09-11
20010503,7.6,2026-09-11
20010504,7.58,2026-09-11
20010507,7.64,2026-09-11
20010508,7.63,2026-09-11
20010509,7.57,2026-09-11
20010510,7.57,2026-09-11
20010511,7.59,2026-09-11
20010514,7.65,2026-09-11
20010515,7.72,2026-09-11
20010516,7.73,2026-09-11
20010517,7.72,2026-09-11
20010518,7.7,2026-09-11
20010521,7.64,2026-09-11
20010522,7.62,2026-09-11
20010523,7.6,2026-09-11
20010524,7.51,2026-09-11
20010525,7.51,2026-09-11
20010528,7.4,2026-09-11
20010529,7.38,2026-09-11
20010530,7.29,2026-09-11
20010531,7.29,2026-09-11
20010601,7.28,2026-09-11
20010604,7.26,2026-09-11
20010605,7.34,2026-09-11
20010607,7.34,2026-09-11
20010608,7.25,2026-09-11
20010611,7.26,2026-09-11
20010612,7.28,2026-09-11
20010613,7.26,2026-09-11
20010614,7.24,2026-09-11
20010615,7.23,2026-09-11
20010618,7.39,2026-09-11
20010619,7.36,2026-09-11
20010620,7.16,2026-09-11
20010621,7.07,2026-09-11
20010622,7.01,2026-09-11
20010625,6.91,2026-09-11
20010626,6.91,2026-09-11
20010627,6.89,2026-09-11
20010628,6.8,2026-09-11
20010629,6.78,2026-09-11
20010702,6.84,2026-09-11
20010703,6.93,2026-09-11
20010704,6.93,2026-09-11
20010705,6.88,2026-09-11
20010706,6.87,2026-09-11
20010709,6.86,2026-09-11
20010710,6.86,2026-09-11
20010711,6.85,2026-09-11
20010712,6.84,2026-09-11
20010713,6.87,2026-09-11
20010716,6.89,2026-09-11
20010718,6.84,2026-09-11
20010719,6.77,2026-09-11
20010720,6.78,2026-09-11
20010723,6.8,2026-09-11
20010724,6.78,2026-09-11
20010725,6.75,2026-09-11
20010726,6.73,2026-09-11
20010727,6.76,2026-09-11
20010730,6.78,2026-09-11
20010731,6.78,2026-09-11
20010801,6.71,2026-09-11
20010802,6.71,2026-09-11
20010803,6.68,2026-09-11
20010806,6.69,2026-09-11
20010807,6.68,2026-09-11
20010808,6.66,2026-09-11
20010809,6.45,2026-09-11
20010810,6.33,2026-09-11
20010813,6.19,2026-09-11
20010814,6.22,2026-09-11
20010816,6.23,2026-09-11
20010817,6.14,2026-09-11
20010820,5.9,2026-09-11
20010821,5.93,2026-09-11
20010822,5.91,2026-09-11
20010823,6.01,2026-09-11
20010824,6.05,2026-09-11
20010827,6.16,2026-09-11
20010828,6.16,2026-09-11
20010829,6.08,2026-09-11
20010830,6.19,2026-09-11
20010831,6.24,2026-09-11
20010903,6.12,2026-09-11
20010904,6.12,2026-09-11
20010905,6.21,2026-09-11
20010906,6.26,2026-09-11
20010907,6.28,2026-09-11
20010910,6.3,2026-09-11
20010911,6.34,2026-09-11
20010912,6.18,2026-09-11
20010913,6.12,2026-09-11
20010914,6.08,2026-09-11
20010917,6.34,2026-09-11
20010918,6.3,2026-09-11
20010919,6.16,2026-09-11
20010920,6.2,2026-09-11
20010921,6.22,2026-09-11
20010924,6.22,2026-09-11
20010925,6.19,2026-09-11
20010926,6.18,2026-09-11
20010927,6.1,2026-09-11
20010928,6.03,2026-09-11
20011004,6.02,2026-09-11
20011005,6.08,2026-09-11
20011008,6.16,2026-09-11
20011009,6.15,2026-09-11
20011010,6.26,2026-09-11
20011011,6.53,2026-09-11
20011012,6.63,2026-09-11
20011015,6.49,2026-09-11
20011016,6.57,2026-09-11
20011017,6.6,2026-09-11
20011018,6.63,2026-09-11
20011019,6.56,2026-09-11
20011022,6.56,2026-09-11
20011023,6.63,2026-09-11
20011024,6.74,2026-09-11
20011025,6.84,2026-09-11
20011026,6.85,2026-09-11
20011029,6.85,2026-09-11
20011030,6.85,2026-09-11
20011031,6.85,2026-09-11
20011101,6.78,2026-09-11
20011102,6.73,2026-09-11
20011105,6.73,2026-09-11
20011106,6.65,2026-09-11
20011107,6.64,2026-09-11
20011108,6.63,2026-09-11
20011109,6.63,2026-09-11
20011112,6.64,2026-09-11
20011113,6.64,2026-09-11
20011114,6.83,2026-09-11
20011115,7.01,2026-09-11
20011116,7.01,2026-09-11
20011119,7.12,2026-09-11
20011120,7.01,2026-09-11
20011121,7.09,2026-09-11
20011122,7.18,2026-09-11
20011123,7.13,2026-09-11
20011126,7.1,2026-09-11
20011127,7.08,2026-09-11
20011128,6.92,2026-09-11
20011129,6.98,2026-09-11
20011130,6.88,2026-09-11
20011203,6.81,2026-09-11
20011204,6.87,2026-09-11
20011205,6.94,2026-09-11
20011206,7.16,2026-09-11
20011207,7.18,2026-09-11
20011210,7.2,2026-09-11
20011211,7.12,2026-09-11
20011212,7.12,2026-09-11
20011213,7.06,2026-09-11
20011214,6.99,2026-09-11
20011217,6.98,2026-09-11
20011218,6.91,2026-09-11
20011219,6.94,2026-09-11
20011220,6.99,2026-09-11
20011221,6.99,2026-09-11
20011224,6.99,2026-09-11
20011226,6.95,2026-09-11
20011227,6.98,2026-09-11
20011228,7.02,2026-09-11
20011231,7.02,2026-09-11
20020102,7.13,2026-09-11
20020103,7.12,2026-09-11
20020104,7.09,2026-09-11
20020107,7.06,2026-09-11
20020108,7.08,2026-09-11
20020109,7.09,2026-09-11
20020110,7.09,2026-09-11
20020111,7.03,2026-09-11
20020114,7.07,2026-09-11
20020115,7.04,2026-09-11
20020116,7.03,2026-09-11
20020117,7.04,2026-09-11
20020118,7.04,2026-09-11
20020121,7.09,2026-09-11
20020122,7.16,2026-09-11
20020123,7.16,2026-09-11
20020124,7.19,2026-09-11
20020125,7.16,2026-09-11
20020128,7.17,2026-09-11
20020129,7.16,2026-09-11
20020130,7.12,2026-09-11
20020131,7.11,2026-09-11
20020201,7.08,2026-09-11
20020204,7.08,2026-09-11
20020205,7.05,2026-09-11
20020206,7.04,2026-09-11
20020207,7,2026-09-11
20020208,7.02,2026-09-11
20020214,7.05,2026-09-11
20020215,7.04,2026-09-11
20020218,7.04,2026-09-11
20020219,7,2026-09-11
20020220,7,2026-09-11
20020221,6.96,2026-09-11
20020222,6.96,2026-09-11
20020225,6.93,2026-09-11
20020226,6.91,2026-09-11
20020227,6.91,2026-09-11
20020228,6.81,2026-09-11
20020304,6.9,2026-09-11
20020305,6.9,2026-09-11
20020306,6.96,2026-09-11
20020307,6.96,2026-09-11
20020308,7.06,2026-09-11
20020311,7.08,2026-09-11
20020312,7.08,2026-09-11
20020313,7.15,2026-09-11
20020314,7.15,2026-09-11
20020315,7.25,2026-09-11
20020318,7.31,2026-09-11
20020319,7.37,2026-09-11
20020320,7.35,2026-09-11
20020321,7.34,2026-09-11
20020322,7.32,2026-09-11
20020325,7.3,2026-09-11
20020326,7.33,2026-09-11
20020327,7.31,2026-09-11
20020328,7.26,2026-09-11
20020329,7.25,2026-09-11
20020401,7.3,2026-09-11
20020402,7.34,2026-09-11
20020403,7.34,2026-09-11
20020404,7.35,2026-09-11
20020408,7.34,2026-09-11
20020409,7.36,2026-09-11
20020410,7.33,2026-09-11
20020411,7.34,2026-09-11
20020412,7.3,2026-09-11
20020415,7.29,2026-09-11
20020416,7.31,2026-09-11
20020417,7.31,2026-09-11
20020418,7.29,2026-09-11
20020419,7.28,2026-09-11
20020422,7.29,2026-09-11
20020423,7.28,2026-09-11
20020424,7.27,2026-09-11
20020425,7.27,2026-09-11
20020426,7.25,2026-09-11
20020429,7.22,2026-09-11
20020430,7.22,2026-09-11
20020502,7.2,2026-09-11
20020503,7.18,2026-09-11
20020506,7.19,2026-09-11
20020507,7.22,2026-09-11
20020508,7.19,2026-09-11
20020509,7.2,2026-09-11
20020510,7.13,2026-09-11
20020513,7.09,2026-09-11
20020514,7.08,2026-09-11
20020515,7.09,2026-09-11
20020516,7.08,2026-09-11
20020517,7.08,2026-09-11
20020520,7.08,2026-09-11
20020521,7.06,2026-09-11
20020522,7.08,2026-09-11
20020523,7.05,2026-09-11
20020524,7.05,2026-09-11
20020527,7.05,2026-09-11
20020528,7.05,2026-09-11
20020529,7.02,2026-09-11
20020530,6.93,2026-09-11
20020531,6.92,2026-09-11
20020603,6.92,2026-09-11
20020604,6.88,2026-09-11
20020605,6.89,2026-09-11
20020607,6.86,2026-09-11
20020610,6.87,2026-09-11
20020611,6.88,2026-09-11
20020612,6.89,2026-09-11
20020614,6.89,2026-09-11
20020617,6.8,2026-09-11
20020618,6.78,2026-09-11
20020619,6.74,2026-09-11
20020620,6.74,2026-09-11
20020621,6.72,2026-09-11
20020624,6.7,2026-09-11
20020625,6.64,2026-09-11
20020626,6.46,2026-09-11
20020627,6.5,2026-09-11
20020628,6.51,2026-09-11
20020702,6.47,2026-09-11
20020703,6.48,2026-09-11
20020704,6.55,2026-09-11
20020705,6.68,2026-09-11
20020708,6.64,2026-09-11
20020709,6.68,2026-09-11
20020710,6.67,2026-09-11
20020711,6.6,2026-09-11
20020712,6.66,2026-09-11
20020715,6.64,2026-09-11
20020716,6.65,2026-09-11
20020718,6.66,2026-09-11
20020719,6.58,2026-09-11
20020722,6.38,2026-09-11
20020723,6.5,2026-09-11
20020724,6.44,2026-09-11
20020725,6.41,2026-09-11
20020726,6.35,2026-09-11
20020729,6.38,2026-09-11
20020730,6.47,2026-09-11
20020731,6.45,2026-09-11
20020801,6.4,2026-09-11
20020802,6.32,2026-09-11
20020805,6.16,2026-09-11
20020806,6.21,2026-09-11
20020807,6.19,2026-09-11
20020808,6.18,2026-09-11
20020809,6.18,2026-09-11
20020812,6.17,2026-09-11
20020813,6.17,2026-09-11
20020814,6.14,2026-09-11
20020816,6.16,2026-09-11
20020819,6.16,2026-09-11
20020820,6.18,2026-09-11
20020821,6.23,2026-09-11
20020822,6.25,2026-09-11
20020823,6.28,2026-09-11
20020826,6.35,2026-09-11
20020827,6.37,2026-09-11
20020828,6.36,2026-09-11
20020829,6.34,2026-09-11
20020830,6.26,2026-09-11
20020902,6.28,2026-09-11
20020903,6.22,2026-09-11
20020904,6.13,2026-09-11
20020905,6.12,2026-09-11
20020906,6.09,2026-09-11
20020909,6.1,2026-09-11
20020910,6.18,2026-09-11
20020911,6.28,2026-09-11
20020912,6.26,2026-09-11
20020913,6.17,2026-09-11
20020916,6.16,2026-09-11
20020917,6.28,2026-09-11
20020918,6.17,2026-09-11
20020919,6.18,2026-09-11
20020923,6.13,2026-09-11
20020924,6.11,2026-09-11
20020925,6.11,2026-09-11
20020926,6.1,2026-09-11
20020927,6.1,2026-09-11
20020930,6.1,2026-09-11
20021001,6.11,2026-09-11
20021002,6.11,2026-09-11
20021004,6.14,2026-09-11
20021007,6.14,2026-09-11
20021008,6.16,2026-09-11
20021009,6.16,2026-09-11
20021010,6.1,2026-09-11
20021011,6.1,2026-09-11
20021014,6.12,2026-09-11
20021015,6.13,2026-09-11
20021016,6.14,2026-09-11
20021017,6.19,2026-09-11
20021018,6.18,2026-09-11
20021021,6.15,2026-09-11
20021022,6.15,2026-09-11
20021023,6.15,2026-09-11
20021024,6.13,2026-09-11
20021025,6.11,2026-09-11
20021028,6.03,2026-09-11
20021029,6.01,2026-09-11
20021030,6.01,2026-09-11
20021031,5.98,2026-09-11
20021101,5.96,2026-09-11
20021104,5.99,2026-09-11
20021105,5.98,2026-09-11
20021106,5.99,2026-09-11
20021107,5.91,2026-09-11
20021108,5.85,2026-09-11
20021111,5.84,2026-09-11
20021112,5.78,2026-09-11
20021113,5.72,2026-09-11
20021114,5.69,2026-09-11
20021115,5.74,2026-09-11
20021118,5.67,2026-09-11
20021119,5.63,2026-09-11
20021120,5.65,2026-09-11
20021121,5.67,2026-09-11
20021122,5.7,2026-09-11
20021125,5.79,2026-09-11
20021126,5.77,2026-09-11
20021127,5.81,2026-09-11
20021128,5.85,2026-09-11
20021129,5.8,2026-09-11
20021202,5.87,2026-09-11
20021203,5.88,2026-09-11
20021204,5.85,2026-09-11
20021205,5.86,2026-09-11
20021206,5.86,2026-09-11
20021209,5.81,2026-09-11
20021210,5.81,2026-09-11
20021211,5.78,2026-09-11
20021212,5.78,2026-09-11
20021213,5.76,2026-09-11
20021216,5.76,2026-09-11
20021217,5.77,2026-09-11
20021218,5.76,2026-09-11
20021220,5.72,2026-09-11
20021223,5.71,2026-09-11
20021224,5.72,2026-09-11
20021226,5.69,2026-09-11
20021227,5.69,2026-09-11
20021230,5.63,2026-09-11
20021231,5.61,2026-09-11
20030102,5.57,2026-09-11
20030103,5.59,2026-09-11
20030106,5.59,2026-09-11
20030107,5.55,2026-09-11
20030108,5.52,2026-09-11
20030109,5.52,2026-09-11
20030110,5.49,2026-09-11
20030113,5.5,2026-09-11
20030114,5.46,2026-09-11
20030115,5.43,2026-09-11
20030116,5.42,2026-09-11
20030117,5.42,2026-09-11
20030120,5.42,2026-09-11
20030121,5.4,2026-09-11
20030122,5.37,2026-09-11
20030123,5.38,2026-09-11
20030124,5.38,2026-09-11
20030127,5.36,2026-09-11
20030128,5.25,2026-09-11
20030129,5.16,2026-09-11
20030130,5.19,2026-09-11
20030203,5.2,2026-09-11
20030204,5.17,2026-09-11
20030205,5.17,2026-09-11
20030206,5.1,2026-09-11
20030207,5.09,2026-09-11
20030210,5.09,2026-09-11
20030211,5.15,2026-09-11
20030212,5.2,2026-09-11
20030213,5.19,2026-09-11
20030214,5.19,2026-09-11
20030217,5.27,2026-09-11
20030218,5.26,2026-09-11
20030219,5.19,2026-09-11
20030220,5.2,2026-09-11
20030221,5.14,2026-09-11
20030224,5.14,2026-09-11
20030225,5.09,2026-09-11
20030226,5.05,2026-09-11
20030227,5.04,2026-09-11
20030228,5.07,2026-09-11
20030303,5.1,2026-09-11
20030304,5.06,2026-09-11
20030305,5.06,2026-09-11
20030306,5.06,2026-09-11
20030307,5.08,2026-09-11
20030310,5.1,2026-09-11
20030311,5.15,2026-09-11
20030312,5.59,2026-09-11
20030313,5.63,2026-09-11
20030314,5.5,2026-09-11
20030317,5.54,2026-09-11
20030318,5.43,2026-09-11
20030319,5.25,2026-09-11
20030320,5.21,2026-09-11
20030321,5.13,2026-09-11
20030324,5.09,2026-09-11
20030325,5.07,2026-09-11
20030326,5.02,2026-09-11
20030327,5,2026-09-11
20030328,5.06,2026-09-11
20030331,5.04,2026-09-11
20030401,5.04,2026-09-11
20030402,5.06,2026-09-11
20030403,5.04,2026-09-11
20030404,5.04,2026-09-11
20030407,5.08,2026-09-11
20030408,5.09,2026-09-11
20030409,5.11,2026-09-11
20030410,5.05,2026-09-11
20030411,5.02,2026-09-11
20030414,5.04,2026-09-11
20030415,5.04,2026-09-11
20030416,5.05,2026-09-11
20030417,5.05,2026-09-11
20030418,5.05,2026-09-11
20030421,5.06,2026-09-11
20030422,5.04,2026-09-11
20030423,5.02,2026-09-11
20030424,5.01,2026-09-11
20030425,4.99,2026-09-11
20030428,4.95,2026-09-11
20030429,4.96,2026-09-11
20030430,4.9,2026-09-11
20030502,4.84,2026-09-11
20030506,4.84,2026-09-11
20030507,4.83,2026-09-11
20030509,4.82,2026-09-11
20030512,4.84,2026-09-11
20030513,4.79,2026-09-11
20030514,4.72,2026-09-11
20030515,4.69,2026-09-11
20030516,4.69,2026-09-11
20030519,4.6,2026-09-11
20030520,4.63,2026-09-11
20030521,4.58,2026-09-11
20030522,4.62,2026-09-11
20030523,4.62,2026-09-11
20030526,4.64,2026-09-11
20030527,4.61,2026-09-11
20030528,4.55,2026-09-11
20030529,4.49,2026-09-11
20030530,4.47,2026-09-11
20030602,4.49,2026-09-11
20030603,4.46,2026-09-11
20030604,4.45,2026-09-11
20030605,4.44,2026-09-11
20030609,4.43,2026-09-11
20030610,4.4,2026-09-11
20030611,4.38,2026-09-11
20030612,4.4,2026-09-11
20030613,4.41,2026-09-11
20030616,4.34,2026-09-11
20030617,4.37,2026-09-11
20030618,4.35,2026-09-11
20030619,4.41,2026-09-11
20030620,4.5,2026-09-11
20030623,4.55,2026-09-11
20030624,4.53,2026-09-11
20030625,4.53,2026-09-11
20030626,4.56,2026-09-11
20030627,4.61,2026-09-11
20030630,4.61,2026-09-11
20030701,4.59,2026-09-11
20030702,4.54,2026-09-11
20030703,4.54,2026-09-11
20030704,4.66,2026-09-11
20030707,4.68,2026-09-11
20030708,4.74,2026-09-11
20030709,4.77,2026-09-11
20030710,4.85,2026-09-11
20030711,4.78,2026-09-11
20030714,4.94,2026-09-11
20030715,5,2026-09-11
20030716,5.14,2026-09-11
20030718,5.13,2026-09-11
20030721,5.12,2026-09-11
20030722,5.15,2026-09-11
20030723,5.12,2026-09-11
20030724,5.13,2026-09-11
20030725,5.15,2026-09-11
20030728,5.19,2026-09-11
20030729,5.24,2026-09-11
20030730,5.2,2026-09-11
20030731,5.24,2026-09-11
20030801,5.39,2026-09-11
20030804,5.34,2026-09-11
20030805,5.32,2026-09-11
20030806,5.31,2026-09-11
20030807,5.27,2026-09-11
20030808,5.17,2026-09-11
20030811,5.2,2026-09-11
20030812,5.19,2026-09-11
20030813,5.18,2026-09-11
20030814,5.24,2026-09-11
20030818,5.34,2026-09-11
20030819,5.34,2026-09-11
20030820,5.32,2026-09-11
20030821,5.32,2026-09-11
20030822,5.32,2026-09-11
20030825,5.25,2026-09-11
20030826,5.23,2026-09-11
20030827,5.22,2026-09-11
20030828,5.15,2026-09-11
20030829,5.05,2026-09-11
20030901,5.03,2026-09-11
20030902,5.03,2026-09-11
20030903,5.02,2026-09-11
20030904,4.89,2026-09-11
20030905,4.87,2026-09-11
20030908,4.8,2026-09-11
20030909,4.88,2026-09-11
20030915,4.8,2026-09-11
20030916,4.81,2026-09-11
20030917,4.75,2026-09-11
20030918,4.72,2026-09-11
20030919,4.64,2026-09-11
20030922,4.63,2026-09-11
20030923,4.56,2026-09-11
20030924,4.56,2026-09-11
20030925,4.69,2026-09-11
20030926,4.69,2026-09-11
20030929,4.66,2026-09-11
20030930,4.66,2026-09-11
20031001,4.55,2026-09-11
20031002,4.54,2026-09-11
20031006,4.62,2026-09-11
20031007,4.62,2026-09-11
20031008,4.67,2026-09-11
20031009,4.67,2026-09-11
20031010,4.74,2026-09-11
20031013,4.74,2026-09-11
20031014,4.8,2026-09-11
20031015,4.8,2026-09-11
20031016,4.9,2026-09-11
20031017,4.91,2026-09-11
20031020,5,2026-09-11
20031021,5.02,2026-09-11
20031022,5.03,2026-09-11
20031023,4.99,2026-09-11
20031024,5.07,2026-09-11
20031027,5.1,2026-09-11
20031028,5.11,2026-09-11
20031029,5.02,2026-09-11
20031030,5.11,2026-09-11
20031031,5.09,2026-09-11
20031103,5.17,2026-09-11
20031104,5.25,2026-09-11
20031105,5.29,2026-09-11
20031106,5.29,2026-09-11
20031107,5.36,2026-09-11
20031110,5.3,2026-09-11
20031111,5.3,2026-09-11
20031112,5.37,2026-09-11
20031113,5.44,2026-09-11
20031114,5.45,2026-09-11
20031117,5.45,2026-09-11
20031118,5.53,2026-09-11
20031119,5.45,2026-09-11
20031120,5.32,2026-09-11
20031121,5.29,2026-09-11
20031124,5.29,2026-09-11
20031125,5.3,2026-09-11
20031126,5.29,2026-09-11
20031127,5.33,2026-09-11
20031128,5.43,2026-09-11
20031201,5.52,2026-09-11
20031202,5.52,2026-09-11
20031203,5.55,2026-09-11
20031204,5.55,2026-09-11
20031205,5.5,2026-09-11
20031208,5.43,2026-09-11
20031209,5.46,2026-09-11
20031210,5.45,2026-09-11
20031211,5.4,2026-09-11
20031212,5.4,2026-09-11
20031215,5.5,2026-09-11
20031216,5.43,2026-09-11
20031217,5.43,2026-09-11
20031218,5.43,2026-09-11
20031219,5.41,2026-09-11
20031222,5.39,2026-09-11
20031223,5.38,2026-09-11
20031224,5.36,2026-09-11
20031226,5.32,2026-09-11
20031229,5.32,2026-09-11
20031230,5.37,2026-09-11
20031231,5.38,2026-09-11
20040102,5.36,2026-09-11
20040105,5.42,2026-09-11
20040106,5.42,2026-09-11
20040107,5.43,2026-09-11
20040108,5.47,2026-09-11
20040109,5.45,2026-09-11
20040112,5.37,2026-09-11
20040113,5.34,2026-09-11
20040114,5.33,2026-09-11
20040115,5.31,2026-09-11
20040116,5.33,2026-09-11
20040119,5.48,2026-09-11
20040120,5.49,2026-09-11
20040126,5.49,2026-09-11
20040127,5.47,2026-09-11
20040128,5.44,2026-09-11
20040129,5.49,2026-09-11
20040130,5.5,2026-09-11
20040202,5.5,2026-09-11
20040203,5.47,2026-09-11
20040204,5.46,2026-09-11
20040205,5.47,2026-09-11
20040206,5.48,2026-09-11
20040209,5.44,2026-09-11
20040210,5.43,2026-09-11
20040211,5.42,2026-09-11
20040212,5.39,2026-09-11
20040213,5.41,2026-09-11
20040216,5.46,2026-09-11
20040217,5.43,2026-09-11
20040218,5.4,2026-09-11
20040219,5.4,2026-09-11
20040220,5.4,2026-09-11
20040223,5.44,2026-09-11
20040224,5.42,2026-09-11
20040225,5.38,2026-09-11
20040226,5.42,2026-09-11
20040227,5.43,2026-09-11
20040302,5.39,2026-09-11
20040303,5.41,2026-09-11
20040304,5.4,2026-09-11
20040305,5.39,2026-09-11
20040308,5.3,2026-09-11
20040309,5.29,2026-09-11
20040310,5.29,2026-09-11
20040311,5.23,2026-09-11
20040312,5.21,2026-09-11
20040315,5.23,2026-09-11
20040316,5.27,2026-09-11
20040317,5.25,2026-09-11
20040318,5.23,2026-09-11
20040319,5.23,2026-09-11
20040322,5.21,2026-09-11
20040323,5.11,2026-09-11
20040324,5.11,2026-09-11
20040325,5.11,2026-09-11
20040326,5.22,2026-09-11
20040329,5.27,2026-09-11
20040330,5.25,2026-09-11
20040331,5.21,2026-09-11
20040401,5.12,2026-09-11
20040402,5.14,2026-09-11
20040406,5.32,2026-09-11
20040407,5.26,2026-09-11
20040408,5.25,2026-09-11
20040409,5.19,2026-09-11
20040412,5.24,2026-09-11
20040413,5.25,2026-09-11
20040414,5.33,2026-09-11
20040416,5.29,2026-09-11
20040419,5.3,2026-09-11
20040420,5.29,2026-09-11
20040421,5.34,2026-09-11
20040422,5.31,2026-09-11
20040423,5.26,2026-09-11
20040426,5.25,2026-09-11
20040427,5.24,2026-09-11
20040428,5.23,2026-09-11
20040429,5.22,2026-09-11
20040430,5.18,2026-09-11
20040503,5.23,2026-09-11
20040504,5.23,2026-09-11
20040506,5.2,2026-09-11
20040507,5.18,2026-09-11
20040510,5.19,2026-09-11
20040511,5.2,2026-09-11
20040512,5.19,2026-09-11
20040513,5.17,2026-09-11
20040514,5.15,2026-09-11
20040517,5.17,2026-09-11
20040518,5.18,2026-09-11
20040519,5.2,2026-09-11
20040520,5.2,2026-09-11
20040521,5.16,2026-09-11
20040524,5.15,2026-09-11
20040525,5.12,2026-09-11
20040527,5.08,2026-09-11
20040528,5,2026-09-11
20040531,4.95,2026-09-11
20040601,4.98,2026-09-11
20040602,4.97,2026-09-11
20040603,4.88,2026-09-11
20040604,4.88,2026-09-11
20040607,4.9,2026-09-11
20040608,4.92,2026-09-11
20040609,4.96,2026-09-11
20040610,4.94,2026-09-11
20040611,4.94,2026-09-11
20040614,5.02,2026-09-11
20040615,5.05,2026-09-11
20040616,5.01,2026-09-11
20040617,5.09,2026-09-11
20040618,5.1,2026-09-11
20040621,5.15,2026-09-11
20040622,5.13,2026-09-11
20040623,5.12,2026-09-11
20040624,5.1,2026-09-11
20040625,5.09,2026-09-11
20040628,5.06,2026-09-11
20040629,5.06,2026-09-11
20040630,4.97,2026-09-11
20040701,4.93,2026-09-11
20040702,4.95,2026-09-11
20040705,4.9,2026-09-11
20040706,4.9,2026-09-11
20040707,4.89,2026-09-11
20040708,4.92,2026-09-11
20040709,4.92,2026-09-11
20040712,4.96,2026-09-11
20040713,4.96,2026-09-11
20040714,4.94,2026-09-11
20040715,4.93,2026-09-11
20040716,4.93,2026-09-11
20040719,4.92,2026-09-11
20040720,4.9,2026-09-11
20040721,4.91,2026-09-11
20040722,4.91,2026-09-11
20040723,4.89,2026-09-11
20040726,4.82,2026-09-11
20040727,4.77,2026-09-11
20040728,4.74,2026-09-11
20040729,4.72,2026-09-11
20040730,4.69,2026-09-11
20040802,4.66,2026-09-11
20040803,4.61,2026-09-11
20040804,4.55,2026-09-11
20040805,4.61,2026-09-11
20040806,4.63,2026-09-11
20040809,4.57,2026-09-11
20040810,4.5,2026-09-11
20040811,4.48,2026-09-11
20040812,4.31,2026-09-11
20040813,4.19,2026-09-11
20040816,4.22,2026-09-11
20040817,4.19,2026-09-11
20040818,4.18,2026-09-11
20040819,4.18,2026-09-11
20040820,4.2,2026-09-11
20040823,4.25,2026-09-11
20040824,4.23,2026-09-11
20040825,4.15,2026-09-11
20040826,4.14,2026-09-11
20040827,4.13,2026-09-11
20040830,4.12,2026-09-11
20040831,4.11,2026-09-11
20040901,4.15,2026-09-11
20040902,4.17,2026-09-11
20040903,4.16,2026-09-11
20040906,4.17,2026-09-11
20040907,4.17,2026-09-11
20040908,4.15,2026-09-11
20040909,4.18,2026-09-11
20040910,4.18,2026-09-11
20040913,4.22,2026-09-11
20040914,4.21,2026-09-11
20040915,4.2,2026-09-11
20040916,4.19,2026-09-11
20040917,4.15,2026-09-11
20040920,4.11,2026-09-11
20040921,4.05,2026-09-11
20040922,4.04,2026-09-11
20040923,4.04,2026-09-11
20040924,4.04,2026-09-11
20040930,4.02,2026-09-11
20041001,3.99,2026-09-11
20041004,3.88,2026-09-11
20041005,3.87,2026-09-11
20041006,3.94,2026-09-11
20041007,4.14,2026-09-11
20041008,4.22,2026-09-11
20041011,4.18,2026-09-11
20041012,4.17,2026-09-11
20041013,4.15,2026-09-11
20041014,4.07,2026-09-11
20041015,4.06,2026-09-11
20041018,4.09,2026-09-11
20041019,4.1,2026-09-11
20041020,4.09,2026-09-11
20041021,4.07,2026-09-11
20041022,4.04,2026-09-11
20041025,4.02,2026-09-11
20041026,3.98,2026-09-11
20041027,3.98,2026-09-11
20041028,3.99,2026-09-11
20041029,3.95,2026-09-11
20041101,3.97,2026-09-11
20041102,4,2026-09-11
20041103,4.06,2026-09-11
20041104,4.04,2026-09-11
20041105,4.06,2026-09-11
20041108,3.99,2026-09-11
20041109,3.99,2026-09-11
20041110,4.07,2026-09-11
20041111,3.88,2026-09-11
20041112,3.89,2026-09-11
20041115,3.93,2026-09-11
20041116,3.91,2026-09-11
20041117,3.91,2026-09-11
20041118,3.97,2026-09-11
20041119,3.95,2026-09-11
20041122,3.96,2026-09-11
20041123,3.93,2026-09-11
20041124,3.93,2026-09-11
20041125,3.92,2026-09-11
20041126,3.91,2026-09-11
20041129,3.93,2026-09-11
20041130,3.93,2026-09-11
20041201,3.91,2026-09-11
20041202,3.92,2026-09-11
20041203,3.93,2026-09-11
20041206,3.9,2026-09-11
20041207,3.87,2026-09-11
20041208,3.88,2026-09-11
20041209,3.89,2026-09-11
20041210,3.91,2026-09-11
20041213,3.91,2026-09-11
20041214,3.86,2026-09-11
20041215,3.84,2026-09-11
20041216,3.82,2026-09-11
20041217,3.82,2026-09-11
20041220,3.83,2026-09-11
20041221,3.81,2026-09-11
20041222,3.81,2026-09-11
20041223,3.81,2026-09-11
20041224,3.81,2026-09-11
20041227,3.82,2026-09-11
20041228,3.83,2026-09-11
20041229,3.82,2026-09-11
20041230,3.82,2026-09-11
20041231,3.81,2026-09-11
20050103,3.93,2026-09-11
20050104,3.99,2026-09-11
20050105,4,2026-09-11
20050106,4.13,2026-09-11
20050107,4.13,2026-09-11
20050110,4.16,2026-09-11
20050111,4.31,2026-09-11
20050112,4.32,2026-09-11
20050113,4.38,2026-09-11
20050114,4.52,2026-09-11
20050117,4.63,2026-09-11
20050118,4.47,2026-09-11
20050119,4.44,2026-09-11
20050120,4.46,2026-09-11
20050121,4.68,2026-09-11
20050124,4.69,2026-09-11
20050125,4.67,2026-09-11
20050126,4.66,2026-09-11
20050127,4.63,2026-09-11
20050128,4.75,2026-09-11
20050131,4.85,2026-09-11
20050201,4.8,2026-09-11
20050202,4.8,2026-09-11
20050203,4.8,2026-09-11
20050204,4.87,2026-09-11
20050207,4.99,2026-09-11
20050211,5.11,2026-09-11
20050214,5.09,2026-09-11
20050215,4.97,2026-09-11
20050216,4.88,2026-09-11
20050217,4.92,2026-09-11
20050218,4.8,2026-09-11
20050221,4.85,2026-09-11
20050222,4.88,2026-09-11
20050223,4.86,2026-09-11
20050224,4.82,2026-09-11
20050225,4.78,2026-09-11
20050228,4.74,2026-09-11
20050302,4.79,2026-09-11
20050303,4.8,2026-09-11
20050304,4.87,2026-09-11
20050307,4.86,2026-09-11
20050308,4.82,2026-09-11
20050309,4.81,2026-09-11
20050310,4.76,2026-09-11
20050311,4.76,2026-09-11
20050314,4.73,2026-09-11
20050315,4.72,2026-09-11
20050316,4.7,2026-09-11
20050317,4.68,2026-09-11
20050318,4.65,2026-09-11
20050321,4.7,2026-09-11
20050322,4.69,2026-09-11
20050323,4.77,2026-09-11
20050324,4.86,2026-09-11
20050325,4.92,2026-09-11
20050328,4.89,2026-09-11
20050329,4.76,2026-09-11
20050330,4.72,2026-09-11
20050331,4.74,2026-09-11
20050401,4.72,2026-09-11
20050404,4.72,2026-09-11
20050406,4.72,2026-09-11
20050407,4.68,2026-09-11
20050408,4.66,2026-09-11
20050411,4.68,2026-09-11
20050412,4.73,2026-09-11
20050413,4.75,2026-09-11
20050414,4.74,2026-09-11
20050415,4.68,2026-09-11
20050418,4.7,2026-09-11
20050419,4.71,2026-09-11
20050420,4.67,2026-09-11
20050421,4.66,2026-09-11
20050422,4.67,2026-09-11
20050425,4.65,2026-09-11
20050426,4.65,2026-09-11
20050427,4.66,2026-09-11
20050428,4.65,2026-09-11
20050429,4.59,2026-09-11
20050502,4.57,2026-09-11
20050503,4.53,2026-09-11
20050504,4.53,2026-09-11
20050506,4.53,2026-09-11
20050509,4.54,2026-09-11
20050510,4.54,2026-09-11
20050511,4.54,2026-09-11
20050512,4.5,2026-09-11
20050513,4.44,2026-09-11
20050516,4.4,2026-09-11
20050517,4.4,2026-09-11
20050518,4.38,2026-09-11
20050519,4.35,2026-09-11
20050520,4.35,2026-09-11
20050523,4.37,2026-09-11
20050524,4.33,2026-09-11
20050525,4.31,2026-09-11
20050526,4.27,2026-09-11
20050527,4.33,2026-09-11
20050530,4.33,2026-09-11
20050531,4.31,2026-09-11
20050601,4.27,2026-09-11
20050602,4.23,2026-09-11
20050603,4.2,2026-09-11
20050607,4.21,2026-09-11
20050608,4.2,2026-09-11
20050609,4.2,2026-09-11
20050610,4.23,2026-09-11
20050613,4.4,2026-09-11
20050614,4.43,2026-09-11
20050615,4.58,2026-09-11
20050616,4.55,2026-09-11
20050617,4.55,2026-09-11
20050620,4.54,2026-09-11
20050621,4.56,2026-09-11
20050622,4.67,2026-09-11
20050623,4.67,2026-09-11
20050624,4.6,2026-09-11
20050627,4.54,2026-09-11
20050628,4.54,2026-09-11
20050629,4.64,2026-09-11
20050630,4.78,2026-09-11
20050701,4.72,2026-09-11
20050704,4.83,2026-09-11
20050705,4.8,2026-09-11
20050706,4.77,2026-09-11
20050707,4.77,2026-09-11
20050708,4.76,2026-09-11
20050711,4.8,2026-09-11
20050712,4.82,2026-09-11
20050713,4.93,2026-09-11
20050714,4.97,2026-09-11
20050715,4.99,2026-09-11
20050718,5,2026-09-11
20050719,5.04,2026-09-11
20050720,5.01,2026-09-11
20050721,4.92,2026-09-11
20050722,4.83,2026-09-11
20050725,4.84,2026-09-11
20050726,4.96,2026-09-11
20050727,4.97,2026-09-11
20050728,5.02,2026-09-11
20050729,5.02,2026-09-11
20050801,5.17,2026-09-11
20050802,5.11,2026-09-11
20050803,5.12,2026-09-11
20050804,5.12,2026-09-11
20050805,5.15,2026-09-11
20050808,5.16,2026-09-11
20050809,5.21,2026-09-11
20050810,5.13,2026-09-11
20050811,5.12,2026-09-11
20050812,5.08,2026-09-11
20050816,5.05,2026-09-11
20050817,5.05,2026-09-11
20050818,5.04,2026-09-11
20050819,4.99,2026-09-11
20050822,5.03,2026-09-11
20050823,5.15,2026-09-11
20050824,5.12,2026-09-11
20050825,5.13,2026-09-11
20050826,5.06,2026-09-11
20050829,5,2026-09-11
20050830,4.89,2026-09-11
20050831,4.83,2026-09-11
20050901,4.84,2026-09-11
20050902,4.82,2026-09-11
20050905,4.8,2026-09-11
20050906,4.86,2026-09-11
20050907,4.95,2026-09-11
20050908,5.14,2026-09-11
20050909,5.18,2026-09-11
20050912,5.12,2026-09-11
20050913,5.18,2026-09-11
20050914,5.18,2026-09-11
20050915,5.24,2026-09-11
20050916,5.33,2026-09-11
20050920,5.33,2026-09-11
20050921,5.29,2026-09-11
20050922,5.29,2026-09-11
20050923,5.35,2026-09-11
20050926,5.41,2026-09-11
20050927,5.37,2026-09-11
20050928,5.19,2026-09-11
20050929,5.14,2026-09-11
20050930,5.11,2026-09-11
20051004,5.32,2026-09-11
20051005,5.32,2026-09-11
20051006,5.22,2026-09-11
20051007,5.18,2026-09-11
20051010,5.22,2026-09-11
20051011,5.18,2026-09-11
20051012,5.21,2026-09-11
20051013,5.3,2026-09-11
20051014,5.35,2026-09-11
20051017,5.45,2026-09-11
20051018,5.45,2026-09-11
20051019,5.38,2026-09-11
20051020,5.37,2026-09-11
20051021,5.4,2026-09-11
20051024,5.45,2026-09-11
20051025,5.47,2026-09-11
20051026,5.48,2026-09-11
20051027,5.54,2026-09-11
20051028,5.5,2026-09-11
20051031,5.49,2026-09-11
20051101,5.46,2026-09-11
20051102,5.52,2026-09-11
20051103,5.59,2026-09-11
20051104,5.61,2026-09-11
20051107,5.64,2026-09-11
20051108,5.7,2026-09-11
20051109,5.69,2026-09-11
20051110,5.76,2026-09-11
20051111,5.78,2026-09-11
20051114,5.78,2026-09-11
20051115,5.85,2026-09-11
20051116,5.83,2026-09-11
20051117,5.79,2026-09-11
20051118,5.72,2026-09-11
20051121,5.76,2026-09-11
20051122,5.71,2026-09-11
20051123,5.67,2026-09-11
20051124,5.63,2026-09-11
20051125,5.63,2026-09-11
20051128,5.6,2026-09-11
20051129,5.63,2026-09-11
20051130,5.69,2026-09-11
20051201,5.73,2026-09-11
20051202,5.74,2026-09-11
20051205,5.84,2026-09-11
20051206,5.84,2026-09-11
20051207,5.81,2026-09-11
20051208,5.61,2026-09-11
20051209,5.51,2026-09-11
20051212,5.59,2026-09-11
20051213,5.56,2026-09-11
20051214,5.47,2026-09-11
20051215,5.49,2026-09-11
20051216,5.51,2026-09-11
20051219,5.46,2026-09-11
20051220,5.47,2026-09-11
20051221,5.51,2026-09-11
20051222,5.53,2026-09-11
20051223,5.57,2026-09-11
20051226,5.57,2026-09-11
20051227,5.59,2026-09-11
20051228,5.54,2026-09-11
20051229,5.62,2026-09-11
20051230,5.62,2026-09-11
20060102,5.72,2026-09-11
20060103,5.68,2026-09-11
20060104,5.62,2026-09-11
20060105,5.71,2026-09-11
20060106,5.7,2026-09-11
20060109,5.66,2026-09-11
20060110,5.69,2026-09-11
20060111,5.67,2026-09-11
20060112,5.57,2026-09-11
20060113,5.54,2026-09-11
20060116,5.59,2026-09-11
20060117,5.58,2026-09-11
20060118,5.51,2026-09-11
20060119,5.52,2026-09-11
20060120,5.51,2026-09-11
20060123,5.5,2026-09-11
20060124,5.54,2026-09-11
20060125,5.49,2026-09-11
20060126,5.45,2026-09-11
20060127,5.45,2026-09-11
20060131,5.44,2026-09-11
20060201,5.38,2026-09-11
20060202,5.39,2026-09-11
20060203,5.43,2026-09-11
20060206,5.4,2026-09-11
20060207,5.42,2026-09-11
20060208,5.42,2026-09-11
20060209,5.28,2026-09-11
20060210,5.27,2026-09-11
20060213,5.29,2026-09-11
20060214,5.24,2026-09-11
20060215,5.2,2026-09-11
20060216,5.21,2026-09-11
20060217,5.23,2026-09-11
20060220,5.23,2026-09-11
20060221,5.21,2026-09-11
20060222,5.19,2026-09-11
20060223,5.19,2026-09-11
20060224,5.18,2026-09-11
20060227,5.22,2026-09-11
20060228,5.25,2026-09-11
20060302,5.3,2026-09-11
20060303,5.33,2026-09-11
20060306,5.41,2026-09-11
20060307,5.5,2026-09-11
20060308,5.46,2026-09-11
20060309,5.38,2026-09-11
20060310,5.31,2026-09-11
20060313,5.4,2026-09-11
20060314,5.38,2026-09-11
20060315,5.37,2026-09-11
20060316,5.43,2026-09-11
20060317,5.42,2026-09-11
20060320,5.46,2026-09-11
20060321,5.47,2026-09-11
20060322,5.47,2026-09-11
20060323,5.47,2026-09-11
20060324,5.49,2026-09-11
20060327,5.49,2026-09-11
20060328,5.44,2026-09-11
20060329,5.41,2026-09-11
20060330,5.41,2026-09-11
20060331,5.44,2026-09-11
20060403,5.49,2026-09-11
20060404,5.51,2026-09-11
20060405,5.49,2026-09-11
20060406,5.46,2026-09-11
20060407,5.42,2026-09-11
20060410,5.48,2026-09-11
20060411,5.48,2026-09-11
20060412,5.5,2026-09-11
20060413,5.54,2026-09-11
20060414,5.58,2026-09-11
20060417,5.56,2026-09-11
20060418,5.54,2026-09-11
20060419,5.46,2026-09-11
20060420,5.46,2026-09-11
20060421,5.39,2026-09-11
20060424,5.36,2026-09-11
20060425,5.38,2026-09-11
20060426,5.33,2026-09-11
20060427,5.33,2026-09-11
20060428,5.25,2026-09-11
20060502,5.26,2026-09-11
20060503,5.27,2026-09-11
20060504,5.22,2026-09-11
20060508,5.22,2026-09-11
20060509,5.22,2026-09-11
20060510,5.23,2026-09-11
20060511,5.17,2026-09-11
20060512,5.17,2026-09-11
20060515,5.23,2026-09-11
20060516,5.23,2026-09-11
20060517,5.21,2026-09-11
20060518,5.2,2026-09-11
20060519,5.16,2026-09-11
20060522,5.17,2026-09-11
20060523,5.2,2026-09-11
20060524,5.19,2026-09-11
20060525,5.18,2026-09-11
20060526,5.19,2026-09-11
20060529,5.18,2026-09-11
20060530,5.15,2026-09-11
20060601,5.14,2026-09-11
20060602,5.17,2026-09-11
20060605,5.17,2026-09-11
20060607,5.19,2026-09-11
20060608,5.18,2026-09-11
20060609,5.17,2026-09-11
20060612,5.19,2026-09-11
20060613,5.19,2026-09-11
20060614,5.21,2026-09-11
20060615,5.25,2026-09-11
20060616,5.25,2026-09-11
20060619,5.3,2026-09-11
20060620,5.31,2026-09-11
20060621,5.29,2026-09-11
20060622,5.3,2026-09-11
20060623,5.36,2026-09-11
20060626,5.34,2026-09-11
20060627,5.34,2026-09-11
20060628,5.34,2026-09-11
20060629,5.3,2026-09-11
20060630,5.2,2026-09-11
20060703,5.19,2026-09-11
20060704,5.18,2026-09-11
20060705,5.17,2026-09-11
20060706,5.18,2026-09-11
20060707,5.25,2026-09-11
20060710,5.26,2026-09-11
20060711,5.22,2026-09-11
20060712,5.22,2026-09-11
20060713,5.2,2026-09-11
20060714,5.19,2026-09-11
20060718,5.15,2026-09-11
20060719,5.15,2026-09-11
20060720,5.12,2026-09-11
20060721,5.12,2026-09-11
20060724,5.12,2026-09-11
20060725,5.13,2026-09-11
20060726,5.12,2026-09-11
20060727,5.1,2026-09-11
20060728,5.08,2026-09-11
20060731,5.05,2026-09-11
20060801,4.97,2026-09-11
20060802,4.98,2026-09-11
20060803,4.98,2026-09-11
20060804,5,2026-09-11
20060807,4.99,2026-09-11
20060808,4.96,2026-09-11
20060809,4.96,2026-09-11
20060810,4.98,2026-09-11
20060811,4.88,2026-09-11
20060814,4.94,2026-09-11
20060816,4.95,2026-09-11
20060817,4.89,2026-09-11
20060818,4.88,2026-09-11
20060821,4.9,2026-09-11
20060822,4.9,2026-09-11
20060823,4.88,2026-09-11
20060824,4.91,2026-09-11
20060825,4.9,2026-09-11
20060828,4.91,2026-09-11
20060829,4.93,2026-09-11
20060830,4.96,2026-09-11
20060831,4.96,2026-09-11
20060901,4.9,2026-09-11
20060904,4.89,2026-09-11
20060905,4.91,2026-09-11
20060906,4.96,2026-09-11
20060907,4.9,2026-09-11
20060908,4.9,2026-09-11
20060911,4.91,2026-09-11
20060912,4.91,2026-09-11
20060913,4.9,2026-09-11
20060914,4.91,2026-09-11
20060915,4.91,2026-09-11
20060918,4.94,2026-09-11
20060919,4.94,2026-09-11
20060920,4.9,2026-09-11
20060921,4.89,2026-09-11
20060922,4.85,2026-09-11
20060925,4.87,2026-09-11
20060926,4.86,2026-09-11
20060927,4.84,2026-09-11
20060928,4.83,2026-09-11
20060929,4.73,2026-09-11
20061002,4.75,2026-09-11
20061004,4.72,2026-09-11
20061009,4.73,2026-09-11
20061010,4.72,2026-09-11
20061011,4.76,2026-09-11
20061012,4.77,2026-09-11
20061013,4.79,2026-09-11
20061016,4.81,2026-09-11
20061017,4.79,2026-09-11
20061018,4.79,2026-09-11
20061019,4.75,2026-09-11
20061020,4.75,2026-09-11
20061023,4.78,2026-09-11
20061024,4.85,2026-09-11
20061025,4.85,2026-09-11
20061026,4.83,2026-09-11
20061027,4.84,2026-09-11
20061030,4.9,2026-09-11
20061031,4.91,2026-09-11
20061101,4.87,2026-09-11
20061102,4.81,2026-09-11
20061103,4.81,2026-09-11
20061106,4.92,2026-09-11
20061107,4.93,2026-09-11
20061108,4.97,2026-09-11
20061109,4.87,2026-09-11
20061110,4.85,2026-09-11
20061113,4.87,2026-09-11
20061114,4.9,2026-09-11
20061115,4.88,2026-09-11
20061116,4.88,2026-09-11
20061117,4.89,2026-09-11
20061120,4.87,2026-09-11
20061121,4.91,2026-09-11
20061122,4.91,2026-09-11
20061123,4.95,2026-09-11
20061124,4.95,2026-09-11
20061127,4.95,2026-09-11
20061128,4.97,2026-09-11
20061129,4.98,2026-09-11
20061130,4.98,2026-09-11
20061201,4.97,2026-09-11
20061204,4.94,2026-09-11
20061205,4.88,2026-09-11
20061206,4.84,2026-09-11
20061207,4.83,2026-09-11
20061208,4.86,2026-09-11
20061211,4.93,2026-09-11
20061212,4.89,2026-09-11
20061213,4.89,2026-09-11
20061214,4.94,2026-09-11
20061215,4.94,2026-09-11
20061218,4.96,2026-09-11
20061219,4.96,2026-09-11
20061220,4.99,2026-09-11
20061221,4.98,2026-09-11
20061222,5,2026-09-11
20061226,5.09,2026-09-11
20061227,5.07,2026-09-11
20061228,5.06,2026-09-11
20061229,5.06,2026-09-11
20070102,5.06,2026-09-11
20070103,5.02,2026-09-11
20070104,5.03,2026-09-11
20070105,5,2026-09-11
20070108,5,2026-09-11
20070109,4.98,2026-09-11
20070110,4.97,2026-09-11
20070111,4.98,2026-09-11
20070112,5.02,2026-09-11
20070115,5.03,2026-09-11
20070116,5.04,2026-09-11
20070117,5.04,2026-09-11
20070118,5.07,2026-09-11
20070119,5.05,2026-09-11
20070122,5.06,2026-09-11
20070123,5.07,2026-09-11
20070124,5.1,2026-09-11
20070125,5.09,2026-09-11
20070126,5.1,2026-09-11
20070129,5.08,2026-09-11
20070130,5.07,2026-09-11
20070131,5.06,2026-09-11
20070201,5.03,2026-09-11
20070202,5.13,2026-09-11
20070205,5.16,2026-09-11
20070206,5.1,2026-09-11
20070207,5.05,2026-09-11
20070208,5.02,2026-09-11
20070209,5.01,2026-09-11
20070212,5.01,2026-09-11
20070213,5.02,2026-09-11
20070214,5,2026-09-11
20070215,4.95,2026-09-11
20070216,4.95,2026-09-11
20070220,4.99,2026-09-11
20070221,4.96,2026-09-11
20070222,4.95,2026-09-11
20070223,4.95,2026-09-11
20070226,4.94,2026-09-11
20070227,4.96,2026-09-11
20070228,4.96,2026-09-11
20070302,4.96,2026-09-11
20070305,4.94,2026-09-11
20070306,4.96,2026-09-11
20070307,4.92,2026-09-11
20070308,4.93,2026-09-11
20070309,4.93,2026-09-11
20070312,4.96,2026-09-11
20070313,4.97,2026-09-11
20070314,4.94,2026-09-11
20070315,4.95,2026-09-11
20070316,4.93,2026-09-11
20070319,4.94,2026-09-11
20070320,4.94,2026-09-11
20070321,4.93,2026-09-11
20070322,4.93,2026-09-11
20070323,4.94,2026-09-11
20070326,4.94,2026-09-11
20070327,4.94,2026-09-11
20070328,4.92,2026-09-11
20070329,4.93,2026-09-11
20070330,4.93,2026-09-11
20070402,4.95,2026-09-11
20070403,4.97,2026-09-11
20070404,4.98,2026-09-11
20070405,4.97,2026-09-11
20070406,4.98,2026-09-11
20070409,5.06,2026-09-11
20070410,5.07,2026-09-11
20070411,5.08,2026-09-11
20070412,5.09,2026-09-11
20070413,5.11,2026-09-11
20070416,5.12,2026-09-11
20070417,5.1,2026-09-11
20070418,5.08,2026-09-11
20070419,5.08,2026-09-11
20070420,5.15,2026-09-11
20070423,5.12,2026-09-11
20070424,5.11,2026-09-11
20070425,5.11,2026-09-11
20070426,5.12,2026-09-11
20070427,5.13,2026-09-11
20070430,5.15,2026-09-11
20070502,5.12,2026-09-11
20070503,5.1,2026-09-11
20070504,5.1,2026-09-11
20070507,5.12,2026-09-11
20070508,5.15,2026-09-11
20070509,5.18,2026-09-11
20070510,5.19,2026-09-11
20070511,5.18,2026-09-11
20070514,5.19,2026-09-11
20070515,5.19,2026-09-11
20070516,5.19,2026-09-11
20070517,5.23,2026-09-11
20070518,5.26,2026-09-11
20070521,5.26,2026-09-11
20070522,5.26,2026-09-11
20070523,5.29,2026-09-11
20070525,5.3,2026-09-11
20070528,5.3,2026-09-11
20070529,5.29,2026-09-11
20070530,5.32,2026-09-11
20070531,5.32,2026-09-11
20070601,5.3,2026-09-11
20070604,5.29,2026-09-11
20070605,5.3,2026-09-11
20070607,5.35,2026-09-11
20070608,5.44,2026-09-11
20070611,5.46,2026-09-11
20070612,5.5,2026-09-11
20070613,5.5,2026-09-11
20070614,5.49,2026-09-11
20070615,5.49,2026-09-11
20070618,5.49,2026-09-11
20070619,5.49,2026-09-11
20070620,5.53,2026-09-11
20070621,5.65,2026-09-11
20070622,5.62,2026-09-11
20070625,5.58,2026-09-11
20070626,5.59,2026-09-11
20070627,5.53,2026-09-11
20070628,5.48,2026-09-11
20070629,5.51,2026-09-11
20070702,5.53,2026-09-11
20070703,5.54,2026-09-11
20070704,5.56,2026-09-11
20070705,5.59,2026-09-11
20070706,5.57,2026-09-11
20070709,5.55,2026-09-11
20070710,5.55,2026-09-11
20070711,5.48,2026-09-11
20070712,5.55,2026-09-11
20070713,5.58,2026-09-11
20070716,5.59,2026-09-11
20070718,5.56,2026-09-11
20070719,5.56,2026-09-11
20070720,5.57,2026-09-11
20070723,5.54,2026-09-11
20070724,5.56,2026-09-11
20070725,5.5,2026-09-11
20070726,5.45,2026-09-11
20070727,5.38,2026-09-11
20070730,5.41,2026-09-11
20070731,5.37,2026-09-11
20070801,5.31,2026-09-11
20070802,5.34,2026-09-11
20070803,5.34,2026-09-11
20070806,5.34,2026-09-11
20070807,5.38,2026-09-11
20070808,5.42,2026-09-11
20070809,5.47,2026-09-11
20070810,5.36,2026-09-11
20070813,5.39,2026-09-11
20070814,5.4,2026-09-11
20070816,5.34,2026-09-11
20070817,5.34,2026-09-11
20070820,5.38,2026-09-11
20070821,5.38,2026-09-11
20070822,5.42,2026-09-11
20070823,5.45,2026-09-11
20070824,5.45,2026-09-11
20070827,5.49,2026-09-11
20070828,5.53,2026-09-11
20070829,5.55,2026-09-11
20070830,5.52,2026-09-11
20070831,5.57,2026-09-11
20070903,5.58,2026-09-11
20070904,5.56,2026-09-11
20070905,5.55,2026-09-11
20070906,5.55,2026-09-11
20070907,5.5,2026-09-11
20070910,5.44,2026-09-11
20070911,5.48,2026-09-11
20070912,5.46,2026-09-11
20070913,5.46,2026-09-11
20070914,5.49,2026-09-11
20070917,5.5,2026-09-11
20070918,5.48,2026-09-11
20070919,5.5,2026-09-11
20070920,5.53,2026-09-11
20070921,5.57,2026-09-11
20070927,5.6,2026-09-11
20070928,5.6,2026-09-11
20071001,5.61,2026-09-11
20071002,5.61,2026-09-11
20071004,5.58,2026-09-11
20071005,5.55,2026-09-11
20071008,5.57,2026-09-11
20071009,5.6,2026-09-11
20071010,5.6,2026-09-11
20071011,5.61,2026-09-11
20071012,5.61,2026-09-11
20071015,5.64,2026-09-11
20071016,5.61,2026-09-11
20071017,5.58,2026-09-11
20071018,5.6,2026-09-11
20071019,5.55,2026-09-11
20071022,5.48,2026-09-11
20071023,5.49,2026-09-11
20071024,5.46,2026-09-11
20071025,5.5,2026-09-11
20071026,5.51,2026-09-11
20071029,5.52,2026-09-11
20071030,5.54,2026-09-11
20071031,5.56,2026-09-11
20071101,5.59,2026-09-11
20071102,5.54,2026-09-11
20071105,5.55,2026-09-11
20071106,5.54,2026-09-11
20071107,5.5,2026-09-11
20071108,5.42,2026-09-11
20071109,5.43,2026-09-11
20071112,5.47,2026-09-11
20071113,5.46,2026-09-11
20071114,5.49,2026-09-11
20071115,5.5,2026-09-11
20071116,5.53,2026-09-11
20071119,5.62,2026-09-11
20071120,5.65,2026-09-11
20071121,5.75,2026-09-11
20071122,5.75,2026-09-11
20071123,5.72,2026-09-11
20071126,5.72,2026-09-11
20071127,5.72,2026-09-11
20071128,5.87,2026-09-11
20071129,5.9,2026-09-11
20071130,5.69,2026-09-11
20071203,5.69,2026-09-11
20071204,5.77,2026-09-11
20071205,5.9,2026-09-11
20071206,5.9,2026-09-11
20071207,6,2026-09-11
20071210,6,2026-09-11
20071211,5.99,2026-09-11
20071212,5.94,2026-09-11
20071213,5.82,2026-09-11
20071214,5.82,2026-09-11
20071217,5.8,2026-09-11
20071218,5.8,2026-09-11
20071220,5.76,2026-09-11
20071221,5.76,2026-09-11
20071224,5.78,2026-09-11
20071226,5.75,2026-09-11
20071227,5.7,2026-09-11
20071228,5.7,2026-09-11
20071231,5.7,2026-09-11
20080102,5.81,2026-09-11
20080103,5.83,2026-09-11
20080104,5.83,2026-09-11
20080107,5.88,2026-09-11
20080108,5.99,2026-09-11
20080109,5.99,2026-09-11
20080110,5.89,2026-09-11
20080111,5.69,2026-09-11
20080114,5.71,2026-09-11
20080115,5.57,2026-09-11
20080116,5.45,2026-09-11
20080117,5.51,2026-09-11
20080118,5.43,2026-09-11
20080121,5.41,2026-09-11
20080122,5.41,2026-09-11
20080123,5.27,2026-09-11
20080124,5.31,2026-09-11
20080125,5.39,2026-09-11
20080128,5.24,2026-09-11
20080129,5.26,2026-09-11
20080130,5.27,2026-09-11
20080131,5.24,2026-09-11
20080201,5.25,2026-09-11
20080204,5.35,2026-09-11
20080205,5.33,2026-09-11
20080211,5.31,2026-09-11
20080212,5.28,2026-09-11
20080213,5.21,2026-09-11
20080214,5.21,2026-09-11
20080215,5.22,2026-09-11
20080218,5.22,2026-09-11
20080219,5.27,2026-09-11
20080220,5.25,2026-09-11
20080221,5.35,2026-09-11
20080222,5.3,2026-09-11
20080225,5.31,2026-09-11
20080226,5.32,2026-09-11
20080227,5.3,2026-09-11
20080228,5.28,2026-09-11
20080229,5.23,2026-09-11
20080303,5.19,2026-09-11
20080304,5.2,2026-09-11
20080305,5.19,2026-09-11
20080306,5.23,2026-09-11
20080307,5.27,2026-09-11
20080310,5.38,2026-09-11
20080311,5.36,2026-09-11
20080312,5.35,2026-09-11
20080313,5.44,2026-09-11
20080314,5.41,2026-09-11
20080317,5.48,2026-09-11
20080318,5.32,2026-09-11
20080319,5.46,2026-09-11
20080320,5.4,2026-09-11
20080321,5.4,2026-09-11
20080324,5.5,2026-09-11
20080325,5.48,2026-09-11
20080326,5.48,2026-09-11
20080327,5.37,2026-09-11
20080328,5.36,2026-09-11
20080331,5.29,2026-09-11
20080401,5.27,2026-09-11
20080402,5.24,2026-09-11
20080403,5.27,2026-09-11
20080404,5.27,2026-09-11
20080407,5.25,2026-09-11
20080408,5.19,2026-09-11
20080410,5.09,2026-09-11
20080411,5.12,2026-09-11
20080414,5.14,2026-09-11
20080415,5.13,2026-09-11
20080416,5.13,2026-09-11
20080417,5.14,2026-09-11
20080418,5.16,2026-09-11
20080421,5.16,2026-09-11
20080422,5.13,2026-09-11
20080423,5.16,2026-09-11
20080424,5.14,2026-09-11
20080425,5.16,2026-09-11
20080428,5.15,2026-09-11
20080429,5.15,2026-09-11
20080430,5.14,2026-09-11
20080502,5.16,2026-09-11
20080506,5.18,2026-09-11
20080507,5.22,2026-09-11
20080508,5.43,2026-09-11
20080509,5.42,2026-09-11
20080513,5.48,2026-09-11
20080514,5.45,2026-09-11
20080515,5.43,2026-09-11
20080516,5.49,2026-09-11
20080519,5.65,2026-09-11
20080520,5.55,2026-09-11
20080521,5.6,2026-09-11
20080522,5.57,2026-09-11
20080523,5.62,2026-09-11
20080526,5.65,2026-09-11
20080527,5.61,2026-09-11
20080528,5.61,2026-09-11
20080529,5.68,2026-09-11
20080530,5.7,2026-09-11
20080602,5.77,2026-09-11
20080603,5.77,2026-09-11
20080604,5.75,2026-09-11
20080605,5.74,2026-09-11
20080609,5.92,2026-09-11
20080610,6.01,2026-09-11
20080611,5.94,2026-09-11
20080612,5.93,2026-09-11
20080613,5.91,2026-09-11
20080616,5.87,2026-09-11
20080617,5.84,2026-09-11
20080618,5.86,2026-09-11
20080619,5.83,2026-09-11
20080620,5.88,2026-09-11
20080623,6.02,2026-09-11
20080624,6,2026-09-11
20080625,5.97,2026-09-11
20080626,5.9,2026-09-11
20080627,5.92,2026-09-11
20080630,6.05,2026-09-11
20080701,6.02,2026-09-11
20080702,6.12,2026-09-11
20080703,6.2,2026-09-11
20080704,6.19,2026-09-11
20080707,6.19,2026-09-11
20080708,6.14,2026-09-11
20080709,6.07,2026-09-11
20080710,6.09,2026-09-11
20080711,6.12,2026-09-11
20080714,6.11,2026-09-11
20080715,6.07,2026-09-11
20080716,6.02,2026-09-11
20080717,5.94,2026-09-11
20080718,5.96,2026-09-11
20080721,6.07,2026-09-11
20080722,5.93,2026-09-11
20080723,5.92,2026-09-11
20080724,5.9,2026-09-11
20080725,5.88,2026-09-11
20080728,5.96,2026-09-11
20080729,5.93,2026-09-11
20080730,5.89,2026-09-11
20080731,5.92,2026-09-11
20080801,5.85,2026-09-11
20080804,5.91,2026-09-11
20080805,5.86,2026-09-11
20080806,5.79,2026-09-11
20080807,5.74,2026-09-11
20080808,5.76,2026-09-11
20080811,5.78,2026-09-11
20080812,5.82,2026-09-11
20080813,5.84,2026-09-11
20080814,5.97,2026-09-11
20080818,6.03,2026-09-11
20080819,5.95,2026-09-11
20080820,5.91,2026-09-11
20080821,5.91,2026-09-11
20080822,6.01,2026-09-11
20080825,6.07,2026-09-11
20080826,6.03,2026-09-11
20080827,6,2026-09-11
20080828,5.95,2026-09-11
20080829,5.96,2026-09-11
20080901,6.07,2026-09-11
20080902,6.14,2026-09-11
20080903,6.05,2026-09-11
20080904,5.99,2026-09-11
20080905,5.96,2026-09-11
20080908,5.91,2026-09-11
20080909,5.91,2026-09-11
20080910,5.89,2026-09-11
20080911,5.86,2026-09-11
20080912,5.85,2026-09-11
20080916,5.73,2026-09-11
20080917,5.83,2026-09-11
20080918,6.1,2026-09-11
20080919,6,2026-09-11
20080922,6.04,2026-09-11
20080923,6.06,2026-09-11
20080924,6.08,2026-09-11
20080925,6.1,2026-09-11
20080926,6.15,2026-09-11
20080929,6.11,2026-09-11
20080930,5.86,2026-09-11
20081001,5.87,2026-09-11
20081002,5.82,2026-09-11
20081006,5.89,2026-09-11
20081007,5.72,2026-09-11
20081008,5.73,2026-09-11
20081009,5.47,2026-09-11
20081010,5.4,2026-09-11
20081013,5.49,2026-09-11
20081014,5.5,2026-09-11
20081015,5.47,2026-09-11
20081016,5.6,2026-09-11
20081017,5.48,2026-09-11
20081020,5.5,2026-09-11
20081021,5.49,2026-09-11
20081022,5.37,2026-09-11
20081023,5.42,2026-09-11
20081024,5.47,2026-09-11
20081027,5.22,2026-09-11
20081028,5.32,2026-09-11
20081029,5.53,2026-09-11
20081030,5.5,2026-09-11
20081031,5.49,2026-09-11
20081103,5.58,2026-09-11
20081104,5.51,2026-09-11
20081105,5.42,2026-09-11
20081106,5.33,2026-09-11
20081107,5.43,2026-09-11
20081110,5.59,2026-09-11
20081111,5.61,2026-09-11
20081112,5.56,2026-09-11
20081113,5.85,2026-09-11
20081114,6.05,2026-09-11
20081117,5.91,2026-09-11
20081118,6.06,2026-09-11
20081119,5.91,2026-09-11
20081120,5.91,2026-09-11
20081121,5.81,2026-09-11
20081124,5.88,2026-09-11
20081125,5.88,2026-09-11
20081126,5.77,2026-09-11
20081127,5.74,2026-09-11
20081128,5.75,2026-09-11
20081201,5.63,2026-09-11
20081202,5.5,2026-09-11
20081203,5.35,2026-09-11
20081204,5.41,2026-09-11
20081205,5.23,2026-09-11
20081208,5.26,2026-09-11
20081209,5.21,2026-09-11
20081210,5.2,2026-09-11
20081211,4.96,2026-09-11
20081212,4.85,2026-09-11
20081215,4.81,2026-09-11
20081216,4.74,2026-09-11
20081217,4.74,2026-09-11
20081218,4.67,2026-09-11
20081219,4.57,2026-09-11
20081222,4.6,2026-09-11
20081223,4.59,2026-09-11
20081224,4.49,2026-09-11
20081226,4.45,2026-09-11
20081229,4.4,2026-09-11
20081230,4.22,2026-09-11
20081231,4.22,2026-09-11
20090102,4.25,2026-09-11
20090105,4.22,2026-09-11
20090106,4.24,2026-09-11
20090107,4.35,2026-09-11
20090108,4.16,2026-09-11
20090109,4.37,2026-09-11
20090112,4.42,2026-09-11
20090113,4.39,2026-09-11
20090114,4.28,2026-09-11
20090115,4.47,2026-09-11
20090116,4.53,2026-09-11
20090119,4.43,2026-09-11
20090120,4.52,2026-09-11
20090121,4.49,2026-09-11
20090122,4.5,2026-09-11
20090123,4.5,2026-09-11
20090128,4.51,2026-09-11
20090129,4.57,2026-09-11
20090130,4.71,2026-09-11
20090202,5.05,2026-09-11
20090203,5.2,2026-09-11
20090204,5.2,2026-09-11
20090205,5.31,2026-09-11
20090206,5.27,2026-09-11
20090209,5.29,2026-09-11
20090210,5.31,2026-09-11
20090211,5.27,2026-09-11
20090212,5.25,2026-09-11
20090213,5.19,2026-09-11
20090216,5.26,2026-09-11
20090217,5.51,2026-09-11
20090218,5.45,2026-09-11
20090219,5.34,2026-09-11
20090220,5.27,2026-09-11
20090223,5.15,2026-09-11
20090224,5.15,2026-09-11
20090225,5.16,2026-09-11
20090226,5.06,2026-09-11
20090227,5.06,2026-09-11
20090302,5.1,2026-09-11
20090303,5.04,2026-09-11
20090304,5.03,2026-09-11
20090305,5.07,2026-09-11
20090306,5.03,2026-09-11
20090309,5.06,2026-09-11
20090310,4.88,2026-09-11
20090311,4.91,2026-09-11
20090312,4.84,2026-09-11
20090313,4.88,2026-09-11
20090316,4.95,2026-09-11
20090317,4.85,2026-09-11
20090318,4.87,2026-09-11
20090319,4.73,2026-09-11
20090320,4.77,2026-09-11
20090323,4.94,2026-09-11
20090324,5.01,2026-09-11
20090325,5,2026-09-11
20090326,5.08,2026-09-11
20090327,5.06,2026-09-11
20090330,5.15,2026-09-11
20090331,5.17,2026-09-11
20090401,5.08,2026-09-11
20090402,5.06,2026-09-11
20090403,5.05,2026-09-11
20090406,5.13,2026-09-11
20090407,5.13,2026-09-11
20090408,5.08,2026-09-11
20090409,5.03,2026-09-11
20090410,5.04,2026-09-11
20090413,5.04,2026-09-11
20090414,4.99,2026-09-11
20090415,4.89,2026-09-11
20090416,4.9,2026-09-11
20090417,4.84,2026-09-11
20090420,4.82,2026-09-11
20090421,4.81,2026-09-11
20090422,4.84,2026-09-11
20090423,4.83,2026-09-11
20090424,4.72,2026-09-11
20090427,4.73,2026-09-11
20090428,4.56,2026-09-11
20090429,4.56,2026-09-11
20090430,4.69,2026-09-11
20090504,4.86,2026-09-11
20090506,4.88,2026-09-11
20090507,5.06,2026-09-11
20090508,5.07,2026-09-11
20090511,5.12,2026-09-11
20090512,5.02,2026-09-11
20090513,5.03,2026-09-11
20090514,4.97,2026-09-11
20090515,5.01,2026-09-11
20090518,4.99,2026-09-11
20090519,5.1,2026-09-11
20090520,5.11,2026-09-11
20090521,5.09,2026-09-11
20090522,5.08,2026-09-11
20090525,5.05,2026-09-11
20090526,5.05,2026-09-11
20090527,5.09,2026-09-11
20090528,5.17,2026-09-11
20090529,5.17,2026-09-11
20090601,5.15,2026-09-11
20090602,5.19,2026-09-11
20090603,5.14,2026-09-11
20090604,5.11,2026-09-11
20090605,5.12,2026-09-11
20090608,5.28,2026-09-11
20090609,5.3,2026-09-11
20090610,5.32,2026-09-11
20090611,5.48,2026-09-11
20090612,5.41,2026-09-11
20090615,5.38,2026-09-11
20090616,5.35,2026-09-11
20090617,5.32,2026-09-11
20090618,5.24,2026-09-11
20090619,5.25,2026-09-11
20090622,5.29,2026-09-11
20090623,5.25,2026-09-11
20090624,5.22,2026-09-11
20090625,5.26,2026-09-11
20090626,5.21,2026-09-11
20090629,5.15,2026-09-11
20090630,5.19,2026-09-11
20090701,5.08,2026-09-11
20090702,5.05,2026-09-11
20090703,5.04,2026-09-11
20090706,5.08,2026-09-11
20090707,5.14,2026-09-11
20090708,5.09,2026-09-11
20090709,5.04,2026-09-11
20090710,4.98,2026-09-11
20090713,5.03,2026-09-11
20090714,5.07,2026-09-11
20090715,5.15,2026-09-11
20090716,5.16,2026-09-11
20090717,5.26,2026-09-11
20090720,5.38,2026-09-11
20090721,5.35,2026-09-11
20090722,5.37,2026-09-11
20090723,5.26,2026-09-11
20090724,5.26,2026-09-11
20090727,5.27,2026-09-11
20090728,5.27,2026-09-11
20090729,5.3,2026-09-11
20090730,5.25,2026-09-11
20090731,5.33,2026-09-11
20090803,5.39,2026-09-11
20090804,5.37,2026-09-11
20090805,5.4,2026-09-11
20090806,5.43,2026-09-11
20090807,5.4,2026-09-11
20090810,5.44,2026-09-11
20090811,5.44,2026-09-11
20090812,5.46,2026-09-11
20090813,5.49,2026-09-11
20090814,5.53,2026-09-11
20090817,5.46,2026-09-11
20090818,5.49,2026-09-11
20090819,5.41,2026-09-11
20090820,5.47,2026-09-11
20090821,5.42,2026-09-11
20090824,5.52,2026-09-11
20090825,5.46,2026-09-11
20090826,5.44,2026-09-11
20090827,5.4,2026-09-11
20090828,5.44,2026-09-11
20090831,5.46,2026-09-11
20090901,5.45,2026-09-11
20090902,5.38,2026-09-11
20090903,5.34,2026-09-11
20090904,5.35,2026-09-11
20090907,5.37,2026-09-11
20090908,5.35,2026-09-11
20090909,5.34,2026-09-11
20090910,5.45,2026-09-11
20090911,5.43,2026-09-11
20090914,5.44,2026-09-11
20090915,5.4,2026-09-11
20090916,5.38,2026-09-11
20090917,5.35,2026-09-11
20090918,5.32,2026-09-11
20090921,5.37,2026-09-11
20090922,5.4,2026-09-11
20090923,5.37,2026-09-11
20090924,5.36,2026-09-11
20090925,5.35,2026-09-11
20090928,5.36,2026-09-11
20090929,5.38,2026-09-11
20090930,5.34,2026-09-11
20091001,5.32,2026-09-11
20091005,5.3,2026-09-11
20091006,5.37,2026-09-11
20091007,5.36,2026-09-11
20091008,5.35,2026-09-11
20091009,5.28,2026-09-11
20091012,5.37,2026-09-11
20091013,5.38,2026-09-11
20091014,5.39,2026-09-11
20091015,5.43,2026-09-11
20091016,5.52,2026-09-11
20091019,5.53,2026-09-11
20091020,5.53,2026-09-11
20091021,5.53,2026-09-11
20091022,5.55,2026-09-11
20091023,5.6,2026-09-11
20091026,5.63,2026-09-11
20091027,5.54,2026-09-11
20091028,5.51,2026-09-11
20091029,5.44,2026-09-11
20091030,5.43,2026-09-11
20091102,5.4,2026-09-11
20091103,5.4,2026-09-11
20091104,5.44,2026-09-11
20091105,5.43,2026-09-11
20091106,5.47,2026-09-11
20091109,5.5,2026-09-11
20091110,5.5,2026-09-11
20091111,5.47,2026-09-11
20091112,5.38,2026-09-11
20091113,5.38,2026-09-11
20091116,5.46,2026-09-11
20091117,5.4,2026-09-11
20091118,5.41,2026-09-11
20091119,5.35,2026-09-11
20091120,5.34,2026-09-11
20091123,5.38,2026-09-11
20091124,5.37,2026-09-11
20091125,5.34,2026-09-11
20091126,5.31,2026-09-11
20091127,5.24,2026-09-11
20091130,5.25,2026-09-11
20091201,5.22,2026-09-11
20091202,5.3,2026-09-11
20091203,5.28,2026-09-11
20091204,5.27,2026-09-11
20091207,5.32,2026-09-11
20091208,5.25,2026-09-11
20091209,5.24,2026-09-11
20091210,5.32,2026-09-11
20091211,5.3,2026-09-11
20091214,5.3,2026-09-11
20091215,5.25,2026-09-11
20091216,5.3,2026-09-11
20091217,5.3,2026-09-11
20091218,5.25,2026-09-11
20091221,5.28,2026-09-11
20091222,5.37,2026-09-11
20091223,5.34,2026-09-11
20091224,5.36,2026-09-11
20091228,5.39,2026-09-11
20091229,5.4,2026-09-11
20091230,5.39,2026-09-11
20091231,5.39,2026-09-11
20100104,5.43,2026-09-11
20100105,5.35,2026-09-11
20100106,5.38,2026-09-11
20100107,5.29,2026-09-11
20100108,5.36,2026-09-11
20100111,5.38,2026-09-11
20100112,5.37,2026-09-11
20100113,5.36,2026-09-11
20100114,5.34,2026-09-11
20100115,5.36,2026-09-11
20100118,5.39,2026-09-11
20100119,5.34,2026-09-11
20100120,5.34,2026-09-11
20100121,5.34,2026-09-11
20100122,5.33,2026-09-11
20100125,5.35,2026-09-11
20100126,5.31,2026-09-11
20100127,5.33,2026-09-11
20100128,5.38,2026-09-11
20100129,5.34,2026-09-11
20100201,5.36,2026-09-11
20100202,5.34,2026-09-11
20100203,5.35,2026-09-11
20100204,5.36,2026-09-11
20100205,5.32,2026-09-11
20100208,5.35,2026-09-11
20100209,5.36,2026-09-11
20100210,5.36,2026-09-11
20100211,5.31,2026-09-11
20100212,5.29,2026-09-11
20100216,5.3,2026-09-11
20100217,5.3,2026-09-11
20100218,5.29,2026-09-11
20100219,5.31,2026-09-11
20100222,5.3,2026-09-11
20100223,5.27,2026-09-11
20100224,5.22,2026-09-11
20100225,5.13,2026-09-11
20100226,5.14,2026-09-11
20100302,5.14,2026-09-11
20100303,5.11,2026-09-11
20100304,5.06,2026-09-11
20100305,5.04,2026-09-11
20100308,5.04,2026-09-11
20100309,5.03,2026-09-11
20100310,5.01,2026-09-11
20100311,4.89,2026-09-11
20100312,4.84,2026-09-11
20100315,4.85,2026-09-11
20100316,4.83,2026-09-11
20100317,4.79,2026-09-11
20100318,4.74,2026-09-11
20100319,4.72,2026-09-11
20100322,4.68,2026-09-11
20100323,4.81,2026-09-11
20100324,4.94,2026-09-11
20100325,4.86,2026-09-11
20100326,4.91,2026-09-11
20100329,4.98,2026-09-11
20100330,4.99,2026-09-11
20100331,4.95,2026-09-11
20100401,4.91,2026-09-11
20100402,4.93,2026-09-11
20100405,4.96,2026-09-11
20100406,4.94,2026-09-11
20100407,4.88,2026-09-11
20100408,4.81,2026-09-11
20100409,4.83,2026-09-11
20100412,4.94,2026-09-11
20100413,4.95,2026-09-11
20100414,4.98,2026-09-11
20100415,4.97,2026-09-11
20100416,4.93,2026-09-11
20100419,4.94,2026-09-11
20100420,4.94,2026-09-11
20100421,4.97,2026-09-11
20100422,4.94,2026-09-11
20100423,4.91,2026-09-11
20100426,4.9,2026-09-11
20100427,4.84,2026-09-11
20100428,4.83,2026-09-11
20100429,4.81,2026-09-11
20100430,4.82,2026-09-11
20100503,4.86,2026-09-11
20100504,4.86,2026-09-11
20100506,4.93,2026-09-11
20100507,4.89,2026-09-11
20100510,4.96,2026-09-11
20100511,4.9,2026-09-11
20100512,4.97,2026-09-11
20100513,4.98,2026-09-11
20100514,4.99,2026-09-11
20100517,5.04,2026-09-11
20100518,5.04,2026-09-11
20100519,5.03,2026-09-11
20100520,5,2026-09-11
20100524,4.94,2026-09-11
20100525,4.92,2026-09-11
20100526,4.96,2026-09-11
20100527,4.93,2026-09-11
20100528,4.94,2026-09-11
20100531,4.93,2026-09-11
20100601,4.89,2026-09-11
20100603,4.9,2026-09-11
20100604,4.91,2026-09-11
20100607,4.88,2026-09-11
20100608,4.9,2026-09-11
20100609,4.89,2026-09-11
20100610,4.92,2026-09-11
20100611,4.94,2026-09-11
20100614,4.94,2026-09-11
20100615,4.92,2026-09-11
20100616,4.9,2026-09-11
20100617,4.9,2026-09-11
20100618,4.91,2026-09-11
20100621,4.98,2026-09-11
20100622,4.99,2026-09-11
20100623,4.99,2026-09-11
20100624,4.98,2026-09-11
20100625,4.99,2026-09-11
20100628,4.99,2026-09-11
20100629,4.96,2026-09-11
20100630,4.95,2026-09-11
20100701,4.92,2026-09-11
20100702,4.91,2026-09-11
20100705,4.92,2026-09-11
20100706,4.91,2026-09-11
20100707,4.93,2026-09-11
20100708,4.96,2026-09-11
20100709,4.94,2026-09-11
20100712,4.95,2026-09-11
20100713,4.94,2026-09-11
20100714,4.94,2026-09-11
20100715,4.91,2026-09-11
20100716,4.91,2026-09-11
20100719,4.91,2026-09-11
20100720,4.91,2026-09-11
20100721,4.91,2026-09-11
20100722,4.89,2026-09-11
20100723,4.9,2026-09-11
20100726,4.89,2026-09-11
20100727,4.87,2026-09-11
20100728,4.87,2026-09-11
20100729,4.84,2026-09-11
20100730,4.84,2026-09-11
20100802,4.86,2026-09-11
20100803,4.85,2026-09-11
20100804,4.82,2026-09-11
20100805,4.84,2026-09-11
20100806,4.85,2026-09-11
20100809,4.85,2026-09-11
20100810,4.84,2026-09-11
20100811,4.8,2026-09-11
20100812,4.76,2026-09-11
20100813,4.75,2026-09-11
20100816,4.75,2026-09-11
20100817,4.75,2026-09-11
20100818,4.7,2026-09-11
20100819,4.61,2026-09-11
20100820,4.52,2026-09-11
20100823,4.53,2026-09-11
20100824,4.54,2026-09-11
20100825,4.54,2026-09-11
20100826,4.47,2026-09-11
20100827,4.43,2026-09-11
20100830,4.44,2026-09-11
20100831,4.38,2026-09-11
20100901,4.42,2026-09-11
20100902,4.38,2026-09-11
20100903,4.43,2026-09-11
20100906,4.49,2026-09-11
20100907,4.43,2026-09-11
20100908,4.37,2026-09-11
20100909,4.21,2026-09-11
20100910,4.24,2026-09-11
20100913,4.24,2026-09-11
20100914,4.23,2026-09-11
20100915,4.24,2026-09-11
20100916,4.19,2026-09-11
20100917,4.25,2026-09-11
20100920,4.3,2026-09-11
20100924,4.25,2026-09-11
20100927,4.21,2026-09-11
20100928,4.2,2026-09-11
20100929,4.13,2026-09-11
20100930,4.11,2026-09-11
20101001,4,2026-09-11
20101004,4.01,2026-09-11
20101005,3.98,2026-09-11
20101006,4,2026-09-11
20101007,4,2026-09-11
20101008,3.99,2026-09-11
20101011,4.06,2026-09-11
20101012,4.04,2026-09-11
20101013,4.07,2026-09-11
20101014,3.91,2026-09-11
20101015,3.92,2026-09-11
20101018,3.97,2026-09-11
20101019,4.08,2026-09-11
20101020,4.14,2026-09-11
20101021,4.18,2026-09-11
20101022,4.22,2026-09-11
20101025,4.3,2026-09-11
20101026,4.33,2026-09-11
20101027,4.39,2026-09-11
20101028,4.26,2026-09-11
20101029,4.36,2026-09-11
20101101,4.39,2026-09-11
20101102,4.45,2026-09-11
20101103,4.44,2026-09-11
20101104,4.5,2026-09-11
20101105,4.53,2026-09-11
20101108,4.57,2026-09-11
20101109,4.58,2026-09-11
20101110,4.5,2026-09-11
20101111,4.52,2026-09-11
20101112,4.54,2026-09-11
20101115,4.57,2026-09-11
20101116,4.46,2026-09-11
20101117,4.44,2026-09-11
20101118,4.44,2026-09-11
20101119,4.48,2026-09-11
20101122,4.49,2026-09-11
20101123,4.56,2026-09-11
20101124,4.48,2026-09-11
20101125,4.43,2026-09-11
20101126,4.47,2026-09-11
20101129,4.42,2026-09-11
20101130,4.38,2026-09-11
20101201,4.36,2026-09-11
20101202,4.37,2026-09-11
20101203,4.36,2026-09-11
20101206,4.32,2026-09-11
20101207,4.31,2026-09-11
20101208,4.37,2026-09-11
20101209,4.38,2026-09-11
20101210,4.36,2026-09-11
20101213,4.47,2026-09-11
20101214,4.48,2026-09-11
20101215,4.58,2026-09-11
20101216,4.55,2026-09-11
20101217,4.57,2026-09-11
20101220,4.55,2026-09-11
20101221,4.49,2026-09-11
20101222,4.47,2026-09-11
20101223,4.47,2026-09-11
20101224,4.49,2026-09-11
20101227,4.51,2026-09-11
20101228,4.53,2026-09-11
20101229,4.53,2026-09-11
20101230,4.52,2026-09-11
20101231,4.52,2026-09-11
20110103,4.57,2026-09-11
20110104,4.59,2026-09-11
20110105,4.63,2026-09-11
20110106,4.7,2026-09-11
20110107,4.71,2026-09-11
20110110,4.72,2026-09-11
20110111,4.7,2026-09-11
20110112,4.65,2026-09-11
20110113,4.71,2026-09-11
20110114,4.69,2026-09-11
20110117,4.69,2026-09-11
20110118,4.67,2026-09-11
20110119,4.72,2026-09-11
20110120,4.71,2026-09-11
20110121,4.73,2026-09-11
20110124,4.76,2026-09-11
20110125,4.76,2026-09-11
20110126,4.73,2026-09-11
20110127,4.71,2026-09-11
20110128,4.71,2026-09-11
20110131,4.72,2026-09-11
20110201,4.72,2026-09-11
20110207,4.8,2026-09-11
20110208,4.81,2026-09-11
20110209,4.82,2026-09-11
20110210,4.79,2026-09-11
20110211,4.81,2026-09-11
20110214,4.83,2026-09-11
20110215,4.82,2026-09-11
20110216,4.82,2026-09-11
20110217,4.82,2026-09-11
20110218,4.8,2026-09-11
20110221,4.76,2026-09-11
20110222,4.68,2026-09-11
20110223,4.71,2026-09-11
20110224,4.67,2026-09-11
20110225,4.66,2026-09-11
20110228,4.67,2026-09-11
20110302,4.68,2026-09-11
20110303,4.71,2026-09-11
20110304,4.71,2026-09-11
20110307,4.7,2026-09-11
20110308,4.68,2026-09-11
20110309,4.63,2026-09-11
20110310,4.49,2026-09-11
20110311,4.44,2026-09-11
20110314,4.35,2026-09-11
20110315,4.27,2026-09-11
20110316,4.37,2026-09-11
20110317,4.41,2026-09-11
20110318,4.46,2026-09-11
20110321,4.5,2026-09-11
20110322,4.5,2026-09-11
20110323,4.49,2026-09-11
20110324,4.47,2026-09-11
20110325,4.48,2026-09-11
20110328,4.47,2026-09-11
20110329,4.47,2026-09-11
20110330,4.49,2026-09-11
20110331,4.48,2026-09-11
20110401,4.46,2026-09-11
20110404,4.45,2026-09-11
20110405,4.44,2026-09-11
20110406,4.46,2026-09-11
20110407,4.45,2026-09-11
20110408,4.48,2026-09-11
20110411,4.49,2026-09-11
20110412,4.49,2026-09-11
20110413,4.5,2026-09-11
20110414,4.5,2026-09-11
20110415,4.49,2026-09-11
20110418,4.45,2026-09-11
20110419,4.44,2026-09-11
20110420,4.45,2026-09-11
20110421,4.48,2026-09-11
20110422,4.5,2026-09-11
20110425,4.52,2026-09-11
20110426,4.53,2026-09-11
20110427,4.54,2026-09-11
20110428,4.52,2026-09-11
20110429,4.48,2026-09-11
20110502,4.47,2026-09-11
20110503,4.47,2026-09-11
20110504,4.47,2026-09-11
20110506,4.43,2026-09-11
20110509,4.44,2026-09-11
20110511,4.41,2026-09-11
20110512,4.34,2026-09-11
20110513,4.37,2026-09-11
20110516,4.35,2026-09-11
20110517,4.34,2026-09-11
20110518,4.33,2026-09-11
20110519,4.33,2026-09-11
20110520,4.33,2026-09-11
20110523,4.27,2026-09-11
20110524,4.26,2026-09-11
20110525,4.22,2026-09-11
20110526,4.26,2026-09-11
20110527,4.24,2026-09-11
20110530,4.21,2026-09-11
20110531,4.23,2026-09-11
20110601,4.28,2026-09-11
20110602,4.21,2026-09-11
20110603,4.21,2026-09-11
20110607,4.2,2026-09-11
20110608,4.19,2026-09-11
20110609,4.22,2026-09-11
20110610,4.25,2026-09-11
20110613,4.25,2026-09-11
20110614,4.27,2026-09-11
20110615,4.27,2026-09-11
20110616,4.2,2026-09-11
20110617,4.24,2026-09-11
20110620,4.24,2026-09-11
20110621,4.25,2026-09-11
20110622,4.24,2026-09-11
20110623,4.23,2026-09-11
20110624,4.26,2026-09-11
20110627,4.25,2026-09-11
20110628,4.26,2026-09-11
20110629,4.29,2026-09-11
20110630,4.29,2026-09-11
20110701,4.33,2026-09-11
20110704,4.33,2026-09-11
20110705,4.29,2026-09-11
20110706,4.31,2026-09-11
20110707,4.31,2026-09-11
20110708,4.34,2026-09-11
20110711,4.31,2026-09-11
20110712,4.2,2026-09-11
20110713,4.18,2026-09-11
20110714,4.19,2026-09-11
20110715,4.17,2026-09-11
20110718,4.15,2026-09-11
20110719,4.15,2026-09-11
20110720,4.17,2026-09-11
20110721,4.17,2026-09-11
20110722,4.18,2026-09-11
20110725,4.19,2026-09-11
20110726,4.23,2026-09-11
20110727,4.23,2026-09-11
20110728,4.19,2026-09-11
20110729,4.2,2026-09-11
20110801,4.24,2026-09-11
20110802,4.21,2026-09-11
20110803,4.15,2026-09-11
20110804,4.12,2026-09-11
20110805,4.01,2026-09-11
20110808,4.06,2026-09-11
20110809,4.08,2026-09-11
20110810,3.94,2026-09-11
20110811,3.92,2026-09-11
20110812,3.9,2026-09-11
20110816,3.92,2026-09-11
20110817,3.94,2026-09-11
20110818,3.93,2026-09-11
20110819,3.84,2026-09-11
20110822,3.86,2026-09-11
20110823,3.89,2026-09-11
20110824,3.84,2026-09-11
20110825,3.84,2026-09-11
20110826,3.87,2026-09-11
20110829,3.88,2026-09-11
20110830,3.84,2026-09-11
20110831,3.86,2026-09-11
20110901,3.81,2026-09-11
20110902,3.79,2026-09-11
20110905,3.63,2026-09-11
20110906,3.63,2026-09-11
20110907,3.7,2026-09-11
20110908,3.64,2026-09-11
20110909,3.6,2026-09-11
20110914,3.55,2026-09-11
20110915,3.62,2026-09-11
20110916,3.68,2026-09-11
20110919,3.79,2026-09-11
20110920,3.82,2026-09-11
20110921,3.86,2026-09-11
20110922,3.82,2026-09-11
20110923,3.76,2026-09-11
20110926,3.84,2026-09-11
20110927,3.81,2026-09-11
20110928,3.88,2026-09-11
20110929,3.9,2026-09-11
20110930,3.95,2026-09-11
20111004,3.8,2026-09-11
20111005,3.78,2026-09-11
20111006,3.81,2026-09-11
20111007,3.83,2026-09-11
20111010,3.85,2026-09-11
20111011,3.86,2026-09-11
20111012,3.81,2026-09-11
20111013,3.78,2026-09-11
20111014,3.77,2026-09-11
20111017,3.84,2026-09-11
20111018,3.84,2026-09-11
20111019,3.85,2026-09-11
20111020,3.85,2026-09-11
20111021,3.9,2026-09-11
20111024,3.94,2026-09-11
20111025,3.94,2026-09-11
20111026,3.92,2026-09-11
20111027,3.93,2026-09-11
20111028,3.93,2026-09-11
20111031,3.87,2026-09-11
20111101,3.85,2026-09-11
20111102,3.84,2026-09-11
20111103,3.81,2026-09-11
20111104,3.83,2026-09-11
20111107,3.83,2026-09-11
20111108,3.79,2026-09-11
20111109,3.78,2026-09-11
20111110,3.76,2026-09-11
20111111,3.79,2026-09-11
20111114,3.84,2026-09-11
20111115,3.81,2026-09-11
20111116,3.79,2026-09-11
20111117,3.82,2026-09-11
20111118,3.81,2026-09-11
20111121,3.8,2026-09-11
20111122,3.79,2026-09-11
20111123,3.76,2026-09-11
20111124,3.76,2026-09-11
20111125,3.8,2026-09-11
20111128,3.81,2026-09-11
20111129,3.82,2026-09-11
20111130,3.77,2026-09-11
20111201,3.8,2026-09-11
20111202,3.79,2026-09-11
20111205,3.79,2026-09-11
20111206,3.79,2026-09-11
20111207,3.79,2026-09-11
20111208,3.79,2026-09-11
20111209,3.79,2026-09-11
20111212,3.81,2026-09-11
20111213,3.8,2026-09-11
20111214,3.79,2026-09-11
20111215,3.78,2026-09-11
20111216,3.79,2026-09-11
20111219,3.88,2026-09-11
20111220,3.83,2026-09-11
20111221,3.83,2026-09-11
20111222,3.83,2026-09-11
20111223,3.84,2026-09-11
20111226,3.85,2026-09-11
20111227,3.85,2026-09-11
20111228,3.85,2026-09-11
20111229,3.79,2026-09-11
20111230,3.79,2026-09-11
20120102,3.79,2026-09-11
20120103,3.8,2026-09-11
20120104,3.8,2026-09-11
20120105,3.79,2026-09-11
20120106,3.79,2026-09-11
20120109,3.79,2026-09-11
20120110,3.79,2026-09-11
20120111,3.79,2026-09-11
20120112,3.79,2026-09-11
20120113,3.79,2026-09-11
20120116,3.79,2026-09-11
20120117,3.81,2026-09-11
20120118,3.8,2026-09-11
20120119,3.79,2026-09-11
20120120,3.82,2026-09-11
20120125,3.82,2026-09-11
20120126,3.82,2026-09-11
20120127,3.8,2026-09-11
20120130,3.77,2026-09-11
20120131,3.77,2026-09-11
20120201,3.76,2026-09-11
20120202,3.77,2026-09-11
20120203,3.77,2026-09-11
20120206,3.78,2026-09-11
20120207,3.8,2026-09-11
20120208,3.82,2026-09-11
20120209,3.82,2026-09-11
20120210,3.81,2026-09-11
20120213,3.83,2026-09-11
20120214,3.82,2026-09-11
20120215,3.83,2026-09-11
20120216,3.81,2026-09-11
20120217,3.83,2026-09-11
20120220,3.85,2026-09-11
20120221,3.85,2026-09-11
20120222,3.85,2026-09-11
20120223,3.83,2026-09-11
20120224,3.83,2026-09-11
20120227,3.82,2026-09-11
20120228,3.8,2026-09-11
20120229,3.82,2026-09-11
20120302,3.85,2026-09-11
20120305,3.88,2026-09-11
20120306,3.88,2026-09-11
20120307,3.9,2026-09-11
20120308,3.87,2026-09-11
20120309,3.87,2026-09-11
20120312,3.85,2026-09-11
20120313,3.85,2026-09-11
20120314,3.89,2026-09-11
20120315,3.95,2026-09-11
20120316,3.97,2026-09-11
20120319,4.01,2026-09-11
20120320,4.01,2026-09-11
20120321,4.05,2026-09-11
20120322,4.07,2026-09-11
20120323,4.07,2026-09-11
20120326,4.04,2026-09-11
20120327,4.04,2026-09-11
20120328,4,2026-09-11
20120329,3.99,2026-09-11
20120330,3.96,2026-09-11
20120402,3.99,2026-09-11
20120403,3.96,2026-09-11
20120404,3.97,2026-09-11
20120405,3.98,2026-09-11
20120406,3.95,2026-09-11
20120409,3.91,2026-09-11
20120410,3.91,2026-09-11
20120412,3.91,2026-09-11
20120413,3.9,2026-09-11
20120416,3.88,2026-09-11
20120417,3.87,2026-09-11
20120418,3.88,2026-09-11
20120419,3.88,2026-09-11
20120420,3.85,2026-09-11
20120423,3.86,2026-09-11
20120424,3.86,2026-09-11
20120425,3.88,2026-09-11
20120426,3.87,2026-09-11
20120427,3.83,2026-09-11
20120430,3.81,2026-09-11
20120502,3.82,2026-09-11
20120503,3.8,2026-09-11
20120504,3.79,2026-09-11
20120507,3.75,2026-09-11
20120508,3.77,2026-09-11
20120509,3.76,2026-09-11
20120510,3.79,2026-09-11
20120511,3.75,2026-09-11
20120514,3.75,2026-09-11
20120515,3.74,2026-09-11
20120516,3.73,2026-09-11
20120517,3.74,2026-09-11
20120518,3.71,2026-09-11
20120521,3.74,2026-09-11
20120522,3.74,2026-09-11
20120523,3.73,2026-09-11
20120524,3.73,2026-09-11
20120525,3.73,2026-09-11
20120529,3.74,2026-09-11
20120530,3.73,2026-09-11
20120531,3.69,2026-09-11
20120601,3.64,2026-09-11
20120604,3.57,2026-09-11
20120605,3.62,2026-09-11
20120607,3.65,2026-09-11
20120608,3.57,2026-09-11
20120611,3.66,2026-09-11
20120612,3.62,2026-09-11
20120613,3.64,2026-09-11
20120614,3.64,2026-09-11
20120615,3.64,2026-09-11
20120618,3.67,2026-09-11
20120619,3.65,2026-09-11
20120620,3.67,2026-09-11
20120621,3.66,2026-09-11
20120622,3.64,2026-09-11
20120625,3.63,2026-09-11
20120626,3.63,2026-09-11
20120627,3.61,2026-09-11
20120628,3.58,2026-09-11
20120629,3.62,2026-09-11
20120702,3.61,2026-09-11
20120703,3.58,2026-09-11
20120704,3.57,2026-09-11
20120705,3.56,2026-09-11
20120706,3.54,2026-09-11
20120709,3.52,2026-09-11
20120710,3.53,2026-09-11
20120711,3.51,2026-09-11
20120712,3.29,2026-09-11
20120713,3.27,2026-09-11
20120716,3.24,2026-09-11
20120717,3.2,2026-09-11
20120718,3.16,2026-09-11
20120719,3.18,2026-09-11
20120720,3.15,2026-09-11
20120723,3.06,2026-09-11
20120724,3.07,2026-09-11
20120725,3.01,2026-09-11
20120726,3.04,2026-09-11
20120727,3.13,2026-09-11
20120730,3.13,2026-09-11
20120731,3.14,2026-09-11
20120801,3.14,2026-09-11
20120802,3.1,2026-09-11
20120803,3.03,2026-09-11
20120806,3.03,2026-09-11
20120807,3.03,2026-09-11
20120808,3.01,2026-09-11
20120809,3.06,2026-09-11
20120810,3.04,2026-09-11
20120813,3.06,2026-09-11
20120814,3.11,2026-09-11
20120816,3.21,2026-09-11
20120817,3.19,2026-09-11
20120820,3.21,2026-09-11
20120821,3.16,2026-09-11
20120822,3.16,2026-09-11
20120823,3.12,2026-09-11
20120824,3.08,2026-09-11
20120827,3.06,2026-09-11
20120828,3.06,2026-09-11
20120829,3.03,2026-09-11
20120830,3.03,2026-09-11
20120831,3.02,2026-09-11
20120903,3,2026-09-11
20120904,3.02,2026-09-11
20120905,2.98,2026-09-11
20120906,2.99,2026-09-11
20120907,3.06,2026-09-11
20120910,3.04,2026-09-11
20120911,3.01,2026-09-11
20120912,3.02,2026-09-11
20120913,3.07,2026-09-11
20120914,3.08,2026-09-11
20120917,3.13,2026-09-11
20120918,3.09,2026-09-11
20120919,3.12,2026-09-11
20120920,3.05,2026-09-11
20120921,3.07,2026-09-11
20120924,3.05,2026-09-11
20120925,3.04,2026-09-11
20120926,3.03,2026-09-11
20120927,3.05,2026-09-11
20120928,3.02,2026-09-11
20121002,2.97,2026-09-11
20121004,2.95,2026-09-11
20121005,2.95,2026-09-11
20121008,2.96,2026-09-11
20121009,2.96,2026-09-11
20121010,2.91,2026-09-11
20121011,2.92,2026-09-11
20121012,2.95,2026-09-11
20121015,2.94,2026-09-11
20121016,2.96,2026-09-11
20121017,2.98,2026-09-11
20121018,3.02,2026-09-11
20121019,3.02,2026-09-11
20121022,3.04,2026-09-11
20121023,3.02,2026-09-11
20121024,3.01,2026-09-11
20121025,3.01,2026-09-11
20121026,2.98,2026-09-11
20121029,2.98,2026-09-11
20121030,2.98,2026-09-11
20121031,2.96,2026-09-11
20121101,2.96,2026-09-11
20121102,2.97,2026-09-11
20121105,2.99,2026-09-11
20121106,2.99,2026-09-11
20121107,2.99,2026-09-11
20121108,2.96,2026-09-11
20121109,2.98,2026-09-11
20121112,2.98,2026-09-11
20121113,2.96,2026-09-11
20121114,2.97,2026-09-11
20121115,2.97,2026-09-11
20121116,2.96,2026-09-11
20121119,2.98,2026-09-11
20121120,2.99,2026-09-11
20121121,2.99,2026-09-11
20121122,3.01,2026-09-11
20121123,3.03,2026-09-11
20121126,3.02,2026-09-11
20121127,3.04,2026-09-11
20121128,3.02,2026-09-11
20121129,3.02,2026-09-11
20121130,3.03,2026-09-11
20121203,3.03,2026-09-11
20121204,3.04,2026-09-11
20121205,3.08,2026-09-11
20121206,3.07,2026-09-11
20121207,3.06,2026-09-11
20121210,3.09,2026-09-11
20121211,3.09,2026-09-11
20121212,3.1,2026-09-11
20121213,3.14,2026-09-11
20121214,3.15,2026-09-11
20121217,3.16,2026-09-11
20121218,3.19,2026-09-11
20121220,3.2,2026-09-11
20121221,3.18,2026-09-11
20121224,3.21,2026-09-11
20121226,3.24,2026-09-11
20121227,3.21,2026-09-11
20121228,3.16,2026-09-11
20121231,3.16,2026-09-11
20130102,3.19,2026-09-11
20130103,3.13,2026-09-11
20130104,3.13,2026-09-11
20130107,3.1,2026-09-11
20130108,3.05,2026-09-11
20130109,3.05,2026-09-11
20130110,3.02,2026-09-11
20130111,3.05,2026-09-11
20130114,3.04,2026-09-11
20130115,3.01,2026-09-11
20130116,3.02,2026-09-11
20130117,3,2026-09-11
20130118,3.02,2026-09-11
20130121,3.02,2026-09-11
20130122,3.02,2026-09-11
20130123,3.01,2026-09-11
20130124,3,2026-09-11
20130125,2.99,2026-09-11
20130128,3.03,2026-09-11
20130129,3.04,2026-09-11
20130130,3.1,2026-09-11
20130131,3.1,2026-09-11
20130201,3.12,2026-09-11
20130204,3.11,2026-09-11
20130205,3.08,2026-09-11
20130206,3.07,2026-09-11
20130207,3.06,2026-09-11
20130208,3.06,2026-09-11
20130212,3.04,2026-09-11
20130213,3.08,2026-09-11
20130214,3.09,2026-09-11
20130215,3.08,2026-09-11
20130218,3.06,2026-09-11
20130219,3.03,2026-09-11
20130220,3.04,2026-09-11
20130221,3.02,2026-09-11
20130222,3.02,2026-09-11
20130225,3.02,2026-09-11
20130226,2.98,2026-09-11
20130227,2.93,2026-09-11
20130228,2.94,2026-09-11
20130304,2.94,2026-09-11
20130305,2.93,2026-09-11
20130306,2.96,2026-09-11
20130307,2.99,2026-09-11
20130308,2.99,2026-09-11
20130311,3,2026-09-11
20130312,2.95,2026-09-11
20130313,2.96,2026-09-11
20130314,2.95,2026-09-11
20130315,2.93,2026-09-11
20130318,2.9,2026-09-11
20130319,2.88,2026-09-11
20130320,2.9,2026-09-11
20130321,2.89,2026-09-11
20130322,2.87,2026-09-11
20130325,2.88,2026-09-11
20130326,2.88,2026-09-11
20130327,2.86,2026-09-11
20130328,2.73,2026-09-11
20130329,2.8,2026-09-11
20130401,2.81,2026-09-11
20130402,2.8,2026-09-11
20130403,2.78,2026-09-11
20130404,2.79,2026-09-11
20130405,2.76,2026-09-11
20130408,2.77,2026-09-11
20130409,2.79,2026-09-11
20130410,2.79,2026-09-11
20130411,2.91,2026-09-11
20130412,2.96,2026-09-11
20130415,2.97,2026-09-11
20130416,2.9,2026-09-11
20130417,2.9,2026-09-11
20130418,2.86,2026-09-11
20130419,2.87,2026-09-11
20130422,2.87,2026-09-11
20130423,2.85,2026-09-11
20130424,2.85,2026-09-11
20130425,2.82,2026-09-11
20130426,2.8,2026-09-11
20130429,2.81,2026-09-11
20130430,2.77,2026-09-11
20130502,2.73,2026-09-11
20130503,2.74,2026-09-11
20130506,2.81,2026-09-11
20130507,2.8,2026-09-11
20130508,2.82,2026-09-11
20130509,2.84,2026-09-11
20130510,2.87,2026-09-11
20130513,2.89,2026-09-11
20130514,2.87,2026-09-11
20130515,2.88,2026-09-11
20130516,2.89,2026-09-11
20130520,2.92,2026-09-11
20130521,2.92,2026-09-11
20130522,2.93,2026-09-11
20130523,2.93,2026-09-11
20130524,2.94,2026-09-11
20130527,2.92,2026-09-11
20130528,2.94,2026-09-11
20130529,3.04,2026-09-11
20130530,3.05,2026-09-11
20130531,3.12,2026-09-11
20130603,3.12,2026-09-11
20130604,3.13,2026-09-11
20130605,3.16,2026-09-11
20130607,3.13,2026-09-11
20130610,3.15,2026-09-11
20130611,3.2,2026-09-11
20130612,3.31,2026-09-11
20130613,3.25,2026-09-11
20130614,3.19,2026-09-11
20130617,3.27,2026-09-11
20130618,3.21,2026-09-11
20130619,3.24,2026-09-11
20130620,3.41,2026-09-11
20130621,3.58,2026-09-11
20130624,3.68,2026-09-11
20130625,3.58,2026-09-11
20130626,3.5,2026-09-11
20130627,3.44,2026-09-11
20130628,3.4,2026-09-11
20130701,3.51,2026-09-11
20130702,3.42,2026-09-11
20130703,3.45,2026-09-11
20130704,3.46,2026-09-11
20130705,3.5,2026-09-11
20130708,3.61,2026-09-11
20130709,3.6,2026-09-11
20130710,3.53,2026-09-11
20130711,3.37,2026-09-11
20130712,3.38,2026-09-11
20130715,3.45,2026-09-11
20130716,3.44,2026-09-11
20130717,3.47,2026-09-11
20130718,3.41,2026-09-11
20130719,3.42,2026-09-11
20130722,3.41,2026-09-11
20130723,3.41,2026-09-11
20130724,3.43,2026-09-11
20130725,3.52,2026-09-11
20130726,3.51,2026-09-11
20130729,3.46,2026-09-11
20130730,3.47,2026-09-11
20130731,3.49,2026-09-11
20130801,3.49,2026-09-11
20130802,3.58,2026-09-11
20130805,3.51,2026-09-11
20130806,3.52,2026-09-11
20130807,3.59,2026-09-11
20130808,3.58,2026-09-11
20130809,3.58,2026-09-11
20130812,3.54,2026-09-11
20130813,3.57,2026-09-11
20130814,3.66,2026-09-11
20130816,3.67,2026-09-11
20130819,3.74,2026-09-11
20130820,3.64,2026-09-11
20130821,3.66,2026-09-11
20130822,3.73,2026-09-11
20130823,3.72,2026-09-11
20130826,3.67,2026-09-11
20130827,3.66,2026-09-11
20130828,3.61,2026-09-11
20130829,3.58,2026-09-11
20130830,3.53,2026-09-11
20130902,3.59,2026-09-11
20130903,3.6,2026-09-11
20130904,3.63,2026-09-11
20130905,3.7,2026-09-11
20130906,3.69,2026-09-11
20130909,3.59,2026-09-11
20130910,3.62,2026-09-11
20130911,3.55,2026-09-11
20130912,3.53,2026-09-11
20130913,3.57,2026-09-11
20130916,3.5,2026-09-11
20130917,3.47,2026-09-11
20130923,3.4,2026-09-11
20130924,3.39,2026-09-11
20130925,3.4,2026-09-11
20130926,3.46,2026-09-11
20130927,3.44,2026-09-11
20130930,3.42,2026-09-11
20131001,3.45,2026-09-11
20131002,3.41,2026-09-11
20131004,3.4,2026-09-11
20131007,3.42,2026-09-11
20131008,3.46,2026-09-11
20131010,3.51,2026-09-11
20131011,3.5,2026-09-11
20131014,3.54,2026-09-11
20131015,3.53,2026-09-11
20131016,3.51,2026-09-11
20131017,3.49,2026-09-11
20131018,3.44,2026-09-11
20131021,3.45,2026-09-11
20131022,3.44,2026-09-11
20131023,3.35,2026-09-11
20131024,3.37,2026-09-11
20131025,3.36,2026-09-11
20131028,3.42,2026-09-11
20131029,3.385,2026-09-11
20131030,3.357,2026-09-11
20131031,3.398,2026-09-11
20131101,3.45,2026-09-11
20131104,3.476,2026-09-11
20131105,3.513,2026-09-11
20131106,3.497,2026-09-11
20131107,3.512,2026-09-11
20131108,3.492,2026-09-11
20131111,3.58,2026-09-11
20131112,3.593,2026-09-11
20131113,3.56,2026-09-11
20131114,3.574,2026-09-11
20131115,3.593,2026-09-11
20131118,3.588,2026-09-11
20131119,3.636,2026-09-11
20131120,3.637,2026-09-11
20131121,3.678,2026-09-11
20131122,3.638,2026-09-11
20131125,3.653,2026-09-11
20131126,3.634,2026-09-11
20131127,3.635,2026-09-11
20131128,3.653,2026-09-11
20131129,3.672,2026-09-11
20131202,3.729,2026-09-11
20131203,3.726,2026-09-11
20131204,3.726,2026-09-11
20131205,3.755,2026-09-11
20131206,3.728,2026-09-11
20131209,3.683,2026-09-11
20131210,3.69,2026-09-11
20131211,3.716,2026-09-11
20131212,3.713,2026-09-11
20131213,3.681,2026-09-11
20131216,3.631,2026-09-11
20131217,3.605,2026-09-11
20131218,3.623,2026-09-11
20131219,3.633,2026-09-11
20131220,3.626,2026-09-11
20131223,3.58,2026-09-11
20131224,3.568,2026-09-11
20131226,3.574,2026-09-11
20131227,3.55,2026-09-11
20131230,3.583,2026-09-11
20131231,3.583,2026-09-11
20140102,3.678,2026-09-11
20140103,3.7,2026-09-11
20140106,3.648,2026-09-11
20140107,3.65,2026-09-11
20140108,3.645,2026-09-11
20140109,3.674,2026-09-11
20140110,3.65,2026-09-11
20140113,3.622,2026-09-11
20140114,3.644,2026-09-11
20140115,3.666,2026-09-11
20140116,3.648,2026-09-11
20140117,3.65,2026-09-11
20140120,3.65,2026-09-11
20140121,3.662,2026-09-11
20140122,3.683,2026-09-11
20140123,3.656,2026-09-11
20140124,3.587,2026-09-11
20140127,3.605,2026-09-11
20140128,3.6,2026-09-11
20140129,3.612,2026-09-11
20140203,3.609,2026-09-11
20140204,3.542,2026-09-11
20140205,3.546,2026-09-11
20140206,3.543,2026-09-11
20140207,3.564,2026-09-11
20140210,3.546,2026-09-11
20140211,3.526,2026-09-11
20140212,3.53,2026-09-11
20140213,3.495,2026-09-11
20140214,3.481,2026-09-11
20140217,3.501,2026-09-11
20140218,3.524,2026-09-11
20140219,3.499,2026-09-11
20140220,3.493,2026-09-11
20140221,3.529,2026-09-11
20140224,3.512,2026-09-11
20140225,3.498,2026-09-11
20140226,3.511,2026-09-11
20140227,3.5,2026-09-11
20140228,3.498,2026-09-11
20140303,3.552,2026-09-11
20140304,3.582,2026-09-11
20140305,3.562,2026-09-11
20140306,3.57,2026-09-11
20140307,3.58,2026-09-11
20140310,3.568,2026-09-11
20140311,3.562,2026-09-11
20140312,3.538,2026-09-11
20140313,3.531,2026-09-11
20140314,3.47,2026-09-11
20140317,3.515,2026-09-11
20140318,3.538,2026-09-11
20140319,3.516,2026-09-11
20140320,3.54,2026-09-11
20140321,3.561,2026-09-11
20140324,3.567,2026-09-11
20140325,3.544,2026-09-11
20140326,3.546,2026-09-11
20140327,3.538,2026-09-11
20140328,3.515,2026-09-11
20140331,3.518,2026-09-11
20140401,3.537,2026-09-11
20140402,3.56,2026-09-11
20140403,3.562,2026-09-11
20140404,3.562,2026-09-11
20140407,3.529,2026-09-11
20140408,3.541,2026-09-11
20140409,3.519,2026-09-11
20140410,3.533,2026-09-11
20140411,3.53,2026-09-11
20140414,3.539,2026-09-11
20140415,3.54,2026-09-11
20140416,3.549,2026-09-11
20140417,3.519,2026-09-11
20140418,3.542,2026-09-11
20140421,3.56,2026-09-11
20140422,3.551,2026-09-11
20140423,3.548,2026-09-11
20140424,3.549,2026-09-11
20140425,3.53,2026-09-11
20140428,3.529,2026-09-11
20140429,3.525,2026-09-11
20140430,3.527,2026-09-11
20140502,3.506,2026-09-11
20140507,3.468,2026-09-11
20140508,3.461,2026-09-11
20140509,3.425,2026-09-11
20140512,3.44,2026-09-11
20140513,3.453,2026-09-11
20140514,3.442,2026-09-11
20140515,3.378,2026-09-11
20140516,3.386,2026-09-11
20140519,3.377,2026-09-11
20140520,3.385,2026-09-11
20140521,3.378,2026-09-11
20140522,3.407,2026-09-11
20140523,3.383,2026-09-11
20140526,3.371,2026-09-11
20140527,3.369,2026-09-11
20140528,3.351,2026-09-11
20140529,3.323,2026-09-11
20140530,3.338,2026-09-11
20140602,3.362,2026-09-11
20140603,3.375,2026-09-11
20140605,3.383,2026-09-11
20140609,3.38,2026-09-11
20140610,3.34,2026-09-11
20140611,3.355,2026-09-11
20140612,3.318,2026-09-11
20140613,3.307,2026-09-11
20140616,3.315,2026-09-11
20140617,3.302,2026-09-11
20140618,3.301,2026-09-11
20140619,3.251,2026-09-11
20140620,3.213,2026-09-11
20140623,3.235,2026-09-11
20140624,3.215,2026-09-11
20140625,3.216,2026-09-11
20140626,3.205,2026-09-11
20140627,3.183,2026-09-11
20140630,3.17,2026-09-11
20140701,3.168,2026-09-11
20140702,3.089,2026-09-11
20140703,3.105,2026-09-11
20140704,3.123,2026-09-11
20140707,3.127,2026-09-11
20140708,3.159,2026-09-11
20140709,3.153,2026-09-11
20140710,3.085,2026-09-11
20140711,3.063,2026-09-11
20140714,3.075,2026-09-11
20140715,3.062,2026-09-11
20140716,3.027,2026-09-11
20140717,2.958,2026-09-11
20140718,2.971,2026-09-11
20140721,3,2026-09-11
20140722,2.995,2026-09-11
20140723,2.97,2026-09-11
20140724,3.015,2026-09-11
20140725,3.004,2026-09-11
20140728,3.017,2026-09-11
20140729,3.034,2026-09-11
20140730,3.035,2026-09-11
20140731,3.052,2026-09-11
20140801,3.105,2026-09-11
20140804,3.105,2026-09-11
20140805,3.065,2026-09-11
20140806,3.095,2026-09-11
20140807,3.085,2026-09-11
20140808,3.034,2026-09-11
20140811,3.043,2026-09-11
20140812,3.061,2026-09-11
20140813,3.07,2026-09-11
20140814,3.069,2026-09-11
20140818,3.101,2026-09-11
20140819,3.143,2026-09-11
20140820,3.142,2026-09-11
20140821,3.149,2026-09-11
20140822,3.148,2026-09-11
20140825,3.11,2026-09-11
20140826,3.063,2026-09-11
20140827,3.045,2026-09-11
20140828,3.058,2026-09-11
20140829,3.034,2026-09-11
20140901,3.038,2026-09-11
20140902,3.063,2026-09-11
20140903,3.101,2026-09-11
20140904,3.1,2026-09-11
20140905,3.067,2026-09-11
20140911,3.082,2026-09-11
20140912,3.008,2026-09-11
20140915,3.045,2026-09-11
20140916,3.05,2026-09-11
20140917,3.034,2026-09-11
20140918,3.022,2026-09-11
20140919,3.027,2026-09-11
20140922,2.99,2026-09-11
20140923,2.981,2026-09-11
20140924,2.971,2026-09-11
20140925,2.954,2026-09-11
20140926,2.929,2026-09-11
20140929,2.914,2026-09-11
20140930,2.854,2026-09-11
20141001,2.804,2026-09-11
20141002,2.832,2026-09-11
20141006,2.845,2026-09-11
20141007,2.859,2026-09-11
20141008,2.845,2026-09-11
20141010,2.819,2026-09-11
20141013,2.819,2026-09-11
20141014,2.835,2026-09-11
20141015,2.822,2026-09-11
20141016,2.738,2026-09-11
20141017,2.731,2026-09-11
20141020,2.785,2026-09-11
20141021,2.757,2026-09-11
20141022,2.755,2026-09-11
20141023,2.725,2026-09-11
20141024,2.699,2026-09-11
20141027,2.72,2026-09-11
20141028,2.719,2026-09-11
20141029,2.706,2026-09-11
20141030,2.684,2026-09-11
20141031,2.645,2026-09-11
20141103,2.657,2026-09-11
20141104,2.629,2026-09-11
20141105,2.636,2026-09-11
20141106,2.642,2026-09-11
20141107,2.67,2026-09-11
20141110,2.686,2026-09-11
20141111,2.719,2026-09-11
20141112,2.758,2026-09-11
20141113,2.773,2026-09-11
20141114,2.772,2026-09-11
20141117,2.762,2026-09-11
20141118,2.748,2026-09-11
20141119,2.742,2026-09-11
20141120,2.715,2026-09-11
20141121,2.725,2026-09-11
20141124,2.682,2026-09-11
20141125,2.654,2026-09-11
20141126,2.634,2026-09-11
20141127,2.649,2026-09-11
20141128,2.589,2026-09-11
20141201,2.59,2026-09-11
20141202,2.604,2026-09-11
20141203,2.681,2026-09-11
20141204,2.72,2026-09-11
20141205,2.725,2026-09-11
20141208,2.798,2026-09-11
20141209,2.75,2026-09-11
20141210,2.766,2026-09-11
20141211,2.7,2026-09-11
20141212,2.695,2026-09-11
20141215,2.693,2026-09-11
20141216,2.668,2026-09-11
20141217,2.695,2026-09-11
20141218,2.725,2026-09-11
20141219,2.722,2026-09-11
20141222,2.666,2026-09-11
20141223,2.671,2026-09-11
20141224,2.658,2026-09-11
20141226,2.65,2026-09-11
20141229,2.608,2026-09-11
20141230,2.597,2026-09-11
20141231,2.598,2026-09-11
20150102,2.66,2026-09-11
20150105,2.622,2026-09-11
20150106,2.555,2026-09-11
20150107,2.56,2026-09-11
20150108,2.552,2026-09-11
20150109,2.536,2026-09-11
20150112,2.449,2026-09-11
20150113,2.433,2026-09-11
20150114,2.369,2026-09-11
20150115,2.45,2026-09-11
20150116,2.344,2026-09-11
20150119,2.385,2026-09-11
20150120,2.36,2026-09-11
20150121,2.372,2026-09-11
20150122,2.405,2026-09-11
20150123,2.329,2026-09-11
20150126,2.3,2026-09-11
20150127,2.3,2026-09-11
20150128,2.259,2026-09-11
20150129,2.227,2026-09-11
20150130,2.24,2026-09-11
20150202,2.245,2026-09-11
20150203,2.211,2026-09-11
20150204,2.249,2026-09-11
20150205,2.278,2026-09-11
20150206,2.273,2026-09-11
20150209,2.295,2026-09-11
20150210,2.356,2026-09-11
20150211,2.352,2026-09-11
20150212,2.406,2026-09-11
20150213,2.4,2026-09-11
20150216,2.477,2026-09-11
20150217,2.383,2026-09-11
20150223,2.426,2026-09-11
20150224,2.434,2026-09-11
20150225,2.375,2026-09-11
20150226,2.366,2026-09-11
20150227,2.353,2026-09-11
20150302,2.33,2026-09-11
20150303,2.352,2026-09-11
20150304,2.367,2026-09-11
20150305,2.355,2026-09-11
20150306,2.329,2026-09-11
20150309,2.371,2026-09-11
20150310,2.387,2026-09-11
20150311,2.316,2026-09-11
20150312,2.347,2026-09-11
20150313,2.356,2026-09-11
20150316,2.315,2026-09-11
20150317,2.319,2026-09-11
20150318,2.282,2026-09-11
20150319,2.212,2026-09-11
20150320,2.207,2026-09-11
20150323,2.194,2026-09-11
20150324,2.193,2026-09-11
20150325,2.171,2026-09-11
20150326,2.178,2026-09-11
20150327,2.18,2026-09-11
20150330,2.152,2026-09-11
20150331,2.16,2026-09-11
20150401,2.15,2026-09-11
20150402,2.119,2026-09-11
20150403,2.086,2026-09-11
20150406,2.068,2026-09-11
20150407,2.104,2026-09-11
20150408,2.112,2026-09-11
20150409,2.077,2026-09-11
20150410,2.07,2026-09-11
20150413,2.103,2026-09-11
20150414,2.121,2026-09-11
20150415,2.122,2026-09-11
20150416,2.157,2026-09-11
20150417,2.112,2026-09-11
20150420,2.143,2026-09-11
20150421,2.174,2026-09-11
20150422,2.175,2026-09-11
20150423,2.266,2026-09-11
20150424,2.285,2026-09-11
20150427,2.29,2026-09-11
20150428,2.367,2026-09-11
20150429,2.38,2026-09-11
20150430,2.414,2026-09-11
20150504,2.486,2026-09-11
20150506,2.569,2026-09-11
20150507,2.551,2026-09-11
20150508,2.415,2026-09-11
20150511,2.46,2026-09-11
20150512,2.597,2026-09-11
20150513,2.538,2026-09-11
20150514,2.498,2026-09-11
20150515,2.508,2026-09-11
20150518,2.517,2026-09-11
20150519,2.547,2026-09-11
20150520,2.495,2026-09-11
20150521,2.511,2026-09-11
20150522,2.48,2026-09-11
20150526,2.489,2026-09-11
20150527,2.447,2026-09-11
20150528,2.41,2026-09-11
20150529,2.308,2026-09-11
20150601,2.343,2026-09-11
20150602,2.333,2026-09-11
20150603,2.429,2026-09-11
20150604,2.482,2026-09-11
20150605,2.468,2026-09-11
20150608,2.483,2026-09-11
20150609,2.434,2026-09-11
20150610,2.465,2026-09-11
20150611,2.526,2026-09-11
20150612,2.463,2026-09-11
20150615,2.5,2026-09-11
20150616,2.508,2026-09-11
20150617,2.557,2026-09-11
20150618,2.516,2026-09-11
20150619,2.445,2026-09-11
20150622,2.506,2026-09-11
20150623,2.48,2026-09-11
20150624,2.469,2026-09-11
20150625,2.494,2026-09-11
20150626,2.495,2026-09-11
20150629,2.45,2026-09-11
20150630,2.451,2026-09-11
20150701,2.471,2026-09-11
20150702,2.53,2026-09-11
20150703,2.522,2026-09-11
20150706,2.465,2026-09-11
20150707,2.497,2026-09-11
20150708,2.469,2026-09-11
20150709,2.484,2026-09-11
20150710,2.502,2026-09-11
20150713,2.508,2026-09-11
20150714,2.504,2026-09-11
20150715,2.495,2026-09-11
20150716,2.481,2026-09-11
20150717,2.47,2026-09-11
20150720,2.467,2026-09-11
20150721,2.454,2026-09-11
20150722,2.421,2026-09-11
20150723,2.37,2026-09-11
20150724,2.336,2026-09-11
20150727,2.351,2026-09-11
20150728,2.383,2026-09-11
20150729,2.362,2026-09-11
20150730,2.39,2026-09-11
20150731,2.428,2026-09-11
20150803,2.402,2026-09-11
20150804,2.409,2026-09-11
20150805,2.423,2026-09-11
20150806,2.408,2026-09-11
20150807,2.41,2026-09-11
20150810,2.356,2026-09-11
20150811,2.323,2026-09-11
20150812,2.257,2026-09-11
20150813,2.294,2026-09-11
20150817,2.279,2026-09-11
20150818,2.273,2026-09-11
20150819,2.307,2026-09-11
20150820,2.276,2026-09-11
20150821,2.256,2026-09-11
20150824,2.189,2026-09-11
20150825,2.222,2026-09-11
20150826,2.249,2026-09-11
20150827,2.252,2026-09-11
20150828,2.285,2026-09-11
20150831,2.295,2026-09-11
20150901,2.303,2026-09-11
20150902,2.266,2026-09-11
20150903,2.28,2026-09-11
20150904,2.241,2026-09-11
20150907,2.224,2026-09-11
20150908,2.227,2026-09-11
20150909,2.253,2026-09-11
20150910,2.225,2026-09-11
20150911,2.237,2026-09-11
20150914,2.27,2026-09-11
20150915,2.252,2026-09-11
20150916,2.274,2026-09-11
20150917,2.271,2026-09-11
20150918,2.195,2026-09-11
20150921,2.158,2026-09-11
20150922,2.148,2026-09-11
20150923,2.136,2026-09-11
20150924,2.16,2026-09-11
20150925,2.134,2026-09-11
20150930,2.061,2026-09-11
20151001,2.107,2026-09-11
20151002,2.082,2026-09-11
20151005,2.042,2026-09-11
20151006,2.05,2026-09-11
20151007,2.087,2026-09-11
20151008,2.091,2026-09-11
20151012,2.149,2026-09-11
20151013,2.124,2026-09-11
20151014,2.124,2026-09-11
20151015,2.06,2026-09-11
20151016,2.064,2026-09-11
20151019,2.076,2026-09-11
20151020,2.099,2026-09-11
20151021,2.109,2026-09-11
20151022,2.122,2026-09-11
20151023,2.105,2026-09-11
20151026,2.097,2026-09-11
20151027,2.064,2026-09-11
20151028,2.036,2026-09-11
20151029,2.053,2026-09-11
20151030,2.111,2026-09-11
20151102,2.118,2026-09-11
20151103,2.153,2026-09-11
20151104,2.165,2026-09-11
20151105,2.157,2026-09-11
20151106,2.208,2026-09-11
20151109,2.306,2026-09-11
20151110,2.274,2026-09-11
20151111,2.308,2026-09-11
20151112,2.326,2026-09-11
20151113,2.332,2026-09-11
20151116,2.283,2026-09-11
20151117,2.304,2026-09-11
20151118,2.292,2026-09-11
20151119,2.26,2026-09-11
20151120,2.269,2026-09-11
20151123,2.288,2026-09-11
20151124,2.279,2026-09-11
20151125,2.25,2026-09-11
20151126,2.239,2026-09-11
20151127,2.271,2026-09-11
20151130,2.247,2026-09-11
20151201,2.275,2026-09-11
20151202,2.256,2026-09-11
20151203,2.264,2026-09-11
20151204,2.301,2026-09-11
20151207,2.299,2026-09-11
20151208,2.23,2026-09-11
20151209,2.21,2026-09-11
20151210,2.216,2026-09-11
20151211,2.243,2026-09-11
20151214,2.221,2026-09-11
20151215,2.21,2026-09-11
20151216,2.218,2026-09-11
20151217,2.162,2026-09-11
20151218,2.118,2026-09-11
20151221,2.1,2026-09-11
20151222,2.114,2026-09-11
20151223,2.114,2026-09-11
20151224,2.102,2026-09-11
20151228,2.097,2026-09-11
20151229,2.07,2026-09-11
20151230,2.076,2026-09-11
20151231,2.076,2026-09-11
20160104,2.039,2026-09-11
20160105,2.057,2026-09-11
20160106,2.035,2026-09-11
20160107,2.015,2026-09-11
20160108,2.057,2026-09-11
20160111,2.025,2026-09-11
20160112,2.036,2026-09-11
20160113,2.025,2026-09-11
20160114,2.033,2026-09-11
20160115,2.024,2026-09-11
20160118,2.039,2026-09-11
20160119,2.065,2026-09-11
20160120,2.002,2026-09-11
20160121,1.995,2026-09-11
20160122,2.037,2026-09-11
20160125,2.02,2026-09-11
20160126,1.99,2026-09-11
20160127,2.013,2026-09-11
20160128,2.018,2026-09-11
20160129,1.979,2026-09-11
20160201,1.922,2026-09-11
20160202,1.916,2026-09-11
20160203,1.865,2026-09-11
20160204,1.862,2026-09-11
20160205,1.882,2026-09-11
20160211,1.766,2026-09-11
20160212,1.8,2026-09-11
20160215,1.825,2026-09-11
20160216,1.781,2026-09-11
20160217,1.784,2026-09-11
20160218,1.805,2026-09-11
20160219,1.814,2026-09-11
20160222,1.83,2026-09-11
20160223,1.831,2026-09-11
20160224,1.814,2026-09-11
20160225,1.802,2026-09-11
20160226,1.778,2026-09-11
20160229,1.786,2026-09-11
20160302,1.827,2026-09-11
20160303,1.87,2026-09-11
20160304,1.882,2026-09-11
20160307,1.867,2026-09-11
20160308,1.845,2026-09-11
20160309,1.85,2026-09-11
20160310,1.863,2026-09-11
20160311,1.922,2026-09-11
20160314,1.915,2026-09-11
20160315,1.907,2026-09-11
20160316,1.912,2026-09-11
20160317,1.862,2026-09-11
20160318,1.835,2026-09-11
20160321,1.828,2026-09-11
20160322,1.847,2026-09-11
20160323,1.867,2026-09-11
20160324,1.848,2026-09-11
20160325,1.835,2026-09-11
20160328,1.834,2026-09-11
20160329,1.798,2026-09-11
20160330,1.781,2026-09-11
20160331,1.793,2026-09-11
20160401,1.796,2026-09-11
20160404,1.766,2026-09-11
20160405,1.787,2026-09-11
20160406,1.787,2026-09-11
20160407,1.801,2026-09-11
20160408,1.794,2026-09-11
20160411,1.794,2026-09-11
20160412,1.791,2026-09-11
20160414,1.844,2026-09-11
20160415,1.84,2026-09-11
20160418,1.845,2026-09-11
20160419,1.838,2026-09-11
20160420,1.804,2026-09-11
20160421,1.825,2026-09-11
20160422,1.828,2026-09-11
20160425,1.831,2026-09-11
20160426,1.816,2026-09-11
20160427,1.811,2026-09-11
20160428,1.801,2026-09-11
20160429,1.794,2026-09-11
20160502,1.807,2026-09-11
20160503,1.795,2026-09-11
20160504,1.773,2026-09-11
20160509,1.767,2026-09-11
20160510,1.768,2026-09-11
20160511,1.765,2026-09-11
20160512,1.764,2026-09-11
20160513,1.768,2026-09-11
20160516,1.774,2026-09-11
20160517,1.791,2026-09-11
20160518,1.801,2026-09-11
20160519,1.829,2026-09-11
20160520,1.803,2026-09-11
20160523,1.8,2026-09-11
20160524,1.767,2026-09-11
20160525,1.785,2026-09-11
20160526,1.79,2026-09-11
20160527,1.778,2026-09-11
20160530,1.813,2026-09-11
20160531,1.811,2026-09-11
20160601,1.757,2026-09-11
20160602,1.763,2026-09-11
20160603,1.738,2026-09-11
20160607,1.715,2026-09-11
20160608,1.697,2026-09-11
20160609,1.66,2026-09-11
20160610,1.652,2026-09-11
20160613,1.615,2026-09-11
20160614,1.635,2026-09-11
20160615,1.622,2026-09-11
20160616,1.579,2026-09-11
20160617,1.596,2026-09-11
20160620,1.641,2026-09-11
20160621,1.616,2026-09-11
20160622,1.638,2026-09-11
20160623,1.627,2026-09-11
20160624,1.5,2026-09-11
20160627,1.484,2026-09-11
20160628,1.486,2026-09-11
20160629,1.459,2026-09-11
20160630,1.469,2026-09-11
20160701,1.409,2026-09-11
20160704,1.415,2026-09-11
20160705,1.421,2026-09-11
20160706,1.383,2026-09-11
20160707,1.38,2026-09-11
20160708,1.388,2026-09-11
20160711,1.38,2026-09-11
20160712,1.388,2026-09-11
20160713,1.393,2026-09-11
20160714,1.374,2026-09-11
20160715,1.392,2026-09-11
20160718,1.415,2026-09-11
20160719,1.426,2026-09-11
20160720,1.418,2026-09-11
20160721,1.439,2026-09-11
20160722,1.418,2026-09-11
20160725,1.425,2026-09-11
20160726,1.411,2026-09-11
20160727,1.403,2026-09-11
20160728,1.357,2026-09-11
20160729,1.386,2026-09-11
20160801,1.363,2026-09-11
20160802,1.378,2026-09-11
20160803,1.425,2026-09-11
20160804,1.413,2026-09-11
20160805,1.388,2026-09-11
20160808,1.429,2026-09-11
20160809,1.427,2026-09-11
20160810,1.391,2026-09-11
20160811,1.396,2026-09-11
20160812,1.41,2026-09-11
20160816,1.395,2026-09-11
20160817,1.434,2026-09-11
20160818,1.415,2026-09-11
20160819,1.422,2026-09-11
20160822,1.435,2026-09-11
20160823,1.422,2026-09-11
20160824,1.418,2026-09-11
20160825,1.422,2026-09-11
20160826,1.423,2026-09-11
20160829,1.445,2026-09-11
20160830,1.449,2026-09-11
20160831,1.478,2026-09-11
20160901,1.524,2026-09-11
20160902,1.53,2026-09-11
20160905,1.511,2026-09-11
20160906,1.506,2026-09-11
20160907,1.459,2026-09-11
20160908,1.469,2026-09-11
20160909,1.512,2026-09-11
20160912,1.567,2026-09-11
20160913,1.572,2026-09-11
20160919,1.582,2026-09-11
20160920,1.575,2026-09-11
20160921,1.592,2026-09-11
20160922,1.519,2026-09-11
20160923,1.5,2026-09-11
20160926,1.495,2026-09-11
20160927,1.494,2026-09-11
20160928,1.468,2026-09-11
20160929,1.456,2026-09-11
20160930,1.398,2026-09-11
20161004,1.455,2026-09-11
20161005,1.51,2026-09-11
20161006,1.536,2026-09-11
20161007,1.531,2026-09-11
20161010,1.546,2026-09-11
20161011,1.616,2026-09-11
20161012,1.595,2026-09-11
20161013,1.543,2026-09-11
20161014,1.55,2026-09-11
20161017,1.615,2026-09-11
20161018,1.616,2026-09-11
20161019,1.612,2026-09-11
20161020,1.613,2026-09-11
20161021,1.626,2026-09-11
20161024,1.612,2026-09-11
20161025,1.64,2026-09-11
20161026,1.633,2026-09-11
20161027,1.669,2026-09-11
20161028,1.718,2026-09-11
20161031,1.688,2026-09-11
20161101,1.73,2026-09-11
20161102,1.694,2026-09-11
20161103,1.679,2026-09-11
20161104,1.694,2026-09-11
20161107,1.707,2026-09-11
20161108,1.702,2026-09-11
20161109,1.671,2026-09-11
20161110,1.819,2026-09-11
20161111,1.938,2026-09-11
20161114,2.061,2026-09-11
20161115,2.043,2026-09-11
20161116,2.084,2026-09-11
20161117,2.086,2026-09-11
20161118,2.132,2026-09-11
20161121,2.12,2026-09-11
20161122,2.124,2026-09-11
20161123,2.139,2026-09-11
20161124,2.182,2026-09-11
20161125,2.184,2026-09-11
20161128,2.153,2026-09-11
20161129,2.141,2026-09-11
20161130,2.144,2026-09-11
20161201,2.202,2026-09-11
20161202,2.258,2026-09-11
20161205,2.19,2026-09-11
20161206,2.203,2026-09-11
20161207,2.199,2026-09-11
20161208,2.163,2026-09-11
20161209,2.207,2026-09-11
20161212,2.27,2026-09-11
20161213,2.202,2026-09-11
20161214,2.131,2026-09-11
20161215,2.196,2026-09-11
20161216,2.167,2026-09-11
20161219,2.168,2026-09-11
20161220,2.163,2026-09-11
20161221,2.11,2026-09-11
20161222,2.102,2026-09-11
20161223,2.114,2026-09-11
20161226,2.114,2026-09-11
20161227,2.117,2026-09-11
20161228,2.084,2026-09-11
20161229,2.074,2026-09-11
20161230,2.074,2026-09-11
20170102,2.055,2026-09-11
20170103,2.061,2026-09-11
20170104,2.096,2026-09-11
20170105,2.064,2026-09-11
20170106,2.077,2026-09-11
20170109,2.132,2026-09-11
20170110,2.104,2026-09-11
20170111,2.126,2026-09-11
20170112,2.066,2026-09-11
20170113,2.096,2026-09-11
20170116,2.119,2026-09-11
20170117,2.102,2026-09-11
20170118,2.123,2026-09-11
20170119,2.169,2026-09-11
20170120,2.129,2026-09-11
20170123,2.125,2026-09-11
20170124,2.102,2026-09-11
20170125,2.133,2026-09-11
20170126,2.193,2026-09-11
20170131,2.155,2026-09-11
20170201,2.173,2026-09-11
20170202,2.155,2026-09-11
20170203,2.184,2026-09-11
20170206,2.156,2026-09-11
20170207,2.134,2026-09-11
20170208,2.13,2026-09-11
20170209,2.122,2026-09-11
20170210,2.151,2026-09-11
20170213,2.15,2026-09-11
20170214,2.135,2026-09-11
20170215,2.153,2026-09-11
20170216,2.144,2026-09-11
20170217,2.135,2026-09-11
20170220,2.184,2026-09-11
20170221,2.202,2026-09-11
20170222,2.246,2026-09-11
20170223,2.206,2026-09-11
20170224,2.175,2026-09-11
20170227,2.172,2026-09-11
20170228,2.162,2026-09-11
20170302,2.224,2026-09-11
20170303,2.231,2026-09-11
20170306,2.264,2026-09-11
20170307,2.31,2026-09-11
20170308,2.302,2026-09-11
20170309,2.318,2026-09-11
20170310,2.318,2026-09-11
20170313,2.301,2026-09-11
20170314,2.29,2026-09-11
20170315,2.272,2026-09-11
20170316,2.176,2026-09-11
20170317,2.179,2026-09-11
20170320,2.185,2026-09-11
20170321,2.186,2026-09-11
20170322,2.153,2026-09-11
20170323,2.151,2026-09-11
20170324,2.175,2026-09-11
20170327,2.15,2026-09-11
20170328,2.161,2026-09-11
20170329,2.159,2026-09-11
20170330,2.184,2026-09-11
20170331,2.177,2026-09-11
20170403,2.177,2026-09-11
20170404,2.139,2026-09-11
20170405,2.141,2026-09-11
20170406,2.182,2026-09-11
20170407,2.193,2026-09-11
20170410,2.253,2026-09-11
20170411,2.204,2026-09-11
20170412,2.205,2026-09-11
20170413,2.172,2026-09-11
20170414,2.185,2026-09-11
20170417,2.173,2026-09-11
20170418,2.174,2026-09-11
20170419,2.144,2026-09-11
20170420,2.144,2026-09-11
20170421,2.165,2026-09-11
20170424,2.205,2026-09-11
20170425,2.194,2026-09-11
20170426,2.207,2026-09-11
20170427,2.196,2026-09-11
20170428,2.196,2026-09-11
20170502,2.236,2026-09-11
20170504,2.211,2026-09-11
20170508,2.242,2026-09-11
20170510,2.299,2026-09-11
20170511,2.306,2026-09-11
20170512,2.289,2026-09-11
20170515,2.301,2026-09-11
20170516,2.301,2026-09-11
20170517,2.249,2026-09-11
20170518,2.248,2026-09-11
20170519,2.238,2026-09-11
20170522,2.272,2026-09-11
20170523,2.249,2026-09-11
20170524,2.269,2026-09-11
20170525,2.246,2026-09-11
20170526,2.237,2026-09-11
20170529,2.245,2026-09-11
20170530,2.223,2026-09-11
20170531,2.23,2026-09-11
20170601,2.212,2026-09-11
20170602,2.209,2026-09-11
20170605,2.177,2026-09-11
20170607,2.16,2026-09-11
20170608,2.173,2026-09-11
20170609,2.173,2026-09-11
20170612,2.222,2026-09-11
20170613,2.177,2026-09-11
20170614,2.17,2026-09-11
20170615,2.123,2026-09-11
20170616,2.153,2026-09-11
20170619,2.158,2026-09-11
20170620,2.142,2026-09-11
20170621,2.138,2026-09-11
20170622,2.135,2026-09-11
20170623,2.129,2026-09-11
20170626,2.124,2026-09-11
20170627,2.118,2026-09-11
20170628,2.178,2026-09-11
20170629,2.184,2026-09-11
20170630,2.214,2026-09-11
20170703,2.235,2026-09-11
20170704,2.272,2026-09-11
20170705,2.277,2026-09-11
20170706,2.281,2026-09-11
20170707,2.323,2026-09-11
20170710,2.289,2026-09-11
20170711,2.28,2026-09-11
20170712,2.272,2026-09-11
20170713,2.238,2026-09-11
20170714,2.249,2026-09-11
20170717,2.272,2026-09-11
20170718,2.256,2026-09-11
20170719,2.258,2026-09-11
20170720,2.237,2026-09-11
20170721,2.219,2026-09-11
20170724,2.22,2026-09-11
20170725,2.207,2026-09-11
20170726,2.245,2026-09-11
20170727,2.215,2026-09-11
20170728,2.229,2026-09-11
20170731,2.226,2026-09-11
20170801,2.258,2026-09-11
20170802,2.247,2026-09-11
20170803,2.25,2026-09-11
20170804,2.251,2026-09-11
20170807,2.285,2026-09-11
20170808,2.311,2026-09-11
20170809,2.338,2026-09-11
20170810,2.322,2026-09-11
20170811,2.302,2026-09-11
20170814,2.301,2026-09-11
20170816,2.332,2026-09-11
20170817,2.32,2026-09-11
20170818,2.314,2026-09-11
20170821,2.304,2026-09-11
20170822,2.308,2026-09-11
20170823,2.297,2026-09-11
20170824,2.289,2026-09-11
20170825,2.253,2026-09-11
20170828,2.251,2026-09-11
20170829,2.261,2026-09-11
20170830,2.249,2026-09-11
20170831,2.262,2026-09-11
20170901,2.271,2026-09-11
20170904,2.305,2026-09-11
20170905,2.306,2026-09-11
20170906,2.28,2026-09-11
20170907,2.275,2026-09-11
20170908,2.24,2026-09-11
20170911,2.251,2026-09-11
20170912,2.251,2026-09-11
20170913,2.242,2026-09-11
20170914,2.244,2026-09-11
20170915,2.248,2026-09-11
20170918,2.265,2026-09-11
20170919,2.294,2026-09-11
20170920,2.28,2026-09-11
20170921,2.28,2026-09-11
20170922,2.268,2026-09-11
20170925,2.27,2026-09-11
20170926,2.31,2026-09-11
20170927,2.36,2026-09-11
20170928,2.394,2026-09-11
20170929,2.379,2026-09-11
20171010,2.418,2026-09-11
20171011,2.418,2026-09-11
20171012,2.388,2026-09-11
20171013,2.391,2026-09-11
20171016,2.398,2026-09-11
20171017,2.401,2026-09-11
20171018,2.392,2026-09-11
20171019,2.429,2026-09-11
20171020,2.471,2026-09-11
20171023,2.454,2026-09-11
20171024,2.456,2026-09-11
20171025,2.5,2026-09-11
20171026,2.543,2026-09-11
20171027,2.536,2026-09-11
20171030,2.521,2026-09-11
20171031,2.571,2026-09-11
20171101,2.547,2026-09-11
20171102,2.526,2026-09-11
20171103,2.526,2026-09-11
20171106,2.549,2026-09-11
20171107,2.539,2026-09-11
20171108,2.538,2026-09-11
20171109,2.537,2026-09-11
20171110,2.564,2026-09-11
20171113,2.583,2026-09-11
20171114,2.61,2026-09-11
20171115,2.571,2026-09-11
20171116,2.564,2026-09-11
20171117,2.569,2026-09-11
20171120,2.546,2026-09-11
20171121,2.543,2026-09-11
20171122,2.541,2026-09-11
20171123,2.521,2026-09-11
20171124,2.537,2026-09-11
20171127,2.531,2026-09-11
20171128,2.484,2026-09-11
20171129,2.48,2026-09-11
20171130,2.477,2026-09-11
20171201,2.489,2026-09-11
20171204,2.485,2026-09-11
20171205,2.502,2026-09-11
20171206,2.467,2026-09-11
20171207,2.482,2026-09-11
20171208,2.486,2026-09-11
20171211,2.482,2026-09-11
20171212,2.456,2026-09-11
20171213,2.453,2026-09-11
20171214,2.45,2026-09-11
20171215,2.433,2026-09-11
20171218,2.433,2026-09-11
20171219,2.451,2026-09-11
20171220,2.467,2026-09-11
20171221,2.483,2026-09-11
20171222,2.496,2026-09-11
20171226,2.491,2026-09-11
20171227,2.497,2026-09-11
20171228,2.469,2026-09-11
20171229,2.469,2026-09-11
20180102,2.489,2026-09-11
20180103,2.508,2026-09-11
20180104,2.523,2026-09-11
20180105,2.518,2026-09-11
20180108,2.54,2026-09-11
20180109,2.565,2026-09-11
20180110,2.637,2026-09-11
20180111,2.589,2026-09-11
20180112,2.623,2026-09-11
20180115,2.658,2026-09-11
20180116,2.641,2026-09-11
20180117,2.636,2026-09-11
20180118,2.62,2026-09-11
20180119,2.638,2026-09-11
20180122,2.652,2026-09-11
20180123,2.654,2026-09-11
20180124,2.644,2026-09-11
20180125,2.661,2026-09-11
20180126,2.679,2026-09-11
20180129,2.744,2026-09-11
20180130,2.784,2026-09-11
20180131,2.769,2026-09-11
20180201,2.756,2026-09-11
20180202,2.756,2026-09-11
20180205,2.803,2026-09-11
20180206,2.749,2026-09-11
20180207,2.718,2026-09-11
20180208,2.744,2026-09-11
20180209,2.757,2026-09-11
20180212,2.806,2026-09-11
20180213,2.78,2026-09-11
20180214,2.763,2026-09-11
20180219,2.798,2026-09-11
20180220,2.807,2026-09-11
20180221,2.801,2026-09-11
20180222,2.803,2026-09-11
20180223,2.792,2026-09-11
20180226,2.763,2026-09-11
20180227,2.73,2026-09-11
20180228,2.736,2026-09-11
20180302,2.741,2026-09-11
20180305,2.737,2026-09-11
20180306,2.759,2026-09-11
20180307,2.727,2026-09-11
20180308,2.73,2026-09-11
20180309,2.744,2026-09-11
20180312,2.759,2026-09-11
20180313,2.746,2026-09-11
20180314,2.711,2026-09-11
20180315,2.704,2026-09-11
20180316,2.713,2026-09-11
20180319,2.724,2026-09-11
20180320,2.732,2026-09-11
20180321,2.723,2026-09-11
20180322,2.694,2026-09-11
20180323,2.648,2026-09-11
20180326,2.687,2026-09-11
20180327,2.676,2026-09-11
20180328,2.64,2026-09-11
20180329,2.642,2026-09-11
20180330,2.624,2026-09-11
20180402,2.643,2026-09-11
20180403,2.634,2026-09-11
20180404,2.617,2026-09-11
20180405,2.633,2026-09-11
20180406,2.607,2026-09-11
20180409,2.613,2026-09-11
20180410,2.622,2026-09-11
20180411,2.596,2026-09-11
20180412,2.58,2026-09-11
20180413,2.603,2026-09-11
20180416,2.625,2026-09-11
20180417,2.636,2026-09-11
20180418,2.652,2026-09-11
20180419,2.647,2026-09-11
20180420,2.671,2026-09-11
20180423,2.725,2026-09-11
20180424,2.726,2026-09-11
20180425,2.762,2026-09-11
20180426,2.749,2026-09-11
20180427,2.7,2026-09-11
20180430,2.713,2026-09-11
20180502,2.751,2026-09-11
20180503,2.751,2026-09-11
20180504,2.761,2026-09-11
20180508,2.787,2026-09-11
20180509,2.805,2026-09-11
20180510,2.772,2026-09-11
20180511,2.785,2026-09-11
20180514,2.795,2026-09-11
20180515,2.814,2026-09-11
20180516,2.794,2026-09-11
20180517,2.796,2026-09-11
20180518,2.765,2026-09-11
20180521,2.769,2026-09-11
20180523,2.747,2026-09-11
20180524,2.72,2026-09-11
20180525,2.716,2026-09-11
20180528,2.726,2026-09-11
20180529,2.693,2026-09-11
20180530,2.697,2026-09-11
20180531,2.695,2026-09-11
20180601,2.703,2026-09-11
20180604,2.733,2026-09-11
20180605,2.716,2026-09-11
20180607,2.75,2026-09-11
20180608,2.714,2026-09-11
20180611,2.732,2026-09-11
20180612,2.721,2026-09-11
20180614,2.711,2026-09-11
20180615,2.672,2026-09-11
20180618,2.65,2026-09-11
20180619,2.62,2026-09-11
20180620,2.618,2026-09-11
20180621,2.594,2026-09-11
20180622,2.608,2026-09-11
20180625,2.605,2026-09-11
20180626,2.618,2026-09-11
20180627,2.576,2026-09-11
20180628,2.558,2026-09-11
20180629,2.556,2026-09-11
20180702,2.53,2026-09-11
20180703,2.577,2026-09-11
20180704,2.547,2026-09-11
20180705,2.545,2026-09-11
20180706,2.555,2026-09-11
20180709,2.558,2026-09-11
20180710,2.553,2026-09-11
20180711,2.512,2026-09-11
20180712,2.542,2026-09-11
20180713,2.556,2026-09-11
20180716,2.546,2026-09-11
20180717,2.552,2026-09-11
20180718,2.53,2026-09-11
20180719,2.54,2026-09-11
20180720,2.522,2026-09-11
20180723,2.535,2026-09-11
20180724,2.575,2026-09-11
20180725,2.546,2026-09-11
20180726,2.55,2026-09-11
20180727,2.571,2026-09-11
20180730,2.573,2026-09-11
20180731,2.567,2026-09-11
20180801,2.589,2026-09-11
20180802,2.574,2026-09-11
20180803,2.58,2026-09-11
20180806,2.561,2026-09-11
20180807,2.557,2026-09-11
20180808,2.557,2026-09-11
20180809,2.521,2026-09-11
20180810,2.49,2026-09-11
20180813,2.505,2026-09-11
20180814,2.503,2026-09-11
20180816,2.475,2026-09-11
20180817,2.431,2026-09-11
20180820,2.407,2026-09-11
20180821,2.381,2026-09-11
20180822,2.402,2026-09-11
20180823,2.395,2026-09-11
20180824,2.381,2026-09-11
20180827,2.371,2026-09-11
20180828,2.354,2026-09-11
20180829,2.362,2026-09-11
20180830,2.367,2026-09-11
20180831,2.311,2026-09-11
20180903,2.292,2026-09-11
20180904,2.298,2026-09-11
20180905,2.269,2026-09-11
20180906,2.274,2026-09-11
20180907,2.268,2026-09-11
20180910,2.258,2026-09-11
20180911,2.273,2026-09-11
20180912,2.254,2026-09-11
20180913,2.262,2026-09-11
20180914,2.309,2026-09-11
20180917,2.316,2026-09-11
20180918,2.337,2026-09-11
20180919,2.374,2026-09-11
20180920,2.428,2026-09-11
20180921,2.412,2026-09-11
20180927,2.375,2026-09-11
20180928,2.357,2026-09-11
20181001,2.384,2026-09-11
20181002,2.371,2026-09-11
20181004,2.445,2026-09-11
20181005,2.453,2026-09-11
20181008,2.453,2026-09-11
20181010,2.413,2026-09-11
20181011,2.361,2026-09-11
20181012,2.399,2026-09-11
20181015,2.38,2026-09-11
20181016,2.38,2026-09-11
20181017,2.341,2026-09-11
20181018,2.293,2026-09-11
20181019,2.318,2026-09-11
20181022,2.344,2026-09-11
20181023,2.307,2026-09-11
20181024,2.309,2026-09-11
20181025,2.269,2026-09-11
20181026,2.248,2026-09-11
20181029,2.171,2026-09-11
20181030,2.221,2026-09-11
20181031,2.243,2026-09-11
20181101,2.251,2026-09-11
20181102,2.283,2026-09-11
20181105,2.279,2026-09-11
20181106,2.295,2026-09-11
20181107,2.259,2026-09-11
20181108,2.257,2026-09-11
20181109,2.233,2026-09-11
20181112,2.21,2026-09-11
20181113,2.211,2026-09-11
20181114,2.195,2026-09-11
20181115,2.231,2026-09-11
20181116,2.22,2026-09-11
20181119,2.201,2026-09-11
20181120,2.206,2026-09-11
20181121,2.209,2026-09-11
20181122,2.206,2026-09-11
20181123,2.169,2026-09-11
20181126,2.167,2026-09-11
20181127,2.15,2026-09-11
20181128,2.155,2026-09-11
20181129,2.114,2026-09-11
20181130,2.106,2026-09-11
20181203,2.128,2026-09-11
20181204,2.102,2026-09-11
20181205,2.058,2026-09-11
20181206,1.983,2026-09-11
20181207,1.993,2026-09-11
20181210,1.978,2026-09-11
20181211,1.98,2026-09-11
20181212,2.01,2026-09-11
20181213,2.018,2026-09-11
20181214,2.002,2026-09-11
20181217,2.004,2026-09-11
20181218,1.981,2026-09-11
20181219,1.932,2026-09-11
20181220,1.932,2026-09-11
20181221,1.97,2026-09-11
20181224,1.99,2026-09-11
20181226,1.948,2026-09-11
20181227,1.943,2026-09-11
20181228,1.948,2026-09-11
20181231,1.948,2026-09-11
20190102,1.948,2026-09-11
20190103,1.955,2026-09-11
20190104,1.972,2026-09-11
20190107,1.977,2026-09-11
20190108,1.994,2026-09-11
20190109,1.985,2026-09-11
20190110,1.964,2026-09-11
20190111,1.992,2026-09-11
20190114,1.973,2026-09-11
20190115,1.968,2026-09-11
20190116,1.982,2026-09-11
20190117,1.976,2026-09-11
20190118,2.008,2026-09-11
20190121,2.028,2026-09-11
20190122,1.997,2026-09-11
20190123,1.984,2026-09-11
20190124,1.993,2026-09-11
20190125,2.005,2026-09-11
20190128,2.019,2026-09-11
20190129,2.035,2026-09-11
20190130,2.051,2026-09-11
20190131,2.001,2026-09-11
20190201,1.983,2026-09-11
20190207,1.995,2026-09-11
20190208,1.965,2026-09-11
20190211,1.943,2026-09-11
20190212,1.978,2026-09-11
20190213,1.987,2026-09-11
20190214,1.99,2026-09-11
20190215,1.962,2026-09-11
20190218,1.997,2026-09-11
20190219,1.996,2026-09-11
20190220,1.992,2026-09-11
20190221,2.01,2026-09-11
20190222,2.008,2026-09-11
20190225,2.012,2026-09-11
20190226,2.003,2026-09-11
20190227,1.985,2026-09-11
20190228,1.987,2026-09-11
20190304,2.027,2026-09-11
20190305,2.029,2026-09-11
20190306,2.021,2026-09-11
20190307,2.005,2026-09-11
20190308,1.973,2026-09-11
20190311,1.986,2026-09-11
20190312,1.991,2026-09-11
20190313,1.966,2026-09-11
20190314,1.978,2026-09-11
20190315,1.989,2026-09-11
20190318,1.994,2026-09-11
20190319,1.979,2026-09-11
20190320,1.981,2026-09-11
20190321,1.932,2026-09-11
20190322,1.934,2026-09-11
20190325,1.888,2026-09-11
20190326,1.905,2026-09-11
20190327,1.845,2026-09-11
20190328,1.81,2026-09-11
20190329,1.833,2026-09-11
20190401,1.866,2026-09-11
20190402,1.856,2026-09-11
20190403,1.889,2026-09-11
20190404,1.877,2026-09-11
20190405,1.893,2026-09-11
20190408,1.868,2026-09-11
20190409,1.872,2026-09-11
20190410,1.871,2026-09-11
20190411,1.867,2026-09-11
20190412,1.881,2026-09-11
20190415,1.926,2026-09-11
20190416,1.932,2026-09-11
20190417,1.947,2026-09-11
20190418,1.893,2026-09-11
20190419,1.899,2026-09-11
20190422,1.929,2026-09-11
20190423,1.923,2026-09-11
20190424,1.912,2026-09-11
20190425,1.879,2026-09-11
20190426,1.876,2026-09-11
20190429,1.864,2026-09-11
20190430,1.845,2026-09-11
20190502,1.885,2026-09-11
20190503,1.9,2026-09-11
20190507,1.885,2026-09-11
20190508,1.878,2026-09-11
20190509,1.861,2026-09-11
20190510,1.873,2026-09-11
20190513,1.874,2026-09-11
20190514,1.868,2026-09-11
20190515,1.865,2026-09-11
20190516,1.82,2026-09-11
20190517,1.822,2026-09-11
20190520,1.847,2026-09-11
20190521,1.83,2026-09-11
20190522,1.828,2026-09-11
20190523,1.808,2026-09-11
20190524,1.792,2026-09-11
20190527,1.797,2026-09-11
20190528,1.793,2026-09-11
20190529,1.741,2026-09-11
20190530,1.741,2026-09-11
20190531,1.682,2026-09-11
20190603,1.691,2026-09-11
20190604,1.684,2026-09-11
20190605,1.654,2026-09-11
20190607,1.656,2026-09-11
20190610,1.661,2026-09-11
20190611,1.68,2026-09-11
20190612,1.6,2026-09-11
20190613,1.613,2026-09-11
20190614,1.591,2026-09-11
20190617,1.621,2026-09-11
20190618,1.614,2026-09-11
20190619,1.601,2026-09-11
20190620,1.545,2026-09-11
20190621,1.569,2026-09-11
20190624,1.563,2026-09-11
20190625,1.584,2026-09-11
20190626,1.605,2026-09-11
20190627,1.616,2026-09-11
20190628,1.596,2026-09-11
20190701,1.608,2026-09-11
20190702,1.586,2026-09-11
20190703,1.534,2026-09-11
20190704,1.523,2026-09-11
20190705,1.533,2026-09-11
20190708,1.53,2026-09-11
20190709,1.538,2026-09-11
20190710,1.562,2026-09-11
20190711,1.547,2026-09-11
20190712,1.569,2026-09-11
20190715,1.582,2026-09-11
20190716,1.573,2026-09-11
20190717,1.546,2026-09-11
20190718,1.472,2026-09-11
20190719,1.456,2026-09-11
20190722,1.465,2026-09-11
20190723,1.472,2026-09-11
20190724,1.465,2026-09-11
20190725,1.431,2026-09-11
20190726,1.426,2026-09-11
20190729,1.412,2026-09-11
20190730,1.409,2026-09-11
20190731,1.39,2026-09-11
20190801,1.41,2026-09-11
20190802,1.349,2026-09-11
20190805,1.253,2026-09-11
20190806,1.256,2026-09-11
20190807,1.251,2026-09-11
20190808,1.27,2026-09-11
20190809,1.286,2026-09-11
20190812,1.285,2026-09-11
20190813,1.229,2026-09-11
20190814,1.231,2026-09-11
20190816,1.172,2026-09-11
20190819,1.184,2026-09-11
20190820,1.198,2026-09-11
20190821,1.277,2026-09-11
20190822,1.229,2026-09-11
20190823,1.261,2026-09-11
20190826,1.191,2026-09-11
20190827,1.238,2026-09-11
20190828,1.244,2026-09-11
20190829,1.248,2026-09-11
20190830,1.276,2026-09-11
20190902,1.344,2026-09-11
20190903,1.331,2026-09-11
20190904,1.344,2026-09-11
20190905,1.367,2026-09-11
20190906,1.381,2026-09-11
20190909,1.353,2026-09-11
20190910,1.37,2026-09-11
20190911,1.397,2026-09-11
20190916,1.536,2026-09-11
20190917,1.5,2026-09-11
20190918,1.468,2026-09-11
20190919,1.463,2026-09-11
20190920,1.455,2026-09-11
20190923,1.462,2026-09-11
20190924,1.454,2026-09-11
20190925,1.424,2026-09-11
20190926,1.433,2026-09-11
20190927,1.438,2026-09-11
20190930,1.456,2026-09-11
20191001,1.498,2026-09-11
20191002,1.497,2026-09-11
20191004,1.373,2026-09-11
20191007,1.386,2026-09-11
20191008,1.429,2026-09-11
20191010,1.459,2026-09-11
20191011,1.488,2026-09-11
20191014,1.488,2026-09-11
20191015,1.499,2026-09-11
20191016,1.53,2026-09-11
20191017,1.578,2026-09-11
20191018,1.587,2026-09-11
20191021,1.66,2026-09-11
20191022,1.655,2026-09-11
20191023,1.654,2026-09-11
20191024,1.641,2026-09-11
20191025,1.677,2026-09-11
20191028,1.765,2026-09-11
20191029,1.777,2026-09-11
20191030,1.753,2026-09-11
20191031,1.728,2026-09-11
20191101,1.732,2026-09-11
20191104,1.827,2026-09-11
20191105,1.817,2026-09-11
20191106,1.82,2026-09-11
20191107,1.822,2026-09-11
20191108,1.803,2026-09-11
20191111,1.788,2026-09-11
20191112,1.842,2026-09-11
20191113,1.787,2026-09-11
20191114,1.785,2026-09-11
20191115,1.79,2026-09-11
20191118,1.781,2026-09-11
20191119,1.734,2026-09-11
20191120,1.671,2026-09-11
20191121,1.672,2026-09-11
20191122,1.687,2026-09-11
20191125,1.725,2026-09-11
20191126,1.707,2026-09-11
20191127,1.671,2026-09-11
20191128,1.667,2026-09-11
20191129,1.63,2026-09-11
20191202,1.688,2026-09-11
20191203,1.736,2026-09-11
20191204,1.657,2026-09-11
20191205,1.661,2026-09-11
20191206,1.68,2026-09-11
20191209,1.664,2026-09-11
20191210,1.616,2026-09-11
20191211,1.621,2026-09-11
20191212,1.619,2026-09-11
20191213,1.649,2026-09-11
20191216,1.612,2026-09-11
20191217,1.605,2026-09-11
20191218,1.606,2026-09-11
20191219,1.655,2026-09-11
20191220,1.673,2026-09-11
20191223,1.642,2026-09-11
20191224,1.631,2026-09-11
20191226,1.641,2026-09-11
20191227,1.683,2026-09-11
20191230,1.683,2026-09-11
20191231,1.683,2026-09-11
20200102,1.638,2026-09-11
20200103,1.555,2026-09-11
20200106,1.541,2026-09-11
20200107,1.613,2026-09-11
20200108,1.63,2026-09-11
20200109,1.687,2026-09-11
20200110,1.706,2026-09-11
20200113,1.729,2026-09-11
20200114,1.716,2026-09-11
20200115,1.695,2026-09-11
20200116,1.701,2026-09-11
20200117,1.741,2026-09-11
20200120,1.762,2026-09-11
20200121,1.689,2026-09-11
20200122,1.723,2026-09-11
20200123,1.704,2026-09-11
20200128,1.603,2026-09-11
20200129,1.582,2026-09-11
20200130,1.553,2026-09-11
20200131,1.558,2026-09-11
20200203,1.547,2026-09-11
20200204,1.628,2026-09-11
20200205,1.601,2026-09-11
20200206,1.63,2026-09-11
20200207,1.601,2026-09-11
20200210,1.603,2026-09-11
20200211,1.602,2026-09-11
20200212,1.613,2026-09-11
20200213,1.609,2026-09-11
20200214,1.653,2026-09-11
20200217,1.622,2026-09-11
20200218,1.56,2026-09-11
20200219,1.559,2026-09-11
20200220,1.515,2026-09-11
20200221,1.443,2026-09-11
20200224,1.416,2026-09-11
20200225,1.429,2026-09-11
20200226,1.395,2026-09-11
20200227,1.443,2026-09-11
20200228,1.333,2026-09-11
20200302,1.372,2026-09-11
20200303,1.371,2026-09-11
20200304,1.299,2026-09-11
20200305,1.337,2026-09-11
20200306,1.37,2026-09-11
20200309,1.286,2026-09-11
20200310,1.355,2026-09-11
20200311,1.369,2026-09-11
20200312,1.387,2026-09-11
20200313,1.57,2026-09-11
20200316,1.524,2026-09-11
20200317,1.441,2026-09-11
20200318,1.502,2026-09-11
20200319,1.657,2026-09-11
20200320,1.611,2026-09-11
20200323,1.718,2026-09-11
20200324,1.708,2026-09-11
20200325,1.647,2026-09-11
20200326,1.502,2026-09-11
20200327,1.532,2026-09-11
20200330,1.562,2026-09-11
20200331,1.551,2026-09-11
20200401,1.545,2026-09-11
20200402,1.518,2026-09-11
20200403,1.548,2026-09-11
20200406,1.543,2026-09-11
20200407,1.58,2026-09-11
20200408,1.511,2026-09-11
20200409,1.438,2026-09-11
20200410,1.444,2026-09-11
20200413,1.469,2026-09-11
20200414,1.464,2026-09-11
20200416,1.411,2026-09-11
20200417,1.438,2026-09-11
20200420,1.444,2026-09-11
20200421,1.458,2026-09-11
20200422,1.532,2026-09-11
20200423,1.545,2026-09-11
20200424,1.546,2026-09-11
20200427,1.576,2026-09-11
20200428,1.56,2026-09-11
20200429,1.518,2026-09-11
20200504,1.499,2026-09-11
20200506,1.508,2026-09-11
20200507,1.48,2026-09-11
20200508,1.426,2026-09-11
20200511,1.462,2026-09-11
20200512,1.424,2026-09-11
20200513,1.392,2026-09-11
20200514,1.381,2026-09-11
20200515,1.383,2026-09-11
20200518,1.394,2026-09-11
20200519,1.391,2026-09-11
20200520,1.358,2026-09-11
20200521,1.342,2026-09-11
20200522,1.347,2026-09-11
20200525,1.316,2026-09-11
20200526,1.328,2026-09-11
20200527,1.34,2026-09-11
20200528,1.343,2026-09-11
20200529,1.374,2026-09-11
20200601,1.395,2026-09-11
20200602,1.378,2026-09-11
20200603,1.426,2026-09-11
20200604,1.432,2026-09-11
20200605,1.452,2026-09-11
20200608,1.453,2026-09-11
20200609,1.397,2026-09-11
20200610,1.398,2026-09-11
20200611,1.383,2026-09-11
20200612,1.388,2026-09-11
20200615,1.424,2026-09-11
20200616,1.402,2026-09-11
20200617,1.409,2026-09-11
20200618,1.37,2026-09-11
20200619,1.38,2026-09-11
20200622,1.39,2026-09-11
20200623,1.385,2026-09-11
20200624,1.363,2026-09-11
20200625,1.344,2026-09-11
20200626,1.327,2026-09-11
20200629,1.365,2026-09-11
20200630,1.373,2026-09-11
20200701,1.402,2026-09-11
20200702,1.377,2026-09-11
20200703,1.387,2026-09-11
20200706,1.41,2026-09-11
20200707,1.388,2026-09-11
20200708,1.377,2026-09-11
20200709,1.391,2026-09-11
20200710,1.397,2026-09-11
20200713,1.42,2026-09-11
20200714,1.418,2026-09-11
20200715,1.414,2026-09-11
20200716,1.378,2026-09-11
20200717,1.348,2026-09-11
20200720,1.334,2026-09-11
20200721,1.356,2026-09-11
20200722,1.346,2026-09-11
20200723,1.318,2026-09-11
20200724,1.305,2026-09-11
20200727,1.304,2026-09-11
20200728,1.329,2026-09-11
20200729,1.309,2026-09-11
20200730,1.281,2026-09-11
20200731,1.296,2026-09-11
20200803,1.306,2026-09-11
20200804,1.306,2026-09-11
20200805,1.293,2026-09-11
20200806,1.306,2026-09-11
20200807,1.319,2026-09-11
20200810,1.363,2026-09-11
20200811,1.345,2026-09-11
20200812,1.373,2026-09-11
20200813,1.362,2026-09-11
20200814,1.396,2026-09-11
20200818,1.357,2026-09-11
20200819,1.347,2026-09-11
20200820,1.379,2026-09-11
20200821,1.41,2026-09-11
20200824,1.378,2026-09-11
20200825,1.387,2026-09-11
20200826,1.404,2026-09-11
20200827,1.421,2026-09-11
20200828,1.486,2026-09-11
20200831,1.516,2026-09-11
20200901,1.582,2026-09-11
20200902,1.539,2026-09-11
20200903,1.524,2026-09-11
20200904,1.527,2026-09-11
20200907,1.572,2026-09-11
20200908,1.555,2026-09-11
20200909,1.518,2026-09-11
20200910,1.517,2026-09-11
20200911,1.53,2026-09-11
20200914,1.517,2026-09-11
20200915,1.503,2026-09-11
20200916,1.485,2026-09-11
20200917,1.508,2026-09-11
20200918,1.503,2026-09-11
20200921,1.493,2026-09-11
20200922,1.472,2026-09-11
20200923,1.447,2026-09-11
20200924,1.437,2026-09-11
20200925,1.424,2026-09-11
20200928,1.426,2026-09-11
20200929,1.43,2026-09-11
20201005,1.479,2026-09-11
20201006,1.531,2026-09-11
20201007,1.533,2026-09-11
20201008,1.543,2026-09-11
20201012,1.553,2026-09-11
20201013,1.527,2026-09-11
20201014,1.513,2026-09-11
20201015,1.478,2026-09-11
20201016,1.493,2026-09-11
20201019,1.441,2026-09-11
20201020,1.462,2026-09-11
20201021,1.522,2026-09-11
20201022,1.507,2026-09-11
20201023,1.495,2026-09-11
20201026,1.482,2026-09-11
20201027,1.503,2026-09-11
20201028,1.497,2026-09-11
20201029,1.527,2026-09-11
20201030,1.546,2026-09-11
20201102,1.602,2026-09-11
20201103,1.607,2026-09-11
20201104,1.569,2026-09-11
20201105,1.527,2026-09-11
20201106,1.559,2026-09-11
20201109,1.568,2026-09-11
20201110,1.624,2026-09-11
20201111,1.662,2026-09-11
20201112,1.65,2026-09-11
20201113,1.627,2026-09-11
20201116,1.623,2026-09-11
20201117,1.62,2026-09-11
20201118,1.602,2026-09-11
20201119,1.608,2026-09-11
20201120,1.607,2026-09-11
20201123,1.581,2026-09-11
20201124,1.598,2026-09-11
20201125,1.629,2026-09-11
20201126,1.655,2026-09-11
20201127,1.641,2026-09-11
20201130,1.659,2026-09-11
20201201,1.649,2026-09-11
20201202,1.675,2026-09-11
20201203,1.669,2026-09-11
20201204,1.655,2026-09-11
20201207,1.646,2026-09-11
20201208,1.642,2026-09-11
20201209,1.656,2026-09-11
20201210,1.655,2026-09-11
20201211,1.661,2026-09-11
20201214,1.67,2026-09-11
20201215,1.671,2026-09-11
20201216,1.692,2026-09-11
20201217,1.732,2026-09-11
20201218,1.708,2026-09-11
20201221,1.679,2026-09-11
20201222,1.657,2026-09-11
20201223,1.64,2026-09-11
20201224,1.682,2026-09-11
20201228,1.681,2026-09-11
20201229,1.698,2026-09-11
20201230,1.713,2026-09-11
20201231,1.713,2026-09-11
20210104,1.723,2026-09-11
20210105,1.691,2026-09-11
20210106,1.731,2026-09-11
20210107,1.724,2026-09-11
20210108,1.729,2026-09-11
20210111,1.692,2026-09-11
20210112,1.718,2026-09-11
20210113,1.719,2026-09-11
20210114,1.734,2026-09-11
20210115,1.731,2026-09-11
20210118,1.714,2026-09-11
20210119,1.711,2026-09-11
20210120,1.703,2026-09-11
20210121,1.706,2026-09-11
20210122,1.758,2026-09-11
20210125,1.78,2026-09-11
20210126,1.77,2026-09-11
20210127,1.757,2026-09-11
20210128,1.764,2026-09-11
20210129,1.768,2026-09-11
20210201,1.803,2026-09-11
20210202,1.758,2026-09-11
20210203,1.768,2026-09-11
20210204,1.793,2026-09-11
20210205,1.791,2026-09-11
20210208,1.822,2026-09-11
20210209,1.813,2026-09-11
20210210,1.831,2026-09-11
20210215,1.871,2026-09-11
20210216,1.85,2026-09-11
20210217,1.862,2026-09-11
20210218,1.854,2026-09-11
20210219,1.875,2026-09-11
20210222,1.922,2026-09-11
20210223,1.906,2026-09-11
20210224,1.851,2026-09-11
20210225,1.884,2026-09-11
20210226,1.96,2026-09-11
20210302,1.966,2026-09-11
20210303,1.951,2026-09-11
20210304,1.972,2026-09-11
20210305,1.992,2026-09-11
20210308,2.028,2026-09-11
20210309,2.034,2026-09-11
20210310,2.036,2026-09-11
20210311,2.027,2026-09-11
20210312,2.092,2026-09-11
20210315,2.152,2026-09-11
20210316,2.098,2026-09-11
20210317,2.134,2026-09-11
20210318,2.15,2026-09-11
20210319,2.099,2026-09-11
20210322,2.057,2026-09-11
20210323,2.032,2026-09-11
20210324,1.992,2026-09-11
20210325,1.967,2026-09-11
20210326,2.005,2026-09-11
20210329,1.98,2026-09-11
20210330,2.063,2026-09-11
20210331,2.057,2026-09-11
20210401,2.023,2026-09-11
20210402,2.049,2026-09-11
20210405,2.094,2026-09-11
20210406,2.069,2026-09-11
20210407,2.064,2026-09-11
20210408,2.012,2026-09-11
20210409,2.029,2026-09-11
20210412,2.003,2026-09-11
20210413,2.027,2026-09-11
20210414,1.99,2026-09-11
20210415,2.02,2026-09-11
20210416,2.023,2026-09-11
20210419,1.981,2026-09-11
20210420,2.003,2026-09-11
20210421,2.005,2026-09-11
20210422,1.989,2026-09-11
20210423,2.043,2026-09-11
20210426,2.089,2026-09-11
20210427,2.071,2026-09-11
20210428,2.082,2026-09-11
20210429,2.098,2026-09-11
20210430,2.128,2026-09-11
20210503,2.124,2026-09-11
20210504,2.13,2026-09-11
20210506,2.102,2026-09-11
20210507,2.123,2026-09-11
20210510,2.134,2026-09-11
20210511,2.139,2026-09-11
20210512,2.125,2026-09-11
20210513,2.156,2026-09-11
20210514,2.158,2026-09-11
20210517,2.117,2026-09-11
20210518,2.118,2026-09-11
20210520,2.135,2026-09-11
20210521,2.123,2026-09-11
20210524,2.12,2026-09-11
20210525,2.129,2026-09-11
20210526,2.128,2026-09-11
20210527,2.111,2026-09-11
20210528,2.132,2026-09-11
20210531,2.179,2026-09-11
20210601,2.186,2026-09-11
20210602,2.202,2026-09-11
20210603,2.195,2026-09-11
20210604,2.173,2026-09-11
20210607,2.156,2026-09-11
20210608,2.116,2026-09-11
20210609,2.103,2026-09-11
20210610,2.085,2026-09-11
20210611,2.101,2026-09-11
20210614,2.096,2026-09-11
20210615,2.071,2026-09-11
20210616,2.07,2026-09-11
20210617,2.079,2026-09-11
20210618,2.041,2026-09-11
20210621,2.006,2026-09-11
20210622,2.05,2026-09-11
20210623,2.041,2026-09-11
20210624,2.06,2026-09-11
20210625,2.1,2026-09-11
20210628,2.137,2026-09-11
20210629,2.109,2026-09-11
20210630,2.092,2026-09-11
20210701,2.09,2026-09-11
20210702,2.101,2026-09-11
20210705,2.089,2026-09-11
20210706,2.119,2026-09-11
20210707,2.039,2026-09-11
20210708,2.002,2026-09-11
20210709,2.033,2026-09-11
20210712,2.022,2026-09-11
20210713,2.035,2026-09-11
20210714,2.008,2026-09-11
20210715,2.024,2026-09-11
20210716,2.008,2026-09-11
20210719,1.972,2026-09-11
20210720,1.893,2026-09-11
20210721,1.878,2026-09-11
20210722,1.921,2026-09-11
20210723,1.888,2026-09-11
20210726,1.863,2026-09-11
20210727,1.868,2026-09-11
20210728,1.862,2026-09-11
20210729,1.889,2026-09-11
20210730,1.874,2026-09-11
20210802,1.907,2026-09-11
20210803,1.89,2026-09-11
20210804,1.866,2026-09-11
20210805,1.878,2026-09-11
20210806,1.9,2026-09-11
20210809,1.914,2026-09-11
20210810,1.916,2026-09-11
20210811,1.934,2026-09-11
20210812,1.922,2026-09-11
20210813,1.924,2026-09-11
20210817,1.886,2026-09-11
20210818,1.881,2026-09-11
20210819,1.868,2026-09-11
20210820,1.853,2026-09-11
20210823,1.889,2026-09-11
20210824,1.939,2026-09-11
20210825,1.936,2026-09-11
20210826,1.928,2026-09-11
20210827,1.939,2026-09-11
20210830,1.913,2026-09-11
20210831,1.912,2026-09-11
20210901,1.942,2026-09-11
20210902,1.941,2026-09-11
20210903,1.943,2026-09-11
20210906,1.97,2026-09-11
20210907,1.975,2026-09-11
20210908,2.016,2026-09-11
20210909,2,2026-09-11
20210910,2.006,2026-09-11
20210913,2.037,2026-09-11
20210914,2.06,2026-09-11
20210915,2.025,2026-09-11
20210916,2.043,2026-09-11
20210917,2.068,2026-09-11
20210923,2.099,2026-09-11
20210924,2.152,2026-09-11
20210927,2.168,2026-09-11
20210928,2.256,2026-09-11
20210929,2.223,2026-09-11
20210930,2.237,2026-09-11
20211001,2.258,2026-09-11
20211005,2.291,2026-09-11
20211006,2.399,2026-09-11
20211007,2.387,2026-09-11
20211008,2.374,2026-09-11
20211012,2.447,2026-09-11
20211013,2.401,2026-09-11
20211014,2.351,2026-09-11
20211015,2.356,2026-09-11
20211018,2.4,2026-09-11
20211019,2.379,2026-09-11
20211020,2.392,2026-09-11
20211021,2.388,2026-09-11
20211022,2.411,2026-09-11
20211025,2.426,2026-09-11
20211026,2.457,2026-09-11
20211027,2.487,2026-09-11
20211028,2.397,2026-09-11
20211029,2.575,2026-09-11
20211101,2.506,2026-09-11
20211102,2.48,2026-09-11
20211103,2.47,2026-09-11
20211104,2.428,2026-09-11
20211105,2.35,2026-09-11
20211108,2.329,2026-09-11
20211109,2.293,2026-09-11
20211110,2.309,2026-09-11
20211111,2.341,2026-09-11
20211112,2.344,2026-09-11
20211115,2.298,2026-09-11
20211116,2.333,2026-09-11
20211117,2.359,2026-09-11
20211118,2.338,2026-09-11
20211119,2.372,2026-09-11
20211122,2.386,2026-09-11
20211123,2.4,2026-09-11
20211124,2.394,2026-09-11
20211125,2.348,2026-09-11
20211126,2.255,2026-09-11
20211129,2.266,2026-09-11
20211130,2.213,2026-09-11
20211201,2.182,2026-09-11
20211202,2.198,2026-09-11
20211203,2.234,2026-09-11
20211206,2.213,2026-09-11
20211207,2.24,2026-09-11
20211208,2.185,2026-09-11
20211209,2.188,2026-09-11
20211210,2.201,2026-09-11
20211213,2.169,2026-09-11
20211214,2.169,2026-09-11
20211215,2.166,2026-09-11
20211216,2.147,2026-09-11
20211217,2.153,2026-09-11
20211220,2.107,2026-09-11
20211221,2.099,2026-09-11
20211222,2.147,2026-09-11
20211223,2.212,2026-09-11
20211224,2.206,2026-09-11
20211227,2.211,2026-09-11
20211228,2.198,2026-09-11
20211229,2.18,2026-09-11
20211230,2.248,2026-09-11
20211231,2.25,2026-09-11
20220103,2.325,2026-09-11
20220104,2.32,2026-09-11
20220105,2.375,2026-09-11
20220106,2.481,2026-09-11
20220107,2.458,2026-09-11
20220110,2.484,2026-09-11
20220111,2.485,2026-09-11
20220112,2.428,2026-09-11
20220113,2.397,2026-09-11
20220114,2.453,2026-09-11
20220117,2.568,2026-09-11
20220118,2.553,2026-09-11
20220119,2.537,2026-09-11
20220120,2.558,2026-09-11
20220121,2.54,2026-09-11
20220124,2.54,2026-09-11
20220125,2.576,2026-09-11
20220126,2.573,2026-09-11
20220127,2.612,2026-09-11
20220128,2.586,2026-09-11
20220203,2.566,2026-09-11
20220204,2.619,2026-09-11
20220207,2.638,2026-09-11
20220208,2.733,2026-09-11
20220209,2.691,2026-09-11
20220210,2.686,2026-09-11
20220211,2.747,2026-09-11
20220214,2.714,2026-09-11
20220215,2.71,2026-09-11
20220216,2.702,2026-09-11
20220217,2.708,2026-09-11
20220218,2.728,2026-09-11
20220221,2.77,2026-09-11
20220222,2.717,2026-09-11
20220223,2.722,2026-09-11
20220224,2.624,2026-09-11
20220225,2.671,2026-09-11
20220228,2.675,2026-09-11
20220302,2.613,2026-09-11
20220303,2.648,2026-09-11
20220304,2.658,2026-09-11
20220307,2.707,2026-09-11
20220308,2.722,2026-09-11
20220310,2.726,2026-09-11
20220311,2.7,2026-09-11
20220314,2.739,2026-09-11
20220315,2.753,2026-09-11
20220316,2.768,2026-09-11
20220317,2.704,2026-09-11
20220318,2.737,2026-09-11
20220321,2.741,2026-09-11
20220322,2.832,2026-09-11
20220323,2.828,2026-09-11
20220324,2.856,2026-09-11
20220325,2.871,2026-09-11
20220328,3.031,2026-09-11
20220329,2.972,2026-09-11
20220330,2.885,2026-09-11
20220331,2.969,2026-09-11
20220401,3.007,2026-09-11
20220404,3.065,2026-09-11
20220405,3.08,2026-09-11
20220406,3.129,2026-09-11
20220407,3.128,2026-09-11
20220408,3.169,2026-09-11
20220411,3.305,2026-09-11
20220412,3.313,2026-09-11
20220413,3.287,2026-09-11
20220414,3.22,2026-09-11
20220415,3.301,2026-09-11
20220418,3.355,2026-09-11
20220419,3.35,2026-09-11
20220420,3.313,2026-09-11
20220421,3.296,2026-09-11
20220422,3.314,2026-09-11
20220425,3.188,2026-09-11
20220426,3.19,2026-09-11
20220427,3.185,2026-09-11
20220428,3.166,2026-09-11
20220429,3.242,2026-09-11
20220502,3.38,2026-09-11
20220503,3.406,2026-09-11
20220504,3.434,2026-09-11
20220506,3.431,2026-09-11
20220509,3.414,2026-09-11
20220510,3.403,2026-09-11
20220511,3.269,2026-09-11
20220512,3.169,2026-09-11
20220513,3.221,2026-09-11
20220516,3.277,2026-09-11
20220517,3.287,2026-09-11
20220518,3.32,2026-09-11
20220519,3.307,2026-09-11
20220520,3.245,2026-09-11
20220523,3.258,2026-09-11
20220524,3.214,2026-09-11
20220525,3.177,2026-09-11
20220526,3.238,2026-09-11
20220527,3.212,2026-09-11
20220530,3.211,2026-09-11
20220531,3.326,2026-09-11
20220602,3.421,2026-09-11
20220603,3.405,2026-09-11
20220607,3.538,2026-09-11
20220608,3.472,2026-09-11
20220609,3.471,2026-09-11
20220610,3.495,2026-09-11
20220613,3.654,2026-09-11
20220614,3.691,2026-09-11
20220615,3.795,2026-09-11
20220616,3.767,2026-09-11
20220617,3.795,2026-09-11
20220620,3.784,2026-09-11
20220621,3.775,2026-09-11
20220622,3.682,2026-09-11
20220623,3.726,2026-09-11
20220624,3.635,2026-09-11
20220627,3.72,2026-09-11
20220628,3.68,2026-09-11
20220629,3.667,2026-09-11
20220630,3.636,2026-09-11
20220701,3.49,2026-09-11
20220704,3.489,2026-09-11
20220705,3.379,2026-09-11
20220706,3.295,2026-09-11
20220707,3.307,2026-09-11
20220708,3.36,2026-09-11
20220711,3.385,2026-09-11
20220712,3.349,2026-09-11
20220713,3.301,2026-09-11
20220714,3.295,2026-09-11
20220715,3.242,2026-09-11
20220718,3.27,2026-09-11
20220719,3.253,2026-09-11
20220720,3.36,2026-09-11
20220721,3.374,2026-09-11
20220722,3.302,2026-09-11
20220725,3.211,2026-09-11
20220726,3.183,2026-09-11
20220727,3.121,2026-09-11
20220728,3.201,2026-09-11
20220729,3.127,2026-09-11
20220801,3.184,2026-09-11
20220802,3.088,2026-09-11
20220803,3.131,2026-09-11
20220804,3.152,2026-09-11
20220805,3.124,2026-09-11
20220808,3.177,2026-09-11
20220809,3.166,2026-09-11
20220810,3.207,2026-09-11
20220811,3.219,2026-09-11
20220812,3.282,2026-09-11
20220816,3.156,2026-09-11
20220817,3.188,2026-09-11
20220818,3.221,2026-09-11
20220819,3.31,2026-09-11
20220822,3.342,2026-09-11
20220823,3.361,2026-09-11
20220824,3.433,2026-09-11
20220825,3.593,2026-09-11
20220826,3.616,2026-09-11
20220829,3.715,2026-09-11
20220830,3.695,2026-09-11
20220831,3.721,2026-09-11
20220901,3.805,2026-09-11
20220902,3.738,2026-09-11
20220905,3.67,2026-09-11
20220906,3.712,2026-09-11
20220907,3.736,2026-09-11
20220908,3.622,2026-09-11
20220913,3.62,2026-09-11
20220914,3.651,2026-09-11
20220915,3.791,2026-09-11
20220916,3.772,2026-09-11
20220919,3.794,2026-09-11
20220920,3.836,2026-09-11
20220921,3.891,2026-09-11
20220922,3.997,2026-09-11
20220923,4.112,2026-09-11
20220926,4.335,2026-09-11
20220927,4.208,2026-09-11
20220928,4.332,2026-09-11
20220929,4.229,2026-09-11
20220930,4.096,2026-09-11
20221004,4.006,2026-09-11
20221005,4.102,2026-09-11
20221006,4.102,2026-09-11
20221007,4.214,2026-09-11
20221011,4.306,2026-09-11
20221012,4.11,2026-09-11
20221013,4.239,2026-09-11
20221014,4.181,2026-09-11
20221017,4.215,2026-09-11
20221018,4.277,2026-09-11
20221019,4.396,2026-09-11
20221020,4.439,2026-09-11
20221021,4.632,2026-09-11
20221024,4.503,2026-09-11
20221025,4.346,2026-09-11
20221026,4.279,2026-09-11
20221027,4.313,2026-09-11
20221028,4.167,2026-09-11
20221031,4.242,2026-09-11
20221101,4.135,2026-09-11
20221102,4.143,2026-09-11
20221103,4.197,2026-09-11
20221104,4.182,2026-09-11
20221107,4.258,2026-09-11
20221108,4.236,2026-09-11
20221109,4.177,2026-09-11
20221110,4.07,2026-09-11
20221111,3.894,2026-09-11
20221114,3.928,2026-09-11
20221115,3.861,2026-09-11
20221116,3.896,2026-09-11
20221117,3.853,2026-09-11
20221118,3.801,2026-09-11
20221121,3.764,2026-09-11
20221122,3.773,2026-09-11
20221123,3.774,2026-09-11
20221124,3.622,2026-09-11
20221125,3.623,2026-09-11
20221128,3.606,2026-09-11
20221129,3.673,2026-09-11
20221130,3.667,2026-09-11
20221201,3.663,2026-09-11
20221202,3.583,2026-09-11
20221205,3.549,2026-09-11
20221206,3.504,2026-09-11
20221207,3.523,2026-09-11
20221208,3.53,2026-09-11
20221209,3.491,2026-09-11
20221212,3.448,2026-09-11
20221213,3.469,2026-09-11
20221214,3.406,2026-09-11
20221215,3.38,2026-09-11
20221216,3.36,2026-09-11
20221219,3.395,2026-09-11
20221220,3.603,2026-09-11
20221221,3.566,2026-09-11
20221222,3.495,2026-09-11
20221223,3.552,2026-09-11
20221226,3.639,2026-09-11
20221227,3.611,2026-09-11
20221228,3.673,2026-09-11
20221229,3.726,2026-09-11
20221230,3.73,2026-09-11
20230102,3.811,2026-09-11
20230103,3.661,2026-09-11
20230104,3.597,2026-09-11
20230105,3.571,2026-09-11
20230106,3.573,2026-09-11
20230109,3.477,2026-09-11
20230110,3.462,2026-09-11
20230111,3.417,2026-09-11
20230112,3.412,2026-09-11
20230113,3.3,2026-09-11
20230116,3.383,2026-09-11
20230117,3.444,2026-09-11
20230118,3.337,2026-09-11
20230119,3.222,2026-09-11
20230120,3.279,2026-09-11
20230125,3.229,2026-09-11
20230126,3.231,2026-09-11
20230127,3.283,2026-09-11
20230130,3.238,2026-09-11
20230131,3.297,2026-09-11
20230201,3.239,2026-09-11
20230202,3.207,2026-09-11
20230203,3.148,2026-09-11
20230206,3.283,2026-09-11
20230207,3.297,2026-09-11
20230208,3.32,2026-09-11
20230209,3.362,2026-09-11
20230210,3.365,2026-09-11
20230213,3.43,2026-09-11
20230214,3.398,2026-09-11
20230215,3.471,2026-09-11
20230216,3.476,2026-09-11
20230217,3.626,2026-09-11
20230220,3.641,2026-09-11
20230221,3.6,2026-09-11
20230222,3.639,2026-09-11
20230223,3.595,2026-09-11
20230224,3.525,2026-09-11
20230227,3.619,2026-09-11
20230228,3.753,2026-09-11
20230302,3.84,2026-09-11
20230303,3.776,2026-09-11
20230306,3.731,2026-09-11
20230307,3.661,2026-09-11
20230308,3.72,2026-09-11
20230309,3.739,2026-09-11
20230310,3.584,2026-09-11
20230313,3.405,2026-09-11
20230314,3.337,2026-09-11
20230315,3.418,2026-09-11
20230316,3.394,2026-09-11
20230317,3.406,2026-09-11
20230320,3.304,2026-09-11
20230321,3.304,2026-09-11
20230322,3.287,2026-09-11
20230323,3.266,2026-09-11
20230324,3.21,2026-09-11
20230327,3.258,2026-09-11
20230328,3.281,2026-09-11
20230329,3.28,2026-09-11
20230330,3.305,2026-09-11
20230331,3.34,2026-09-11
20230403,3.389,2026-09-11
20230404,3.316,2026-09-11
20230405,3.326,2026-09-11
20230406,3.278,2026-09-11
20230407,3.289,2026-09-11
20230410,3.236,2026-09-11
20230411,3.255,2026-09-11
20230412,3.262,2026-09-11
20230413,3.273,2026-09-11
20230414,3.286,2026-09-11
20230417,3.349,2026-09-11
20230418,3.352,2026-09-11
20230419,3.37,2026-09-11
20230420,3.409,2026-09-11
20230421,3.343,2026-09-11
20230424,3.306,2026-09-11
20230425,3.323,2026-09-11
20230426,3.309,2026-09-11
20230427,3.342,2026-09-11
20230428,3.36,2026-09-11
20230502,3.372,2026-09-11
20230503,3.324,2026-09-11
20230504,3.278,2026-09-11
20230508,3.31,2026-09-11
20230509,3.318,2026-09-11
20230510,3.341,2026-09-11
20230511,3.292,2026-09-11
20230512,3.274,2026-09-11
20230515,3.332,2026-09-11
20230516,3.303,2026-09-11
20230517,3.319,2026-09-11
20230518,3.367,2026-09-11
20230519,3.419,2026-09-11
20230522,3.398,2026-09-11
20230523,3.473,2026-09-11
20230524,3.502,2026-09-11
20230525,3.597,2026-09-11
20230526,3.639,2026-09-11
20230530,3.651,2026-09-11
20230531,3.532,2026-09-11
20230601,3.549,2026-09-11
20230602,3.495,2026-09-11
20230605,3.561,2026-09-11
20230607,3.522,2026-09-11
20230608,3.632,2026-09-11
20230609,3.613,2026-09-11
20230612,3.576,2026-09-11
20230613,3.578,2026-09-11
20230614,3.635,2026-09-11
20230615,3.685,2026-09-11
20230616,3.657,2026-09-11
20230619,3.633,2026-09-11
20230620,3.642,2026-09-11
20230621,3.621,2026-09-11
20230622,3.647,2026-09-11
20230623,3.663,2026-09-11
20230626,3.611,2026-09-11
20230627,3.603,2026-09-11
20230628,3.611,2026-09-11
20230629,3.626,2026-09-11
20230630,3.675,2026-09-11
20230703,3.607,2026-09-11
20230704,3.623,2026-09-11
20230705,3.644,2026-09-11
20230706,3.713,2026-09-11
20230707,3.761,2026-09-11
20230710,3.863,2026-09-11
20230711,3.758,2026-09-11
20230712,3.756,2026-09-11
20230713,3.657,2026-09-11
20230714,3.685,2026-09-11
20230717,3.66,2026-09-11
20230718,3.651,2026-09-11
20230719,3.575,2026-09-11
20230720,3.606,2026-09-11
20230721,3.636,2026-09-11
20230724,3.64,2026-09-11
20230725,3.684,2026-09-11
20230726,3.658,2026-09-11
20230727,3.637,2026-09-11
20230728,3.728,2026-09-11
20230731,3.761,2026-09-11
20230801,3.727,2026-09-11
20230802,3.793,2026-09-11
20230803,3.861,2026-09-11
20230804,3.876,2026-09-11
20230807,3.814,2026-09-11
20230808,3.74,2026-09-11
20230809,3.774,2026-09-11
20230810,3.786,2026-09-11
20230811,3.824,2026-09-11
20230814,3.889,2026-09-11
20230816,3.867,2026-09-11
20230817,3.976,2026-09-11
20230818,3.914,2026-09-11
20230821,3.973,2026-09-11
20230822,3.986,2026-09-11
20230823,3.92,2026-09-11
20230824,3.878,2026-09-11
20230825,3.935,2026-09-11
20230828,3.872,2026-09-11
20230829,3.844,2026-09-11
20230830,3.85,2026-09-11
20230831,3.821,2026-09-11
20230901,3.778,2026-09-11
20230904,3.856,2026-09-11
20230905,3.886,2026-09-11
20230906,3.893,2026-09-11
20230907,3.969,2026-09-11
20230908,3.895,2026-09-11
20230911,3.961,2026-09-11
20230912,3.965,2026-09-11
20230913,3.949,2026-09-11
20230914,3.917,2026-09-11
20230915,3.928,2026-09-11
20230918,3.982,2026-09-11
20230919,3.952,2026-09-11
20230920,3.963,2026-09-11
20230921,4.031,2026-09-11
20230922,4.001,2026-09-11
20230925,4.012,2026-09-11
20230926,4.054,2026-09-11
20230927,4.03,2026-09-11
20231004,4.351,2026-09-11
20231005,4.322,2026-09-11
20231006,4.24,2026-09-11
20231010,4.219,2026-09-11
20231011,4.142,2026-09-11
20231012,4.101,2026-09-11
20231013,4.169,2026-09-11
20231016,4.191,2026-09-11
20231017,4.224,2026-09-11
20231018,4.287,2026-09-11
20231019,4.362,2026-09-11
20231020,4.327,2026-09-11
20231023,4.374,2026-09-11
20231024,4.269,2026-09-11
20231025,4.281,2026-09-11
20231026,4.392,2026-09-11
20231027,4.28,2026-09-11
20231030,4.312,2026-09-11
20231031,4.325,2026-09-11
20231101,4.288,2026-09-11
20231102,4.168,2026-09-11
20231103,4.105,2026-09-11
20231106,4.056,2026-09-11
20231107,4.055,2026-09-11
20231108,4.022,2026-09-11
20231109,3.945,2026-09-11
20231110,3.969,2026-09-11
20231113,4.005,2026-09-11
20231114,3.98,2026-09-11
20231115,3.815,2026-09-11
20231116,3.799,2026-09-11
20231117,3.796,2026-09-11
20231120,3.755,2026-09-11
20231121,3.726,2026-09-11
20231122,3.762,2026-09-11
20231123,3.712,2026-09-11
20231124,3.779,2026-09-11
20231127,3.767,2026-09-11
20231128,3.726,2026-09-11
20231129,3.641,2026-09-11
20231130,3.699,2026-09-11
20231201,3.699,2026-09-11
20231204,3.626,2026-09-11
20231205,3.579,2026-09-11
20231206,3.533,2026-09-11
20231207,3.576,2026-09-11
20231208,3.534,2026-09-11
20231211,3.566,2026-09-11
20231212,3.527,2026-09-11
20231213,3.525,2026-09-11
20231214,3.332,2026-09-11
20231215,3.358,2026-09-11
20231218,3.336,2026-09-11
20231219,3.328,2026-09-11
20231220,3.28,2026-09-11
20231221,3.297,2026-09-11
20231222,3.301,2026-09-11
20231226,3.271,2026-09-11
20231227,3.26,2026-09-11
20231228,3.183,2026-09-11
20231229,3.183,2026-09-11
20240102,3.306,2026-09-11
20240103,3.338,2026-09-11
20240104,3.288,2026-09-11
20240105,3.344,2026-09-11
20240108,3.344,2026-09-11
20240109,3.323,2026-09-11
20240110,3.346,2026-09-11
20240111,3.307,2026-09-11
20240112,3.306,2026-09-11
20240115,3.293,2026-09-11
20240116,3.322,2026-09-11
20240117,3.369,2026-09-11
20240118,3.38,2026-09-11
20240119,3.422,2026-09-11
20240122,3.372,2026-09-11
20240123,3.372,2026-09-11
20240124,3.4,2026-09-11
20240125,3.419,2026-09-11
20240126,3.386,2026-09-11
20240129,3.436,2026-09-11
20240130,3.35,2026-09-11
20240131,3.345,2026-09-11
20240201,3.339,2026-09-11
20240202,3.287,2026-09-11
20240205,3.374,2026-09-11
20240206,3.382,2026-09-11
20240207,3.378,2026-09-11
20240208,3.4,2026-09-11
20240213,3.453,2026-09-11
20240214,3.502,2026-09-11
20240215,3.477,2026-09-11
20240216,3.482,2026-09-11
20240219,3.467,2026-09-11
20240220,3.489,2026-09-11
20240221,3.474,2026-09-11
20240222,3.424,2026-09-11
20240223,3.468,2026-09-11
20240226,3.402,2026-09-11
20240227,3.43,2026-09-11
20240228,3.442,2026-09-11
20240229,3.475,2026-09-11
20240304,3.434,2026-09-11
20240305,3.409,2026-09-11
20240306,3.381,2026-09-11
20240307,3.399,2026-09-11
20240308,3.334,2026-09-11
20240311,3.342,2026-09-11
20240312,3.335,2026-09-11
20240313,3.331,2026-09-11
20240314,3.354,2026-09-11
20240315,3.41,2026-09-11
20240318,3.435,2026-09-11
20240319,3.472,2026-09-11
20240320,3.451,2026-09-11
20240321,3.411,2026-09-11
20240322,3.362,2026-09-11
20240325,3.37,2026-09-11
20240326,3.397,2026-09-11
20240327,3.373,2026-09-11
20240328,3.377,2026-09-11
20240329,3.413,2026-09-11
20240401,3.381,2026-09-11
20240402,3.425,2026-09-11
20240403,3.452,2026-09-11
20240404,3.457,2026-09-11
20240405,3.433,2026-09-11
20240408,3.488,2026-09-11
20240409,3.503,2026-09-11
20240411,3.585,2026-09-11
20240412,3.538,2026-09-11
20240415,3.561,2026-09-11
20240416,3.618,2026-09-11
20240417,3.632,2026-09-11
20240418,3.562,2026-09-11
20240419,3.583,2026-09-11
20240422,3.65,2026-09-11
20240423,3.625,2026-09-11
20240424,3.645,2026-09-11
20240425,3.707,2026-09-11
20240426,3.694,2026-09-11
20240429,3.704,2026-09-11
20240430,3.656,2026-09-11
20240502,3.638,2026-09-11
20240503,3.614,2026-09-11
20240507,3.536,2026-09-11
20240508,3.53,2026-09-11
20240509,3.556,2026-09-11
20240510,3.538,2026-09-11
20240513,3.554,2026-09-11
20240514,3.546,2026-09-11
20240516,3.458,2026-09-11
20240517,3.454,2026-09-11
20240520,3.497,2026-09-11
20240521,3.491,2026-09-11
20240522,3.478,2026-09-11
20240523,3.472,2026-09-11
20240524,3.515,2026-09-11
20240527,3.498,2026-09-11
20240528,3.481,2026-09-11
20240529,3.536,2026-09-11
20240530,3.564,2026-09-11
20240531,3.578,2026-09-11
20240603,3.532,2026-09-11
20240604,3.47,2026-09-11
20240605,3.43,2026-09-11
20240607,3.385,2026-09-11
20240610,3.433,2026-09-11
20240611,3.425,2026-09-11
20240612,3.382,2026-09-11
20240613,3.345,2026-09-11
20240614,3.302,2026-09-11
20240617,3.283,2026-09-11
20240618,3.279,2026-09-11
20240619,3.231,2026-09-11
20240620,3.269,2026-09-11
20240621,3.255,2026-09-11
20240624,3.264,2026-09-11
20240625,3.271,2026-09-11
20240626,3.278,2026-09-11
20240627,3.3,2026-09-11
20240628,3.266,2026-09-11
20240701,3.312,2026-09-11
20240702,3.289,2026-09-11
20240703,3.274,2026-09-11
20240704,3.234,2026-09-11
20240705,3.227,2026-09-11
20240708,3.212,2026-09-11
20240709,3.191,2026-09-11
20240710,3.198,2026-09-11
20240711,3.234,2026-09-11
20240712,3.177,2026-09-11
20240715,3.177,2026-09-11
20240716,3.137,2026-09-11
20240717,3.139,2026-09-11
20240718,3.138,2026-09-11
20240719,3.156,2026-09-11
20240722,3.145,2026-09-11
20240723,3.171,2026-09-11
20240724,3.131,2026-09-11
20240725,3.128,2026-09-11
20240726,3.108,2026-09-11
20240729,3.046,2026-09-11
20240730,3.052,2026-09-11
20240731,3.064,2026-09-11
20240801,3.01,2026-09-11
20240802,2.976,2026-09-11
20240805,2.878,2026-09-11
20240806,2.993,2026-09-11
20240807,3.001,2026-09-11
20240808,2.997,2026-09-11
20240809,3.012,2026-09-11
20240812,3,2026-09-11
20240813,2.974,2026-09-11
20240814,2.945,2026-09-11
20240816,2.973,2026-09-11
20240819,2.985,2026-09-11
20240820,2.999,2026-09-11
20240821,2.997,2026-09-11
20240822,2.98,2026-09-11
20240823,3.005,2026-09-11
20240826,2.974,2026-09-11
20240827,3.073,2026-09-11
20240828,3.054,2026-09-11
20240829,3.075,2026-09-11
20240830,3.088,2026-09-11
20240902,3.121,2026-09-11
20240903,3.12,2026-09-11
20240904,3.052,2026-09-11
20240905,3.03,2026-09-11
20240906,2.99,2026-09-11
20240909,3.032,2026-09-11
20240910,3.01,2026-09-11
20240911,2.943,2026-09-11
20240912,2.97,2026-09-11
20240913,2.928,2026-09-11
20240919,2.979,2026-09-11
20240920,2.989,2026-09-11
20240923,3.022,2026-09-11
20240924,3.026,2026-09-11
20240925,2.997,2026-09-11
20240926,3.001,2026-09-11
20240927,3,2026-09-11
20240930,2.992,2026-09-11
20241002,2.932,2026-09-11
20241004,2.996,2026-09-11
20241007,3.101,2026-09-11
20241008,3.077,2026-09-11
20241010,3.088,2026-09-11
20241011,3.085,2026-09-11
20241014,3.087,2026-09-11
20241015,3.05,2026-09-11
20241016,3.008,2026-09-11
20241017,3.028,2026-09-11
20241018,3.072,2026-09-11
20241021,3.054,2026-09-11
20241022,3.13,2026-09-11
20241023,3.128,2026-09-11
20241024,3.074,2026-09-11
20241025,3.054,2026-09-11
20241028,3.117,2026-09-11
20241029,3.118,2026-09-11
20241030,3.105,2026-09-11
20241031,3.1,2026-09-11
20241101,3.09,2026-09-11
20241104,3.096,2026-09-11
20241105,3.073,2026-09-11
20241106,3.134,2026-09-11
20241107,3.098,2026-09-11
20241108,3.049,2026-09-11
20241111,3.038,2026-09-11
20241112,3.014,2026-09-11
20241113,3.067,2026-09-11
20241114,3.074,2026-09-11
20241115,3.084,2026-09-11
20241118,3.063,2026-09-11
20241119,3.036,2026-09-11
20241120,3.017,2026-09-11
20241121,2.978,2026-09-11
20241122,2.976,2026-09-11
20241125,2.92,2026-09-11
20241126,2.903,2026-09-11
20241127,2.88,2026-09-11
20241128,2.788,2026-09-11
20241129,2.751,2026-09-11
20241202,2.697,2026-09-11
20241203,2.713,2026-09-11
20241204,2.765,2026-09-11
20241205,2.738,2026-09-11
20241206,2.744,2026-09-11
20241209,2.677,2026-09-11
20241210,2.645,2026-09-11
20241211,2.692,2026-09-11
20241212,2.7,2026-09-11
20241213,2.676,2026-09-11
20241216,2.721,2026-09-11
20241217,2.79,2026-09-11
20241218,2.738,2026-09-11
20241219,2.814,2026-09-11
20241220,2.873,2026-09-11
20241223,2.844,2026-09-11
20241224,2.876,2026-09-11
20241226,2.904,2026-09-11
20241227,2.876,2026-09-11
20241230,2.855,2026-09-11
20241231,2.855,2026-09-11
20250102,2.749,2026-09-11
20250103,2.754,2026-09-11
20250106,2.817,2026-09-11
20250107,2.794,2026-09-11
20250108,2.796,2026-09-11
20250109,2.778,2026-09-11
20250110,2.837,2026-09-11
20250113,2.871,2026-09-11
20250114,2.841,2026-09-11
20250115,2.86,2026-09-11
20250116,2.802,2026-09-11
20250117,2.813,2026-09-11
20250120,2.868,2026-09-11
20250121,2.818,2026-09-11
20250122,2.827,2026-09-11
20250123,2.837,2026-09-11
20250124,2.859,2026-09-11
20250131,2.859,2026-09-11
20250203,2.835,2026-09-11
20250204,2.844,2026-09-11
20250205,2.818,2026-09-11
20250206,2.796,2026-09-11
20250207,2.836,2026-09-11
20250210,2.83,2026-09-11
20250211,2.849,2026-09-11
20250212,2.879,2026-09-11
20250213,2.872,2026-09-11
20250214,2.846,2026-09-11
20250217,2.869,2026-09-11
20250218,2.878,2026-09-11
20250219,2.873,2026-09-11
20250220,2.888,2026-09-11
20250221,2.856,2026-09-11
20250224,2.825,2026-09-11
20250225,2.797,2026-09-11
20250226,2.752,2026-09-11
20250227,2.754,2026-09-11
20250228,2.706,2026-09-11
20250304,2.703,2026-09-11
20250305,2.773,2026-09-11
20250306,2.806,2026-09-11
20250307,2.773,2026-09-11
20250310,2.801,2026-09-11
20250311,2.76,2026-09-11
20250312,2.763,2026-09-11
20250313,2.77,2026-09-11
20250314,2.813,2026-09-11
20250317,2.805,2026-09-11
20250318,2.788,2026-09-11
20250319,2.811,2026-09-11
20250320,2.792,2026-09-11
20250321,2.805,2026-09-11
20250324,2.816,2026-09-11
20250325,2.821,2026-09-11
20250326,2.839,2026-09-11
20250327,2.838,2026-09-11
20250328,2.842,2026-09-11
20250331,2.771,2026-09-11
20250401,2.787,2026-09-11
20250402,2.767,2026-09-11
20250403,2.738,2026-09-11
20250404,2.692,2026-09-11
20250407,2.648,2026-09-11
20250408,2.686,2026-09-11
20250409,2.732,2026-09-11
20250410,2.702,2026-09-11
20250411,2.696,2026-09-11
20250414,2.691,2026-09-11
20250415,2.664,2026-09-11
20250416,2.629,2026-09-11
20250417,2.645,2026-09-11
20250418,2.62,2026-09-11
20250421,2.602,2026-09-11
20250422,2.621,2026-09-11
20250423,2.598,2026-09-11
20250424,2.623,2026-09-11
20250425,2.576,2026-09-11
20250428,2.588,2026-09-11
20250429,2.603,2026-09-11
20250430,2.563,2026-09-11
20250502,2.593,2026-09-11
20250507,2.603,2026-09-11
20250508,2.622,2026-09-11
20250509,2.67,2026-09-11
20250512,2.685,2026-09-11
20250513,2.722,2026-09-11
20250514,2.718,2026-09-11
20250515,2.727,2026-09-11
20250516,2.676,2026-09-11
20250519,2.747,2026-09-11
20250520,2.713,2026-09-11
20250521,2.76,2026-09-11
20250522,2.755,2026-09-11
20250523,2.766,2026-09-11
20250526,2.766,2026-09-11
20250527,2.709,2026-09-11
20250528,2.706,2026-09-11
20250529,2.76,2026-09-11
20250530,2.786,2026-09-11
20250602,2.793,2026-09-11
20250604,2.894,2026-09-11
20250605,2.891,2026-09-11
20250609,2.867,2026-09-11
20250610,2.831,2026-09-11
20250611,2.837,2026-09-11
20250612,2.827,2026-09-11
20250613,2.819,2026-09-11
20250616,2.864,2026-09-11
20250617,2.868,2026-09-11
20250618,2.876,2026-09-11
20250619,2.874,2026-09-11
20250620,2.867,2026-09-11
20250623,2.873,2026-09-11
20250624,2.823,2026-09-11
20250625,2.82,2026-09-11
20250626,2.788,2026-09-11
20250627,2.785,2026-09-11
20250630,2.805,2026-09-11
20250701,2.784,2026-09-11
20250702,2.832,2026-09-11
20250703,2.814,2026-09-11
20250704,2.828,2026-09-11
20250707,2.84,2026-09-11
20250708,2.847,2026-09-11
20250709,2.854,2026-09-11
20250710,2.814,2026-09-11
20250711,2.823,2026-09-11
20250714,2.886,2026-09-11
20250715,2.877,2026-09-11
20250716,2.877,2026-09-11
20250717,2.905,2026-09-11
20250718,2.873,2026-09-11
20250721,2.855,2026-09-11
20250722,2.839,2026-09-11
20250723,2.83,2026-09-11
20250724,2.849,2026-09-11
20250725,2.855,2026-09-11
20250728,2.829,2026-09-11
20250729,2.823,2026-09-11
20250730,2.797,2026-09-11
20250731,2.785,2026-09-11
20250801,2.832,2026-09-11
20250804,2.778,2026-09-11
20250805,2.766,2026-09-11
20250806,2.779,2026-09-11
20250807,2.772,2026-09-11
20250808,2.776,2026-09-11
20250811,2.781,2026-09-11
20250812,2.801,2026-09-11
20250813,2.809,2026-09-11
20250814,2.787,2026-09-11
20250818,2.837,2026-09-11
20250819,2.858,2026-09-11
20250820,2.853,2026-09-11
20250821,2.845,2026-09-11
20250822,2.86,2026-09-11
20250825,2.852,2026-09-11
20250826,2.86,2026-09-11
20250827,2.825,2026-09-11
20250828,2.815,2026-09-11
20250829,2.815,2026-09-11
20250901,2.847,2026-09-11
20250902,2.87,2026-09-11
20250903,2.913,2026-09-11
20250904,2.883,2026-09-11
20250905,2.855,2026-09-11
20250908,2.848,2026-09-11
20250909,2.818,2026-09-11
20250910,2.833,2026-09-11
20250911,2.813,2026-09-11
20250912,2.813,2026-09-11
20250915,2.821,2026-09-11
20250916,2.804,2026-09-11
20250917,2.787,2026-09-11
20250918,2.756,2026-09-11
20250919,2.815,2026-09-11
20250922,2.833,2026-09-11
20250923,2.813,2026-09-11
20250924,2.848,2026-09-11
20250925,2.885,2026-09-11
20250926,2.943,2026-09-11
20250929,2.939,2026-09-11
20250930,2.951,2026-09-11
20251001,2.96,2026-09-11
20251002,2.959,2026-09-11
20251010,2.964,2026-09-11
20251013,2.904,2026-09-11
20251014,2.871,2026-09-11
20251015,2.856,2026-09-11
20251016,2.908,2026-09-11
20251017,2.885,2026-09-11
20251020,2.892,2026-09-11
20251021,2.904,2026-09-11
20251022,2.869,2026-09-11
20251023,2.912,2026-09-11
20251024,2.913,2026-09-11
20251027,2.959,2026-09-11
20251028,2.935,2026-09-11
20251029,2.984,2026-09-11
20251030,3.05,2026-09-11
20251031,3.061,2026-09-11
20251103,3.086,2026-09-11
20251104,3.082,2026-09-11
20251105,3.125,2026-09-11
20251106,3.203,2026-09-11
20251107,3.226,2026-09-11
20251110,3.23,2026-09-11
20251111,3.201,2026-09-11
20251112,3.282,2026-09-11
20251113,3.267,2026-09-11
20251114,3.317,2026-09-11
20251117,3.301,2026-09-11
20251118,3.268,2026-09-11
20251119,3.281,2026-09-11
20251120,3.325,2026-09-11
20251121,3.271,2026-09-11
20251124,3.289,2026-09-11
20251125,3.264,2026-09-11
20251126,3.251,2026-09-11
20251127,3.351,2026-09-11
20251128,3.344,2026-09-11
20251201,3.387,2026-09-11
20251202,3.346,2026-09-11
20251203,3.368,2026-09-11
20251204,3.376,2026-09-11
20251205,3.358,2026-09-11
20251208,3.401,2026-09-11
20251209,3.453,2026-09-11
20251210,3.371,2026-09-11
20251211,3.378,2026-09-11
20251212,3.409,2026-09-11
20251215,3.325,2026-09-11
20251216,3.313,2026-09-11
20251217,3.324,2026-09-11
20251218,3.312,2026-09-11
20251219,3.342,2026-09-11
20251222,3.359,2026-09-11
20251223,3.379,2026-09-11
20251224,3.345,2026-09-11
20251226,3.374,2026-09-11
20251229,3.354,2026-09-11
20251230,3.385,2026-09-11
20251231,3.385,2026-09-11
20260102,3.386,2026-09-11
20260105,3.396,2026-09-11
20260106,3.398,2026-09-11
20260107,3.354,2026-09-11
20260108,3.341,2026-09-11
20260109,3.386,2026-09-11
20260112,3.392,2026-09-11
20260113,3.412,2026-09-11
20260114,3.418,2026-09-11
20260115,3.493,2026-09-11
20260116,3.488,2026-09-11
20260119,3.565,2026-09-11
20260120,3.653,2026-09-11
20260121,3.602,2026-09-11
20260122,3.558,2026-09-11
20260123,3.59,2026-09-11
20260126,3.544,2026-09-11
20260127,3.53,2026-09-11
20260128,3.518,2026-09-11
20260129,3.557,2026-09-11
20260130,3.607,2026-09-11
20260202,3.603,2026-09-11
20260203,3.661,2026-09-11
20260204,3.712,2026-09-11
20260205,3.687,2026-09-11
20260206,3.71,2026-09-11
20260209,3.754,2026-09-11
20260210,3.681,2026-09-11
20260211,3.639,2026-09-11
20260212,3.618,2026-09-11
20260213,3.571,2026-09-11
20260219,3.588,2026-09-11
20260220,3.54,2026-09-11
20260223,3.578,2026-09-11
20260224,3.593,2026-09-11
20260225,3.556,2026-09-11
20260226,3.47,2026-09-11
20260227,3.446,2026-09-11
20260303,3.594,2026-09-11
20260304,3.632,2026-09-11
20260305,3.589,2026-09-11
20260306,3.616,2026-09-11
20260309,3.739,2026-09-11
20260310,3.629,2026-09-11
20260311,3.608,2026-09-11
20260312,3.649,2026-09-11
20260313,3.701,2026-09-11
20260316,3.68,2026-09-11
20260317,3.692,2026-09-11
20260318,3.606,2026-09-11
20260319,3.693,2026-09-11
20260320,3.736,2026-09-11
20260323,3.879,2026-09-11
20260324,3.835,2026-09-11
20260325,3.859,2026-09-11
20260326,3.865,2026-09-11
20260327,3.915,2026-09-11
20260330,3.891,2026-09-11
20260331,3.879,2026-09-11
20260401,3.689,2026-09-11
20260402,3.804,2026-09-11
20260403,3.747,2026-09-11
20260406,3.725,2026-09-11
20260407,3.754,2026-09-11
20260408,3.628,2026-09-11
20260409,3.66,2026-09-11
20260410,3.686,2026-09-11
20260413,3.715,2026-09-11
20260414,3.658,2026-09-11
20260415,3.655,2026-09-11
20260416,3.675,2026-09-11
20260417,3.717,2026-09-11
20260420,3.688,2026-09-11
20260421,3.655,2026-09-11
20260422,3.697,2026-09-11
20260423,3.791,2026-09-11
20260424,3.817,2026-09-11
20260427,3.82,2026-09-11
20260428,3.861,2026-09-11
20260429,3.843,2026-09-11
20260430,3.923,2026-09-11
20260504,3.932,2026-09-11
20260506,3.932,2026-09-11
20260507,3.888,2026-09-11
20260508,3.909,2026-09-11
20260511,3.95,2026-09-11
20260512,4.056,2026-09-11
20260513,4.044,2026-09-11
20260514,4.085,2026-09-11
20260515,4.217,2026-09-11
20260518,4.239,2026-09-11
20260519,4.21,2026-09-11
20260520,4.198,2026-09-11
20260521,4.174,2026-09-11
20260522,4.128,2026-09-11
20260526,4.073,2026-09-11
20260527,4.102,2026-09-11
20260528,4.147,2026-09-11
20260529,4.068,2026-09-11
20260601,4.174,2026-09-11
20260602,4.135,2026-09-11
20260604,4.229,2026-09-11
20260605,4.254,2026-09-11
20260608,4.348,2026-09-11
20260609,4.273,2026-09-11
20260610,4.273,2026-09-11
20260611,4.3,2026-09-11
20260612,4.195,2026-09-11
20260615,4.118,2026-09-11
20260616,4.11,2026-09-11
20260617,4.071,2026-09-11
20260618,4.118,2026-09-11
20260619,4.171,2026-09-11
20260622,4.195,2026-09-11
20260623,4.171,2026-09-11
20260624,4.171,2026-09-11
20260625,4.144,2026-09-11
20260626,4.117,2026-09-11
20260629,4.144,2026-09-11
20260630,4.091,2026-09-11
20260701,4.205,2026-09-11
20260702,4.183,2026-09-11
20260703,4.197,2026-09-11
20260706,4.203,2026-09-11
20260707,4.213,2026-09-11
20260708,4.245,2026-09-11
20260709,4.25,2026-09-11
20260710,4.23,2026-09-11
20260713,4.263,2026-09-11
20260714,4.333,2026-09-11
20260715,4.327,2026-09-11
20260716,4.297,2026-09-11
20260720,4.336,2026-09-11
20260721,4.328,2026-09-11
20260722,4.394,2026-09-11
20260723,4.392,2026-09-11
20260724,4.447,2026-09-11
20260727,4.333,2026-09-11
20260728,4.289,2026-09-11
20260729,4.257,2026-09-11
20260730,4.311,2026-09-11
20260731,4.261,2026-09-11
20260803,4.264,2026-09-11
20260804,4.26,2026-09-11
20260805,4.15,2026-09-11
20260806,4.195,2026-09-11
20260807,4.208,2026-09-11
20260810,4.239,2026-09-11
20260811,4.301,2026-09-11
20260812,4.294,2026-09-11
20260813,4.298,2026-09-11
20260814,4.313,2026-09-11
20260818,4.382,2026-09-11
20260819,4.337,2026-09-11
20260820,4.323,2026-09-11
20260821,4.376,2026-09-11
20260824,4.335,2026-09-11
20260825,4.32,2026-09-11
20260826,4.288,2026-09-11
20260827,4.238,2026-09-11
20260828,4.284,2026-09-11
20260831,4.313,2026-09-11
20260901,4.371,2026-09-11
20260902,4.418,2026-09-11
20260903,4.367,2026-09-11
20260904,4.36,2026-09-11
20260907,4.385,2026-09-11
20260908,4.401,2026-09-11
20260909,4.401,2026-09-11
20260910,4.453,2026-09-11
