date,neer,ktb_1y,ktb_10y,kospi,cycle_raw,policy_raw,trade_raw,risk_raw,cycle,policy,trade,risk,cycle_z,policy_z,trade_z,risk_z,n_themes,macro_sign,macro_z
2015-01-02,,2.074,2.66,1926.44,0.02464121730281205,,,,1.0,,,,,,,,1,,
2015-01-05,,2.058,2.622,1915.75,0.02464121730281205,,,,1.0,,,,,,,,1,,
2015-01-06,,2.035,2.555,1882.45,0.02464121730281205,,,,1.0,,,,,,,,1,,
2015-01-07,,2.032,2.56,1883.83,0.02464121730281205,,,,1.0,,,,,,,,1,,
2015-01-08,,2.03,2.552,1904.65,0.02464121730281205,,,,1.0,,,,,,,,1,,
2015-01-09,,2.022,2.536,1924.7,0.02464121730281205,,,,1.0,,,,,,,,1,,
2015-01-12,,1.981,2.449,1920.95,0.02464121730281205,,,,1.0,,,,,,,,1,,
2015-01-13,,1.982,2.433,1917.14,0.02464121730281205,,,,1.0,,,,,,,,1,,
2015-01-14,,1.956,2.369,1913.66,0.02464121730281205,,,,1.0,,,,,,,,1,,
2015-01-15,,1.999,2.45,1914.14,0.02464121730281205,,,,1.0,,,,,,,,1,,
2015-01-16,,1.977,2.344,1888.13,0.02464121730281205,,,,1.0,,,,,,,,1,,
2015-01-19,,1.989,2.385,1902.62,0.02464121730281205,,,,1.0,,,,,,,,1,,
2015-01-20,,1.978,2.36,1918.31,0.02464121730281205,,,,1.0,,,,,,,,1,,
2015-01-21,,1.982,2.372,1921.23,0.02464121730281205,,,,1.0,,,,,,,,1,,
2015-01-22,,1.993,2.405,1920.82,0.02464121730281205,,,,1.0,,,,,,,,1,,
2015-01-23,,1.974,2.329,1936.09,0.02464121730281205,,,,1.0,,,,,,,,1,,
2015-01-26,,1.97,2.3,1935.68,0.02464121730281205,,,,1.0,,,,,,,,1,,
2015-01-27,,1.975,2.3,1952.4,0.02464121730281205,,,,1.0,,,,,,,,1,,
2015-01-28,,1.966,2.259,1961.58,0.02464121730281205,,,,1.0,,,,,,,,1,,
2015-01-29,,1.965,2.227,1951.02,0.02464121730281205,,,,1.0,,,,,,,,1,,
2015-01-30,,1.962,2.24,1949.26,0.02464121730281205,,,,1.0,,,,,,,,1,,
2015-02-02,,1.967,2.245,1952.68,0.012086206003198052,,,,1.0,,,,,,,,1,,
2015-02-03,,1.938,2.211,1951.96,0.012086206003198052,,,,1.0,,,,,,,,1,,
2015-02-04,,1.945,2.249,1962.79,0.012086206003198052,,,,1.0,,,,,,,,1,,
2015-02-05,,1.943,2.278,1952.84,0.012086206003198052,,,,1.0,,,,,,,,1,,
2015-02-06,,1.94,2.273,1955.52,0.012086206003198052,,,,1.0,,,,,,,,1,,
2015-02-09,,1.949,2.295,1947.0,0.012086206003198052,,,,1.0,,,,,,,,1,,
2015-02-10,,1.987,2.356,1935.86,0.012086206003198052,,,,1.0,,,,,,,,1,,
2015-02-11,,1.986,2.352,1945.7,0.012086206003198052,,,,1.0,,,,,,,,1,,
2015-02-12,,2.002,2.406,1941.63,0.012086206003198052,,,,1.0,,,,,,,,1,,
2015-02-13,,1.996,2.4,1957.5,0.012086206003198052,,,,1.0,,,,,,,,1,,
2015-02-16,,2.016,2.477,1958.23,0.012086206003198052,,,,1.0,,,,,,,,1,,
2015-02-17,,2.0,2.383,1961.45,0.012086206003198052,,,,1.0,,,,,,,,1,,
2015-02-23,,2.009,2.426,1968.39,0.012086206003198052,,,,1.0,,,,,,,,1,,
2015-02-24,,2.006,2.434,1976.12,0.012086206003198052,,,,1.0,,,,,,,,1,,
2015-02-25,,1.998,2.375,1990.47,0.012086206003198052,,,,1.0,,,,,,,,1,,
2015-02-26,,1.999,2.366,1993.08,0.012086206003198052,,,,1.0,,,,,,,,1,,
2015-02-27,,1.997,2.353,1985.8,0.012086206003198052,,,,1.0,,,,,,,,1,,
2015-03-02,,1.979,2.33,1996.81,0.01630000501932375,,,,1.0,,,,,,,,1,,
2015-03-03,,1.971,2.352,2001.38,0.01630000501932375,,,,1.0,,,,,,,,1,,
2015-03-04,,1.961,2.367,1998.29,0.01630000501932375,,,,1.0,,,,,,,,1,,
2015-03-05,,1.957,2.355,1998.38,0.01630000501932375,,,,1.0,,,,,,,,1,,
2015-03-06,,1.925,2.329,2012.94,0.01630000501932375,,,,1.0,,,,,,,,1,,
2015-03-09,,1.917,2.371,1992.82,0.01630000501932375,,,,1.0,,,,,,,,1,,
2015-03-10,,1.911,2.387,1984.77,0.01630000501932375,,,,1.0,,,,,,,,1,,
2015-03-11,,1.875,2.316,1980.83,0.01630000501932375,,,,1.0,,,,,,,,1,,
2015-03-12,,1.836,2.347,1970.59,0.01630000501932375,,,,1.0,,,,,,,,1,,
2015-03-13,,1.821,2.356,1985.79,0.01630000501932375,,,,1.0,,,,,,,,1,,
2015-03-16,,1.815,2.315,1987.33,0.01630000501932375,,,,1.0,,,,,,,,1,,
2015-03-17,,1.817,2.319,2029.91,0.01630000501932375,,,,1.0,,,,,,,,1,,
2015-03-18,,1.802,2.282,2028.45,0.01630000501932375,,,,1.0,,,,,,,,1,,
2015-03-19,,1.783,2.212,2037.89,0.01630000501932375,,,,1.0,,,,,,,,1,,
2015-03-20,,1.772,2.207,2037.24,0.01630000501932375,,,,1.0,,,,,,,,1,,
2015-03-23,,1.769,2.194,2036.59,0.01630000501932375,,,,1.0,,,,,,,,1,,
2015-03-24,,1.769,2.193,2041.37,0.01630000501932375,,,,1.0,,,,,,,,1,,
2015-03-25,,1.763,2.171,2042.81,0.01630000501932375,,,,1.0,,,,,,,,1,,
2015-03-26,,1.762,2.178,2022.56,0.01630000501932375,,,,1.0,,,,,,,,1,,
2015-03-27,,1.759,2.18,2019.8,0.01630000501932375,,,,1.0,,,,,,,,1,,
2015-03-30,,1.742,2.152,2030.04,0.01630000501932375,,,,1.0,,,,,,,,1,,
2015-03-31,,1.722,2.16,2041.03,0.01630000501932375,,,,1.0,,,,,,,,1,,
2015-04-01,,1.713,2.15,2028.45,0.01738638622378235,,,,1.0,,,,,,,,1,,
2015-04-02,,1.706,2.119,2029.07,0.01738638622378235,,,,1.0,,,,,,,,1,,
2015-04-03,,1.701,2.086,2045.42,0.01738638622378235,,,,1.0,,,,,,,,1,,
2015-04-06,,1.698,2.068,2046.43,0.01738638622378235,,,,1.0,,,,,,,,1,,
2015-04-07,,1.694,2.104,2047.03,0.01738638622378235,,,,1.0,,,,,,,,1,,
2015-04-08,,1.699,2.112,2059.26,0.01738638622378235,,,,1.0,,,,,,,,1,,
2015-04-09,,1.677,2.077,2058.87,0.01738638622378235,,,,1.0,,,,,,,,1,,
2015-04-10,,1.684,2.07,2087.76,0.01738638622378235,,,,1.0,,,,,,,,1,,
2015-04-13,,1.69,2.103,2098.92,0.01738638622378235,,,,1.0,,,,,,,,1,,
2015-04-14,,1.692,2.121,2111.72,0.01738638622378235,,,,1.0,,,,,,,,1,,
2015-04-15,,1.691,2.122,2119.96,0.01738638622378235,,,,1.0,,,,,,,,1,,
2015-04-16,,1.695,2.157,2139.9,0.01738638622378235,,,,1.0,,,,,,,,1,,
2015-04-17,,1.678,2.112,2143.5,0.01738638622378235,,,,1.0,,,,,,,,1,,
2015-04-20,,1.677,2.143,2146.71,0.01738638622378235,,,,1.0,,,,,,,,1,,
2015-04-21,,1.682,2.174,2144.79,0.01738638622378235,,,,1.0,,,,,,,,1,,
2015-04-22,,1.683,2.175,2143.89,0.01738638622378235,,,,1.0,,,,,,,,1,,
2015-04-23,,1.7,2.266,2173.41,0.01738638622378235,,,,1.0,,,,,,,,1,,
2015-04-24,,1.715,2.285,2159.8,0.01738638622378235,,,,1.0,,,,,,,,1,,
2015-04-27,,1.72,2.29,2157.54,0.01738638622378235,,,,1.0,,,,,,,,1,,
2015-04-28,,1.753,2.367,2147.67,0.01738638622378235,,,,1.0,,,,,,,,1,,
2015-04-29,,1.762,2.38,2142.63,0.01738638622378235,,,,1.0,,,,,,,,1,,
2015-04-30,,1.756,2.414,2127.17,0.01738638622378235,,,,1.0,,,,,,,,1,,
2015-05-04,,1.772,2.486,2132.23,0.0258125577496177,,,,1.0,,,,,,,,1,,
2015-05-06,,1.802,2.569,2104.58,0.0258125577496177,,,,1.0,,,,,,,,1,,
2015-05-07,,1.792,2.551,2091.0,0.0258125577496177,,,,1.0,,,,,,,,1,,
2015-05-08,,1.745,2.415,2085.52,0.0258125577496177,,,,1.0,,,,,,,,1,,
2015-05-11,,1.742,2.46,2097.38,0.0258125577496177,,,,1.0,,,,,,,,1,,
2015-05-12,,1.771,2.597,2096.77,0.0258125577496177,,,,1.0,,,,,,,,1,,
2015-05-13,,1.735,2.538,2114.16,0.0258125577496177,,,,1.0,,,,,,,,1,,
2015-05-14,,1.734,2.498,2120.33,0.0258125577496177,,,,1.0,,,,,,,,1,,
2015-05-15,,1.748,2.508,2106.5,0.0258125577496177,,,,1.0,,,,,,,,1,,
2015-05-18,,1.749,2.517,2113.72,0.0258125577496177,,,,1.0,,,,,,,,1,,
2015-05-19,,1.754,2.547,2120.85,0.0258125577496177,,,,1.0,,,,,,,,1,,
2015-05-20,,1.744,2.495,2139.54,0.0258125577496177,,,,1.0,,,,,,,,1,,
2015-05-21,,1.747,2.511,2122.81,0.0258125577496177,,,,1.0,,,,,,,,1,,
2015-05-22,,1.742,2.48,2146.1,0.0258125577496177,,,,1.0,,,,,,,,1,,
2015-05-26,,1.732,2.489,2143.5,0.0258125577496177,,,,1.0,,,,,,,,1,,
2015-05-27,,1.715,2.447,2107.5,0.0258125577496177,,,,1.0,,,,,,,,1,,
2015-05-28,,1.71,2.41,2110.89,0.0258125577496177,,,,1.0,,,,,,,,1,,
2015-05-29,,1.687,2.308,2114.8,0.0258125577496177,,,,1.0,,,,,,,,1,,
2015-06-01,,1.684,2.343,2102.37,0.0279761885476532,,,,1.0,,,,,,,,1,,
2015-06-02,,1.66,2.333,2078.64,0.0279761885476532,,,,1.0,,,,,,,,1,,
2015-06-03,,1.668,2.429,2063.16,0.0279761885476532,,,,1.0,,,,,,,,1,,
2015-06-04,,1.666,2.482,2072.86,0.0279761885476532,,,,1.0,,,,,,,,1,,
2015-06-05,,1.65,2.468,2068.1,0.0279761885476532,,,,1.0,,,,,,,,1,,
2015-06-08,,1.637,2.483,2065.19,0.0279761885476532,,,,1.0,,,,,,,,1,,
2015-06-09,,1.632,2.434,2064.03,0.0279761885476532,,,,1.0,,,,,,,,1,,
2015-06-10,,1.635,2.465,2051.32,0.0279761885476532,,,,1.0,,,,,,,,1,,
2015-06-11,,1.633,2.526,2056.61,0.0279761885476532,,,,1.0,,,,,,,,1,,
2015-06-12,,1.612,2.463,2052.17,0.0279761885476532,,,,1.0,,,,,,,,1,,
2015-06-15,,1.608,2.5,2042.32,0.0279761885476532,,,,1.0,,,,,,,,1,,
2015-06-16,,1.609,2.508,2028.72,0.0279761885476532,,,,1.0,,,,,,,,1,,
2015-06-17,,1.622,2.557,2034.86,0.0279761885476532,,,,1.0,,,,,,,,1,,
2015-06-18,,1.611,2.516,2041.88,0.0279761885476532,,,,1.0,,,,,,,,1,,
2015-06-19,,1.606,2.445,2046.96,0.0279761885476532,,,,1.0,,,,,,,,1,,
2015-06-22,,1.617,2.506,2055.16,0.0279761885476532,,,,1.0,,,,,,,,1,,
2015-06-23,,1.618,2.48,2081.2,0.0279761885476532,,,,1.0,,,,,,,,1,,
2015-06-24,,1.621,2.469,2085.53,0.0279761885476532,,,,1.0,,,,,,,,1,,
2015-06-25,,1.621,2.494,2085.06,0.0279761885476532,,,,1.0,,,,,,,,1,,
2015-06-26,,1.621,2.495,2090.26,0.0279761885476532,,,,1.0,,,,1.0,,,,1,,
2015-06-29,,1.61,2.45,2060.49,0.0279761885476532,,,,1.0,,,,1.0,,,,1,,
2015-06-30,,1.61,2.451,2074.2,0.0279761885476532,,,,1.0,,,,1.0,,,,1,,
2015-07-01,,1.614,2.471,2097.89,0.09078258868619256,,,,1.0,,,,1.0,,,,1,,
2015-07-02,,1.623,2.53,2107.33,0.09078258868619256,,,,1.0,,,,1.0,,,,1,,
2015-07-03,,1.62,2.522,2104.41,0.09078258868619256,,,,1.0,,,,1.0,,,,1,,
2015-07-06,,1.614,2.465,2053.93,0.09078258868619256,,,,1.0,,,,1.0,,,,1,,
2015-07-07,,1.613,2.497,2040.29,0.09078258868619256,,,,1.0,,,,1.0,,,,1,,
2015-07-08,,1.605,2.469,2016.21,0.09078258868619256,,,,1.0,,,,1.0,,,,1,,
2015-07-09,,1.603,2.484,2027.81,0.09078258868619256,,,,1.0,,,,1.0,,,,1,,
2015-07-10,,1.604,2.502,2031.17,0.09078258868619256,,,,1.0,,,,1.0,,,,1,,
2015-07-13,,1.603,2.508,2061.52,0.09078258868619256,,,,1.0,,,,1.0,,,,1,,
2015-07-14,,1.601,2.504,2059.23,0.09078258868619256,,,,1.0,,,,1.0,,,,1,,
2015-07-15,,1.599,2.495,2072.91,0.09078258868619256,,,,1.0,,,,1.0,,,,1,,
2015-07-16,,1.598,2.481,2087.89,0.09078258868619256,,,,1.0,,,,1.0,,,,1,,
2015-07-17,,1.597,2.47,2076.79,0.09078258868619256,,,,1.0,,,,1.0,,,,1,,
2015-07-20,,1.596,2.467,2073.31,0.09078258868619256,,,,1.0,,,,1.0,,,,1,,
2015-07-21,,1.596,2.454,2083.62,0.09078258868619256,,,,1.0,,,,1.0,,,,1,,
2015-07-22,,1.588,2.421,2064.73,0.09078258868619256,,,,1.0,,,,1.0,,,,1,,
2015-07-23,,1.576,2.37,2065.07,0.09078258868619256,,,,1.0,,,,1.0,,,,1,,
2015-07-24,,1.572,2.336,2045.96,0.09078258868619256,,,,1.0,,,,1.0,,,,1,,
2015-07-27,,1.57,2.351,2038.81,0.09078258868619256,,,,1.0,,,,1.0,,,,1,,
2015-07-28,,1.581,2.383,2039.1,0.09078258868619256,,,,1.0,,,,1.0,,,,1,,
2015-07-29,,1.579,2.362,2037.62,0.09078258868619256,,,,1.0,,,,1.0,,,,1,,
2015-07-30,,1.589,2.39,2019.03,0.09078258868619256,,,,1.0,,,,1.0,,,,1,,
2015-07-31,,1.601,2.428,2030.16,0.09078258868619256,,,,1.0,,,,1.0,,,,1,,
2015-08-03,,1.596,2.402,2008.49,0.03359377962477555,,,,1.0,,,,0.6443883283254622,,,,1,,
2015-08-04,,1.598,2.409,2027.99,0.03359377962477555,,,,1.0,,,,0.6465978080332051,,,,1,,
2015-08-05,,1.603,2.423,2029.76,0.03359377962477555,,,,1.0,,,,0.648799763086533,,,,1,,
2015-08-06,,1.599,2.408,2013.29,0.03359377962477555,,,,1.0,,,,0.6509942698476193,,,,1,,
2015-08-07,,1.597,2.41,2010.23,0.03359377962477555,,,,1.0,,,,0.6531814033956796,,,,1,,
2015-08-10,,1.588,2.356,2003.17,0.03359377962477555,,,,1.0,,,,0.6553612375569502,,,,1,,
2015-08-11,,1.575,2.323,1986.65,0.03359377962477555,,,,1.0,,,,0.6575338449337685,,,,1,,
2015-08-12,,1.561,2.257,1975.47,0.03359377962477555,,,,1.0,,,,0.6596992969327947,,,,1,,
2015-08-13,,1.57,2.294,1983.46,0.03359377962477555,,,,1.0,,,,0.6618576637923999,,,,1,,
2015-08-17,,1.57,2.279,1968.52,0.03359377962477555,,,,1.0,,,,0.6640090146092532,,,,1,,
2015-08-18,,1.569,2.273,1956.26,0.03359377962477555,,,,1.0,,,,0.6661534173641376,,,,1,,
2015-08-19,,1.574,2.307,1939.38,0.03359377962477555,,,,1.0,,,,0.6682909389470174,,,,1,,
2015-08-20,,1.571,2.276,1914.55,0.03359377962477555,,,,1.0,,,,0.6704216451813885,,,,1,,
2015-08-21,,1.571,2.256,1876.07,0.03359377962477555,,,,1.0,,,,0.672545600847933,,,,1,,
2015-08-24,,1.568,2.189,1829.81,0.03359377962477555,,,,1.0,,,,0.6746628697075037,,,,1,,
2015-08-25,,1.576,2.222,1846.63,0.03359377962477555,,,,1.0,,,,0.6767735145234614,,,,1,,
2015-08-26,,1.583,2.249,1894.09,0.03359377962477555,,,,1.0,,,,0.6788775970833871,,,,1,,
2015-08-27,,1.58,2.252,1908.0,0.03359377962477555,,,,1.0,,,,0.6809751782201904,,,,1,,
2015-08-28,,1.589,2.285,1937.67,0.03359377962477555,,,,1.0,,,,0.6830663178326337,,,,1,,
2015-08-31,,1.594,2.295,1941.49,0.03359377962477555,,,,1.0,,,,0.6851510749052936,,,,1,,
2015-09-01,,1.59,2.303,1914.23,-0.016821857597178802,,,,-1.0,,,,-0.34004256259684584,,,,1,,
2015-09-02,,1.577,2.266,1915.22,-0.016821857597178802,,,,-1.0,,,,-0.33716168819589204,,,,1,,
2015-09-03,,1.569,2.28,1915.53,-0.016821857597178802,,,,-1.0,,,,-0.3344304091542898,,,,1,,
2015-09-04,,1.554,2.241,1886.04,-0.016821857597178802,,,,-1.0,,,,-0.33183813487311514,,,,1,,
2015-09-07,,1.554,2.224,1883.22,-0.016821857597178802,,,,-1.0,,,,-0.32937527462898153,,,,1,,
2015-09-08,,1.558,2.227,1878.68,-0.016821857597178802,,,,-1.0,,,,-0.32703312016622277,,,,1,,
2015-09-09,,1.562,2.253,1934.2,-0.016821857597178802,,,,-1.0,,,,-0.32480374466296386,,,,1,,
2015-09-10,,1.548,2.225,1962.11,-0.016821857597178802,,,,-1.0,,,,-0.3226799154430957,,,,1,,
2015-09-11,,1.55,2.237,1941.37,-0.016821857597178802,,,,-1.0,,,,-0.3206550182806997,,,,1,,
2015-09-14,,1.556,2.27,1931.46,-0.016821857597178802,,,,-1.0,,,,-0.3187229915232234,,,,1,,
2015-09-15,,1.549,2.252,1937.56,-0.016821857597178802,,,,-1.0,,,,-0.3168782685653513,,,,1,,
2015-09-16,,1.557,2.274,1975.45,-0.016821857597178802,,,,-1.0,,,,-0.3151157274528465,,,,1,,
2015-09-17,,1.564,2.271,1976.49,-0.016821857597178802,,,,-1.0,,,,-0.31343064659680575,,,,1,,
2015-09-18,,1.55,2.195,1995.95,-0.016821857597178802,,,,-1.0,,,,-0.3118186657432023,,,,1,,
2015-09-21,,1.538,2.158,1964.68,-0.016821857597178802,,,,-1.0,,,,-0.31027575147761693,,,,1,,
2015-09-22,,1.539,2.148,1982.06,-0.016821857597178802,,,,-1.0,,,,-0.3087981666564363,,,,1,,
2015-09-23,,1.538,2.136,1944.64,-0.016821857597178802,,,,-1.0,,,,-0.30738244324805636,,,,1,,
2015-09-24,,1.543,2.16,1947.1,-0.016821857597178802,,,,-1.0,,,,-0.30602535814437226,,,,1,,
2015-09-25,,1.539,2.134,1942.85,-0.016821857597178802,,,,-1.0,,,,-0.3047239115669061,,,,1,,
2015-09-30,,1.522,2.061,1962.81,-0.016821857597178802,,,,-1.0,,,,-0.3034753077456337,,,,1,,
2015-10-01,,1.535,2.107,1979.32,-0.06868123401644954,,,,-1.0,,,,-1.0,,,,1,,
2015-10-02,,1.526,2.082,1969.68,-0.06868123401644954,,,,-1.0,,,,-1.0,,,,1,,
2015-10-05,,1.52,2.042,1978.25,-0.06868123401644954,,,,-1.0,,,,-1.0,,,,1,,
2015-10-06,,1.526,2.05,1990.65,-0.06868123401644954,,,,-1.0,,,,-1.0,,,,1,,
2015-10-07,,1.537,2.087,2005.84,-0.06868123401644954,,,,-1.0,,,,-1.0,,,,1,,
2015-10-08,,1.537,2.091,2019.53,-0.06868123401644954,,,,-1.0,,,,-1.0,,,,1,,
2015-10-12,,1.548,2.149,2021.63,-0.06868123401644954,,,,-1.0,,,,-1.0,,,,1,,
2015-10-13,,1.544,2.124,2019.05,-0.06868123401644954,,,,-1.0,,,,-1.0,,,,1,,
2015-10-14,,1.551,2.124,2009.55,-0.06868123401644954,,,,-1.0,,,,-1.0,,,,1,,
2015-10-15,,1.54,2.06,2033.27,-0.06868123401644954,,,,-1.0,,,,-1.0,,,,1,,
2015-10-16,,1.541,2.064,2030.26,-0.06868123401644954,,,,-1.0,,,,-0.9869184178465502,,,,1,,
2015-10-19,,1.543,2.076,2030.27,-0.06868123401644954,,,,-1.0,,,,-0.972918040645107,,,,1,,
2015-10-20,,1.55,2.099,2039.36,-0.06868123401644954,,,,-1.0,,,,-0.9597859970565062,,,,1,,
2015-10-21,,1.556,2.109,2042.98,-0.06868123401644954,,,,-1.0,,,,-0.9474432196085165,,,,1,,
2015-10-22,,1.56,2.122,2023.0,-0.06868123401644954,,,,-1.0,,,,-0.9358202569542001,,,,1,,
2015-10-23,,1.56,2.105,2040.4,-0.06868123401644954,,,,-1.0,,,,-0.9248558259523112,,,,1,,
2015-10-26,,1.56,2.097,2048.08,-0.06868123401644954,,,,-1.0,,,,-0.9144956211774412,,,,1,,
2015-10-27,,1.554,2.064,2044.65,-0.06868123401644954,,,,-1.0,,,,-0.9046913295056628,,,,1,,
2015-10-28,,1.553,2.036,2042.51,-0.06868123401644954,,,,-1.0,,,,-0.8953998093286232,,,,1,,
2015-10-29,,1.562,2.053,2034.16,-0.06868123401644954,,,,-1.0,,,,-0.8865824028782344,,,,1,,
2015-10-30,,1.573,2.111,2029.47,-0.06868123401644954,,,,-1.0,,,,-0.87820435690377,,,,1,,
2015-11-02,,1.576,2.118,2035.24,-0.0604090817480749,,,,-1.0,,,,-0.7670300305538458,,,,1,,
2015-11-03,,1.582,2.153,2048.4,-0.0604090817480749,,,,-1.0,,,,-0.76185863047266,,,,1,,
2015-11-04,,1.589,2.165,2052.77,-0.0604090817480749,,,,-1.0,,,,-0.7569034433476401,,,,1,,
2015-11-05,,1.596,2.157,2049.41,-0.0604090817480749,,,,-1.0,,,,-0.752152098507842,,,,1,,
2015-11-06,,1.611,2.208,2041.07,-0.0604090817480749,,,,-1.0,,,,-0.7475931738486163,,,,1,,
2015-11-09,,1.652,2.306,2025.7,-0.0604090817480749,,,,-1.0,,,,-0.7432161049331868,,,,1,,
2015-11-10,,1.644,2.274,1996.59,-0.0604090817480749,,,,-1.0,,,,-0.739011104487539,,,,1,,
2015-11-11,,1.652,2.308,1997.27,-0.0604090817480749,,,,-1.0,,,,-0.7349690909149365,,,,1,,
2015-11-12,,1.649,2.326,1993.36,-0.0604090817480749,,,,-1.0,,,,-0.7310816246615047,,,,1,,
2015-11-13,,1.646,2.332,1973.29,-0.0604090817480749,,,,-1.0,,,,-0.7273408514354385,,,,1,,
2015-11-16,,1.629,2.283,1943.02,-0.0604090817480749,,,,-1.0,,,,-0.7237394514256626,,,,1,,
2015-11-17,,1.63,2.304,1963.58,-0.0604090817480749,,,,-1.0,,,,-0.7202705937861793,,,,1,,
2015-11-18,,1.628,2.292,1962.88,-0.0604090817480749,,,,-1.0,,,,-0.7169278957538683,,,,1,,
2015-11-19,,1.622,2.26,1988.91,-0.0604090817480749,,,,-1.0,,,,-0.7137053858534217,,,,1,,
2015-11-20,,1.636,2.269,1989.86,-0.0604090817480749,,,,-1.0,,,,-0.7105974707160108,,,,1,,
2015-11-23,,1.638,2.288,2003.7,-0.0604090817480749,,,,-1.0,,,,-0.7075989051003843,,,,1,,
2015-11-24,,1.643,2.279,2016.29,-0.0604090817480749,,,,-1.0,,,,-0.7047047647581154,,,,1,,
2015-11-25,,1.645,2.25,2009.42,-0.0604090817480749,,,,-1.0,,,,-0.7019104218301387,,,,1,,
2015-11-26,,1.654,2.239,2030.68,-0.0604090817480749,,,,-1.0,,,,-0.6992115225007134,,,,1,,
2015-11-27,,1.668,2.271,2028.99,-0.0604090817480749,,,,-1.0,,,,-0.6966039666685456,,,,1,,
2015-11-30,,1.664,2.247,1991.97,-0.0604090817480749,,,,-1.0,,,,-0.6940838894237935,,,,1,,
2015-12-01,,1.654,2.275,2023.93,-0.034335068535420905,,,,-1.0,,,,-0.3944739449444986,,,,1,,
2015-12-02,,1.648,2.256,2009.29,-0.034335068535420905,,,,-1.0,,,,-0.3944553312670744,,,,1,,
2015-12-03,,1.64,2.264,1994.07,-0.034335068535420905,,,,-1.0,,,,-0.39444453152128567,,,,1,,
2015-12-04,,1.646,2.301,1974.4,-0.034335068535420905,,,,-1.0,,,,-0.394441342991562,,,,1,,
2015-12-07,,1.645,2.299,1963.67,-0.034335068535420905,,,,-1.0,,,,-0.39444556950222276,,,,1,,
2015-12-08,,1.639,2.23,1949.04,-0.034335068535420905,,,,-1.0,,,,-0.3944570211569307,,,,1,,
2015-12-09,,1.64,2.21,1948.24,-0.034335068535420905,,,,-1.0,,,,-0.3944755140905574,,,,1,,
2015-12-10,,1.633,2.216,1952.07,-0.034335068535420905,,,,-1.0,,,,-0.39450087023276925,,,,1,,
2015-12-11,,1.64,2.243,1948.62,-0.034335068535420905,,,,-1.0,,,,-0.3945329170826918,,,,1,,
2015-12-14,,1.637,2.221,1927.82,-0.034335068535420905,,,,-1.0,,,,-0.394571487494048,,,,1,,
2015-12-15,,1.638,2.21,1932.97,-0.034335068535420905,,,,-1.0,,,,-0.39461641947020315,,,,1,,
2015-12-16,,1.649,2.218,1969.4,-0.034335068535420905,,,,-1.0,,,,-0.3946675559685859,,,,1,,
2015-12-17,,1.638,2.162,1977.96,-0.034335068535420905,,,,-1.0,,,,-0.3947247447139853,,,,1,,
2015-12-18,,1.625,2.118,1975.32,-0.034335068535420905,,,,-1.0,,,,-0.3947878380202561,,,,1,,
2015-12-21,,1.612,2.1,1981.19,-0.034335068535420905,,,,-1.0,,,,-0.3948566926199907,,,,1,,
2015-12-22,,1.621,2.114,1992.56,-0.034335068535420905,,,,-1.0,,,,-0.39493116950174467,,,,1,,
2015-12-23,,1.623,2.114,1999.22,-0.034335068535420905,,,,-1.0,,,,-0.3950111337544245,,,,1,,
2015-12-24,,1.629,2.102,1990.65,-0.034335068535420905,,,,-1.0,,,,-0.3950964544184725,,,,1,,
2015-12-28,,1.632,2.097,1964.06,-0.034335068535420905,,,,-1.0,,,,-0.3951870043435024,,,,1,,
2015-12-29,,1.627,2.07,1966.31,-0.034335068535420905,,,,-1.0,,,,-0.3952826600520604,,,,1,,
2015-12-30,,1.629,2.076,1961.31,-0.034335068535420905,,,,-1.0,,,,-0.3953833016092057,,,,1,,
2015-12-31,,1.629,2.076,,-0.034335068535420905,,,,-1.0,,,,-0.3954888124976198,,,,1,,
2016-01-04,,1.605,2.039,1918.76,0.05560869781624335,,,,1.0,,,,0.6401446822280125,,,,1,,
2016-01-05,99.21465809217862,1.602,2.057,1930.53,0.05560869781624335,0.47199999999999975,,0.04611916341944529,1.0,1.0,,1.0,0.6397770280379314,,,,3,,
2016-01-06,99.0957679187272,1.601,2.035,1925.43,0.05560869781624335,0.45699999999999985,,0.04191987145009577,1.0,1.0,,1.0,0.6394259136435159,,,,3,,
2016-01-07,98.87801828177672,1.598,2.015,1904.33,0.05560869781624335,0.43700000000000006,,0.03164387923536559,1.0,1.0,,1.0,0.6390909165883584,,,,3,,
2016-01-08,98.50786351574176,1.608,2.057,1917.62,0.05560869781624335,0.42399999999999993,,0.022462104749787673,1.0,1.0,,1.0,0.6387716282433527,,,,3,,
2016-01-11,98.76573876488465,1.59,2.025,1894.84,0.05560869781624335,0.4399999999999997,,0.047323862412595154,1.0,1.0,,1.0,0.6384676532435221,,,,3,,
2016-01-12,97.8043692823304,1.588,2.036,1890.86,0.05560869781624335,0.4339999999999997,,0.05773835940550761,1.0,1.0,,1.0,0.6381786089523518,,,,3,,
2016-01-13,97.5014845412244,1.587,2.025,1916.28,0.05560869781624335,0.39400000000000013,,0.036354048678684234,1.0,1.0,,1.0,0.6379041249520601,,,,3,,
2016-01-14,97.51439661939908,1.59,2.033,1900.01,0.05560869781624335,0.3919999999999999,,0.04097534285770706,1.0,1.0,,1.0,0.6376438425583452,,,,3,,
2016-01-15,97.19281684072676,1.591,2.024,1878.87,0.05560869781624335,0.365,,0.04594710649689343,1.0,1.0,,1.0,0.6373974143582384,,,,3,,
2016-01-18,97.55170465867856,1.591,2.039,1878.45,0.05560869781624335,0.40800000000000014,,0.051701466905325046,1.0,1.0,,1.0,0.6371645037697811,,,,3,,
2016-01-19,97.32231811191834,1.59,2.065,1889.64,0.05560869781624335,0.387,,0.02152058654686982,1.0,1.0,,1.0,0.636944784622324,,,,3,,
2016-01-20,97.59248913329556,1.578,2.002,1845.45,0.05560869781624335,0.41100000000000003,,0.06114873347386052,1.0,1.0,,1.0,0.6367379407563243,,,,3,,
2016-01-21,97.57244770404904,1.577,1.995,1840.53,0.05560869781624335,0.401,,0.07059101647293584,1.0,1.0,,1.0,0.6365436656415844,,,,3,,
2016-01-22,97.74289964599446,1.582,2.037,1879.43,0.05560869781624335,0.3999999999999999,,0.04879706654642597,1.0,1.0,,1.0,0.636361662012941,,,,3,,
2016-01-25,98.11539255647564,1.581,2.02,1893.43,0.05560869781624335,0.41200000000000014,,0.04516217909924673,1.0,1.0,,1.0,0.6361916415224776,,,,3,,
2016-01-26,98.91002011140658,1.569,1.99,1871.69,0.05560869781624335,0.405,,0.060948709325285386,1.0,1.0,,1.0,0.6360333244073841,,,,3,,
2016-01-27,98.25593315964602,1.574,2.013,1897.87,0.05560869781624335,0.3959999999999999,,0.0426864812451241,1.0,1.0,,1.0,0.6358864391726441,,,,3,,
2016-01-28,98.2771030781129,1.582,2.018,1906.94,0.05560869781624335,0.393,,0.0461195219384841,1.0,1.0,,1.0,0.6357507222877794,,,,3,,
2016-01-29,97.50386470532442,1.55,1.979,1912.06,0.05560869781624335,0.4159999999999999,,0.047969076059231744,1.0,1.0,,1.0,0.6356259178969245,,,,3,,
2016-02-01,97.72338345174856,1.518,1.922,1924.82,0.05363786465188005,0.44700000000000006,,0.037919855867449406,1.0,1.0,,1.0,0.6130935449213312,,,,3,,
2016-02-02,97.69773340379876,1.51,1.916,1906.06,0.05363786465188005,0.45199999999999996,,0.04833152909784641,1.0,1.0,,1.0,0.6130969049111975,,,,3,,
2016-02-03,98.04396200927114,1.49,1.865,1890.67,0.05363786465188005,0.4770000000000001,,0.06267152437644688,1.0,1.0,,1.0,0.6131085334026339,,,,3,,
2016-02-04,96.62839025767478,1.489,1.862,1916.26,0.05363786465188005,0.44899999999999984,,0.04637862626162551,1.0,1.0,,1.0,0.6131282497902392,,,,3,,
2016-02-05,97.41579123789997,1.497,1.882,1917.79,0.05363786465188005,0.44799999999999995,,0.05255344904226119,1.0,1.0,,1.0,0.6131558783616872,,,,3,,
2016-02-11,97.78821903843978,1.451,1.766,1861.54,0.05363786465188005,0.492,,0.08884062114822633,1.0,1.0,,1.0,0.6131912481339595,,,,3,,
2016-02-12,97.54444610190215,1.464,1.8,1835.28,0.05363786465188005,0.476,,0.10129908430247161,1.0,1.0,,1.0,0.6132341926961357,,,,3,,
2016-02-15,96.80556321321274,1.476,1.825,1862.2,0.05363786465188005,0.4730000000000001,,0.08213114191777007,1.0,1.0,,1.0,0.6132845500584382,,,,3,,
2016-02-16,96.42471827433316,1.427,1.781,1888.3,0.05363786465188005,0.56,,0.07087471878461633,1.0,1.0,,1.0,0.6133421625072405,,,,3,,
2016-02-17,96.03583162394224,1.432,1.784,1883.94,0.05363786465188005,0.554,,0.07769648098191057,1.0,1.0,,1.0,0.6134068764657642,,,,3,,
2016-02-18,95.34865681957794,1.443,1.805,1908.84,0.05363786465188005,0.5589999999999997,,0.06511209876904311,1.0,1.0,,1.0,0.6134785423602056,,,,3,,
2016-02-19,95.22636580649392,1.457,1.814,1916.24,0.05363786465188005,0.5389999999999999,,0.06818321621831665,1.0,1.0,,1.0,0.6135570144910443,,,,3,,
2016-02-22,94.55108049416684,1.468,1.83,1916.36,0.05363786465188005,0.548,,0.07337345067271013,1.0,1.0,,1.0,0.6136421509093013,,,,3,,
2016-02-23,94.55595173387988,1.47,1.831,1914.22,0.05363786465188005,0.53,,0.06853376669256875,1.0,1.0,,1.0,0.6137338132975241,,,,3,,
2016-02-24,94.88618536866028,1.465,1.814,1912.53,0.05363786465188005,0.5439999999999998,,0.07774897685850746,1.0,1.0,,1.0,0.6138318668552879,,,,3,,
2016-02-25,94.52309959488991,1.465,1.802,1918.57,0.05363786465188005,0.5409999999999997,,0.0801152093487821,1.0,1.0,,1.0,0.6139361801890162,,,,3,,
2016-02-26,94.41764801837785,1.463,1.778,1920.16,0.05363786465188005,0.5349999999999999,,0.08372227585361067,1.0,1.0,,1.0,0.614046625205925,,,,3,,
2016-02-29,94.67456599197644,1.463,1.786,1916.66,0.05363786465188005,0.536,,0.08549709304253983,1.0,1.0,,1.0,0.614163077011919,,,,3,,
2016-03-02,94.04703018703574,1.469,1.827,1947.42,0.08319024640916786,0.528,,0.06159643600384669,1.0,1.0,,1.0,0.949876403220968,,,,3,,
2016-03-03,94.55014550277131,1.49,1.87,1958.17,0.08319024640916786,0.4890000000000001,,0.05634054356478618,1.0,1.0,,1.0,0.9472796873707829,,,,3,,
2016-03-04,95.43775905377932,1.497,1.882,1955.63,0.08319024640916786,0.474,,0.06072455045426098,1.0,1.0,,1.0,0.9447506848539947,,,,3,,
2016-03-07,95.94749818288564,1.489,1.867,1957.87,0.08319024640916786,0.472,,0.06043466721472598,1.0,1.0,,1.0,0.9422872291039179,,,,3,,
2016-03-08,96.48209543824623,1.484,1.845,1946.12,0.08319024640916786,0.4730000000000001,,0.06729920551633134,1.0,1.0,,1.0,0.9398872462499915,,,,3,,
2016-03-09,96.2003330686026,1.471,1.85,1952.95,0.08319024640916786,0.45399999999999996,,0.06857529002581529,1.0,1.0,,1.0,0.93754875013279,,,,3,,
2016-03-10,95.41767058546024,1.486,1.863,1969.33,0.08319024640916786,0.43100000000000005,,0.05249733766612529,1.0,1.0,,1.0,0.9352698376413254,,,,3,,
2016-03-11,95.78465972060478,1.527,1.922,1971.41,0.08319024640916786,0.3840000000000001,,0.043954015634569125,1.0,1.0,,1.0,0.9330486843483585,,,,3,,
2016-03-14,96.18960012775358,1.524,1.915,1972.27,0.08319024640916786,0.351,,0.036410785145360655,1.0,1.0,,1.0,0.9308835404215234,,,,3,,
2016-03-15,97.39983322207064,1.531,1.907,1969.97,0.08319024640916786,0.30500000000000016,,0.03551467608924451,1.0,1.0,,1.0,0.9287727267899525,,,,3,,
2016-03-16,97.37603593200234,1.539,1.912,1974.9,0.08319024640916786,0.28200000000000003,,0.041019055691021045,1.0,1.0,,1.0,0.9267146315477934,,,,3,,
2016-03-17,96.89858992660272,1.523,1.862,1987.99,0.08319024640916786,0.29200000000000004,,0.03590795125621831,1.0,1.0,,1.0,0.9247077065775524,,,,3,,
2016-03-18,97.86772700487391,1.517,1.835,1992.12,0.08319024640916786,0.30000000000000004,,0.05751205878365475,1.0,1.0,,1.0,0.9227504643776013,,,,3,,
2016-03-21,98.90950636809065,1.518,1.828,1989.76,0.08319024640916786,0.28400000000000003,,0.05557792615714439,1.0,1.0,,1.0,0.920841475079455,,,,3,,
2016-03-22,98.71157537996076,1.531,1.847,1996.81,0.08319024640916786,0.252,,0.049564051665817246,1.0,1.0,,1.0,0.9189793636415845,,,,3,,
2016-03-23,99.22573524982798,1.531,1.867,1995.12,0.08319024640916786,0.2410000000000001,,0.048091751719600104,1.0,1.0,,1.0,0.9171628072075825,,,,3,,
2016-03-24,99.5976561818595,1.523,1.848,1985.97,0.08319024640916786,0.246,,0.05284938083030772,1.0,1.0,,1.0,0.9153905326174543,,,,3,,
2016-03-25,99.01243286597708,1.518,1.835,1983.81,0.08319024640916786,0.2509999999999999,,0.057241912934494335,1.0,1.0,,1.0,0.9136613140616849,,,,3,,
2016-03-28,98.90658024179248,1.515,1.834,1982.54,0.08319024640916786,0.248,,0.05690746015310577,1.0,1.0,,1.0,0.9119739708685303,,,,3,,
2016-03-29,98.77229824296283,1.49,1.798,1994.91,0.08319024640916786,0.272,,0.044165099222850626,1.0,1.0,,1.0,0.9103273654157019,,,,3,,
2016-03-30,99.09064184905544,1.485,1.781,2002.14,0.08319024640916786,0.2739999999999998,,0.04070188809235427,1.0,1.0,,1.0,0.9087204011582961,,,,3,,
2016-03-31,99.61574215262348,1.485,1.793,1995.85,0.08319024640916786,0.2569999999999999,,0.04570547252831785,1.0,1.0,,1.0,0.9071520207654123,,,,3,,
2016-04-01,100.25024085067568,1.483,1.796,1973.57,0.0595977753974948,0.23899999999999988,,0.0627304969278841,1.0,1.0,,1.0,0.650055110482143,,,,3,,
2016-04-04,99.86072309253925,1.473,1.766,1978.97,0.0595977753974948,0.24,,0.05541544727111294,1.0,1.0,,1.0,0.6502281435761897,,,,3,,
2016-04-05,100.00502588353817,1.478,1.787,1962.74,0.0595977753974948,0.22799999999999998,,0.05979610381126943,1.0,1.0,,1.0,0.6504058040313766,,,,3,,
2016-04-06,99.50972503690232,1.478,1.787,1971.32,0.0595977753974948,0.2230000000000001,,0.06081977825296164,1.0,1.0,,1.0,0.650588006300212,,,,3,,
2016-04-07,99.35031678575606,1.483,1.801,1973.89,0.0595977753974948,0.21499999999999986,,0.057450596584325685,1.0,1.0,,1.0,0.6507746667306524,,,,3,,
2016-04-08,99.52752029128816,1.481,1.794,1972.05,0.0595977753974948,0.21299999999999986,,0.06211635133672651,1.0,1.0,,1.0,0.6509657035145924,,,,3,,
2016-04-11,99.18948855557193,1.482,1.794,1970.37,0.0595977753974948,0.21700000000000008,,0.06956535259104545,1.0,1.0,,1.0,0.651161036638026,,,,3,,
2016-04-12,99.63724633119908,1.483,1.791,1981.32,0.0595977753974948,0.19399999999999995,,0.06127399935743337,1.0,1.0,,1.0,0.6513605878328175,,,,3,,
2016-04-14,100.14332976286188,1.507,1.844,2015.93,0.0595977753974948,0.17700000000000005,,0.053091093501188014,1.0,1.0,,1.0,0.6515642805300196,,,,3,,
2016-04-15,99.51747103049664,1.506,1.84,2014.71,0.0595977753974948,0.18399999999999994,,0.06198766227928482,1.0,1.0,,1.0,0.6517720398146819,,,,3,,
2016-04-18,99.7751548877494,1.515,1.845,2009.1,0.0595977753974948,0.17700000000000005,,0.07189592069551955,1.0,1.0,,1.0,0.6519837923820953,,,,3,,
2016-04-19,99.62767760501254,1.515,1.838,2011.36,0.0595977753974948,0.17600000000000016,,0.07530611039700688,1.0,1.0,,1.0,0.652199466495417,,,,3,,
2016-04-20,100.33199094708752,1.501,1.804,2005.83,0.0595977753974948,0.19400000000000017,,0.09294115878405824,1.0,1.0,,1.0,0.6524189919446275,,,,3,,
2016-04-21,101.0769988275946,1.51,1.825,2022.1,0.0595977753974948,0.16799999999999993,,0.08126343169634845,1.0,1.0,,1.0,0.6526423000067691,,,,3,,
2016-04-22,101.04542851608603,1.509,1.828,2015.49,0.0595977753974948,0.16800000000000015,,0.08827409556504326,1.0,1.0,,1.0,0.652869323407421,,,,3,,
2016-04-25,100.68974521572588,1.499,1.831,2014.55,0.0595977753974948,0.18299999999999983,,0.09008580009349884,1.0,1.0,,1.0,0.6530999962833647,,,,3,,
2016-04-26,100.02471293677635,1.492,1.816,2019.63,0.0595977753974948,0.19100000000000006,,0.08842760960329267,1.0,1.0,,1.0,0.6533342541463972,,,,3,,
2016-04-27,99.86991084905932,1.492,1.811,2015.4,0.0595977753974948,0.20799999999999996,,0.11187967585772055,1.0,1.0,,1.0,0.6535720338482535,,,,3,,
2016-04-28,100.19738809987216,1.487,1.801,2000.93,0.0595977753974948,0.22799999999999998,,0.11512355233557374,1.0,1.0,,1.0,0.6538132735465924,,,,3,,
2016-04-29,100.12169009696944,1.486,1.794,1994.15,0.0595977753974948,0.23399999999999999,,0.11843078939304014,1.0,1.0,,1.0,0.6540579126720169,,,,3,,
2016-05-02,100.40259159712195,1.491,1.807,1978.15,0.00733933316489385,0.2619999999999998,,0.12702146905801787,1.0,1.0,,1.0,0.08065890166481157,,,,3,,
2016-05-03,100.1247258715274,1.475,1.795,1986.41,0.00733933316489385,0.2869999999999999,,0.12250505699656848,1.0,1.0,,1.0,0.08077187550698371,,,,3,,
2016-05-04,100.75446040920848,1.463,1.773,1976.71,0.00733933316489385,0.2929999999999999,,0.12463861127140399,1.0,1.0,,1.0,0.08088469583103369,,,,3,,
2016-05-09,99.6907311847424,1.446,1.767,1967.81,0.00733933316489385,0.32600000000000007,,0.13776713115605754,1.0,1.0,,1.0,0.08099736323702883,,,,3,,
2016-05-10,98.9941860441886,1.441,1.768,1982.5,0.00733933316489385,0.361,,0.12383724775911217,1.0,1.0,,1.0,0.08110987832136879,,,,3,,
2016-05-11,98.27487251191378,1.442,1.765,1980.1,0.00733933316489385,0.3500000000000001,,0.11737507196488403,1.0,1.0,,1.0,0.08122224167681373,,,,3,,
2016-05-12,98.636108387766,1.446,1.764,1977.49,0.00733933316489385,0.29900000000000015,,0.10526986087837896,1.0,1.0,,1.0,0.08133445389251207,,,,3,,
2016-05-13,99.02055059048496,1.457,1.768,1966.99,0.00733933316489385,0.2849999999999999,,0.11954449124726776,1.0,1.0,,1.0,0.08144651555402818,,,,3,,
2016-05-16,98.81688521611396,1.465,1.774,1967.91,0.00733933316489385,0.3059999999999998,,0.12926599953147233,1.0,1.0,,1.0,0.08155842724336988,,,,3,,
2016-05-17,98.04249104598064,1.477,1.791,1968.06,0.00733933316489385,0.258,,0.13136928451731683,1.0,1.0,,1.0,0.08167018953901556,,,,3,,
2016-05-18,98.40464790061252,1.49,1.801,1956.73,0.00733933316489385,0.244,,0.13605702432665345,1.0,1.0,,1.0,0.08178180301594122,,,,3,,
2016-05-19,98.06818374419407,1.508,1.829,1946.78,0.00733933316489385,0.24,,0.13317107678149606,1.0,1.0,,1.0,0.08189326824564737,,,,3,,
2016-05-20,97.41860361537536,1.494,1.803,1947.67,0.00733933316489385,0.2550000000000001,,0.13893564199227687,1.0,1.0,,1.0,0.0820045857961855,,,,3,,
2016-05-23,97.5879341383715,1.494,1.8,1955.25,0.00733933316489385,0.26,,0.14105888922423857,1.0,1.0,,1.0,0.08211575623218448,,,,3,,
2016-05-24,97.99012437864248,1.487,1.767,1937.68,0.00733933316489385,0.2569999999999999,,0.15733947150103272,1.0,1.0,,1.0,0.08222678011487676,,,,3,,
2016-05-25,97.63970065245688,1.498,1.785,1960.51,0.00733933316489385,0.2490000000000001,,0.13761603924303378,1.0,1.0,,1.0,0.08233765800212434,,,,3,,
2016-05-26,97.78719661925024,1.499,1.79,1957.06,0.00733933316489385,0.24299999999999988,,0.14740889432913992,1.0,1.0,,1.0,0.08244839044844447,,,,3,,
2016-05-27,98.0791785411366,1.498,1.778,1969.17,0.00733933316489385,0.23399999999999999,,0.1417078728830749,1.0,1.0,,1.0,0.08255897800503527,,,,3,,
2016-05-30,98.39666008463796,1.514,1.813,1967.13,0.00733933316489385,0.20100000000000007,,0.11964678317769542,1.0,1.0,,1.0,0.08266942121980095,,,,3,,
2016-05-31,97.61328021422752,1.511,1.811,1983.4,0.00733933316489385,0.19900000000000007,,0.1102171157329424,1.0,1.0,,1.0,0.08277972063737712,,,,3,,
2016-06-01,97.63728716127856,1.463,1.757,1982.72,0.0043473414200137,0.22399999999999998,,0.10857060601290046,1.0,1.0,,1.0,0.04909565813094091,,,,3,,
2016-06-02,97.48023129057889,1.467,1.763,1985.11,0.0043473414200137,0.21699999999999986,,0.10379095157905893,1.0,1.0,,1.0,0.04915794451175173,,,,3,,
2016-06-03,97.62324357229036,1.453,1.738,1985.84,0.0043473414200137,0.20699999999999985,,0.09327183527886433,1.0,1.0,,1.0,0.04922015711195093,,,,3,,
2016-06-07,97.4270936423422,1.436,1.715,2011.63,0.0043473414200137,0.23199999999999998,,0.08241344933146047,1.0,1.0,,1.0,0.04928229616332819,,,,3,,
2016-06-08,99.1083581695688,1.414,1.697,2027.08,0.0043473414200137,0.252,,0.08513296231563565,1.0,1.0,,1.0,0.049344361896774144,,,,3,,
2016-06-09,99.52256887070016,1.352,1.66,2024.17,0.0043473414200137,0.2979999999999998,,0.08611057138355102,1.0,1.0,,1.0,0.04940635454228016,,,,3,,
2016-06-10,99.7070545033385,1.341,1.652,2017.63,0.0043473414200137,0.29600000000000004,,0.08977867659615382,1.0,1.0,,1.0,0.049468274328938175,,,,3,,
2016-06-13,99.35585957557446,1.331,1.615,1979.06,0.0043473414200137,0.30099999999999993,,0.10755839789397269,1.0,1.0,,1.0,0.04953012148494071,,,,3,,
2016-06-14,98.63349716825712,1.346,1.635,1972.03,0.0043473414200137,0.2889999999999999,,0.10582001932664051,1.0,1.0,,1.0,0.04959189623758102,,,,3,,
2016-06-15,98.766940630023,1.349,1.622,1968.83,0.0043473414200137,0.28400000000000003,,0.11593953850851028,1.0,1.0,,1.0,0.0496535988132534,,,,3,,
2016-06-16,98.37582015753118,1.342,1.579,1951.99,0.0043473414200137,0.27,,0.12076840485392226,1.0,1.0,,1.0,0.049715229437453545,,,,3,,
2016-06-17,98.77631128450368,1.356,1.596,1953.4,0.0043473414200137,0.252,,0.11683497254236169,1.0,1.0,,1.0,0.04977678833477918,,,,3,,
2016-06-20,98.59380642210628,1.373,1.641,1981.12,0.0043473414200137,0.236,,0.09310271095791425,1.0,1.0,,1.0,0.04983827572893056,,,,3,,
2016-06-21,99.05037007583634,1.368,1.616,1982.7,0.0043473414200137,0.254,,0.10124746829682404,1.0,1.0,,1.0,0.0498996918427114,,,,3,,
2016-06-22,99.54850906908894,1.379,1.638,1992.58,0.0043473414200137,0.23199999999999998,,0.09468067065908319,1.0,1.0,,1.0,0.04996103689802963,,,,3,,
2016-06-23,99.64622635047824,1.371,1.627,1986.71,0.0043473414200137,0.2350000000000001,,0.09531576144502134,1.0,1.0,,1.0,0.05002231111589846,,,,3,,
2016-06-24,99.9012790809675,1.292,1.5,1925.24,0.0043473414200137,0.32499999999999996,,0.1457830685050302,1.0,1.0,,1.0,0.05008351471643742,,,,3,,
2016-06-27,99.36369223620684,1.279,1.484,1926.85,0.0043473414200137,0.3390000000000002,,0.15673810523550927,1.0,1.0,,1.0,0.05014464791887356,,,,3,,
2016-06-28,98.18551245463868,1.286,1.486,1936.22,0.0043473414200137,0.33499999999999996,,0.15292540082905853,1.0,1.0,,1.0,0.05020571094154276,,,,3,,
2016-06-29,98.62065921073535,1.283,1.459,1956.36,0.0043473414200137,0.3380000000000001,,0.14651202805770705,1.0,1.0,,1.0,0.050266704001891045,,,,3,,
2016-06-30,99.40807363695474,1.291,1.469,1970.35,0.0043473414200137,0.33000000000000007,,0.14115726820935542,1.0,1.0,,1.0,0.05032762731647614,1.0,,1.0,3,,
2016-07-01,100.3992107819292,1.272,1.409,1987.32,0.0112506673473307,0.3380000000000001,,0.11943682118672226,1.0,1.0,,1.0,0.1304164001642063,1.0,,1.0,3,,
2016-07-04,100.8282698927784,1.275,1.415,1995.3,0.0112506673473307,0.3350000000000002,,0.12166112219714859,1.0,1.0,,1.0,0.13058759666568057,1.0,,1.0,3,,
2016-07-05,100.79536249473836,1.268,1.421,1989.85,0.0112506673473307,0.3460000000000001,,0.13687281870200113,1.0,1.0,,1.0,0.13075856969349203,1.0,,1.0,3,,
2016-07-06,100.6148528704154,1.247,1.383,1953.12,0.0112506673473307,0.3759999999999999,,0.16775364940679452,1.0,1.0,,1.0,0.13092932011761885,1.0,,1.0,3,,
2016-07-07,99.54578936810064,1.249,1.38,1974.08,0.0112506673473307,0.371,,0.1552926757723868,1.0,1.0,,1.0,0.13109984880242984,1.0,,1.0,3,,
2016-07-08,100.33269022428178,1.253,1.388,1963.1,0.0112506673473307,0.3610000000000002,,0.13139017464957847,1.0,1.0,,1.0,0.1312701566067349,1.0,,1.0,3,,
2016-07-11,99.96419339058058,1.252,1.38,1988.54,0.0112506673473307,0.361,,0.11505125348717538,1.0,1.0,,1.0,0.13144024438383484,1.0,,1.0,3,,
2016-07-12,101.07351199918536,1.258,1.388,1991.23,0.0112506673473307,0.347,,0.09894697320138512,1.0,1.0,,1.0,0.13161011298157027,1.0,,1.0,3,,
2016-07-13,100.9549176370412,1.257,1.393,2005.55,0.0112506673473307,0.3460000000000001,,0.09831805562125703,1.0,1.0,,1.0,0.13177976324237034,1.0,,1.0,3,,
2016-07-14,101.16087645489156,1.254,1.374,2008.77,0.0112506673473307,0.3500000000000001,,0.10132938724433892,1.0,1.0,,1.0,0.13194919600330085,1.0,,1.0,3,,
2016-07-15,101.43683808609543,1.261,1.392,2017.26,0.0112506673473307,0.3420000000000001,,0.11098341981333125,1.0,1.0,,1.0,0.13211841209611155,1.0,,1.0,3,,
2016-07-18,102.4308708671336,1.266,1.415,2021.11,0.0112506673473307,0.33499999999999996,,0.10580526107712132,1.0,1.0,,1.0,0.13228741234728328,1.0,,1.0,3,,
2016-07-19,102.14944925,1.263,1.426,2016.89,0.0112506673473307,0.3360000000000001,,0.11291669612643071,1.0,1.0,,1.0,0.13245619757807423,1.0,,1.0,3,,
2016-07-20,102.1621342011728,1.262,1.418,2015.46,0.0112506673473307,0.3360000000000001,,0.12034652945417677,1.0,1.0,,1.0,0.13262476860456598,1.0,,1.0,3,,
2016-07-21,102.04890867535045,1.268,1.439,2012.22,0.0112506673473307,0.32899999999999996,,0.11406484221962522,1.0,1.0,,1.0,0.13279312623770884,1.0,,1.0,3,,
2016-07-22,101.86530809721664,1.261,1.418,2010.34,0.0112506673473307,0.3350000000000002,,0.11476250200548234,1.0,1.0,,1.0,0.13296127128336668,1.0,,1.0,3,,
2016-07-25,102.43331034842356,1.262,1.425,2012.32,0.0112506673473307,0.3340000000000001,,0.11713848029748047,1.0,1.0,,1.0,0.13312920454236135,1.0,,1.0,3,,
2016-07-26,102.36864776927086,1.259,1.411,2027.34,0.0112506673473307,0.3290000000000002,,0.09907487828543093,1.0,1.0,,1.0,0.13329692681051666,1.0,,1.0,3,,
2016-07-27,102.12308352433551,1.26,1.403,2025.05,0.0112506673473307,0.31600000000000006,,0.09692973253184559,1.0,1.0,,1.0,0.13346443887870155,1.0,,1.0,3,,
2016-07-28,102.45371549984044,1.251,1.357,2021.1,0.0112506673473307,0.3210000000000002,,0.09054519934360643,1.0,1.0,,1.0,0.13363174153287324,1.0,,1.0,3,,
2016-07-29,103.11113694495538,1.253,1.386,2016.19,0.0112506673473307,0.31700000000000017,,0.08835671251771922,1.0,1.0,,1.0,0.13379883555411953,1.0,,1.0,3,,
2016-08-01,103.04871259142668,1.249,1.363,2029.61,-0.02985599619807995,0.33199999999999985,,0.08626487766854052,-1.0,1.0,,1.0,-0.3549281601053993,1.0,,1.0,3,,
2016-08-02,104.02230456956347,1.246,1.378,2019.03,-0.02985599619807995,0.33299999999999996,,0.08788526204279934,-1.0,1.0,,1.0,-0.3547969831412571,1.0,,1.0,3,,
2016-08-03,104.17789152951003,1.256,1.425,1994.79,-0.02985599619807995,0.33299999999999996,,0.08927841641794172,-1.0,1.0,,1.0,-0.35466956822177254,1.0,,1.0,3,,
2016-08-04,103.7058632176252,1.252,1.413,2000.03,-0.02985599619807995,0.349,,0.09615242723428535,-1.0,1.0,,1.0,-0.3545458535649804,1.0,,1.0,3,,
2016-08-05,103.71399329506926,1.247,1.388,2017.94,-0.02985599619807995,0.349,,0.07642600688380047,-1.0,1.0,,1.0,-0.354425778693478,1.0,,1.0,3,,
2016-08-08,104.0397106799751,1.262,1.429,2031.12,-0.02985599619807995,0.3360000000000001,,0.07685778970248665,-1.0,1.0,,1.0,-0.3543092844000375,1.0,,1.0,3,,
2016-08-09,103.95538247039586,1.261,1.427,2043.78,-0.02985599619807995,0.3420000000000001,,0.07279652500862024,-1.0,1.0,,1.0,-0.3541963127143093,1.0,,1.0,3,,
2016-08-10,104.376146882997,1.247,1.391,2044.64,-0.02985599619807995,0.35199999999999987,,0.06590846498992231,-1.0,1.0,,1.0,-0.35408680687057487,1.0,,0.9600472368682763,3,,
2016-08-11,105.181222681115,1.253,1.396,2048.8,-0.02985599619807995,0.3440000000000001,,0.06211488748213395,-1.0,1.0,,1.0,-0.3539807112765106,1.0,,0.9063650280938993,3,,
2016-08-12,104.97231548832885,1.258,1.41,2050.47,-0.02985599619807995,0.33000000000000007,,0.052341890608120584,-1.0,1.0,,1.0,-0.35387797148292666,1.0,,0.7638845629141524,3,,
2016-08-16,104.70064815651692,1.254,1.395,2047.76,-0.02985599619807995,0.32099999999999995,,0.043943290301943355,-1.0,1.0,,1.0,-0.3537785341544431,1.0,,0.6403142603090856,3,,
2016-08-17,105.07421456705907,1.263,1.434,2043.75,-0.02985599619807995,0.29800000000000004,,0.03185998906171983,-1.0,1.0,,1.0,-0.3536823470410718,1.0,,0.4620961859245033,3,,
2016-08-18,104.4005736309497,1.261,1.415,2055.47,-0.02985599619807995,0.30900000000000016,,0.03465826213609652,-1.0,1.0,,1.0,-0.35358935895066956,1.0,,0.5008513712283179,3,,
2016-08-19,103.92900198660462,1.266,1.422,2056.24,-0.02985599619807995,0.30400000000000005,,0.024962919072527165,-1.0,1.0,,1.0,-0.35349951972223237,1.0,,0.35846711985785246,3,,
2016-08-22,103.30741615821026,1.268,1.435,2042.16,-0.02985599619807995,0.30099999999999993,,0.02406641588707316,-1.0,1.0,,1.0,-0.3534127802,1.0,,0.3434129683089517,3,,
2016-08-23,102.5469127624562,1.267,1.422,2049.93,-0.02985599619807995,0.30700000000000016,,0.015362688141508568,-1.0,1.0,,1.0,-0.353329092208343,1.0,,0.21727200883779804,3,,
2016-08-24,103.25046515495512,1.269,1.418,2043.76,-0.02985599619807995,0.30200000000000005,,0.0033313594558650045,-1.0,1.0,,1.0,-0.3532484085274037,1.0,,0.046510311245337846,3,,
2016-08-25,102.94589206155976,1.272,1.422,2042.92,-0.02985599619807995,0.29899999999999993,,-0.018480993647214686,-1.0,1.0,,-1.0,-0.35317068286946485,1.0,,-0.25250578342375185,3,,
2016-08-26,103.16297490678122,1.273,1.423,2037.5,-0.02985599619807995,0.29500000000000015,,-0.04623142980636619,-1.0,1.0,,-1.0,-0.3530958698560215,1.0,,-0.6104030938342322,3,,
2016-08-29,103.87504767606974,1.294,1.445,2032.35,-0.02985599619807995,0.28200000000000003,,-0.033670402680123335,-1.0,1.0,,-1.0,-0.35302392499553004,1.0,,-0.4335881356904832,3,,
2016-08-30,102.94351796105416,1.301,1.449,2039.74,-0.02985599619807995,0.28200000000000003,,-0.010083836638838994,-1.0,1.0,,-1.0,-0.35295480466181267,1.0,,-0.12809648719306393,3,,
2016-08-31,103.71307220791,1.319,1.478,2034.65,-0.02985599619807995,0.2610000000000001,,-0.0023482409044681615,-1.0,1.0,,-1.0,-0.352888466073093,1.0,,-0.029523825102235692,3,,
2016-09-01,103.78717445435174,1.328,1.524,2032.72,0.0180256200807101,0.2609999999999999,,0.012991422667154993,1.0,1.0,,1.0,0.2133146658548604,1.0,,0.16244271978471514,3,,
2016-09-02,103.58813264404196,1.324,1.53,2038.31,0.0180256200807101,0.27,,0.01253468637494011,1.0,1.0,,1.0,0.21357187255177584,1.0,,0.15589048829279895,3,,
2016-09-05,103.70333305380096,1.313,1.511,2060.08,0.0180256200807101,0.27700000000000014,,-0.01006936399849176,1.0,1.0,,-1.0,0.21382876986888513,1.0,,-0.12378575201033579,3,,
2016-09-06,104.5027198736766,1.31,1.506,2066.53,0.0180256200807101,0.2669999999999999,,-0.015238373623410927,1.0,1.0,,-1.0,0.21408535891990188,1.0,,-0.18496643539938665,3,,
2016-09-07,104.48976863643338,1.292,1.459,2061.88,0.0180256200807101,0.2769999999999999,,-0.00794384123198498,1.0,1.0,,-1.0,0.21434164081187385,1.0,,-0.09548184428962928,3,,
2016-09-08,105.56463554697233,1.298,1.469,2063.73,0.0180256200807101,0.256,,-0.02827563221483457,1.0,1.0,,-1.0,0.21459761664523866,1.0,,-0.33452095027811873,3,,
2016-09-09,105.67551741468296,1.324,1.512,2037.87,0.0180256200807101,0.22999999999999998,,-0.021962067050130256,1.0,1.0,,-1.0,0.21485328751387894,1.0,,-0.25649521012099386,3,,
2016-09-12,105.34938504465568,1.344,1.567,1991.48,0.0180256200807101,0.21399999999999997,,-0.0055086783325193,1.0,1.0,,-1.0,0.2151086545051768,1.0,,-0.06384670700117322,3,,
2016-09-13,104.26829399597744,1.339,1.572,1999.36,0.0180256200807101,0.2230000000000001,,0.02134667495170653,1.0,1.0,,1.0,0.21536371870006782,1.0,,0.2469970524761786,3,,
2016-09-19,104.52025297511295,1.34,1.582,2015.78,0.0180256200807101,0.20799999999999996,,0.02445420754091339,1.0,1.0,,1.0,0.21561848117309435,1.0,,0.28264269979586115,3,,
2016-09-20,103.51990354791911,1.336,1.575,2025.71,0.0180256200807101,0.21399999999999997,,0.010433653019971685,1.0,1.0,,1.0,0.21587294299245852,1.0,,0.12017036363275949,3,,
2016-09-21,103.61770801332236,1.333,1.592,2035.99,0.0180256200807101,0.2230000000000001,,0.0015340065316040014,1.0,1.0,,1.0,0.21612710522007425,1.0,,0.017576242508478553,3,,
2016-09-22,103.70383641732492,1.317,1.519,2049.7,0.0180256200807101,0.23199999999999998,,0.0023760085298642694,1.0,1.0,,1.0,0.2163809689116191,1.0,,0.02709259092971269,3,,
2016-09-23,104.89765770623588,1.318,1.5,2054.07,0.0180256200807101,0.23899999999999988,,0.022893029731047038,1.0,1.0,,1.0,0.21663453511658542,1.0,,0.2607855757985098,3,,
2016-09-26,104.92203943511686,1.321,1.495,2047.11,0.0180256200807101,0.2430000000000001,,0.026973501881565623,1.0,1.0,,1.0,0.2168878048783309,1.0,,0.30716402566561124,3,,
2016-09-27,104.6728137030658,1.325,1.494,2062.82,0.0180256200807101,0.2250000000000001,,0.02312614876821359,1.0,1.0,,1.0,0.21714077923412867,1.0,,0.2631314242689651,3,,
2016-09-28,104.92321350217132,1.326,1.468,2053.06,0.0180256200807101,0.21199999999999997,,0.011198019053606817,1.0,1.0,,1.0,0.2173934592152169,1.0,,0.12706899046251163,3,,
2016-09-29,105.63065949383196,1.327,1.456,2068.72,0.0180256200807101,0.21199999999999997,,0.012566649374150245,1.0,1.0,,1.0,0.21764584584684787,1.0,,0.14226376821664527,3,,
2016-09-30,105.71582994422066,1.305,1.398,2043.63,0.0180256200807101,0.2330000000000001,,0.00938923162158515,1.0,1.0,,1.0,0.2178979401483363,1.0,,0.10599471228538833,3,,
2016-10-04,105.0443421812548,1.315,1.455,2054.86,0.018434753635562455,0.22799999999999998,,0.0025333670326386226,1.0,1.0,,1.0,0.22310084257506285,1.0,,0.028486148717523297,3,,
2016-10-05,105.0416310703965,1.331,1.51,2053.0,0.018434753635562455,0.20799999999999996,,-0.005226170827450555,1.0,1.0,,-1.0,0.22335774609231646,1.0,,-0.0584512993445919,3,,
2016-10-06,104.26356074437548,1.333,1.536,2065.3,0.018434753635562455,0.18900000000000006,,-0.008898374328250289,1.0,1.0,,-1.0,0.22361435447320716,0.9760786960852541,,-0.09893476926896594,3,,
2016-10-07,104.6966704577225,1.336,1.531,2053.8,0.018434753635562455,0.19899999999999984,,0.009141615593872512,1.0,1.0,,1.0,0.2238706687325401,1.0,,0.10140171218291588,3,,
2016-10-10,104.21279791894264,1.344,1.546,2056.82,0.018434753635562455,0.18199999999999994,,-0.000410007757700101,1.0,1.0,,-1.0,0.22412668987931833,0.9361403615046818,,-0.00453023032538738,3,,
2016-10-11,104.64170984896928,1.366,1.616,2031.93,0.018434753635562455,0.15399999999999991,,0.007306535203202104,1.0,1.0,,1.0,0.22438241891678928,0.7882863185603175,,0.0805346352332495,3,,
2016-10-12,104.32407384440032,1.359,1.595,2033.73,0.018434753635562455,0.16700000000000004,,0.014989673116874602,1.0,1.0,,1.0,0.22463785684249057,0.8517951872860605,,0.16502379431378217,3,,
2016-10-13,103.88288340791394,1.346,1.543,2015.44,0.018434753635562455,0.19099999999999984,,0.03874539179689054,1.0,1.0,,1.0,0.22489300464829534,0.9726154965916137,,0.42717180928901144,3,,
2016-10-14,103.24338927389644,1.347,1.55,2022.66,0.018434753635562455,0.18999999999999995,,0.04173133423932354,1.0,1.0,,1.0,0.22514786332045714,0.9659400673193761,,0.4608607251333593,3,,
2016-10-17,103.06209173492464,1.363,1.615,2027.61,0.018434753635562455,0.18500000000000005,,0.03976635716951273,1.0,1.0,,1.0,0.2254024338396546,0.938723319950609,,0.43983074740970235,3,,
2016-10-18,102.38041481752742,1.361,1.616,2040.43,0.018434753635562455,0.18300000000000005,,0.030106533801119044,1.0,1.0,,1.0,0.22565671718103528,0.9267404349920165,,0.33321925627055415,3,,
2016-10-19,102.97476037525894,1.365,1.612,2040.94,0.018434753635562455,0.18599999999999994,,0.025460330367608537,1.0,1.0,,1.0,0.2259107143142593,0.9403339281823941,,0.28185756147364016,3,,
2016-10-20,103.77181204711732,1.368,1.613,2040.6,0.018434753635562455,0.17199999999999993,,0.03216145222601007,1.0,1.0,,1.0,0.22616442620354238,0.8672895637368064,,0.3563676268636558,3,,
2016-10-21,103.7974740488234,1.382,1.626,2033.0,0.018434753635562455,0.15900000000000003,,0.033691329023828376,1.0,1.0,,1.0,0.22641785380769877,0.7989372505780005,,0.3737152274065615,3,,
2016-10-24,103.004451093575,1.393,1.612,2047.74,0.018434753635562455,0.1499999999999999,,0.028552043142402186,1.0,1.0,,1.0,0.22667099808018323,0.7506320649494631,,0.31689529878655626,3,,
2016-10-25,103.0419990933312,1.408,1.64,2037.17,0.018434753635562455,0.14200000000000013,,0.037794443318549024,1.0,1.0,,1.0,0.2269238599691331,0.707324789319834,,0.42006568646640546,3,,
2016-10-26,102.83738696463224,1.414,1.633,2013.89,0.018434753635562455,0.14200000000000013,,0.05242135113385437,1.0,1.0,,1.0,0.22717644041740956,0.7041780665483028,,0.5839401144966695,3,,
2016-10-27,103.26480080429695,1.41,1.669,2024.12,0.018434753635562455,0.15000000000000013,,0.035686519980335944,1.0,1.0,,1.0,0.22742874036263871,0.7411241681392314,,0.39801737682941896,3,,
2016-10-28,102.75033159572008,1.423,1.718,2019.42,0.018434753635562455,0.137,,0.04129552559573359,1.0,1.0,,1.0,0.22768076073725235,0.6738016881541631,,0.4613345832472672,3,,
2016-10-31,102.2675841823927,1.419,1.688,2008.19,0.018434753635562455,0.14100000000000001,,0.05238895004724822,1.0,1.0,,1.0,0.22793250246852773,0.6906349100904925,,0.5865610797780212,3,,
2016-11-01,102.22572927069302,1.428,1.73,2007.39,0.00383292481055575,0.1260000000000001,,0.045111254885867355,1.0,1.0,,1.0,0.04743930114856561,0.6139743181526939,,0.5060212975427179,3,,
2016-11-02,102.44722744110663,1.417,1.694,1978.94,0.00383292481055575,0.1359999999999999,,0.05897809588264753,1.0,1.0,,1.0,0.047487190314325994,0.6599256214110631,,0.6631471204192829,3,,
2016-11-03,101.74514400328512,1.419,1.679,1983.8,0.00383292481055575,0.14300000000000002,,0.05498875993639123,1.0,1.0,,1.0,0.04753503293073824,0.6914453863977795,,0.6196969981879493,3,,
2016-11-04,102.37270358472826,1.422,1.694,1982.02,0.00383292481055575,0.15100000000000002,,0.057018148547319535,1.0,1.0,,1.0,0.04758282912609732,0.7280491153695096,,0.6440578761198235,3,,
2016-11-07,102.16839484030018,1.421,1.707,1997.58,0.00383292481055575,0.15500000000000003,,0.051557300139688476,1.0,1.0,,1.0,0.047630579028162354,0.7454775994802701,,0.5836174098938024,3,,
2016-11-08,102.4288295209729,1.419,1.702,2003.38,0.00383292481055575,0.16300000000000003,,0.058303246489412326,1.0,1.0,,1.0,0.047678282764159176,0.7824673024099038,,0.6615173159074695,3,,
2016-11-09,102.77757213566944,1.398,1.671,1958.38,0.00383292481055575,0.19100000000000006,,0.08659249972152194,1.0,1.0,,1.0,0.047725940460782885,0.9166076039805493,,0.9843945535978245,3,,
2016-11-10,102.62765466644116,1.426,1.819,2002.6,0.00383292481055575,0.17000000000000015,,0.05014561055693051,1.0,1.0,,1.0,0.047773552244200386,0.8147064040160643,,0.5712272455739507,3,,
2016-11-11,102.43394597899773,1.452,1.938,1984.43,0.00383292481055575,0.15900000000000003,,0.049742460902603994,1.0,1.0,,1.0,0.04782111824005295,0.7604877017244217,,0.5677792759300055,3,,
2016-11-14,101.4729946760744,1.501,2.061,1974.4,0.00383292481055575,0.15100000000000002,,0.04525076510869169,1.0,1.0,,1.0,0.04786863857345876,0.7204895903479788,,0.5174371168233106,3,,
2016-11-15,101.22991261560604,1.498,2.043,1967.53,0.00383292481055575,0.1459999999999999,,0.033141776423629636,1.0,1.0,,1.0,0.04791611336901538,0.694790966944052,,0.37933826326197784,3,,
2016-11-16,101.42605075424208,1.52,2.084,1979.65,0.00383292481055575,0.1319999999999999,,0.02678118669438039,1.0,1.0,,1.0,0.047963542750802335,0.6259718466670671,,0.30665757228451274,3,,
2016-11-17,101.70564735315683,1.536,2.086,1980.55,0.00383292481055575,0.11299999999999999,,0.02564707322024997,1.0,1.0,,1.0,0.04801092684238362,0.5333190065255348,,0.29375998365660555,3,,
2016-11-18,101.3548071254317,1.563,2.132,1974.58,0.00383292481055575,0.08299999999999996,,0.015346483016962474,1.0,1.0,,1.0,0.048058265766810146,0.38897814456470153,,0.17563216315919764,3,,
2016-11-21,100.9367484066311,1.567,2.12,1966.05,0.00383292481055575,0.062000000000000055,,0.0012570099515823337,1.0,1.0,,1.0,0.048105559646622296,0.28805298811399227,,0.014346314021937605,3,,
2016-11-22,100.74963833471962,1.57,2.124,1983.47,0.00383292481055575,0.05999999999999983,,0.004321501697648564,1.0,1.0,,1.0,0.04815280860385238,0.27639293380740654,,0.0492129530076684,3,,
2016-11-23,101.44482290098075,1.588,2.139,1987.95,0.00383292481055575,0.039999999999999813,,-0.00045117450896572757,1.0,1.0,,-1.0,0.04820001276002713,0.18241573937516625,,-0.0051233322251613145,3,,
2016-11-24,101.819073031118,1.634,2.182,1971.26,0.00383292481055575,-0.011999999999999789,,0.015153817773779964,1.0,-1.0,,1.0,0.04824717223617014,-0.05390914651022499,,0.1719678641816639,3,,
2016-11-25,101.40917095875504,1.641,2.184,1974.46,0.00383292481055575,-0.0050000000000001155,,0.014569341256679493,1.0,-1.0,,1.0,0.04829428715280432,-0.022159766278646457,,0.16522174610649573,3,,
2016-11-28,101.58750259571592,1.618,2.153,1978.13,0.00383292481055575,0.019999999999999796,,0.02364351742422361,1.0,1.0,,1.0,0.04834135762995444,0.08771304797747999,,0.26820848871581715,3,,
2016-11-29,102.1463063898006,1.601,2.141,1978.39,0.00383292481055575,0.04200000000000004,,0.030015806447438786,1.0,1.0,,1.0,0.04838838378714942,0.18269962232610504,,0.3407934842864268,3,,
2016-11-30,102.28556294911228,1.596,2.144,1983.48,0.00383292481055575,0.04899999999999993,,0.021473245481284875,1.0,1.0,,1.0,0.048435365743424906,0.21159751463566978,,0.24383271826787445,3,,
2016-12-01,102.41825326353108,1.596,2.202,1983.75,0.0863693663064087,0.05799999999999983,,0.026341719472949308,1.0,1.0,,1.0,1.0,0.2488717621953624,,0.2992916183772411,3,,
2016-12-02,101.9855634925777,1.601,2.258,1970.61,0.0863693663064087,0.06699999999999995,,0.030234992805376067,1.0,1.0,,1.0,1.0,0.2859086669661512,,0.34384211042654383,3,,
2016-12-05,102.0609724937311,1.588,2.19,1963.36,0.0863693663064087,0.07599999999999985,,0.019026807561935186,1.0,1.0,,1.0,1.0,0.3227834407085359,,0.21636164711606193,3,,
2016-12-06,101.6266902333337,1.591,2.203,1989.86,0.0863693663064087,0.06299999999999994,,0.02273688134410225,1.0,1.0,,1.0,1.0,0.2661141282059127,,0.2586282177047312,3,,
2016-12-07,101.88677593443887,1.59,2.199,1991.89,0.0863693663064087,0.05799999999999983,,0.013257489084229732,1.0,1.0,,1.0,1.0,0.24361889793341288,,0.1507022728464838,3,,
2016-12-08,101.8866464398596,1.579,2.163,2031.07,0.0863693663064087,0.06099999999999994,,-0.010304971545302166,1.0,1.0,,-1.0,1.0,0.2548785601791722,,-0.11668564725138203,3,,
2016-12-09,102.89547008034474,1.586,2.207,2024.69,0.0863693663064087,0.05999999999999983,,-0.01763204769089505,1.0,1.0,,-1.0,1.0,0.24941189609578687,,-0.19865371783613617,3,,
2016-12-12,102.49128926134456,1.583,2.27,2027.24,0.0863693663064087,0.062000000000000055,,-0.029540090664968873,1.0,1.0,,-1.0,1.0,0.25647486823891713,,-0.33046958773388474,3,,
2016-12-13,102.0310218893803,1.557,2.202,2035.98,0.0863693663064087,0.08200000000000007,,-0.04140033179718874,1.0,1.0,,-1.0,1.0,0.3380190581138704,,-0.4588680672403948,3,,
2016-12-14,102.47906767625724,1.54,2.131,2036.87,0.0863693663064087,0.09999999999999987,,-0.03816791494909442,1.0,1.0,,-1.0,1.0,0.41121370460146256,,-0.41955558763989287,3,,
2016-12-15,102.5881092508374,1.569,2.196,2036.65,0.0863693663064087,0.06400000000000006,,-0.040815953172194594,1.0,1.0,,-1.0,1.0,0.2620274705772112,,-0.4448558198149026,3,,
2016-12-16,101.7562952356771,1.566,2.167,2042.24,0.0863693663064087,0.07399999999999984,,-0.040845814932131436,1.0,1.0,,-1.0,1.0,0.30186128029718184,,-0.44153318518702833,3,,
2016-12-19,101.49017914388922,1.568,2.168,2038.39,0.0863693663064087,0.06899999999999995,,-0.05153044974110202,1.0,1.0,,-1.0,1.0,0.2803858209932739,,-0.5514063165461957,3,,
2016-12-20,101.29682989866136,1.568,2.163,2041.94,0.0863693663064087,0.06999999999999984,,-0.05108265616436977,1.0,1.0,,-1.0,1.0,0.28340585474222846,,-0.5413537597438638,3,,
2016-12-21,100.91819369996462,1.563,2.11,2037.96,0.0863693663064087,0.08600000000000008,,-0.02558037969097679,1.0,1.0,,-1.0,1.0,0.3472394895366502,,-0.26982310687051736,3,,
2016-12-22,100.62169234582623,1.563,2.102,2035.73,0.0863693663064087,0.07499999999999996,,-0.02398846637866949,1.0,1.0,,-1.0,1.0,0.3018540820277295,,-0.25194491646721523,3,,
2016-12-23,100.33711800651676,1.578,2.114,2035.9,0.0863693663064087,0.04699999999999993,,-0.029887571023637136,1.0,1.0,,-1.0,1.0,0.18827546284342203,,-0.31230579016888893,3,,
2016-12-26,99.91405749779815,1.586,2.114,2037.75,0.0863693663064087,0.026000000000000023,,-0.02926858371921412,1.0,1.0,,-1.0,1.0,0.10354458750059556,,-0.304358478012654,3,,
2016-12-27,100.23687086832156,1.588,2.117,2042.17,0.0863693663064087,0.03299999999999992,,-0.02483272383893741,1.0,1.0,,-1.0,1.0,0.1307352629820605,,-0.25718962876740764,3,,
2016-12-28,99.81797739627676,1.574,2.084,2024.49,0.0863693663064087,0.04899999999999993,,-0.01016071249648018,1.0,1.0,,-1.0,1.0,0.19331745505261808,,-0.10502354789567396,3,,
2016-12-29,99.6447040673636,1.566,2.074,2026.46,0.0863693663064087,0.06299999999999994,,-0.01558920985685443,1.0,1.0,,-1.0,1.0,0.24773546999431617,,-0.16071511597099375,3,,
2016-12-30,99.5318855876958,1.566,2.074,,0.0863693663064087,0.06599999999999984,,,1.0,1.0,,,1.0,0.2587436307369048,,,2,,
2017-01-02,99.5390847979386,1.558,2.055,2026.16,-0.02502523240247485,0.06899999999999995,,-0.028783686190371752,-1.0,1.0,,-1.0,-0.30246744821514815,0.2697449611549648,,-0.2954606468224469,3,,
2017-01-03,99.71461157929576,1.536,2.061,2043.97,-0.02502523240247485,0.09299999999999997,,-0.04008137779864715,-1.0,1.0,,-1.0,-0.30243883695013846,0.3629706488316234,,-0.40899051261107194,3,,
2017-01-04,99.8463513614061,1.514,2.096,2045.64,-0.02502523240247485,0.11499999999999999,,,-1.0,1.0,,,-0.3024116795368984,0.448504681766616,,,2,,
2017-01-05,99.6356878220433,1.493,2.064,2041.95,-0.02502523240247485,0.11199999999999988,,-0.06422608957828156,-1.0,1.0,,-1.0,-0.3023859581466173,0.4364479949046027,,-0.6487767463746524,3,,
2017-01-06,100.21641489475132,1.502,2.077,2049.12,-0.02502523240247485,0.10000000000000009,0.010046230137483292,-0.061215856078674594,-1.0,1.0,1.0,-1.0,-0.3023616552264256,0.3892013721503978,,-0.6127347857743602,4,0.0,-0.1752983562834627
2017-01-09,100.38865732127007,1.51,2.132,2048.78,-0.02502523240247485,0.09099999999999997,0.012962490722847164,-0.06985517462545922,-1.0,1.0,1.0,-1.0,-0.30233875349408357,0.35361873247238046,,-0.6919235440000259,4,0.0,-0.21354785500724302
2017-01-10,99.21640963458223,1.5,2.104,2045.12,-0.02502523240247485,0.09800000000000009,0.0034164684541009294,-0.07844622680093448,-1.0,1.0,1.0,-1.0,-0.3023172359327927,0.3803475348754168,,-0.7679195469514083,4,0.0,-0.22996308266959473
2017-01-11,99.84347877891382,1.503,2.126,2075.17,-0.02502523240247485,0.1050000000000002,0.013467369914184069,-0.08447824425016862,-1.0,1.0,1.0,-1.0,-0.3022970857861267,0.4071330422971027,,-0.8166699872459665,4,0.0,-0.23727801024499684
2017-01-12,100.10879802957017,1.48,2.066,2087.14,-0.02502523240247485,0.1100000000000001,0.013506803882991747,-0.09994030552889548,-1.0,1.0,1.0,-1.0,-0.3022782865530793,0.42621098764729176,,-0.9515074286995225,4,0.0,-0.2758582425351033
2017-01-13,101.03661043965172,1.49,2.096,2076.79,-0.02502523240247485,0.09800000000000009,0.03251367903061908,-0.098591680382453,-1.0,1.0,1.0,-1.0,-0.30226082198322474,0.37928343975637213,,-0.9253545858137965,4,0.0,-0.2827773226802164
2017-01-16,101.33077451547474,1.49,2.119,2064.17,-0.02502523240247485,0.09699999999999998,0.038522556975536304,-0.08186240191000632,-1.0,1.0,1.0,-1.0,-0.3022446760719884,0.37498538130851716,,-0.7603640423077187,4,0.0,-0.22920777902373
2017-01-17,101.16557663619842,1.48,2.102,2071.87,-0.02502523240247485,0.1100000000000001,0.036758522434044316,-0.09211243179973774,-1.0,1.0,1.0,-1.0,-0.30222983305602535,0.42497055696106767,,-0.8454253016380977,4,0.0,-0.2408948592443518
2017-01-18,100.726578735203,1.481,2.123,2070.54,-0.02502523240247485,0.10999999999999988,0.035712896752132295,-0.10505891052115643,-1.0,1.0,1.0,-1.0,-0.3022162774087025,0.4247109828769687,,-0.9509007381072777,4,0.0,-0.27613534421300384
2017-01-19,102.23334687743674,1.489,2.169,2072.79,-0.02502523240247485,0.10199999999999987,0.04687537330055047,-0.10884855716598565,-1.0,1.0,1.0,-1.0,-0.3022039938356833,0.39348247932823316,,-0.9714256875781437,4,0.0,-0.29338240069519794
2017-01-20,101.3174737613586,1.479,2.129,2065.61,-0.02502523240247485,0.11099999999999999,0.040230554442425515,-0.09415924756870651,-1.0,1.0,1.0,-1.0,-0.30219296727061024,0.4279764430848769,,-0.8313082833698552,4,0.0,-0.2351749358518628
2017-01-23,101.58882070179229,1.474,2.125,2065.99,-0.02502523240247485,0.10400000000000009,0.04013296177135928,-0.12272638022252685,-1.0,1.0,1.0,-1.0,-0.30218318287088514,0.40069039040090343,,-1.0,4,0.0,-0.3004975974899939
2017-01-24,101.77601259275896,1.47,2.102,2065.76,-0.02502523240247485,0.10699999999999998,0.042179288215400845,-0.1240046238216744,-1.0,1.0,1.0,-1.0,-0.30217462601354206,0.41199697843509153,,-1.0,4,0.0,-0.2967258825261502
2017-01-25,102.13065624633724,1.483,2.133,2066.94,-0.02502523240247485,0.09899999999999998,0.04391237883291943,-0.10278071332146098,-1.0,1.0,1.0,-1.0,-0.3021672822912127,0.3808654517953103,,-0.8704132877012917,4,0.0,-0.2639050393990647
2017-01-26,101.84011654891351,1.501,2.193,2083.59,-0.02502523240247485,0.08000000000000007,0.037259837623516034,-0.10954236839205571,-1.0,1.0,1.0,-1.0,-0.3021611375081799,0.3072982951979262,,-0.9170856553926268,4,0.0,-0.3039828325676268
2017-01-31,102.5907793682705,1.494,2.155,2067.57,-0.02502523240247485,0.07499999999999996,0.036537509911084065,-0.11273223860627157,-1.0,1.0,1.0,-1.0,-0.30215617767651864,0.2876062320551696,,-0.9329381026112953,4,0.0,-0.3158293494108814
2017-02-01,101.9120159943486,1.492,2.173,2080.48,-0.019996110023702447,0.08200000000000007,0.03653421543080526,-0.10466643162958408,-1.0,1.0,1.0,-1.0,-0.2414849273675785,0.31401785167911717,,-0.8576951155475456,4,0.0,-0.26172073041200233
2017-02-02,102.7465467509463,1.479,2.155,2071.01,-0.019996110023702447,0.10299999999999998,0.04447417353940786,-0.0934965478946427,-1.0,1.0,1.0,-1.0,-0.2415361493313243,0.3942012552428578,,-0.7601374927758762,4,0.0,-0.20249079562144756
2017-02-03,103.09650065061057,1.478,2.184,2073.16,-0.019996110023702447,0.07200000000000006,0.05577343391214562,-0.09729281841203988,-1.0,1.0,1.0,-1.0,-0.24158790813867728,0.27509355066536695,,-0.7845691618207324,4,0.0,-0.2503545064313476
2017-02-06,103.204600702476,1.469,2.156,2077.66,-0.019996110023702447,0.04899999999999993,0.05457256277059219,-0.09512980355147954,-1.0,1.0,1.0,-1.0,-0.24164019783484303,0.1867318202787516,,-0.7613113163447573,4,0.0,-0.27207323130028294
2017-02-07,103.96208013140522,1.452,2.134,2075.21,-0.019996110023702447,0.05800000000000005,0.06214785930445643,-0.10246406910623605,-1.0,1.0,1.0,-1.0,-0.24169301254300596,0.2205553941088877,,-0.8131822278898841,4,0.0,-0.27810661544133414
2017-02-08,103.77480831435192,1.455,2.13,2065.08,-0.019996110023702447,0.03499999999999992,0.05680727679534492,-0.10943770297597644,-1.0,1.0,1.0,-1.0,-0.2417463464630788,0.13268364959564066,,-0.8607066460700505,4,0.0,-0.32325644764582956
2017-02-09,103.52406432738404,1.458,2.122,2065.88,-0.019996110023702447,0.03100000000000014,0.06893149821200062,-0.09598091604185083,-1.0,1.0,1.0,-1.0,-0.2418001938704759,0.1171454397442418,,-0.7496259921322149,4,0.0,-0.291426915419483
2017-02-10,103.6209688423827,1.465,2.151,2075.08,-0.019996110023702447,0.03200000000000003,0.061751386091978944,-0.10034622574054654,-1.0,1.0,1.0,-1.0,-0.24185454911491047,0.12055413886629572,,-0.7780128460555434,4,0.0,-0.29977108543471936
2017-02-13,103.18410644553452,1.463,2.15,2078.65,-0.019996110023702447,-0.01200000000000001,0.053710723821145834,-0.14103454238800187,-1.0,-1.0,1.0,-1.0,-0.24190940661921395,-0.044976212217989545,,-1.0,4,-0.5,-0.4289618729457345
2017-02-14,103.21793589869743,1.459,2.135,2074.57,-0.019996110023702447,0.004999999999999893,0.056534503826665805,-0.14935684487017858,-1.0,1.0,1.0,-1.0,-0.24196476087817873,0.018662709367089372,,-1.0,4,0.0,-0.40776735050369645
2017-02-15,103.72710568224367,1.462,2.153,2083.86,-0.019996110023702447,0.014000000000000012,0.06905900279506216,-0.13870335865937242,-1.0,1.0,1.0,-1.0,-0.24202060645742193,0.05206748299840379,,-1.0,4,0.0,-0.39665104115300603
2017-02-16,104.0195191804688,1.459,2.144,2081.84,-0.019996110023702447,-0.03200000000000003,0.07581598357613473,-0.1266151646508547,-1.0,-1.0,1.0,-1.0,-0.2420769379922712,-0.11832021098974331,,-0.9364157787472637,4,-0.5,-0.4322709759097594
2017-02-17,104.14879222875182,1.457,2.135,2080.58,-0.019996110023702447,-0.025000000000000133,0.08109920326874942,-0.1273613724834276,-1.0,-1.0,1.0,-1.0,-0.242133750186671,-0.09194974604378028,,-0.9333677905774556,4,-0.5,-0.4224837622693023
2017-02-20,103.66602329774337,1.465,2.184,2084.39,-0.019996110023702447,-0.02200000000000002,0.08363417225595704,-0.11830051878162473,-1.0,-1.0,1.0,-1.0,-0.24219103781210993,-0.08051247491045277,,-0.8603012901317937,4,-0.5,-0.39433493428478544
2017-02-21,103.4379065168798,1.465,2.202,2102.93,-0.019996110023702447,-0.008000000000000007,0.08271464043406418,-0.12400667771985854,-1.0,-1.0,1.0,-1.0,-0.24224879570656738,-0.029155043205072874,,-0.894469736088173,4,-0.5,-0.38862452499993777
2017-02-22,103.61383592153248,1.472,2.246,2106.61,-0.019996110023702447,-0.0040000000000000036,0.09153064948089007,-0.12793246705491737,-1.0,-1.0,1.0,-1.0,-0.24230701877348046,-0.014520890204949432,,-0.9150930086841039,4,-0.5,-0.39064030588751125
2017-02-23,104.03844565215688,1.468,2.206,2107.63,-0.019996110023702447,0.0020000000000000018,0.09556875943423027,-0.12625386449761386,-1.0,1.0,1.0,-1.0,-0.24236570198072985,0.007234880398345021,,-0.8959725704640097,4,0.0,-0.3770344640154648
2017-02-24,104.10456974924011,1.463,2.175,2094.12,-0.019996110023702447,0.0020000000000000018,0.09271774772919095,-0.11958644452660747,-1.0,1.0,1.0,-1.0,-0.24242484035964426,0.007210026767482685,,-0.8428099051624016,4,0.0,-0.3593415729181877
2017-02-27,104.82798933971692,1.463,2.172,2085.52,-0.019996110023702447,0.0020000000000000018,0.10347656529469518,-0.11303810775733386,-1.0,1.0,1.0,-1.0,-0.2424844290040235,0.007185858616436208,,-0.791879042540241,4,0.0,-0.3423925376426094
2017-02-28,104.76912217629844,1.462,2.162,2091.64,-0.019996110023702447,0.001000000000000112,0.10403108772514003,-0.11625993136349014,-1.0,1.0,1.0,-1.0,-0.2425444630691794,0.0035810236786403635,,-0.8094296680244879,4,0.0,-0.34946436913834233
2017-03-02,104.89158087498728,1.48,2.224,2102.65,-0.09012969474900996,-0.016999999999999904,0.10248186401254777,-0.12765436608442432,-1.0,-1.0,1.0,-1.0,-1.0,-0.06063295535473228,,-0.8823738171921132,4,-0.5,-0.6476689241822818
2017-03-03,104.28424392153948,1.48,2.231,2078.75,-0.09012969474900996,-0.010999999999999899,0.1033253073154361,-0.09758133191149074,-1.0,-1.0,1.0,-1.0,-1.0,-0.039089735376517123,,-0.671761875229075,4,-0.5,-0.5702838702018641
2017-03-06,103.21539716024066,1.493,2.264,2081.36,-0.09012969474900996,-0.0030000000000001137,0.08768770520689095,-0.09253116257434121,-1.0,-1.0,1.0,-1.0,-1.0,-0.010626406018908068,,-0.6347430883646014,4,-0.5,-0.5484564981278365
2017-03-07,102.96665036658828,1.513,2.31,2094.05,-0.09012969474900996,-0.015999999999999792,0.07593085559537993,-0.10262759774408667,-1.0,-1.0,1.0,-1.0,-1.0,-0.05646461817533446,,-0.7009695863597141,4,-0.5,-0.5858114015116829
2017-03-08,103.38754475595572,1.512,2.302,2095.41,-0.09012969474900996,-0.02299999999999991,0.07468334997463177,-0.10269209065959589,-1.0,-1.0,1.0,-1.0,-1.0,-0.08085061267007806,,-0.6984598082257734,4,-0.5,-0.5931034736319505
2017-03-09,104.00436934678754,1.516,2.318,2091.06,-0.09012969474900996,-0.03200000000000003,0.07507545957841444,-0.1096734676230521,-1.0,-1.0,1.0,-1.0,-1.0,-0.1120146219313996,,-0.7424277823802478,4,-0.5,-0.6181474681038824
2017-03-10,103.36378229281804,1.508,2.318,2097.35,-0.09012969474900996,-0.03699999999999992,0.07182181283778366,-0.10877359316689347,-1.0,-1.0,1.0,-1.0,-1.0,-0.12895690963891004,,-0.7330117305874427,4,-0.5,-0.6206562134087843
2017-03-13,102.90520656637578,1.499,2.301,2117.59,-0.09012969474900996,-0.013000000000000123,0.07554445230798112,-0.10762526621302687,-1.0,-1.0,1.0,-1.0,-1.0,-0.045163659025169986,,-0.7221522561287946,4,-0.5,-0.5891053050513215
2017-03-14,103.75914744369416,1.492,2.29,2133.78,-0.09012969474900996,0.03499999999999992,0.07996977937869154,-0.10858603200801108,-1.0,1.0,1.0,-1.0,-1.0,0.1214212815058238,,-0.7254815407970857,4,0.0,-0.5346867530970872
2017-03-15,103.87247967694675,1.494,2.272,2133.0,-0.09012969474900996,0.030000000000000027,0.07684274479584996,-0.10690427584532475,-1.0,1.0,1.0,-1.0,-1.0,0.10391411988725001,,-0.7113644200320486,4,0.0,-0.5358167667149328
2017-03-16,103.52234408196944,1.477,2.176,2150.08,-0.09012969474900996,0.053999999999999826,0.060962975907634664,-0.10900673654210039,-1.0,1.0,1.0,-1.0,-1.0,0.18689778766768145,,-0.7223743868363476,4,0.0,-0.5118255330562221
2017-03-17,104.66573355591602,1.476,2.179,2164.58,-0.09012969474900996,0.06299999999999994,0.07219163941239248,-0.11306858309404916,-1.0,1.0,1.0,-1.0,-1.0,0.21793391793015168,,-0.7460362013770857,4,0.0,-0.5093674278156447
2017-03-20,104.64870753342863,1.477,2.185,2157.01,-0.09012969474900996,0.04599999999999982,0.07694413149259294,-0.10743892542424174,-1.0,1.0,1.0,-1.0,-1.0,0.1589715113628094,,-0.7062094982188571,4,0.0,-0.5157459956186826
2017-03-21,105.25109464718965,1.475,2.186,2178.38,-0.09012969474900996,0.041999999999999815,0.0727320304247403,-0.11746208297310712,-1.0,1.0,1.0,-1.0,-1.0,0.14499351635341057,,-0.7686142898925784,4,0.0,-0.5412069245130559
2017-03-22,105.90642889105008,1.472,2.153,2168.3,-0.09012969474900996,0.04600000000000004,0.0683506029298746,-0.11192942193983788,-1.0,1.0,1.0,-1.0,-1.0,0.15865619502070677,,-0.7295205872366742,4,0.0,-0.5236214640719892
2017-03-23,105.2043358458253,1.476,2.151,2172.72,-0.09012969474900996,0.05499999999999994,0.06370229673686723,-0.1087489316599056,-1.0,1.0,1.0,-1.0,-1.0,0.1895748086840747,,-0.7062348598177678,4,0.0,-0.5055533503778977
2017-03-24,105.5999034126734,1.482,2.175,2168.95,-0.09012969474900996,0.04899999999999993,0.06226004805215357,-0.10817898057248797,-1.0,1.0,1.0,-1.0,-1.0,0.1687604564785749,,-0.7000890176478185,4,0.0,-0.5104428537230812
2017-03-27,105.21285371191688,1.468,2.15,2155.66,-0.09012969474900996,0.05499999999999994,0.05484684441014309,-0.10614948139876537,-1.0,1.0,1.0,-1.0,-1.0,0.18931019772326557,,-0.6847227276917565,4,0.0,-0.49847084332283026
2017-03-28,105.8822263051896,1.472,2.161,2163.31,-0.09012969474900996,0.04600000000000004,0.06708197706644725,-0.11270021801759679,-1.0,1.0,1.0,-1.0,-1.0,0.15820083726702716,,-0.7243178146729927,4,0.0,-0.5220389924686551
2017-03-29,106.1829094185569,1.47,2.159,2166.98,-0.09012969474900996,0.04499999999999993,0.0709873968847905,-0.11495564229421103,-1.0,1.0,1.0,-1.0,-1.0,0.15463260073958418,,-0.7360464121984145,4,0.0,-0.5271379371529434
2017-03-30,106.0437371076712,1.47,2.184,2164.64,-0.09012969474900996,0.020000000000000018,0.07103443995039083,-0.11253512933065334,-1.0,1.0,1.0,-1.0,-0.997943088469658,0.06861957997148382,,-0.7180417404700056,4,0.0,-0.5491217496560599
2017-03-31,105.936051613337,1.467,2.177,2160.23,-0.09012969474900996,0.018000000000000016,0.06680061990976682,-0.10767808899083894,-1.0,1.0,1.0,-1.0,-0.9943428123242398,0.06166069470308724,,-0.6849537668651153,4,0.0,-0.5392119614954226
2017-04-03,105.62293680285111,1.462,2.177,2167.51,-0.11148400953850765,0.02300000000000013,0.05855534641654181,-0.11322901850732185,-1.0,1.0,1.0,-1.0,-1.0,0.07867981428676321,,-0.7178321057679958,4,0.0,-0.5463840971604109
2017-04-04,106.08682204710092,1.453,2.139,2161.1,-0.11148400953850765,0.030000000000000027,0.05658836608419371,-0.11821326585792631,-1.0,1.0,1.0,-1.0,-1.0,0.10250839430379594,,-0.7466870376639628,4,0.0,-0.5480595477867224
2017-04-05,105.66385173820336,1.455,2.141,2160.85,-0.11148400953850765,0.018000000000000016,0.0564863990436546,-0.11792515547225843,-1.0,1.0,1.0,-1.0,-1.0,0.06141462324216795,,-0.7422184005612807,4,0.0,-0.5602679257730375
2017-04-06,105.17538962401883,1.466,2.182,2152.75,-0.11148400953850765,0.01200000000000001,0.05040889043990582,-0.12400463840325841,-1.0,1.0,1.0,-1.0,-1.0,0.04087677342074623,,-0.7774235527565415,4,0.0,-0.5788489264452651
2017-04-07,104.61871904176088,1.469,2.193,2151.73,-0.11148400953850765,0.008999999999999897,0.050067115501183146,-0.12004880061663709,-1.0,1.0,1.0,-1.0,-1.0,0.03060619630591452,,-0.7499573177272518,4,0.0,-0.5731170404737791
2017-04-10,104.4148661948346,1.486,2.253,2133.32,-0.11148400953850765,-0.0029999999999998916,0.04971990423727135,-0.11383323663678473,-1.0,-1.0,1.0,-1.0,-1.0,-0.010181473003566296,,-0.7089715036721126,4,-0.5,-0.5730509922252263
2017-04-11,103.75583395204664,1.468,2.204,2123.85,-0.11148400953850765,0.013000000000000123,0.041606196629184744,-0.10695686858836691,-1.0,1.0,1.0,-1.0,-1.0,0.044054467517969965,,-0.6644671582504811,4,0.0,-0.5401375635775038
2017-04-12,103.29658245112468,1.462,2.205,2128.91,-0.11148400953850765,0.020000000000000018,0.040572245317481936,-0.11026876927669302,-1.0,1.0,1.0,-1.0,-1.0,0.06769190233089795,,-0.6832105045822343,4,0.0,-0.5385062007504454
2017-04-13,103.13642641523404,1.457,2.172,2148.61,-0.11148400953850765,0.026000000000000023,0.03451658628522747,-0.11153783218329778,-1.0,1.0,1.0,-1.0,-1.0,0.08790740302403154,,-0.6892094637713132,4,0.0,-0.5337673535824272
2017-04-14,104.28141648222432,1.458,2.185,2134.88,-0.11148400953850765,0.04899999999999993,0.04049071499750134,-0.08460981162790374,-1.0,1.0,1.0,-1.0,-1.0,0.1656001580167011,,-0.522242159243894,4,0.0,-0.4522140004090643
2017-04-17,103.63217136434602,1.46,2.173,2145.78,-0.11148400953850765,0.04600000000000004,0.04051459902750576,-0.08966785819838785,-1.0,1.0,1.0,-1.0,-1.0,0.15538550377949192,,-0.5527237228551127,4,0.0,-0.46577940635854026
2017-04-18,103.81279054141348,1.463,2.174,2148.46,-0.11148400953850765,0.051999999999999824,0.03966998277887246,-0.09338444581741077,-1.0,1.0,1.0,-1.0,-1.0,0.1755952644138816,,-0.5747687091165363,4,0.0,-0.46639114823421823
2017-04-19,103.59791545458434,1.46,2.144,2138.4,-0.11148400953850765,0.05499999999999994,0.039077194940732696,-0.08572677565818804,-1.0,1.0,1.0,-1.0,-1.0,0.18567987683081763,,-0.5270709135350908,4,0.0,-0.44713034556809106
2017-04-20,103.5696128541719,1.465,2.144,2149.15,-0.11148400953850765,0.03599999999999981,0.03175937785616867,-0.09621447494549906,-1.0,1.0,1.0,-1.0,-1.0,0.12145241013428078,,-0.5906101079035437,4,0.0,-0.4897192325897543
2017-04-21,103.44825500357338,1.475,2.165,2165.04,-0.11148400953850765,0.03499999999999992,0.02318894501302271,-0.09550226167480902,-1.0,1.0,1.0,-1.0,-1.0,0.11799688625891867,,-0.5853473440738765,4,0.0,-0.48911681927165257
2017-04-24,103.78689040348226,1.486,2.205,2173.74,-0.11148400953850765,0.02299999999999991,0.026769463059507892,-0.10574684431597661,-1.0,1.0,1.0,-1.0,-1.0,0.07746457487249651,,-0.6468063091261347,4,0.0,-0.5231139114178794
2017-04-25,104.17817264120104,1.477,2.194,2196.85,-0.11148400953850765,0.02200000000000002,0.0340586722226881,-0.11566867075543179,-1.0,1.0,1.0,-1.0,-1.0,0.07402347802581691,,-0.7056537432000878,4,0.0,-0.5438767550580903
2017-04-26,104.36853973690994,1.478,2.207,2207.84,-0.11148400953850765,0.014000000000000012,0.04251100169484623,-0.12038033570218976,-1.0,1.0,1.0,-1.0,-1.0,0.0470503835183575,,-0.7323137061974849,4,0.0,-0.5617544408930425
2017-04-27,104.96584021779518,1.472,2.196,2209.46,-0.11148400953850765,0.020000000000000018,0.04976651838196844,-0.12273045491726173,-1.0,1.0,1.0,-1.0,-1.0,0.06714825314701003,,-0.7444259123372008,4,0.0,-0.5590925530633969
2017-04-28,104.60280190559072,1.47,2.196,2205.44,-0.11148400953850765,0.017000000000000126,0.043028216688918874,-0.12891496299636968,-1.0,1.0,1.0,-1.0,-1.0,0.057016297573016135,,-0.7793897267070438,4,0.0,-0.5741244763780092
2017-05-02,104.24641322794548,1.469,2.236,2219.67,-0.08589458381981085,0.016999999999999904,0.040371107465760225,-0.14250064179886585,-1.0,1.0,1.0,-1.0,-0.859499407702435,0.05695801531194881,,-0.8579889807772172,4,0.0,-0.5535101243892345
2017-05-04,104.5626058060866,1.463,2.211,2241.24,-0.08589458381981085,0.028000000000000025,0.040597970994944,-0.15718721963018875,-1.0,1.0,1.0,-1.0,-0.857699519193742,0.09374570258667315,,-0.9416116258309452,4,0.0,-0.5685218141460047
2017-05-08,104.44820278626965,1.466,2.242,2292.76,-0.08589458381981085,0.009000000000000119,0.042274613881898127,-0.17918734259000169,-1.0,1.0,1.0,-1.0,-0.8559256858467627,0.030096709289536092,,-1.0,4,0.0,-0.6086096588524089
2017-05-10,104.7249433301281,1.476,2.299,2270.12,-0.08589458381981085,-0.0129999999999999,0.03865085380412925,-0.1804788470026507,-1.0,-1.0,1.0,-1.0,-0.8541773969152845,-0.04339547700827344,,-1.0,4,-0.5,-0.6325242913078526
2017-05-11,104.5283452185788,1.471,2.306,2296.37,-0.08589458381981085,-0.025000000000000133,0.04738557514274078,-0.19752836604599186,-1.0,-1.0,1.0,-1.0,-0.8524541552271131,-0.0832768282360209,,-1.0,4,-0.5,-0.645243661154378
2017-05-12,104.79801314470193,1.462,2.289,2286.02,-0.08589458381981085,-0.020999999999999908,0.05697369158058141,-0.18413363971386826,-1.0,-1.0,1.0,-1.0,-0.8507554767273108,-0.06981649183091818,,-1.0,4,-0.5,-0.6401906561860763
2017-05-15,104.9662296727484,1.461,2.301,2290.65,-0.08589458381981085,-0.019000000000000128,0.0658703022132121,-0.18856827160355105,-1.0,-1.0,1.0,-1.0,-0.8490808900400173,-0.0630506973845086,,-1.0,4,-0.5,-0.6373771958081753
2017-05-16,104.98202934537832,1.463,2.301,2295.33,-0.08589458381981085,-0.017000000000000126,0.062351781019170716,-0.1920082602683958,-1.0,-1.0,1.0,-1.0,-0.8474299360479662,-0.05631504481503759,,-1.0,4,-0.5,-0.6345816602876679
2017-05-17,105.49609141326395,1.455,2.249,2293.08,-0.08589458381981085,0.0020000000000000018,0.06334649369975587,-0.1918714365492315,-1.0,1.0,1.0,-1.0,-0.8458021674888607,0.00661740649486186,,-1.0,4,0.0,-0.6130615869979996
2017-05-18,105.32014981713628,1.455,2.248,2286.82,-0.08589458381981085,0.010000000000000009,0.06373626397307142,-0.1881101403381396,-1.0,1.0,1.0,-1.0,-0.8441971485678174,0.03305524117746782,,-1.0,4,0.0,-0.6037139691301165
2017-05-19,104.91669815192836,1.453,2.238,2288.48,-0.08589458381981085,0.02400000000000002,0.06776571755125271,-0.18659955575425724,-1.0,1.0,1.0,-1.0,-0.8426144545851286,0.07928476266720177,,-1.0,4,0.0,-0.5877765639726423
2017-05-22,104.50254604735647,1.461,2.272,2304.03,-0.08589458381981085,0.028999999999999915,0.060123397492597874,-0.2010650509614012,-1.0,1.0,1.0,-1.0,-0.8410536715786341,0.0957571052725829,,-1.0,4,0.0,-0.581765522102017
2017-05-23,105.4163266663454,1.461,2.249,2311.74,-0.08589458381981085,0.04699999999999993,0.0722545368301386,-0.20542376208355434,-1.0,1.0,1.0,-1.0,-0.8395143959800312,0.15518019916922995,,-1.0,4,0.0,-0.561444732270267
2017-05-24,105.18640608278862,1.469,2.269,2317.34,-0.08589458381981085,0.02499999999999991,0.07671687758752821,-0.21106618980848516,-1.0,1.0,1.0,-1.0,-0.8379962342844858,0.08249842038327122,,-1.0,4,0.0,-0.5851659379670715
2017-05-25,104.5584289172942,1.468,2.246,2342.93,-0.08589458381981085,0.026000000000000023,0.06899218340065705,-0.21656422035271278,-1.0,1.0,1.0,-1.0,-0.8364988027329431,0.0857556046559681,,-1.0,4,0.0,-0.5835810660256583
2017-05-26,105.32151479659235,1.468,2.237,2355.3,-0.08589458381981085,0.019000000000000128,0.07215101537932966,-0.23277672673424882,-1.0,1.0,1.0,-1.0,-0.8350217270065649,0.06262735392345578,,-1.0,4,0.0,-0.5907981243610364
2017-05-29,105.04843313418586,1.467,2.245,2352.97,-0.08589458381981085,0.030999999999999917,0.07313733205973172,-0.2192737165058421,-1.0,1.0,1.0,-1.0,-0.8335646419327509,0.10214471542898661,,-1.0,4,0.0,-0.5771399755012547
2017-05-30,104.90286189025689,1.462,2.223,2343.68,-0.08589458381981085,0.037000000000000144,0.07024114255351943,-0.21491899650774068,-1.0,1.0,1.0,-1.0,-0.8321271912022329,0.12188760763259317,,-1.0,4,0.0,-0.57007986118988
2017-05-31,104.59431995512254,1.465,2.23,2347.38,-0.08589458381981085,0.03299999999999992,0.0643141508675118,-0.21184767841001786,-1.0,1.0,1.0,-1.0,-0.8307090270967471,0.1086786858653555,,-1.0,4,0.0,-0.5740101137437972
2017-06-01,104.6383148648612,1.46,2.212,2344.61,-0.0604728556100728,0.05400000000000005,0.06150292220613718,-0.20746344905016706,-1.0,1.0,1.0,-1.0,-0.5845790931057371,0.17786028187363626,,-1.0,4,0.0,-0.46890627041070027
2017-06-02,104.50788461510004,1.457,2.209,2371.72,-0.0604728556100728,0.053999999999999826,0.06824896748940112,-0.21064288655301158,-1.0,1.0,1.0,-1.0,-0.5843131525529098,0.17788393077634718,,-1.0,4,0.0,-0.46880974059218755
2017-06-05,104.53964035004884,1.454,2.177,2368.62,-0.0604728556100728,0.009000000000000119,0.06830687192240248,-0.21143786770981893,-1.0,1.0,1.0,-1.0,-0.5840509660716434,0.029623874787349565,,-1.0,4,0.0,-0.5181423637614313
2017-06-07,104.59570246291456,1.452,2.16,2360.14,-0.0604728556100728,0.015000000000000124,0.07045286389424188,-0.20480661109104115,-1.0,1.0,1.0,-1.0,-0.5837924897578269,0.049341766691473596,,-1.0,4,0.0,-0.5114835743554511
2017-06-08,104.25158455159938,1.452,2.173,2363.57,-0.0604728556100728,0.001000000000000112,0.06569144367817614,-0.20893118947597272,-1.0,1.0,1.0,-1.0,-0.5835376803796077,0.003286345135137051,,-1.0,4,0.0,-0.5267504450814903
2017-06-09,104.02839061082588,1.45,2.173,2381.69,-0.0604728556100728,-0.014000000000000012,0.06555950775058861,-0.20550498102045345,-1.0,-1.0,1.0,-1.0,-0.583286495364463,-0.045949218348075714,,-1.0,4,-0.5,-0.5430785712375129
2017-06-12,104.4787200447851,1.468,2.222,2357.87,-0.0604728556100728,-0.05400000000000005,0.052769636191171365,-0.1931623352440887,-1.0,-1.0,1.0,-1.0,-0.5830388927865711,-0.17681010364672112,,-0.9900802240498789,4,-0.5,-0.5833097401610571
2017-06-13,104.05339928261256,1.455,2.177,2374.7,-0.0604728556100728,-0.10299999999999998,0.04451978074390084,-0.2010713737256768,-1.0,-1.0,1.0,-1.0,-0.5827948313544754,-0.3359184350534246,,-1.0,4,-0.5,-0.6395710888026334
2017-06-14,103.7564427681134,1.459,2.17,2372.64,-0.0604728556100728,-0.1180000000000001,0.03980982438260039,-0.20351970397518068,-1.0,-1.0,1.0,-1.0,-0.5825542703990324,-0.3831441731400556,,-1.0,4,-0.5,-0.6552328145130294
2017-06-15,103.91167517366856,1.454,2.123,2361.65,-0.0604728556100728,-0.123,0.04483331474628027,-0.2173785427831778,-1.0,-1.0,1.0,-1.0,-0.5823171698616346,-0.39758532429879506,,-1.0,4,-0.5,-0.6599674980534765
2017-06-16,104.35882928888454,1.459,2.153,2361.83,-0.0604728556100728,-0.11299999999999999,0.056424310412583445,-0.22181327323420627,-1.0,-1.0,1.0,-1.0,-0.5820834902827046,-0.36378711863860996,,-1.0,4,-0.5,-0.6486235363071048
2017-06-19,103.57120188284694,1.457,2.158,2370.9,-0.0604728556100728,-0.1080000000000001,0.04749637732775369,-0.22871017221003748,-1.0,-1.0,1.0,-1.0,-0.5818531927904486,-0.34637640174640316,,-1.0,4,-0.5,-0.6427431981789505
2017-06-20,103.81919867778082,1.458,2.142,2369.23,-0.0604728556100728,-0.11599999999999988,0.05385586823399535,-0.2387556428156559,-1.0,-1.0,1.0,-1.0,-0.5816262390898669,-0.3705548186025851,,-1.0,4,-0.5,-0.6507270192308173
2017-06-21,103.50696009200308,1.463,2.138,2357.53,-0.0604728556100728,-0.10699999999999998,0.04678104603128297,-0.23140301675791455,-1.0,-1.0,1.0,-1.0,-0.5814025914520102,-0.3405779235459824,,-1.0,4,-0.5,-0.6406601716659975
2017-06-22,103.03271565684392,1.468,2.135,2370.37,-0.0604728556100728,-0.09499999999999997,0.044038121088961546,-0.2189037197565997,-1.0,-1.0,1.0,-1.0,-0.5811822127034798,-0.30143551940682056,,-1.0,4,-0.5,-0.6275392440367668
2017-06-23,103.13591326176964,1.467,2.129,2378.6,-0.0604728556100728,-0.09899999999999998,0.04041915523404516,-0.2230925271486275,-1.0,-1.0,1.0,-1.0,-0.58096506621616,-0.3131237566335339,,-1.0,4,-0.5,-0.631362940949898
2017-06-26,103.1459972517373,1.468,2.124,2388.66,-0.0604728556100728,-0.08899999999999997,0.03550037994924349,-0.22018225781262069,-1.0,-1.0,1.0,-1.0,-0.5807511158971819,-0.28069963592188807,,-1.0,4,-0.5,-0.6204835839396899
2017-06-27,103.61647079636538,1.466,2.118,2391.95,-0.0604728556100728,-0.09499999999999997,0.03907012480467742,-0.2249089286080752,-1.0,-1.0,1.0,-1.0,-0.5805403261791091,-0.29873845071053773,,-1.0,4,-0.5,-0.6264262589632156
2017-06-28,103.5208204752612,1.474,2.178,2382.56,-0.0604728556100728,-0.18199999999999994,0.035590267301012446,-0.2673649045666568,-1.0,-1.0,1.0,-1.0,-0.5803326620103403,-0.5689371118583519,,-1.0,4,-0.5,-0.7164232579562307
2017-06-29,102.74626521745208,1.474,2.184,2395.66,-0.0604728556100728,-0.19500000000000006,0.03347572678507582,-0.27377222181354005,-1.0,-1.0,1.0,-1.0,-0.5801280888457236,-0.6057474830089561,,-1.0,4,-0.5,-0.7286251906182266
2017-06-30,102.87817731321704,1.473,2.214,2391.79,-0.0604728556100728,-0.18700000000000006,0.046686870238627165,-0.26954442083034585,-1.0,-1.0,1.0,-1.0,-0.5799265726373776,-0.5775163257484224,,-1.0,4,-0.5,-0.7191476327952667
2017-07-03,102.39838291931387,1.474,2.235,2394.48,-0.13984375921537134,-0.19100000000000006,0.037590155552097215,-0.2641604845337984,-1.0,-1.0,1.0,-1.0,-1.0,-0.5864283207393637,,-1.0,4,-0.5,-0.8621427735797879
2017-07-04,102.49715616595194,1.478,2.272,2380.52,-0.13984375921537134,-0.18700000000000006,0.030601719395271232,-0.2533477592694827,-1.0,-1.0,1.0,-1.0,-1.0,-0.5709611857662412,0.7542482243166854,-1.0,4,-0.5,-0.45417824036238896
2017-07-05,102.25796047964384,1.478,2.277,2388.35,-0.13984375921537134,-0.20599999999999996,0.01834429850519026,-0.25325575354747604,-1.0,-1.0,1.0,-1.0,-1.0,-0.6251168087764862,0.4477826804410082,-1.0,4,-0.5,-0.5443335320838695
2017-07-06,102.27322220096096,1.478,2.281,2387.81,-0.13984375921537134,-0.20300000000000007,0.014229109524189987,-0.24886221289947308,-1.0,-1.0,1.0,-1.0,-1.0,-0.612395165622414,0.3431235426476785,-1.0,4,-0.5,-0.5673179057436839
2017-07-07,101.9326504785654,1.481,2.323,2379.87,-0.13984375921537134,-0.21300000000000008,0.011219958189102819,-0.25114660533181765,-1.0,-1.0,1.0,-1.0,-1.0,-0.6386378966561992,0.26685337662291053,-1.0,4,-0.5,-0.5929461300083222
2017-07-10,101.71375153109533,1.476,2.289,2382.1,-0.13984375921537134,-0.22899999999999987,0.010862620927264643,-0.27103435764068384,-1.0,-1.0,1.0,-1.0,-1.0,-0.6821026581746154,0.2549635606856656,-1.0,4,-0.5,-0.6067847743722374
2017-07-11,102.2175477714397,1.477,2.28,2396.0,-0.13984375921537134,-0.22799999999999998,0.0264856303766825,-0.26569821321406634,-1.0,-1.0,1.0,-1.0,-1.0,-0.6747997074272584,0.6199517242166155,-1.0,4,-0.5,-0.5137119958026607
2017-07-12,102.20216262088194,1.473,2.272,2391.77,-0.13984375921537134,-0.2200000000000002,0.01846127188425406,-0.26822882118730396,-1.0,-1.0,1.0,-1.0,-1.0,-0.647266912015393,0.42913149364718656,-1.0,4,-0.5,-0.5545338545920516
2017-07-13,102.35619643197036,1.465,2.238,2409.49,-0.13984375921537134,-0.21300000000000008,0.023646796094088707,-0.26065440572263454,-1.0,-1.0,1.0,-1.0,-1.0,-0.6232025847276262,0.5476249586790216,-1.0,4,-0.5,-0.5188944065121512
2017-07-14,102.98806484116798,1.467,2.249,2414.63,-0.13984375921537134,-0.20900000000000007,0.018765012517977908,-0.26167352800765714,-1.0,-1.0,1.0,-1.0,-1.0,-0.6082741134616508,0.43191028908252543,-1.0,4,-0.5,-0.5440909560947813
2017-07-17,102.89438229758714,1.467,2.272,2425.1,-0.13984375921537134,-0.2100000000000002,0.019028990382217614,-0.26027442329689104,-1.0,-1.0,1.0,-1.0,-1.0,-0.608011675477098,0.43550920939250704,-1.0,4,-0.5,-0.5431256165211478
2017-07-18,103.5851089520986,1.463,2.256,2426.04,-0.13984375921537134,-0.20900000000000007,0.02368149770055794,-0.25929770397150564,-1.0,-1.0,1.0,-1.0,-1.0,-0.6020639546845461,0.5403511156822811,-1.0,4,-0.5,-0.5154282097505662
2017-07-19,103.56495755618828,1.463,2.258,2429.94,-0.13984375921537134,-0.20200000000000018,0.020762705163447137,-0.2554064107116316,-1.0,-1.0,1.0,-1.0,-1.0,-0.5791590042903871,0.471735231654593,-1.0,4,-0.5,-0.5268559431589486
2017-07-20,103.95438940489932,1.461,2.237,2441.84,-0.13984375921537134,-0.19500000000000006,0.0147640990465705,-0.2548649880354103,-1.0,-1.0,1.0,-1.0,-1.0,-0.5566343103302559,0.3330158904808155,-1.0,4,-0.5,-0.5559046049623602
2017-07-21,103.68041108604564,1.456,2.219,2450.06,-0.13984375921537134,-0.19300000000000006,0.014876267878301874,-0.2579957930080328,-1.0,-1.0,1.0,-1.0,-1.0,-0.5485894857436523,0.3332616277180511,-1.0,4,-0.5,-0.5538319645064003
2017-07-24,103.97418723242592,1.456,2.22,2451.53,-0.13984375921537134,-0.19399999999999995,0.01758156636937258,-0.26002486225381083,-1.0,-1.0,1.0,-1.0,-1.0,-0.549124772195915,0.39188075127471933,-1.0,4,-0.5,-0.539311005230299
2017-07-25,104.4517207746846,1.45,2.207,2439.9,-0.13984375921537134,-0.18199999999999994,0.023272767313290643,-0.25415846466244024,-1.0,-1.0,1.0,-1.0,-1.0,-0.5132268711901233,0.5175926108480055,-1.0,4,-0.5,-0.4989085650855295
2017-07-26,104.47369532838395,1.452,2.245,2434.51,-0.13984375921537134,-0.19100000000000006,0.025283888579288316,-0.25760164225694027,-1.0,-1.0,1.0,-1.0,-1.0,-0.5364868505680853,0.5616004922435337,-1.0,4,-0.5,-0.4937215895811379
2017-07-27,103.95040155871872,1.443,2.215,2443.24,-0.13984375921537134,-0.18100000000000005,0.014701921215959146,-0.25723674200268914,-1.0,-1.0,1.0,-1.0,-1.0,-0.5065813942174829,0.3246279709949502,-1.0,4,-0.5,-0.5454883558056332
2017-07-28,104.5923421493189,1.443,2.229,2400.99,-0.13984375921537134,-0.18400000000000016,0.02148984654488384,-0.2345965633255312,-1.0,-1.0,1.0,-1.0,-1.0,-0.5131294736637418,0.47332472868245984,-1.0,4,-0.5,-0.5099511862453205
2017-07-31,103.97169802076392,1.442,2.226,2402.71,-0.13984375921537134,-0.18199999999999994,0.017939940665847587,-0.2368428753796813,-1.0,-1.0,1.0,-1.0,-1.0,-0.5057929529715963,0.39359995794845903,-1.0,4,-0.5,-0.5280482487557843
2017-08-01,103.57877712177994,1.443,2.258,2422.96,-0.043773669978850904,-0.19200000000000017,0.010921314305867291,-0.2534280155849501,-1.0,-1.0,1.0,-1.0,-0.38304230971511516,-0.5316232573816416,0.23790405476242485,-1.0,4,-0.5,-0.41919037808358295
2017-08-02,103.96735092650458,1.441,2.247,2427.63,-0.043773669978850904,-0.18800000000000017,0.008269510461275331,-0.2545858809875456,-1.0,-1.0,1.0,-1.0,-0.38318905140438203,-0.5187285995946546,0.1786610745251682,-1.0,4,-0.5,-0.4308141441184671
2017-08-03,103.49544956803078,1.439,2.25,2386.85,-0.043773669978850904,-0.18999999999999995,0.004325832001986107,-0.2330908486267079,-1.0,-1.0,1.0,-1.0,-0.38333597895124805,-0.5224212389937511,0.0925239416856452,-0.9843907408332866,4,-0.5,-0.44940600427316013
2017-08-04,103.0585008752332,1.435,2.251,2395.45,-0.043773669978850904,-0.18900000000000006,-0.009308546503270954,-0.24079390659267463,-1.0,-1.0,-1.0,-1.0,-0.38348309043996087,-0.5179097005187032,-0.19547150748604347,-1.0,4,-1.0,-0.5242160746111769
2017-08-07,103.3234317867702,1.443,2.285,2398.75,-0.043773669978850904,-0.18700000000000006,-0.008235750584529633,-0.2532089866963952,-1.0,-1.0,-1.0,-1.0,-0.38363038397336346,-0.5107510093245173,-0.17011984717550038,-1.0,4,-1.0,-0.5161253101183453
2017-08-08,103.22130506404136,1.452,2.311,2394.73,-0.043773669978850904,-0.19999999999999996,-0.004683377666643729,-0.25194830919607913,-1.0,-1.0,-1.0,-1.0,-0.3837778576726821,-0.5443150933819068,-0.09547122888695626,-1.0,4,-1.0,-0.5058910449853863
2017-08-09,103.29767485193686,1.478,2.338,2368.39,-0.043773669978850904,-0.23099999999999987,-0.0040221791179488875,-0.2361332103257418,-1.0,-1.0,-1.0,-1.0,-0.3839255096773164,-0.6259530563390538,-0.08100713849076874,-0.9848280193030013,4,-1.0,-0.518928430952535
2017-08-10,102.44212015350332,1.475,2.322,2359.47,-0.043773669978850904,-0.21300000000000008,-0.015474702066202717,-0.2212896524974815,-1.0,-1.0,-1.0,-1.0,-0.384073338144633,-0.5750076611245931,-0.3059365246035465,-0.9209830449933457,4,-1.0,-0.5465001422165295
2017-08-11,101.8049120635028,1.476,2.302,2319.71,-0.043773669978850904,-0.21500000000000008,-0.02090343733089739,-0.19664114341029187,-1.0,-1.0,-1.0,-1.0,-0.38422134124976143,-0.5782353051259782,-0.4046764101863382,-0.817352427528325,4,-1.0,-0.5461213710226007
2017-08-14,101.27677450265264,1.482,2.301,2334.22,-0.043773669978850904,-0.23499999999999988,-0.030144060650171056,-0.2052560533272328,-1.0,-1.0,-1.0,-1.0,-0.3843695171853931,-0.6293612510587083,-0.5685688163379531,-0.851866985235088,4,-1.0,-0.6085416424542857
2017-08-16,102.15170586698623,1.496,2.332,2348.26,-0.043773669978850904,-0.2430000000000001,-0.02922577199564369,-0.21130037247060657,-1.0,-1.0,-1.0,-1.0,-0.38451786416158257,-0.6479531354303553,-0.5384821441189087,-0.8754797076814643,4,-1.0,-0.6116082128480778
2017-08-17,101.98762058132088,1.488,2.32,2361.67,-0.043773669978850904,-0.22999999999999998,-0.02884521430774356,-0.21409996074110094,-1.0,-1.0,-1.0,-1.0,-0.3846663804055518,-0.6108892878800583,-0.5201579807987621,-0.8855359822375409,4,-1.0,-0.6003124078304782
2017-08-18,102.28332864616333,1.479,2.314,2358.37,-0.043773669978850904,-0.2250000000000001,-0.023358614122344967,-0.21474418963323735,-1.0,-1.0,-1.0,-1.0,-0.3848150641614971,-0.5953940852735895,-0.41419969061176454,-0.8866634364389344,4,-1.0,-0.5702680691214463
2017-08-21,101.6801878216302,1.481,2.304,2355.0,-0.043773669978850904,-0.2180000000000002,-0.0328344318256768,-0.21135437180495453,-1.0,-1.0,-1.0,-1.0,-0.384963913690398,-0.5748760621372486,-0.5699534491193764,-0.8712749281604899,4,-1.0,-0.6002670882768782
2017-08-22,101.90623213659876,1.488,2.308,2365.33,-0.043773669978850904,-0.2270000000000001,-0.024182072285691802,-0.21185301483329694,-1.0,-1.0,-1.0,-1.0,-0.38511292726982965,-0.5964411570380652,-0.4134772540401028,-0.8719474465699172,4,-1.0,-0.5667446962294788
2017-08-23,102.13283093876232,1.49,2.297,2366.4,-0.043773669978850904,-0.22399999999999998,-0.01743376262885654,-0.21049074067656343,-1.0,-1.0,-1.0,-1.0,-0.38526210319377646,-0.5865109949990351,-0.29483006056980265,-0.8650277131911948,4,-1.0,-0.5329077179884523
2017-08-24,102.50353673644376,1.493,2.289,2375.84,-0.043773669978850904,-0.2250000000000001,-0.007811863251510509,-0.21966298793833966,-1.0,-1.0,-1.0,-1.0,-0.38541143977244946,-0.58710265790908,-0.13124988429653978,-0.901121414009293,4,-1.0,-0.5012213489968406
2017-08-25,102.83436281881248,1.478,2.253,2378.51,-0.043773669978850904,-0.21100000000000008,0.0027991864714476122,-0.21514859498596786,-1.0,-1.0,1.0,-1.0,-0.3855609353321052,-0.5488987647609884,0.046900495464779514,-0.881187017020088,4,-0.5,-0.4421865554121005
2017-08-28,102.4884022270282,1.48,2.251,2370.3,-0.043773669978850904,-0.21100000000000008,-0.007408093791702264,-0.21486528079684358,-1.0,-1.0,-1.0,-1.0,-0.3857105882148672,-0.5472603008573849,-0.1233908567526487,-0.8786469330754348,4,-1.0,-0.48375216972508395
2017-08-29,103.2081933338104,1.485,2.261,2364.74,-0.043773669978850904,-0.21300000000000008,0.002544712255332371,-0.21340792235742073,-1.0,-1.0,1.0,-1.0,-0.3858603967785501,-0.5508018276785154,0.04227806960066158,-0.8713801513165657,4,-0.5,-0.4414410765432424
2017-08-30,102.62662326137226,1.471,2.249,2372.29,-0.043773669978850904,-0.19800000000000018,-0.005212633336586059,-0.21821216722594947,-1.0,-1.0,-1.0,-1.0,-0.38601035939648576,-0.5106881952794903,-0.08619191061609079,-0.8895560048708067,4,-1.0,-0.4681116175407184
2017-08-31,102.92209863285102,1.469,2.262,2363.19,-0.043773669978850904,-0.17500000000000004,-0.009216334031429518,-0.21617964225717215,-1.0,-1.0,-1.0,-1.0,-0.3861604744573514,-0.4504380889970799,-0.15149801056768814,-0.8799226994108564,4,-1.0,-0.467004818358244
2017-09-01,102.62941984521892,1.465,2.271,2357.69,-0.0460596187063284,-0.16400000000000015,-0.0030558337455390827,-0.21061997737421562,-1.0,-1.0,-1.0,-1.0,-0.40646687359224243,-0.4213642637308069,-0.05004712095590158,-0.8561427411086748,4,-1.0,-0.4335052498469064
2017-09-04,102.7638420971349,1.478,2.305,2329.65,-0.0460596187063284,-0.15900000000000003,-0.009194604649594318,-0.20155422777142995,-1.0,-1.0,-1.0,-1.0,-0.40660742449946025,-0.40783325319572006,-0.14976694397770407,-0.8184169733796747,4,-1.0,-0.44565614876313975
2017-09-05,101.85020371331326,1.474,2.306,2326.62,-0.0460596187063284,-0.1459999999999999,-0.018839260126050306,-0.19760177293383446,-1.0,-1.0,-1.0,-1.0,-0.4067481985178923,-0.37396162601418526,-0.3042245203675331,-0.8016103140430992,4,-1.0,-0.4716361647356775
2017-09-06,101.66230216835577,1.47,2.28,2319.82,-0.0460596187063284,-0.1459999999999999,-0.018766215969900024,-0.18936856331668522,-1.0,-1.0,-1.0,-1.0,-0.40688919352883207,-0.3734442795738071,-0.3005621734756007,-0.767658940678436,4,-1.0,-0.462138646814169
2017-09-07,101.4269465102664,1.475,2.275,2346.19,-0.0460596187063284,-0.16200000000000014,-0.02219545549811297,-0.19116791887027612,-1.0,-1.0,-1.0,-1.0,-0.4070304074335839,-0.4136839223289569,-0.35225059448152535,-0.7743727101825304,4,-1.0,-0.4868344086066491
2017-09-08,101.54460819294492,1.467,2.24,2343.72,-0.0460596187063284,-0.15700000000000003,-0.028714907045209515,-0.18458853849060555,-1.0,-1.0,-1.0,-1.0,-0.4071718381532386,-0.40030046947873105,-0.4506107559061295,-0.7472910162016144,4,-1.0,-0.5013435199349283
2017-09-11,101.48542993545182,1.472,2.251,2359.08,-0.0460596187063284,-0.17999999999999994,-0.02917391808230807,-0.1980135245503437,-1.0,-1.0,-1.0,-1.0,-0.4073134836284527,-0.4580497561587184,-0.45284744130382776,-0.8009242834600502,4,-1.0,-0.5297837411377623
2017-09-12,101.55345650940362,1.469,2.251,2365.47,-0.0460596187063284,-0.17100000000000004,-0.038738099570371,-0.1990217085915283,-1.0,-1.0,-1.0,-1.0,-0.40745534181922943,-0.4343892902879007,-0.5927665227765054,-0.80427456374023,4,-1.0,-0.5597214296559664
2017-09-13,101.74776070965494,1.464,2.242,2360.18,-0.0460596187063284,-0.1399999999999999,-0.037876426410637265,-0.20523274257694823,-1.0,-1.0,-1.0,-1.0,-0.40759741070470373,-0.35522809253983756,-0.5719857320360694,-0.8285041038671953,4,-1.0,-0.5408288347869515
2017-09-14,101.99026705076444,1.464,2.244,2377.66,-0.0460596187063284,-0.11999999999999988,-0.03240491531267509,-0.23139872984678303,-1.0,-1.0,-1.0,-1.0,-0.4077396882829293,-0.3042329833861169,-0.4842867410226438,-0.9324796899242884,4,-1.0,-0.5321847756539946
2017-09-15,101.55131093900988,1.464,2.248,2386.07,-0.0460596187063284,-0.125,-0.026403130020472787,-0.23090053170021563,-1.0,-1.0,-1.0,-1.0,-0.407882172570669,-0.31663077734052436,-0.39149915377190797,-0.928865199014217,4,-1.0,-0.5112193256743296
2017-09-18,101.44912852488486,1.467,2.265,2418.21,-0.0460596187063284,-0.127,-0.029823384959155597,-0.2366613797864998,-1.0,-1.0,-1.0,-1.0,-0.40802486160318774,-0.3214088785284801,-0.43839957734978896,-0.9502571521649089,4,-1.0,-0.5295226174115915
2017-09-19,102.064808986852,1.478,2.294,2416.05,-0.0460596187063284,-0.1419999999999999,-0.014155905289548798,-0.23373371883208427,-1.0,-1.0,-1.0,-1.0,-0.40816775343404776,-0.3589671440547999,-0.20731790273822642,-0.9368553938617744,4,-1.0,-0.47782704852221214
2017-09-20,102.0118073936791,1.477,2.28,2412.2,-0.0460596187063284,-0.14400000000000013,-0.015619676642285363,-0.22459700708214658,-1.0,-1.0,-1.0,-1.0,-0.40831084613490737,-0.3636090652643323,-0.2278550036549865,-0.8989174943888361,4,-1.0,-0.47467310236076554
2017-09-21,102.11321284529566,1.479,2.28,2406.5,-0.0460596187063284,-0.16200000000000014,-0.015456982273257758,-0.22135996878308178,-1.0,-1.0,-1.0,-1.0,-0.4084541377953216,-0.4084770903362247,-0.22463744228870766,-0.8847671503415472,4,-1.0,-0.4815839551904503
2017-09-22,101.95054307533763,1.476,2.268,2388.71,-0.0460596187063284,-0.15799999999999992,-0.028497362442245766,-0.21237028050267331,-1.0,-1.0,-1.0,-1.0,-0.4085976265225456,-0.39786004823661986,-0.41117764466064405,-0.8479133778272975,4,-1.0,-0.5163871743117767
2017-09-25,101.52102059141966,1.479,2.27,2380.4,-0.0460596187063284,-0.15800000000000014,-0.03295171634868144,-0.21283949837684152,-1.0,-1.0,-1.0,-1.0,-0.40874131044134127,-0.3973380767706305,-0.4715204211435542,-0.8488683990852744,4,-1.0,-0.5316170518602001
2017-09-26,102.19294754900815,1.495,2.31,2374.32,-0.0460596187063284,-0.17000000000000015,-0.02397675614397876,-0.20591710199384083,-1.0,-1.0,-1.0,-1.0,-0.4088851876937849,-0.4268749078082031,-0.3412655445194433,-0.8205303924170968,4,-1.0,-0.499389008109632
2017-09-27,101.90212149712993,1.533,2.36,2372.57,-0.0460596187063284,-0.20699999999999985,-0.02921602323332806,-0.2160023926751592,-1.0,-1.0,-1.0,-1.0,-0.409029256439079,-0.5186586802295622,-0.4131070690098834,-0.8597469046781088,4,-1.0,-0.5501354775891584
2017-09-28,101.90823363501956,1.535,2.394,2373.14,-0.0460596187063284,-0.20799999999999996,-0.03587592715542698,-0.2123239142360025,-1.0,-1.0,-1.0,-1.0,-0.4091735148533655,-0.5200448489623815,-0.5030881218945369,-0.8442473918571408,4,-1.0,-0.5691384693918562
2017-09-29,101.28187179713484,1.529,2.379,2394.47,-0.0460596187063284,-0.22399999999999998,-0.042847204982281895,-0.2369142736671429,-1.0,-1.0,-1.0,-1.0,-0.4093179611295413,-0.5586869723764718,-0.5947841566159601,-0.9404593928777414,4,-1.0,-0.6258121207499285
2017-10-10,101.6771151426159,1.554,2.418,2433.81,-0.1364257838341496,-0.2390000000000001,-0.032580312946160817,-0.2462902116063732,-1.0,-1.0,-1.0,-1.0,-1.0,-0.5944902734473594,-0.4492750865197137,-0.9758126268798963,4,-1.0,-0.7548944967117424
2017-10-11,101.93192786680544,1.551,2.418,2458.16,-0.1364257838341496,-0.21999999999999997,-0.030051541325933684,-0.25275096456056123,-1.0,-1.0,-1.0,-1.0,-1.0,-0.5459867698108073,-0.412048553967447,-0.9993353028721637,4,-1.0,-0.7393426566626045
2017-10-12,102.02094987349427,1.546,2.388,2474.76,-0.1364257838341496,-0.21300000000000008,-0.021743748191044077,-0.24902792731035217,-1.0,-1.0,-1.0,-1.0,-1.0,-0.5275044743042415,-0.29709706466267694,-0.9827169233547256,4,-1.0,-0.701829615580411
2017-10-13,102.20663241762853,1.556,2.391,2473.62,-0.1364257838341496,-0.21999999999999997,-0.024070744466784255,-0.2547909289778523,-1.0,-1.0,-1.0,-1.0,-1.0,-0.5436413767030323,-0.3276156739614969,-1.0,4,-1.0,-0.7178142626661324
2017-10-16,102.31026793902444,1.569,2.398,2480.05,-0.1364257838341496,-0.22499999999999987,-0.018424903715422047,-0.2552776204988485,-1.0,-1.0,-1.0,-1.0,-1.0,-0.5547391650582577,-0.250136031821818,-1.0,4,-1.0,-0.701218799220019
2017-10-17,102.72394842161069,1.575,2.401,2484.37,-0.1364257838341496,-0.20899999999999985,-0.0184969499883616,-0.2638330259759545,-1.0,-1.0,-1.0,-1.0,-1.0,-0.514298933919303,-0.2504966454333779,-1.0,4,-1.0,-0.6911988948381702
2017-10-18,102.46787952209743,1.573,2.392,2482.91,-0.1364257838341496,-0.21399999999999997,-0.017952769886864672,-0.2633197139407161,-1.0,-1.0,-1.0,-1.0,-1.0,-0.5255562987793706,-0.242577262192889,-1.0,4,-1.0,-0.6920333902430649
2017-10-19,102.65649620562549,1.642,2.429,2473.06,-0.1364257838341496,-0.2959999999999998,-0.011875717046660128,-0.2754987164309323,-1.0,-1.0,-1.0,-1.0,-1.0,-0.7242927478237763,-0.16029072698309466,-1.0,4,-1.0,-0.7211458687017178
2017-10-20,102.5149279238492,1.72,2.471,2489.54,-0.1364257838341496,-0.373,-0.007080777132730809,-0.28136447762061195,-1.0,-1.0,-1.0,-1.0,-1.0,-0.9077277931648455,-0.09554562639235181,-1.0,4,-1.0,-0.7508183548892994
2017-10-23,102.7130143830259,1.694,2.454,2490.05,-0.1364257838341496,-0.33099999999999996,-0.003392807743763271,-0.27256503105316104,-1.0,-1.0,-1.0,-1.0,-1.0,-0.8020573922619322,-0.045794095319973464,-1.0,4,-1.0,-0.7119628718954765
2017-10-24,102.8100431973662,1.706,2.456,2490.49,-0.1364257838341496,-0.345,0.004187611956507631,-0.2665189083072009,-1.0,-1.0,1.0,-1.0,-1.0,-0.832177370661584,0.05658928235987518,-1.0,4,-0.5,-0.6938970220754272
2017-10-25,103.217983722209,1.725,2.5,2492.5,-0.1364257838341496,-0.3600000000000001,0.002359185439088307,-0.2709157368124977,-1.0,-1.0,1.0,-1.0,-1.0,-0.8641658634709003,0.03191282268229966,-1.0,4,-0.5,-0.7080632601971502
2017-10-26,103.21999596061085,1.759,2.543,2480.63,-0.1364257838341496,-0.3909999999999998,-0.005331780026115673,-0.26966867791515736,-1.0,-1.0,-1.0,-1.0,-1.0,-0.9334049719253764,-0.07212787979211333,-1.0,4,-1.0,-0.7513832129293725
2017-10-27,103.75876094205034,1.757,2.536,2496.63,-0.1364257838341496,-0.375,-0.0003730372852803754,-0.2782292878586335,-1.0,-1.0,-1.0,-1.0,-1.0,-0.890734606230959,-0.005050040894130497,-1.0,4,-1.0,-0.7239461617812724
2017-10-30,103.30699432052552,1.753,2.521,2501.93,-0.1364257838341496,-0.3599999999999999,0.002932880851190589,-0.27304568804240115,-1.0,-1.0,1.0,-1.0,-1.0,-0.8512229701854518,0.03974777180333717,-1.0,4,-0.5,-0.7028687995955287
2017-10-31,103.67999063226956,1.777,2.571,2523.43,-0.1364257838341496,-0.369,0.006172478945082993,-0.2885374973371567,-1.0,-1.0,1.0,-1.0,-1.0,-0.8684320905712364,0.08377096381423811,-1.0,4,-0.5,-0.6961652816892496
2017-11-01,103.96918306051997,1.765,2.547,2556.47,-0.12521275483654554,-0.351,0.010945565175557448,-0.31167922554689537,-1.0,-1.0,1.0,-1.0,-1.0,-0.8226305304339714,0.1488189042274883,-1.0,4,-0.5,-0.6684529065516207
2017-11-02,104.37253573497816,1.757,2.526,2546.36,-0.12521275483654554,-0.347,0.010670002405758439,-0.2980898502059477,-1.0,-1.0,1.0,-1.0,-1.0,-0.8100039992423982,0.1453314875703061,-1.0,4,-0.5,-0.666168127918023
2017-11-03,104.5355200484086,1.757,2.526,2557.97,-0.12521275483654554,-0.33399999999999985,0.017224837839695972,-0.30104363370454584,-1.0,-1.0,1.0,-1.0,-1.0,-0.7768148075218622,0.23512451642242208,-1.0,4,-0.5,-0.63542257277486
2017-11-06,104.78305577714654,1.759,2.549,2549.41,-0.12521275483654554,-0.33999999999999986,0.024299324718016102,-0.3075081409834634,-1.0,-1.0,1.0,-1.0,-1.0,-0.7878353654273011,0.3324988848456829,-1.0,4,-0.5,-0.6138341201454045
2017-11-07,104.36487126157974,1.746,2.539,2545.44,-0.12521275483654554,-0.31800000000000006,0.020709736455709837,-0.30218815225783546,-1.0,-1.0,1.0,-1.0,-1.0,-0.7345040855169228,0.2840359657294904,-1.0,4,-0.5,-0.6126170299468581
2017-11-08,104.93413665071108,1.753,2.538,2552.4,-0.12521275483654554,-0.33599999999999985,0.023985071585757467,-0.32199274519383353,-1.0,-1.0,1.0,-1.0,-1.0,-0.7733592307765689,0.329746315155492,-1.0,4,-0.5,-0.6109032289052692
2017-11-09,104.68284536509836,1.753,2.537,2550.57,-0.12521275483654554,-0.33399999999999985,0.028464160446376674,-0.31994266627336615,-1.0,-1.0,1.0,-1.0,-1.0,-0.7661381520939534,0.3922850286446261,-1.0,4,-0.5,-0.5934632808623318
2017-11-10,104.60784712904636,1.759,2.564,2542.95,-0.12521275483654554,-0.33699999999999997,0.021598458656268527,-0.3188082977556942,-1.0,-1.0,1.0,-1.0,-1.0,-0.7703848938407439,0.2983509970842605,-1.0,4,-0.5,-0.6180084741891209
2017-11-13,104.40575739829023,1.784,2.583,2530.35,-0.12521275483654554,-0.363,0.021662439616598306,-0.30650118517340463,-1.0,-1.0,1.0,-1.0,-1.0,-0.8265963101035008,0.2999230173823623,-1.0,4,-0.5,-0.6316683231802847
2017-11-14,104.18589872509672,1.803,2.61,2526.64,-0.12521275483654554,-0.3839999999999999,0.017008579955977154,-0.3046946027239203,-1.0,-1.0,1.0,-1.0,-1.0,-0.8706852849110154,0.23598395112240395,-1.0,4,-0.5,-0.6586753334471529
2017-11-15,104.33419393231046,1.797,2.571,2518.25,-0.12521275483654554,-0.399,0.015031991058451766,-0.32344661497523125,-1.0,-1.0,1.0,-1.0,-1.0,-0.9006100175948323,0.20897507185290942,-1.0,4,-0.5,-0.6729087364354807
2017-11-16,104.59789041876276,1.804,2.564,2534.79,-0.12521275483654554,-0.3780000000000001,0.019015948269860417,-0.2952644570834527,-1.0,-1.0,1.0,-1.0,-1.0,-0.8498112659074191,0.26493522201363817,-1.0,4,-0.5,-0.6462190109734453
2017-11-17,105.52619947557756,1.8,2.569,2533.99,-0.12521275483654554,-0.3480000000000001,0.029741096975828718,-0.2949434163109915,-1.0,-1.0,1.0,-1.0,-1.0,-0.7797768184142161,0.41535089232869227,-1.0,4,-0.5,-0.5911064815213809
2017-11-20,106.18213841030848,1.796,2.546,2527.67,-0.12521275483654554,-0.29500000000000015,0.04536320565946017,-0.2858333750601723,-1.0,-1.0,1.0,-1.0,-1.0,-0.6595023792471001,0.6347517718060237,-1.0,4,-0.5,-0.5061876518602691
2017-11-21,106.05971976140204,1.8,2.543,2530.7,-0.12521275483654554,-0.30200000000000005,0.04660803705672567,-0.29171699534297696,-1.0,-1.0,1.0,-1.0,-1.0,-0.6735468035890934,0.6533837350596671,-1.0,4,-0.5,-0.5050407671323566
2017-11-22,106.14059875348572,1.812,2.541,2540.51,-0.12521275483654554,-0.29200000000000004,0.04543464959852983,-0.28600478687249825,-1.0,-1.0,1.0,-1.0,-1.0,-0.6498290629015085,0.6381595620434906,-1.0,4,-0.5,-0.5029173752145044
2017-11-23,106.3886199566728,1.809,2.521,2537.15,-0.12521275483654554,-0.2729999999999999,0.045015784850617635,-0.2824668199089449,-1.0,-1.0,1.0,-1.0,-1.0,-0.6064310548008011,0.6335030216083357,-1.0,4,-0.5,-0.4932320082981163
2017-11-24,106.49820209126058,1.824,2.537,2544.33,-0.12521275483654554,-0.2610000000000001,0.04950080052491046,-0.2859116365362171,-1.0,-1.0,1.0,-1.0,-1.0,-0.5788331949069667,0.6977714339776511,-1.0,4,-0.5,-0.4702654402323289
2017-11-27,106.79509604868454,1.824,2.531,2507.81,-0.12521275483654554,-0.2570000000000001,0.056417941061724264,-0.2762634085736395,-1.0,-1.0,1.0,-1.0,-1.0,-0.5690839403806541,0.7961309861925449,-1.0,4,-0.5,-0.4432382385470274
2017-11-28,106.5268457155801,1.813,2.484,2514.19,-0.12521275483654554,-0.24299999999999988,0.05575841474080079,-0.2659028480039259,-1.0,-1.0,1.0,-1.0,-1.0,-0.5373745488191685,0.7877211894137183,-0.9670313513114555,4,-0.5,-0.4291711776792264
2017-11-29,106.50794959912358,1.809,2.48,2512.9,-0.12521275483654554,-0.22099999999999986,0.048704592557387016,-0.2616135076810247,-1.0,-1.0,1.0,-1.0,-1.0,-0.48823473015849306,0.6892395403776039,-0.9502636661163943,4,-0.5,-0.43731471397432087
2017-11-30,107.15673184280972,1.798,2.477,2476.37,-0.12521275483654554,-0.16400000000000015,0.05109510185390409,-0.25172084602449013,-1.0,-1.0,1.0,-1.0,-1.0,-0.3621978647405457,0.724174052430274,-0.9134236378015448,4,-0.5,-0.3878618625279541
2017-12-01,106.99198480337472,1.807,2.489,2475.41,-0.2352038413835524,-0.16599999999999993,0.05359039282890432,-0.25051109562065044,-1.0,-1.0,1.0,-1.0,-1.0,-0.3664963721575904,0.7605501015812253,-0.9081693242231973,4,-0.5,-0.3785288986998906
2017-12-04,106.77258789618824,1.81,2.485,2501.67,-0.2352038413835524,-0.19199999999999995,0.04978070431178061,-0.2613665548681255,-1.0,-1.0,1.0,-1.0,-1.0,-0.4236421805272781,0.7076269425202054,-0.9464124881238969,4,-0.5,-0.4156069315327424
2017-12-05,106.62680885898348,1.822,2.502,2510.12,-0.2352038413835524,-0.22100000000000009,0.042928808428008836,-0.2669271781431019,-1.0,-1.0,1.0,-1.0,-1.0,-0.48716573356319487,0.6114480086645028,-0.9653103516464225,4,-0.5,-0.4602570191362787
2017-12-06,107.04464745078972,1.81,2.467,2474.37,-0.2352038413835524,-0.21399999999999997,0.045477474969480625,-0.24697294042878984,-1.0,-1.0,1.0,-1.0,-1.0,-0.47133458787386584,0.6489601717960614,-0.8924052184312139,4,-0.5,-0.42869490862725457
2017-12-07,106.40881552703296,1.814,2.482,2461.98,-0.2352038413835524,-0.21799999999999997,0.03822347492649936,-0.23837691139393585,-1.0,-1.0,1.0,-1.0,-1.0,-0.4797191471433877,0.5466171889809103,-0.8607860863838582,4,-0.5,-0.4484720111365839
2017-12-08,106.4222790502535,1.814,2.486,2464.0,-0.2352038413835524,-0.21300000000000008,0.04258367567781818,-0.2416829061813419,-1.0,-1.0,1.0,-1.0,-1.0,-0.4683364179903155,0.610182635900556,-0.8721115105974305,4,-0.5,-0.43256632317179755
2017-12-11,106.40276458595643,1.812,2.482,2471.49,-0.2352038413835524,-0.22399999999999998,0.0416611552831041,-0.2535239163847558,-1.0,-1.0,1.0,-1.0,-1.0,-0.4920622749892194,0.5981694048118151,-0.9139894067672173,4,-0.5,-0.4519705692361554
2017-12-12,106.47107301628256,1.807,2.456,2461.0,-0.2352038413835524,-0.21599999999999997,0.046567133592906096,-0.23274348690611266,-1.0,-1.0,1.0,-1.0,-1.0,-0.4740987052375018,0.6698003776617985,-0.8386459390283213,4,-0.5,-0.41073606665100615
2017-12-13,106.7798364701947,1.809,2.453,2480.55,-0.2352038413835524,-0.21899999999999986,0.046906954730845385,-0.23971637302803483,-1.0,-1.0,1.0,-1.0,-1.0,-0.48027676348578385,0.6758734888004689,-0.8632268651846036,4,-0.5,-0.4169075349674796
2017-12-14,106.38322647846864,1.811,2.45,2469.48,-0.2352038413835524,-0.23199999999999998,0.04318703269212154,-0.2184048543756007,-1.0,-1.0,1.0,-1.0,-1.0,-0.5082797803132371,0.623478741176854,-0.7862949766322831,4,-0.5,-0.41777400394216657
2017-12-15,106.87978929226436,1.819,2.433,2482.07,-0.2352038413835524,-0.23299999999999987,0.0379911190160831,-0.22175628702693617,-1.0,-1.0,1.0,-1.0,-1.0,-0.5099633436896459,0.549619875192726,-0.7981296804786369,4,-0.5,-0.4396182872438892
2017-12-18,106.60470757942387,1.832,2.433,2481.88,-0.2352038413835524,-0.2490000000000001,0.039349859763423645,-0.21538107546760604,-1.0,-1.0,1.0,-1.0,-1.0,-0.5443356659772963,0.570448333779942,-0.7750473806128044,4,-0.5,-0.43723367820253967
2017-12-19,106.6298886404964,1.841,2.451,2478.53,-0.2352038413835524,-0.28400000000000003,0.04408695046056277,-0.21660836704313985,-1.0,-1.0,1.0,-1.0,-1.0,-0.619821437467009,0.6403183759841159,-0.7793149916383201,4,-0.5,-0.4397045132803033
2017-12-20,106.83907645275104,1.842,2.467,2472.37,-0.2352038413835524,-0.30200000000000005,0.041665184065220906,-0.2206428889044998,-1.0,-1.0,1.0,-1.0,-1.0,-0.6578553749394603,0.6063345508700537,-0.7936310181006907,4,-0.5,-0.46128796054252436
2017-12-21,107.1418001858596,1.845,2.483,2429.83,-0.2352038413835524,-0.276,0.04343116071534503,-0.19947499488163134,-1.0,-1.0,1.0,-1.0,-1.0,-0.6003210815703839,0.63322754178734,-0.7175510589286891,4,-0.5,-0.4211611496779333
2017-12-22,107.21924901614392,1.868,2.496,2440.54,-0.2352038413835524,-0.30200000000000005,0.05229510218822497,-0.20449208162706156,-1.0,-1.0,1.0,-1.0,-1.0,-0.655659917585334,0.7635011504989317,-0.7356079649917039,4,-0.5,-0.4069416830195265
2017-12-26,107.38496807869085,1.872,2.491,2427.34,-0.2352038413835524,-0.30400000000000005,0.05645817365830297,-0.2004757270043788,-1.0,-1.0,1.0,-1.0,-1.0,-0.6587807365781971,0.8251205874140156,-0.7212144583076155,4,-0.5,-0.3887186518679493
2017-12-27,107.48748004539546,1.883,2.497,2436.67,-0.2352038413835524,-0.31499999999999995,0.05931925951514838,-0.20345201672879648,-1.0,-1.0,1.0,-1.0,-1.0,-0.6812605517423017,0.8675867062262993,-0.7319481046707829,4,-0.5,-0.3864054875466963
2017-12-28,107.64018925648269,1.877,2.469,2467.49,-0.2352038413835524,-0.31400000000000006,0.06448385881576968,-0.2199721321098426,-1.0,-1.0,1.0,-1.0,-1.0,-0.6777765178344345,0.9433144477494052,-0.7912122777029055,4,-0.5,-0.3814185869469837
2017-12-29,107.88924621822255,1.874,2.469,,-0.2352038413835524,-0.31100000000000017,0.06973733886090017,,-1.0,-1.0,1.0,,-1.0,-0.6700431060392195,1.0,,3,,
2018-01-02,107.77695781292604,1.851,2.489,2479.65,-0.04659779319679825,-0.2729999999999999,0.07152818984643261,-0.22717943961649986,-1.0,-1.0,1.0,-1.0,-0.3302306037397544,-0.587398179970543,1.0,-0.8168686825829782,4,-0.5,-0.1836243665733189
2018-01-03,108.07234411869572,1.84,2.508,2486.35,-0.04659779319679825,-0.254,0.07849046437509788,-0.23048951360145556,-1.0,-1.0,1.0,-1.0,-0.3304174346710881,-0.5459401464344588,1.0,-0.8284586828134166,4,-0.5,-0.17620406597974086
2018-01-04,107.98330357293727,1.838,2.523,2466.46,-0.04659779319679825,-0.25,0.07444052492292474,-0.2212509562569251,-1.0,-1.0,1.0,-1.0,-0.3306041757160099,-0.5368099476371989,1.0,-0.7950808883426759,4,-0.5,-0.1656237529239712
2018-01-05,107.88504086222264,1.816,2.518,2497.52,-0.04659779319679825,-0.242,0.07771792242207098,-0.24470042252986868,-1.0,-1.0,1.0,-1.0,-0.3307908269532556,-0.5191741211454249,1.0,-0.8788074337349417,4,-0.5,-0.1821930954584056
2018-01-08,108.10714478159164,1.82,2.54,2513.28,-0.04659779319679825,-0.254,0.08151191673632141,-0.2525782445413674,-1.0,-1.0,1.0,-1.0,-0.33097738846176816,-0.5443664330318247,1.0,-0.9064161037268821,4,-0.5,-0.19543998130511875
2018-01-09,107.91526842495918,1.825,2.565,2510.23,-0.04659779319679825,-0.2589999999999999,0.08086831658519156,,-1.0,-1.0,1.0,,-0.331163860320694,-0.5544940377485573,1.0,,3,,
2018-01-10,107.87208237565793,1.836,2.637,2499.75,-0.04659779319679825,-0.278,0.08039572362031056,-0.2566083508190649,-1.0,-1.0,1.0,-1.0,-0.3313502426093793,-0.5944065504406774,1.0,-0.9201236225289536,4,-0.5,-0.21147010389475257
2018-01-11,107.60080304740586,1.832,2.589,2487.91,-0.04659779319679825,-0.29600000000000004,0.07611588927676127,-0.23878900545918075,-1.0,-1.0,1.0,-1.0,-0.3315365354073658,-0.6319409012068333,1.0,-0.8558193478730349,4,-0.5,-0.20482419612180852
2018-01-12,107.36238781331627,1.834,2.623,2496.42,-0.04659779319679825,-0.32000000000000006,0.07257739616175396,-0.24130700661357454,-1.0,-1.0,1.0,-1.0,-0.3317227387943871,-0.6819379848853063,1.0,-0.8643993386470348,4,-0.5,-0.21951501558168202
2018-01-15,107.64650566035031,1.851,2.658,2503.73,-0.04659779319679825,-0.3579999999999999,0.07733235121307924,-0.2513963863035582,-1.0,-1.0,1.0,-1.0,-0.33190885285036503,-0.7611201771492203,1.0,-0.8999206879680234,4,-0.5,-0.24823742949190217
2018-01-16,107.63828702074892,1.851,2.641,2521.74,-0.04659779319679825,-0.349,0.07144441522810929,-0.2526587067491725,-1.0,-1.0,1.0,-1.0,-0.3320948776554061,-0.7403640049230782,1.0,-0.9038045218775848,4,-0.5,-0.24406585111401724
2018-01-17,107.35827226848416,1.852,2.636,2515.43,-0.04659779319679825,-0.3420000000000001,0.06712235422689616,-0.24551926904861662,-1.0,-1.0,1.0,-1.0,-0.3322808132897974,-0.7240260727818068,0.9685503020555163,-0.8777729671413793,4,-0.5,-0.24138238778936683
2018-01-18,107.29442436276116,1.825,2.62,2515.81,-0.04659779319679825,-0.32499999999999996,0.07827326490418418,-0.24841835181372177,-1.0,-1.0,1.0,-1.0,-0.33246665983400336,-0.6868119860708538,1.0,-0.8876014350547652,4,-0.5,-0.22672002023990556
2018-01-19,106.80759570693228,1.825,2.638,2520.26,-0.04659779319679825,-0.32200000000000006,0.0674252972956566,-0.23527899276675945,-1.0,-1.0,1.0,-1.0,-0.3326524173686618,-0.6793059337706829,0.971950855497182,-0.8403466095465472,4,-0.5,-0.22008852629717746
2018-01-22,106.81662164839037,1.835,2.652,2502.11,-0.04659779319679825,-0.355,0.06485597296620327,-0.22821966812546735,-1.0,-1.0,1.0,-1.0,-0.332838085974581,-0.7473055847281906,0.935359061636587,-0.8149338277239444,4,-0.5,-0.23992960919753226
2018-01-23,106.64400149341222,1.831,2.654,2536.6,-0.04659779319679825,-0.34099999999999997,0.054013267786142016,-0.24464116923530518,-1.0,-1.0,1.0,-1.0,-0.3330236657327354,-0.7164499664003379,0.7800427184948744,-0.8731252069563865,4,-0.5,-0.28563903014864633
2018-01-24,106.4882181278206,1.831,2.644,2538.0,-0.04659779319679825,-0.34099999999999997,0.049644190194711335,-0.2486481607235504,-1.0,-1.0,1.0,-1.0,-0.33320915672426304,-0.7150871278725046,0.7180921840989658,-0.8869170367062468,4,-0.5,-0.30428028430101217
2018-01-25,106.07341410093773,1.833,2.661,2562.23,-0.04659779319679825,-0.353,0.047372893070673605,-0.25714639194331934,-1.0,-1.0,1.0,-1.0,-0.33339455903046156,-0.738736284747072,0.6864001505792268,-0.9165706082617008,4,-0.5,-0.3255753253650019
2018-01-26,106.7699188486391,1.834,2.679,2574.76,-0.04659779319679825,-0.353,0.05826652346006167,-0.26242688306650563,-1.0,-1.0,1.0,-1.0,-0.33357987273278483,-0.7372449781975129,0.8451313538878666,-0.9346374987283462,4,-0.5,-0.29008274894269437
2018-01-29,106.26643957342144,1.865,2.744,2598.19,-0.04659779319679825,-0.3759999999999999,0.03869160629834312,-0.27191952289167687,-1.0,-1.0,1.0,-1.0,-0.33376509791284,-0.7834539494842493,0.5622794590183549,-0.9674974482918802,4,-0.5,-0.38060925916765365
2018-01-30,106.3570601421676,1.874,2.784,2567.74,-0.04659779319679825,-0.395,0.04854303380345826,-0.2700005522891744,-1.0,-1.0,1.0,-1.0,-0.33395023465238377,-0.8209186925570171,0.7065938259707744,-0.9597781857131376,4,-0.5,-0.352013321737941
2018-01-31,105.80527189926066,1.859,2.769,2566.46,-0.04659779319679825,-0.385,0.04066685047059515,-0.26843798705446353,-1.0,-1.0,1.0,-1.0,-0.33413528303331963,-0.7982213066149381,0.5930548039794029,-0.9533792618787639,4,-0.5,-0.37317026188690466
2018-02-01,105.75339361840057,1.852,2.756,2568.54,-0.04857140686330605,-0.3820000000000001,0.03833546469904281,-0.2701594466514559,-1.0,-1.0,1.0,-1.0,-0.34847480400748465,-0.7901680993251877,0.560115924276864,-0.9586241605535424,4,-0.5,-0.3842877849023377
2018-02-02,105.55651073673636,1.844,2.756,2525.39,-0.04857140686330605,-0.361,0.03299351913479942,-0.2501662535437278,-1.0,-1.0,1.0,-1.0,-0.3486622007815671,-0.7452494458763,0.4829809092036133,-0.8872116734715173,4,-0.5,-0.3745356027314428
2018-02-05,105.31567761391835,1.856,2.803,2491.75,-0.04857140686330605,-0.3550000000000002,0.03355819459993192,-0.22769290737372486,-1.0,-1.0,1.0,-1.0,-0.34884951614048154,-0.7314905973683293,0.4921781949190065,-0.8073817474507113,4,-0.5,-0.3488859165101289
2018-02-06,104.1858301823294,1.84,2.749,2453.31,-0.04857140686330605,-0.3460000000000001,0.015428074345170018,-0.21858412849971878,-1.0,-1.0,1.0,-1.0,-0.34903675012640845,-0.7117146202980171,0.22656067054893794,-0.7750654857827721,4,-0.5,-0.4023140464145649
2018-02-07,103.67063187812596,1.834,2.718,2396.56,-0.04857140686330605,-0.3420000000000001,0.017109019657636892,-0.1850357394948471,-1.0,-1.0,1.0,-1.0,-0.34922390278192744,-0.7023249181470572,0.25158834420991216,-0.6563674924999197,4,-0.5,-0.364081992304748
2018-02-08,104.76690473533536,1.845,2.744,2407.62,-0.04857140686330605,-0.3659999999999999,0.019472682954919662,-0.19772229669770655,-1.0,-1.0,1.0,-1.0,-0.34941097415001227,-0.7501454889092067,0.2867727724681412,-0.7015475307922047,4,-0.5,-0.37858280534582056
2018-02-09,104.66246160593752,1.85,2.757,2363.77,-0.04857140686330605,-0.3720000000000001,0.015075071559917497,-0.17702378878438896,-1.0,-1.0,1.0,-1.0,-0.34959796427402534,-0.7609137109153052,0.22228382303429775,-0.6284075605431386,4,-0.5,-0.37915885317454284
2018-02-12,104.33647043036278,1.859,2.806,2385.38,-0.04857140686330605,-0.3899999999999999,0.010907536938523421,-0.19011618036351002,-1.0,-1.0,1.0,-1.0,-0.34978487319771284,-0.7959529448922916,0.16098427398491738,-0.6751154018323219,4,-0.5,-0.4149672364843522
2018-02-13,104.92115751357238,1.852,2.78,2395.19,-0.04857140686330605,-0.40000000000000013,0.009182968749819054,-0.195080206276735,-1.0,-1.0,1.0,-1.0,-0.34997170096519997,-0.814449488018078,0.1356404837808192,-0.6929430653580247,4,-0.5,-0.43043094264012094
2018-02-14,105.0035118051643,1.85,2.763,2421.83,-0.04857140686330605,-0.395,0.011770548551719884,-0.20999448615910807,-1.0,-1.0,1.0,-1.0,-0.35015844762098575,-0.8024680478137056,0.17403673178227924,-0.7460007370774999,4,-0.5,-0.431147625182478
2018-02-19,104.94819212904942,1.861,2.798,2442.82,-0.04857140686330605,-0.403,0.013662728838046867,-0.2216768239014587,-1.0,-1.0,1.0,-1.0,-0.35034511320993794,-0.8168195314068961,0.2022448792944158,-0.7874657132085897,4,-0.5,-0.438096369632752
2018-02-20,106.02459025732904,1.869,2.807,2415.12,-0.04857140686330605,-0.4039999999999999,0.022931339469378642,-0.20422926815471593,-1.0,-1.0,1.0,-1.0,-0.3505316977772887,-0.8169595623238151,0.33999596226671136,-0.7256222087515045,4,-0.5,-0.3882793766464743
2018-02-21,106.07948799735875,1.862,2.801,2429.65,-0.04857140686330605,-0.399,0.027673865978595558,-0.20810856952186352,-1.0,-1.0,1.0,-1.0,-0.3507182013686296,-0.8050715643116846,0.4110327676927475,-0.7395096516169772,4,-0.5,-0.371066662401136
2018-02-22,105.8675608255558,1.858,2.803,2414.28,-0.04857140686330605,-0.399,0.025346251339997572,-0.2050872027148881,-1.0,-1.0,1.0,-1.0,-0.3509046240299065,-0.8033224080221018,0.37709815273828867,-0.7289054345943478,4,-0.5,-0.37650857847701685
2018-02-23,104.965433705109,1.85,2.792,2451.52,-0.04857140686330605,-0.3880000000000001,0.011867626512835017,-0.21360629721465413,-1.0,-1.0,1.0,-1.0,-0.3510909658074156,-0.7796178686710855,0.1767423458396182,-0.759241002169287,4,-0.5,-0.4283018727020425
2018-02-26,105.37288019799963,1.847,2.763,2457.65,-0.04857140686330605,-0.3879999999999999,0.012926733416274594,-0.21547349076009123,-1.0,-1.0,1.0,-1.0,-0.35127722674779827,-0.7780838157600386,0.19272322156552046,-0.7659195269899816,4,-0.5,-0.4256393369830745
2018-02-27,105.71473593539682,1.843,2.73,2456.14,-0.04857140686330605,-0.3859999999999999,0.014923724801855442,-0.21354431092089138,-1.0,-1.0,1.0,-1.0,-0.3514634068980365,-0.7725904600043972,0.22276505314402212,-0.7591250530553854,4,-0.5,-0.4151034667034492
2018-02-28,106.07839898394846,1.844,2.736,2427.36,-0.04857140686330605,-0.379,0.02300401642846328,-0.19648800051988882,-1.0,-1.0,1.0,-1.0,-0.35164950630544883,-0.7572145821041637,0.34392782639483355,-0.698695964420122,4,-0.5,-0.3659080566087253
2018-03-02,105.16509691947518,1.854,2.741,2402.16,0.0419098594047269,-0.389,0.016559971284803687,-0.1761567222123732,1.0,-1.0,1.0,-1.0,0.3034612151576331,-0.7757133193986363,0.24790603317447593,-0.6267142845192919,4,0.0,-0.2127650888964548
2018-03-05,105.29114265172852,1.857,2.737,2375.06,0.0419098594047269,-0.385,0.0160584279594973,-0.15922267993068953,1.0,-1.0,1.0,-1.0,0.3035018088773414,-0.7663329990924124,0.24070275527078486,-0.5668338088425068,4,0.0,-0.19724056094669823
2018-03-06,105.2457279042404,1.862,2.759,2411.41,0.0419098594047269,-0.39400000000000013,0.011537381192601615,-0.17888754520931432,1.0,-1.0,1.0,-1.0,0.30354270739398503,-0.7827412245610864,0.17310468145975724,-0.6371446570432623,4,0.0,-0.2358096231876516
2018-03-07,105.68484065953729,1.862,2.727,2401.82,0.0419098594047269,-0.399,0.015065591698672165,-0.1812533659011504,1.0,-1.0,1.0,-1.0,0.3035839084625128,-0.7911208192237731,0.22631419834330585,-0.645864594278123,4,0.0,-0.22677182667401935
2018-03-08,106.3005379164518,1.865,2.73,2433.08,0.0419098594047269,-0.4019999999999999,0.013949535615497943,-0.19877971984216344,1.0,-1.0,1.0,-1.0,0.30362540985749004,-0.7954962606774325,0.20978718489608905,-0.7085086443181461,4,0.0,-0.2476480775604999
2018-03-09,106.4816482985578,1.866,2.744,2459.45,0.0419098594047269,-0.40400000000000014,0.016213561104862606,-0.20854930044689865,1.0,-1.0,1.0,-1.0,0.3036672093728879,-0.7978763699379282,0.24414563961579663,-0.7434473978880093,4,0.0,-0.24837772970931324
2018-03-12,106.40068092606128,1.87,2.759,2484.12,0.0419098594047269,-0.3900000000000001,0.014284722966454666,-0.20952001812447055,1.0,-1.0,1.0,-1.0,0.30370930482187597,-0.768863830787196,0.2153494703538152,-0.7470184665691695,4,0.0,-0.24920588054516857
2018-03-13,106.76579759983905,1.872,2.746,2494.49,0.0419098594047269,-0.3920000000000001,0.02351734243826531,-0.22351754796651602,1.0,-1.0,1.0,-1.0,0.30375169403661745,-0.7714371938593252,0.35509776447072416,-0.7969008664589088,4,0.0,-0.22737215045272308
2018-03-14,106.60669579590044,1.87,2.711,2486.08,0.0419098594047269,-0.377,0.0323282828956053,-0.2134456465771113,1.0,-1.0,1.0,-1.0,0.3037943748680666,-0.7407551422465911,0.48898612798356367,-0.7610716426529915,4,0.0,-0.1772615705119881
2018-03-15,106.54509048751116,1.871,2.704,2492.38,0.0419098594047269,-0.3580000000000001,0.034163127454665876,-0.20565808735235927,1.0,-1.0,1.0,-1.0,0.30383734518576894,-0.7024890117245992,0.5176353987552892,-0.7334523608681681,4,0.0,-0.1536171571629273
2018-03-16,106.64680594737564,1.878,2.713,2493.97,0.0419098594047269,-0.3659999999999999,0.03103799763284698,-0.20700658003237168,1.0,-1.0,1.0,-1.0,0.3038806028776643,-0.7171805700499952,0.4710919250488833,-0.7384007309307881,4,0.0,-0.17015219326355893
2018-03-19,106.40170013920736,1.885,2.724,2475.03,0.0419098594047269,-0.369,0.022788644323100904,-0.20106140271990242,1.0,-1.0,1.0,-1.0,0.3039241458498919,-0.7220336621885248,0.34641600382848703,-0.7173800593956299,4,0.0,-0.19726839297644394
2018-03-20,106.28302053753949,1.889,2.732,2485.52,0.0419098594047269,-0.381,0.027850908296695565,-0.20292725009570287,1.0,-1.0,1.0,-1.0,0.30396797202659825,-0.7443668760985634,0.4240738689977937,-0.72421101534882,4,0.0,-0.18513401260574788
2018-03-21,106.37054451156078,1.892,2.723,2484.97,0.0419098594047269,-0.3929999999999998,0.03312046141102254,-0.19374193744866994,1.0,-1.0,1.0,-1.0,0.3040120793497474,-0.7665355228573264,0.5051737814231804,-0.6916669338468214,4,0.0,-0.16225414898280502
2018-03-22,106.12413717709693,1.886,2.694,2496.02,0.0419098594047269,-0.3939999999999999,0.022537190991094747,-0.1891224085139612,1.0,-1.0,1.0,-1.0,0.30405646577893314,-0.767215854230846,0.34427160076053426,-0.675438915239825,4,0.0,-0.19858167573280092
2018-03-23,106.37436284917187,1.881,2.648,2416.76,0.0419098594047269,-0.387,0.02380060736514711,-0.1549783606531562,1.0,-1.0,1.0,-1.0,0.3041011292911944,-0.7524173096792054,0.3641349956286701,-0.5538715251132478,4,0.0,-0.15951317746814717
2018-03-26,105.25936665267513,1.888,2.687,2437.08,0.0419098594047269,-0.4109999999999998,0.01663998867184624,-0.1661755506012334,1.0,-1.0,1.0,-1.0,0.3041460678808323,-0.7976276445237054,0.2548990886009577,-0.5942430227506533,4,0.0,-0.20820637769814215
2018-03-27,104.98727507966964,1.886,2.676,2452.06,0.0419098594047269,-0.4099999999999999,0.003067370966486571,-0.16446214034128537,1.0,-1.0,1.0,-1.0,0.3041912795592298,-0.7942698958465348,0.04699847554641064,-0.5884743426310985,4,0.0,-0.25788862084299824
2018-03-28,105.69096507530791,1.88,2.64,2419.29,0.0419098594047269,-0.4029999999999998,0.009910313725633557,-0.1511511052271515,1.0,-1.0,1.0,-1.0,0.3042367623546734,-0.7794016341282016,0.1519711191115466,-0.5412251830870615,4,0.0,-0.21610473393726076
2018-03-29,106.20066736749966,1.88,2.642,2436.37,0.0419098594047269,-0.4049999999999998,0.00898151989441498,-0.1484077453703731,1.0,-1.0,1.0,-1.0,0.30428251431217707,-0.7819557560946754,0.13783206487296096,-0.5317841817183676,4,0.0,-0.21790633965697626
2018-03-30,106.47459759337832,1.878,2.624,2445.85,0.0419098594047269,-0.4059999999999999,0.005350478497780031,-0.15812926038490366,1.0,-1.0,1.0,-1.0,0.30432853349330913,-0.7825788427732709,0.08214714625776422,-0.5669896817886633,4,0.0,-0.24077321120271522
2018-04-02,106.56960664448816,1.883,2.643,2444.16,-0.00396747513503515,-0.40700000000000003,0.012893840454330174,-0.15708166676180174,-1.0,-1.0,1.0,-1.0,-0.028827080937975248,-0.7832048391725206,0.19816588784398637,-0.5636057282319299,4,-0.5,-0.2943679401246099
2018-04-03,107.2347238724238,1.873,2.634,2442.43,-0.00396747513503515,-0.391,0.015362656288348653,-0.15547026588213,-1.0,-1.0,1.0,-1.0,-0.028844322474159804,-0.7513201496108759,0.23638644993138874,-0.558198575742976,4,-0.5,-0.27549414947415574
2018-04-04,107.33063118319956,1.86,2.617,2408.06,-0.00396747513503515,-0.3920000000000001,0.019928604834430708,-0.14808450291220193,-1.0,-1.0,1.0,-1.0,-0.028861553785344957,-0.7521502765099544,0.30706943340692977,-0.5320625064464035,4,-0.5,-0.2515012258336933
2018-04-05,107.38572450722349,1.861,2.633,2437.52,-0.00396747513503515,-0.389,0.014099850492322652,-0.15710167281903195,-1.0,-1.0,1.0,-1.0,-0.028878774889543345,-0.7453505693975434,0.21749575017478265,-0.5648327872526397,4,-0.5,-0.280391595341236
2018-04-06,107.3347609037518,1.856,2.607,2429.58,-0.00396747513503515,-0.3860000000000001,0.010789389538042649,-0.15022390974551553,-1.0,-1.0,1.0,-1.0,-0.028895985804715328,-0.738605257635731,0.1665781131714195,-0.5404847277536409,4,-0.5,-0.2853519645056669
2018-04-09,106.77446080365922,1.864,2.613,2444.08,-0.00396747513503515,-0.39400000000000013,0.006867143644284646,-0.15573470812493792,-1.0,-1.0,1.0,-1.0,-0.028913186548769197,-0.7528434249777871,0.10608539895648414,-0.5606854189371835,4,-0.5,-0.3090891578768139
2018-04-10,106.62337034174278,1.871,2.622,2450.74,-0.00396747513503515,-0.4039999999999999,0.006467096283750529,-0.16177532225901317,-1.0,-1.0,1.0,-1.0,-0.028930377139561415,-0.7707838201649011,0.09996196072337458,-0.5827966116065352,4,-0.5,-0.32063721204690576
2018-04-11,106.59353434318912,1.869,2.596,2444.22,-0.00396747513503515,-0.40700000000000003,0.009147304192129724,-0.15366701035266384,-1.0,-1.0,1.0,-1.0,-0.028947557594896787,-0.775321653240341,0.14149967501163974,-0.553962344948223,4,-0.5,-0.30418297019295526
2018-04-12,106.5643732058156,1.863,2.58,2442.71,-0.00396747513503515,-0.4099999999999999,0.004491411025841607,-0.1577707273941929,-1.0,-1.0,1.0,-1.0,-0.02896472793252867,-0.7798322701515674,0.06950599144032213,-0.5691263662230178,4,-0.5,-0.32710434321669796
2018-04-13,106.37439756256728,1.862,2.603,2455.07,-0.00396747513503515,-0.40700000000000003,0.006702078388101995,-0.164613611271791,-1.0,-1.0,1.0,-1.0,-0.028981888170159207,-0.7729728702605809,0.10377859630253795,-0.5941678778907562,4,-0.5,-0.3230860100047396
2018-04-16,106.27140905474796,1.864,2.625,2457.49,-0.00396747513503515,-0.39800000000000013,0.010366950492151972,-0.16783440926077606,-1.0,-1.0,1.0,-1.0,-0.028999038325439506,-0.7548415583164683,0.16066681172833916,-0.6061425568275172,4,-0.5,-0.30732908543527143
2018-04-17,105.88969320938943,1.868,2.636,2453.77,-0.00396747513503515,-0.399,0.012075428226610896,-0.16679344762075274,-1.0,-1.0,1.0,-1.0,-0.029016178415969852,-0.7557029055243114,0.18732805479113893,-0.6027350828899868,4,-0.5,-0.3000315280097823
2018-04-18,106.3463398095133,1.871,2.652,2479.98,-0.00396747513503515,-0.385,0.018329062780942706,-0.18249104395025878,-1.0,-1.0,1.0,-1.0,-0.0290333084592999,-0.7283083247464179,0.28471295945583913,-0.6597595070191029,4,-0.5,-0.2830970451922454
2018-04-19,106.56652871795887,1.872,2.647,2486.1,-0.00396747513503515,-0.40400000000000014,0.02672908452112388,-0.19292473812401717,-1.0,-1.0,1.0,-1.0,-0.029050428472928883,-0.7631890144678385,0.4158379967824029,-0.697726992794458,4,-0.5,-0.2685321097382056
2018-04-20,106.89228091585056,1.882,2.671,2476.33,-0.00396747513503515,-0.41999999999999993,0.03421731511343129,-0.18844751377444524,-1.0,-1.0,1.0,-1.0,-0.029067538474305828,-0.7921877686360735,0.5331796217308665,-0.6818062340455008,4,-0.5,-0.24247047985625342
2018-04-23,106.77352577788722,1.89,2.725,2474.11,-0.00396747513503515,-0.43299999999999983,0.03465736970337918,-0.18529961395802425,-1.0,-1.0,1.0,-1.0,-0.029084638480829712,-0.8153425404868979,0.5408878352389298,-0.6707044348162109,4,-0.5,-0.2435609446362522
2018-04-24,106.9898859809489,1.887,2.726,2464.14,-0.00396747513503515,-0.42900000000000005,0.025641134028134616,-0.18671242322702564,-1.0,-1.0,1.0,-1.0,-0.02910172850984971,-0.8065125339065532,0.40078066688579744,-0.6760992918841159,4,-0.5,-0.2777332218536803
2018-04-25,106.2469609636889,1.895,2.762,2448.81,-0.00396747513503515,-0.43500000000000005,0.02491838867633067,-0.1792190696295894,-1.0,-1.0,1.0,-1.0,-0.029118808578665355,-0.8164398458446255,0.3900666627545991,-0.6492794022470183,4,-0.5,-0.2761928484789275
2018-04-26,106.18906764872725,1.888,2.749,2475.64,-0.00396747513503515,-0.4249999999999998,0.022631976265481413,-0.18774764203229097,-1.0,-1.0,1.0,-1.0,-0.029135878704526757,-0.7964553785658304,0.3547834864862357,-0.6804538414125101,4,-0.5,-0.28781540304915787
2018-04-27,106.20444140611872,1.875,2.7,2492.4,-0.00396747513503515,-0.41500000000000004,0.024848720555047166,-0.1976682158453577,-1.0,-1.0,1.0,-1.0,-0.029152938904634777,-0.7766271193282931,0.3901124936508483,-0.7166309623893231,4,-0.5,-0.28307463174285064
2018-04-30,106.473729330463,1.874,2.713,2515.38,-0.00396747513503515,-0.40900000000000003,0.02765430718478079,-0.20287147044619602,-1.0,-1.0,1.0,-1.0,-0.029169989196141246,-0.7643884395532463,0.434823783697799,-0.7356833786040265,4,-0.5,-0.2736045059139038
2018-05-02,107.60395524719084,1.879,2.751,2505.61,0.07659153406237254,-0.4039999999999999,0.03938586982335668,-0.19297338083205257,1.0,-1.0,1.0,-1.0,0.5628081658394317,-0.7540975645597545,0.6201978859418642,-0.7000409114827226,4,0.0,-0.0677831060652953
2018-05-03,107.18963737770852,1.882,2.751,2487.25,0.07659153406237254,-0.3959999999999999,0.03225991164673214,-0.17840849615658333,1.0,-1.0,1.0,-1.0,0.562496781060169,-0.7383086598245647,0.5087756415061472,-0.6475236934430216,4,0.0,-0.07863998267531755
2018-05-04,106.92822618528704,1.894,2.761,2461.38,0.07659153406237254,-0.4169999999999998,0.02605519430713432,-0.15905765211474193,1.0,-1.0,1.0,-1.0,0.5621882437151465,-0.776406603582174,0.4115330432039895,-0.5776598810001754,4,0.0,-0.09508629941580334
2018-05-08,106.98316348863696,1.909,2.787,2449.81,0.07659153406237254,-0.43100000000000005,0.024743184988250455,-0.15039580850788492,1.0,-1.0,1.0,-1.0,0.5618825267147238,-0.8012798088149403,0.3913809924968681,-0.5465804070400854,4,0.0,-0.09864917416085844
2018-05-09,107.07670718769548,1.916,2.805,2443.98,0.07659153406237254,-0.44399999999999995,0.019910501257193403,-0.1495997161883832,1.0,-1.0,1.0,-1.0,0.5615796033118715,-0.8241207582983807,0.3153521785187172,-0.5440657984171624,4,0.0,-0.1228136937212386
2018-05-10,106.84098887794724,1.913,2.772,2464.16,0.07659153406237254,-0.44300000000000006,0.021171305756792158,-0.15700394315069938,1.0,-1.0,1.0,-1.0,0.5612794470967032,-0.8209668075840049,0.33577518704249215,-0.5713650183106681,4,0.0,-0.12381929793886941
2018-05-11,107.13063854266676,1.92,2.785,2477.71,0.07659153406237254,-0.45099999999999985,0.027291556103818948,-0.1538962103093953,1.0,-1.0,1.0,-1.0,0.5609820319911123,-0.8344168506370494,0.4334888125100466,-0.5604303023559928,4,0.0,-0.10009407712297082
2018-05-14,107.75346542271194,1.932,2.795,2476.11,0.07659153406237254,-0.46899999999999986,0.03005989952261512,-0.14637949619848936,1.0,-1.0,1.0,-1.0,0.5606873322435117,-0.8661365686790341,0.4781848604533386,-0.5334368334026817,4,0.0,-0.09017530234621636
2018-05-15,108.0549615253199,1.931,2.814,2458.54,0.07659153406237254,-0.4650000000000001,0.03394871928494325,-0.11557134579895176,1.0,-1.0,1.0,-1.0,0.560395322423675,-0.8572399199359627,0.5408638790661676,-0.42151674024365826,4,0.0,-0.0443743646724446
2018-05-16,107.73911276846616,1.916,2.794,2459.82,0.07659153406237254,-0.43999999999999995,0.028375356584209754,-0.11985548300324293,1.0,-1.0,1.0,-1.0,0.5601059774176755,-0.8099595855554276,0.4527459035918055,-0.43750069573485323,4,0.0,-0.05865210007019994
2018-05-17,107.12885180519268,1.901,2.796,2448.45,0.07659153406237254,-0.42999999999999994,0.024574051710938072,-0.10332555598615109,1.0,-1.0,1.0,-1.0,0.5598192724229233,-0.7904825794612688,0.3926531603154739,-0.3774851394314509,4,0.0,-0.05387382153858061
2018-05-18,107.13855129569052,1.871,2.765,2460.65,0.07659153406237254,-0.40900000000000003,0.02208805559629301,-0.111693228443838,1.0,-1.0,1.0,-1.0,0.5595351829432942,-0.7510289518088075,0.3534100074453558,-0.40839746192774307,4,0.0,-0.06162030583697514
2018-05-21,107.19583937198507,1.879,2.769,2465.57,0.07659153406237254,-0.4179999999999999,0.02101875979328316,-0.11102739800077618,1.0,-1.0,1.0,-1.0,0.5592536847843528,-0.766632601839183,0.3367450609981951,-0.4063033924080712,4,0.0,-0.06923431211617657
2018-05-23,106.81220013601114,1.872,2.747,2471.91,0.07659153406237254,-0.40900000000000003,0.017282967066986288,-0.10979450714040677,1.0,-1.0,1.0,-1.0,0.5589747540486649,-0.7492994194691452,0.277217571125659,-0.40212909113123374,4,0.0,-0.07880904635651377
2018-05-24,107.26126344135083,1.853,2.72,2466.01,0.07659153406237254,-0.3979999999999999,0.016593668711730736,-0.11038556782482807,1.0,-1.0,1.0,-1.0,0.5586983671311978,-0.7284272253257339,0.2664640065518231,-0.40463238205448293,4,0.0,-0.07697430842429898
2018-05-25,107.27454500727092,1.855,2.716,2460.8,0.07659153406237254,-0.3999999999999999,0.018386632379065126,-0.11076429411402952,1.0,-1.0,1.0,-1.0,0.5584245007148074,-0.7313599469477381,0.29561404538181224,-0.40635970620902634,4,0.0,-0.07092027676503619
2018-05-28,107.39249504045604,1.858,2.726,2478.96,0.07659153406237254,-0.405,0.023323616698548655,-0.1189912756598979,1.0,-1.0,1.0,-1.0,0.5581531317658092,-0.7397405378118281,0.3755048034096658,-0.43689701966924094,4,0.0,-0.06074490557639853
2018-05-29,107.96614633252138,1.85,2.693,2457.25,0.07659153406237254,-0.389,0.032606282903738126,-0.09806307488239394,1.0,-1.0,1.0,-1.0,0.5578842375296312,-0.7098962336516714,0.5257288671863044,-0.3603620365801625,4,0.0,0.0033387086210254213
2018-05-30,107.90828865209396,1.852,2.697,2409.03,0.07659153406237254,-0.391,0.02336416115115547,-0.07706368911632534,1.0,-1.0,1.0,-1.0,0.557617795526549,-0.7129182462913803,0.37722838758902144,-0.2834338422378342,4,0.0,-0.015376476353411023
2018-05-31,107.28545679742626,1.849,2.695,2423.01,0.07659153406237254,-0.3799999999999999,0.01975903047328842,-0.07867059278021013,1.0,-1.0,1.0,-1.0,0.5573537835474974,-0.6923250606469006,0.31942103831951785,-0.2895894629613949,4,0.0,-0.026284925435320045
2018-06-01,107.68180209811008,1.848,2.703,2438.96,0.03212728800779535,-0.3800000000000001,0.029434557891206303,-0.07672943608300137,1.0,-1.0,1.0,-1.0,0.23386156994026558,-0.6917952156188495,0.4765276252035039,-0.28268276107150503,4,0.0,-0.06602219538664626
2018-06-04,107.8060191734454,1.852,2.733,2447.76,0.03212728800779535,-0.3840000000000001,0.023315776078867145,-0.07818521273805273,1.0,-1.0,1.0,-1.0,0.23393409635051665,-0.6985249431452073,0.377979894863319,-0.28828957015208934,4,0.0,-0.09372513052086524
2018-06-05,108.2694191600979,1.847,2.716,2453.76,0.03212728800779535,-0.3799999999999999,0.03020123082221815,-0.07962318201234371,1.0,-1.0,1.0,-1.0,0.2340066750042567,-0.6907322928341845,0.49031405221248264,-0.293839882144383,4,0.0,-0.06506286194045703
2018-06-07,108.32509288704657,1.852,2.75,2470.58,0.03212728800779535,-0.3900000000000001,0.032102027999736826,-0.09489059726436369,1.0,-1.0,1.0,-1.0,0.23407930546191372,-0.7083262704015794,0.521930070741247,-0.35047836412311045,4,0.0,-0.07569881458038229
2018-06-08,108.44025852038985,1.842,2.714,2451.58,0.03212728800779535,-0.377,0.036110160998267915,-0.08215290207565254,1.0,-1.0,1.0,-1.0,0.2341519872871495,-0.6842333526454031,0.5879281154587157,-0.3036877936614108,4,0.0,-0.041460260890237174
2018-06-11,107.94504859467446,1.848,2.732,2470.15,0.03212728800779535,-0.3880000000000001,0.03111250486926309,-0.0937598007745645,1.0,-1.0,1.0,-1.0,0.23422472004683184,-0.7036434556337858,0.5072900092203602,-0.3468861521934438,4,0.0,-0.07725371964000942
2018-06-12,108.04708254831606,1.85,2.721,2468.83,0.03212728800779535,-0.393,0.03330456222648692,-0.0810889238826541,1.0,-1.0,1.0,-1.0,0.23429750331100702,-0.7121265233013436,0.5438110465536278,-0.30025946271473464,4,0.0,-0.05856935903786087
2018-06-14,108.00231719079804,1.864,2.711,2423.48,0.03212728800779535,-0.41000000000000014,0.03258634939501004,-0.0656170166658282,1.0,-1.0,1.0,-1.0,0.23437033665287285,-0.7422195182577471,0.532846923066489,-0.2431681884025662,4,0.0,-0.054542611735237875
2018-06-15,107.45296507021638,1.86,2.672,2404.04,0.03212728800779535,-0.40800000000000014,0.026950752244935927,-0.05938971615770939,1.0,-1.0,1.0,-1.0,0.2344432196487517,-0.7379126591524485,0.44131078577968486,-0.22026712439285318,4,0.0,-0.07060644452921629
2018-06-18,106.82710964927222,1.857,2.65,2376.24,0.03212728800779535,-0.405,0.02440466988349055,-0.04350621859436068,1.0,-1.0,1.0,-1.0,0.2345161518780637,-0.7318330711271158,0.40015826854770625,-0.1614782756351381,4,0.0,-0.06465923158412099
2018-06-19,105.6940843003238,1.856,2.62,2340.11,0.03212728800779535,-0.40600000000000014,0.01588507589577759,-0.01814761708513956,1.0,-1.0,1.0,-1.0,0.23458913292330077,-0.7329864734535319,0.2607369735880156,-0.06739819407495772,4,0.0,-0.0762646402542933
2018-06-20,105.70891319616958,1.859,2.618,2363.91,0.03212728800779535,-0.391,0.011705800000968658,-0.03423835862510167,1.0,-1.0,1.0,-1.0,0.23466216237000007,-0.7053730797006819,0.19229588717175142,-0.12724681313512554,4,0.0,-0.10141546082351399
2018-06-21,105.56212831902252,1.847,2.594,2337.83,0.03212728800779535,-0.3919999999999999,0.01439545159610578,-0.01771203496821354,1.0,-1.0,1.0,-1.0,0.23473523980671857,-0.7066439660241127,0.23670931954615226,-0.06586679634475107,4,0.0,-0.07526655075399824
2018-06-22,105.5526106167385,1.847,2.608,2357.22,0.03212728800779535,-0.3879999999999999,0.017163251296285154,-0.02851969934380222,1.0,-1.0,1.0,-1.0,0.2348083648250072,-0.6989349879333314,0.2825319594914845,-0.10612916827428978,4,0.0,-0.07193095797278237
2018-06-25,105.47510428946498,1.849,2.605,2357.88,0.03212728800779535,-0.395,0.014933685645019956,-0.036962382948355244,1.0,-1.0,1.0,-1.0,0.23488153701938577,-0.7110030943155806,0.2460746651030099,-0.13764475216873126,4,0.0,-0.09192291109047906
2018-06-26,104.99755443194752,1.852,2.618,2350.92,0.03212728800779535,-0.393,0.00610181656245512,-0.032569998625125864,1.0,-1.0,1.0,-1.0,0.23495475598731774,-0.7068824896925152,0.10058835022843415,-0.12137176021286344,4,0.0,-0.12317778592240669
2018-06-27,105.2483981954239,1.844,2.576,2342.03,0.03212728800779535,-0.387,0.016063936321200067,-0.021188444761056288,1.0,-1.0,1.0,-1.0,0.23502802132918552,-0.6956176748876435,0.2650912985900641,-0.07900804780231786,4,0.0,-0.06862660069267792
2018-06-28,105.39072064495792,1.843,2.558,2314.24,0.03212728800779535,-0.385,0.015023680820689833,-0.009796332058896094,1.0,-1.0,1.0,-1.0,0.23510133264826563,-0.6915693226838155,0.24817188542700336,-0.03654897376502225,4,0.0,-0.06121126959339221
2018-06-29,105.13041556664616,1.844,2.556,2326.13,0.03212728800779535,-0.381,0.015562774753305142,-0.02003148168534473,1.0,-1.0,1.0,-1.0,0.23517468955070467,-0.68396250941724,0.25733963366768003,-0.07478139349954561,4,0.0,-0.06655739492460024
2018-07-02,105.46882219997202,1.844,2.53,2271.54,0.1546688297503555,-0.3760000000000001,0.023368819536393026,0.010988045533920035,1.0,-1.0,1.0,1.0,1.0,-0.6746017087718679,0.3869180858675293,0.041036228928748066,4,0.5,0.18833815150610236
2018-07-03,105.6654712419672,1.847,2.577,2272.76,0.1546688297503555,-0.3799999999999999,0.024230507353284025,0.009677127344855804,1.0,-1.0,1.0,1.0,1.0,-0.6813734740713472,0.4017114674374998,0.03615474017463966,4,0.5,0.1891231833851981
2018-07-04,105.56676316857308,1.836,2.547,2265.46,0.1546688297503555,-0.3680000000000001,0.02319814536541287,0.01911471043082056,1.0,-1.0,1.0,1.0,1.0,-0.6595289537822948,0.3850906226077239,0.07143655926991688,4,0.5,0.1992495570238365
2018-07-05,105.7611225458561,1.823,2.545,2257.55,0.1546688297503555,-0.357,0.020486688424604438,0.02366877840190803,1.0,-1.0,1.0,1.0,1.0,-0.6395524059851639,0.3404905413948665,0.08847967266177613,4,0.5,0.1973544520178697
2018-07-06,105.46756238516764,1.825,2.555,2272.87,0.1546688297503555,-0.351,0.018630683608622967,0.016972189761764903,1.0,-1.0,1.0,1.0,1.0,-0.6285759254904459,0.3099962585823023,0.06346718362807335,4,0.5,0.18622187917998242
2018-07-09,105.46536045240266,1.826,2.558,2285.8,0.1546688297503555,-0.3520000000000001,0.02612005759060576,0.017022694530681476,1.0,-1.0,1.0,1.0,1.0,-0.6301373759449518,0.43519124666199654,0.0636771250527889,4,0.5,0.2171827489424584
2018-07-10,105.89028344865422,1.821,2.553,2294.16,0.1546688297503555,-0.34799999999999986,0.02885795255707091,0.01455527615076594,1.0,-1.0,1.0,1.0,1.0,-0.6227705431959032,0.481460877420358,0.05446652268291886,4,0.5,0.2282892142268434
2018-07-11,105.59486171629268,1.807,2.512,2280.62,0.1546688297503555,-0.33299999999999996,0.030738791421530465,0.02655875246652645,1.0,-1.0,1.0,1.0,1.0,-0.5957925521432167,0.5135386194875983,0.09940783940002677,4,0.5,0.2542884766861021
2018-07-12,105.55628170430457,1.852,2.542,2285.06,0.1546688297503555,-0.3740000000000001,0.02940923306749177,0.01932666900633013,1.0,-1.0,1.0,1.0,1.0,-0.668809933677369,0.4919915445927917,0.07236112501556147,4,0.5,0.22388568398274605
2018-07-13,105.01242271214667,1.859,2.556,2310.9,0.1546688297503555,-0.381,0.026580009709351593,0.01064569190984578,1.0,-1.0,1.0,1.0,1.0,-0.6809522025230674,0.44525003749307596,0.0398742325883833,4,0.5,0.20104301688959794
2018-07-16,105.24679927045482,1.853,2.546,2301.99,0.1546688297503555,-0.375,0.02866018024132888,0.015402661634219682,1.0,-1.0,1.0,1.0,1.0,-0.6698932640835156,0.4807400488958991,0.057711992200732115,4,0.5,0.2171396942532789
2018-07-17,104.81877879494137,1.845,2.552,2297.92,0.1546688297503555,-0.3639999999999999,0.027920637038131524,0.016721498403001186,1.0,-1.0,1.0,1.0,1.0,-0.6499731546183827,0.4689592421347099,0.0626747090124523,4,0.5,0.2204151991321949
2018-07-18,105.17289393328224,1.839,2.53,2290.11,0.1546688297503555,-0.363,0.033443094329993706,0.020102600233030222,1.0,-1.0,1.0,1.0,1.0,-0.647926620484855,0.5624645355775452,0.07537073035468578,4,0.5,0.24747716136184397
2018-07-19,105.00443882714066,1.841,2.54,2282.29,0.1546688297503555,-0.3639999999999999,0.026899260469754438,0.027821355380039846,1.0,-1.0,1.0,1.0,1.0,-0.649449036076166,0.4530013719831068,0.10433485825169611,4,0.5,0.2269717985396592
2018-07-20,105.07682728429076,1.832,2.522,2289.19,0.1546688297503555,-0.359,0.027738932806157912,0.02383563441416971,1.0,-1.0,1.0,1.0,1.0,-0.6402949088376265,0.46775876708607766,0.08941211191315322,4,0.5,0.2292189925404011
2018-07-23,104.67545129944996,1.832,2.535,2269.31,0.1546688297503555,-0.367,0.022405771463814617,0.036179286322048684,1.0,-1.0,1.0,1.0,1.0,-0.6542921638060661,0.3782878509968964,0.13573538205599134,4,0.5,0.21493276731170538
2018-07-24,105.24766869095548,1.838,2.575,2280.2,0.1546688297503555,-0.371,0.021703215925367836,0.03120290783960776,1.0,-1.0,1.0,1.0,1.0,-0.6611344876332494,0.36686596839863983,0.11708879192469082,4,0.5,0.2057050681725203
2018-07-25,104.90492208102977,1.837,2.546,2273.03,0.1546688297503555,-0.3699999999999999,0.01935138840504802,0.04283901745312473,1.0,-1.0,1.0,1.0,1.0,-0.659072808731407,0.3274786933348825,0.16076531249256965,4,0.5,0.20729279927401129
2018-07-26,105.28485816706672,1.838,2.55,2289.06,0.1546688297503555,-0.375,0.016276028205479243,0.03459904548541502,1.0,-1.0,1.0,1.0,1.0,-0.667676118784663,0.275710440029088,0.12986435537494057,4,0.5,0.1844746691548414
2018-07-27,105.9993748683412,1.864,2.571,2294.99,0.1546688297503555,-0.401,0.023234171546552496,0.03209807948505599,1.0,-1.0,1.0,1.0,1.0,-0.7135127450523725,0.39406353778479347,0.12050081708484504,4,0.5,0.20026290245431652
2018-07-30,106.09812699132152,1.881,2.573,2293.51,0.1546688297503555,-0.41999999999999993,0.02041215269504182,0.035788458282630026,1.0,-1.0,1.0,1.0,1.0,-0.7467389762302535,0.3465992124772554,0.13437631192106111,4,0.5,0.18355913704201574
2018-07-31,106.50538542119392,1.88,2.567,2295.26,0.1546688297503555,-0.42399999999999993,0.026882353659758884,0.037426387196627005,1.0,-1.0,1.0,1.0,1.0,-0.753247196353638,0.45705160405442136,0.1405463104642935,4,0.5,0.21108767954126922
2018-08-01,106.44616873503244,1.877,2.589,2307.07,-0.0034041900992454505,-0.42100000000000004,0.02349673082904058,0.031213998272586318,-1.0,-1.0,1.0,1.0,-0.02351741088296788,-0.7473430739549647,0.39998004572239404,0.11724163627093227,4,0.0,-0.06340970071115157
2018-08-02,106.33631423594824,1.878,2.574,2270.2,-0.0034041900992454505,-0.42799999999999994,0.017881884797853687,0.04272912151959979,-1.0,-1.0,1.0,1.0,-0.023530608352293408,-0.7591500209382004,0.3047205278175962,0.16050710158686596,4,0.0,-0.0793632499715079
2018-08-03,106.16794573463396,1.874,2.58,2287.68,-0.0034041900992454505,-0.42200000000000015,0.016086913634864253,0.03540730065546665,-1.0,-1.0,1.0,1.0,-0.023543798425750155,-0.7479397122649305,0.2744008964831938,0.13302595723636437,4,0.0,-0.09101416424278061
2018-08-06,105.85664481445627,1.867,2.561,2286.5,-0.0034041900992454505,-0.42399999999999993,0.01817189407772002,0.03862276320342431,-1.0,-1.0,1.0,1.0,-0.023556981115754733,-0.7509087478911779,0.31029424382053816,0.14512624111826988,4,0.0,-0.07976131101703116
2018-08-07,106.18082666073929,1.859,2.557,2300.16,-0.0034041900992454505,-0.4159999999999999,0.01507321444962706,0.016662466566216557,-1.0,-1.0,1.0,1.0,-0.02357015643468908,-0.7362278076098826,0.2576216528661045,0.0626318421684262,4,0.0,-0.10988611725251024
2018-08-08,106.0034485513947,1.852,2.557,2301.45,-0.0034041900992454505,-0.41000000000000014,0.0193528993962353,0.01657790791419462,-1.0,-1.0,1.0,1.0,-0.02358332439490056,-0.725142428985489,0.33113108382621587,0.062336074815514314,4,0.0,-0.08881464868466482
2018-08-09,106.49479782417215,1.848,2.521,2303.71,-0.0034041900992454505,-0.405,0.02776368243199645,0.029429066381496404,-1.0,-1.0,1.0,1.0,-0.023596485008702116,-0.7158701729699484,0.4756469365704622,0.11068482409136848,4,0.0,-0.03828372432920496
2018-08-10,106.83991480705102,1.848,2.49,2282.79,-0.0034041900992454505,-0.40700000000000003,0.027254674398327516,0.04207709370196021,-1.0,-1.0,1.0,1.0,-0.023609638288372405,-0.7189688253626597,0.46751861314933174,0.15827132793342294,4,0.0,-0.02919713064206935
2018-08-13,106.6402705833377,1.853,2.505,2248.45,-0.0034041900992454505,-0.4139999999999999,0.029933567007724093,0.03933341506227393,-1.0,-1.0,1.0,1.0,-0.023622784246155926,-0.7308579198747578,0.5141291035327763,0.147971072629447,4,0.0,-0.023095131989672606
2018-08-14,106.2715461600652,1.859,2.503,2258.91,-0.0034041900992454505,-0.42399999999999993,0.03070077797641968,0.03852870859923712,-1.0,-1.0,1.0,1.0,-0.023635922894263157,-0.7479730854349811,0.5279803276969087,0.1449648532929541,4,0.0,-0.024665956834845362
2018-08-16,106.31670570311836,1.856,2.475,2240.8,-0.0034041900992454505,-0.41300000000000003,0.028558246389740027,0.05291482337601049,-1.0,-1.0,1.0,1.0,-0.02364905424487068,-0.7281096614462554,0.4917569320200564,0.1990898681057803,4,0.0,-0.015227978891322345
2018-08-17,106.46115480292578,1.837,2.431,2247.05,-0.0034041900992454505,-0.385,0.030904898820089954,0.054052244796491775,-1.0,-1.0,1.0,1.0,-0.02366217831012131,-0.6784582291157942,0.5328414985476673,0.20336410917779923,4,0.0,0.008521300074887744
2018-08-20,106.66559991036937,1.831,2.407,2247.88,-0.0034041900992454505,-0.353,0.03208383905683654,0.04670284958309498,-1.0,-1.0,1.0,1.0,-0.023675295102124252,-0.6219349029791515,0.5538676196520302,0.17572388893607668,4,0.0,0.02099532762670777
2018-08-21,106.83995196672409,1.791,2.381,2270.06,-0.0034041900992454505,-0.31599999999999984,0.04203398100364275,0.03391075468324342,-1.0,-1.0,1.0,1.0,-0.02368840463295521,-0.5567493830520573,0.7264125361905898,0.1276179757439005,4,0.0,0.06839818106236943
2018-08-22,107.05214567544104,1.792,2.402,2273.33,-0.0034041900992454505,-0.31600000000000006,0.05025770346051761,0.012196460954540633,-1.0,-1.0,1.0,1.0,-0.023701506914656497,-0.5567538161009236,0.8691219856332211,0.045917869552539535,4,0.0,0.08364613304254515
2018-08-23,107.0264223801284,1.791,2.395,2282.6,-0.0034041900992454505,-0.30899999999999994,0.05521863154869511,0.01484264406812617,-1.0,-1.0,1.0,1.0,-0.02371460195923721,-0.5444465803493411,0.9552485169501604,0.0559014780593022,4,0.0,0.11074720317522106
2018-08-24,107.24444127250644,1.79,2.381,2293.21,-0.0034041900992454505,-0.29400000000000004,0.04865170608588798,0.01980204561255665,-1.0,-1.0,1.0,1.0,-0.02372768977867332,-0.5180825482301396,0.8422947780721838,0.07460498920270736,4,0.0,0.09377238231651956
2018-08-27,106.98135383755292,1.792,2.371,2299.3,-0.0034041900992454505,-0.30400000000000005,0.047803117006946394,0.022684267120324078,-1.0,-1.0,1.0,1.0,-0.02374077038490782,-0.5357458971088463,0.8282791243870781,0.08549042242594043,4,0.0,0.08857071982981607
2018-08-28,107.35665838209762,1.793,2.354,2303.12,-0.0034041900992454505,-0.31399999999999983,0.048409853044286244,0.02050597701366428,-1.0,-1.0,1.0,1.0,-0.023753843789850845,-0.5533841460857207,0.839449994570002,0.07730663779464758,4,0.0,0.08490466062226952
2018-08-29,107.85346284607996,1.793,2.362,2309.03,-0.0034041900992454505,-0.31199999999999983,0.05894100624065679,0.01507320454292067,-1.0,-1.0,1.0,1.0,-0.0237669100053798,-0.5498813461542045,1.0,0.05684678962737992,4,0.0,0.12079963336694892
2018-08-30,108.06071835779608,1.807,2.367,2307.35,-0.0034041900992454505,-0.31899999999999995,0.058640178464616,0.020097867228722244,-1.0,-1.0,1.0,1.0,-0.02377996904333948,-0.5622211415184574,1.0,0.07582211899835921,4,0.0,0.1224552521091406
2018-08-31,108.31194468018792,1.768,2.311,2322.88,-0.0034041900992454505,-0.278,0.05874121026835066,0.017442017860059417,-1.0,-1.0,1.0,1.0,-0.0237930209155422,-0.49006414232136186,1.0,0.0658261435420965,4,0.0,0.1379922450762981
2018-09-03,107.97705566411749,1.764,2.292,2307.03,0.060215219958679546,-0.2709999999999999,0.05202145427059346,0.02915007615737668,1.0,-1.0,1.0,1.0,0.4208730942026387,-0.4778408272945622,0.9028325705944852,0.1100402768717704,4,0.5,0.23897627859358303
2018-09-04,108.01321378745156,1.757,2.298,2315.72,0.060215219958679546,-0.2789999999999999,0.04913400369266174,0.023153586910009735,1.0,-1.0,1.0,1.0,0.42088239026317875,-0.49204946453841597,0.8533612555624954,0.08743089259936249,4,0.5,0.21740626847165517
2018-09-05,108.05116163563471,1.751,2.269,2291.77,0.060215219958679546,-0.2709999999999999,0.052855190631309945,0.03225208463760829,1.0,-1.0,1.0,1.0,0.42089215709605454,-0.4780579550234298,0.9184792825709445,0.12181550146520738,4,0.5,0.24578224652719416
2018-09-06,107.80723527699678,1.756,2.274,2287.61,0.060215219958679546,-0.2709999999999999,0.04359653115448037,0.03212047488230468,1.0,-1.0,1.0,1.0,0.4209023916283702,-0.47817586756874453,0.7583465649181413,0.1213461135682698,4,0.5,0.2056048006365092
2018-09-07,107.37839467401638,1.758,2.268,2281.58,0.060215219958679546,-0.2869999999999999,0.04526160987509531,0.037467547937811256,1.0,-1.0,1.0,1.0,0.42091309081207207,-0.5064961916946898,0.7880446788598535,0.14157150414535286,4,0.5,0.21100827053064714
2018-09-10,107.21273687076622,1.76,2.258,2288.66,0.060215219958679546,-0.2909999999999999,0.04084267755235693,0.032365907776602434,1.0,-1.0,1.0,1.0,0.42092425162369873,-0.513636126614456,0.711879332500611,0.12232280910414191,4,0.5,0.1853725666534989
2018-09-11,106.93004774076942,1.766,2.273,2283.2,0.060215219958679546,-0.30099999999999993,0.04105022647145873,0.03194435838694712,1.0,-1.0,1.0,1.0,0.4209358710641363,-0.5313454155643309,0.7162679313060807,0.12075777635166801,4,0.5,0.18165404078938852
2018-09-12,106.99541332494742,1.753,2.254,2282.92,0.060215219958679546,-0.2749999999999999,0.040352406844400335,0.024342716380219828,1.0,-1.0,1.0,1.0,0.42094794615837444,-0.48556180330923554,0.704862821746693,0.09204965200121898,4,0.5,0.18307465414926272
2018-09-13,106.90817001247272,1.771,2.262,2286.23,0.060215219958679546,-0.29699999999999993,0.04846709899266166,0.021032397863455045,1.0,-1.0,1.0,1.0,0.42096047395526676,-0.5244762981600652,0.8472669182664496,0.07955855846527035,4,0.5,0.2058274131317304
2018-09-14,107.2101726873475,1.797,2.309,2318.25,0.060215219958679546,-0.32699999999999996,0.05313458107980917,-0.001642994236841595,1.0,-1.0,1.0,-1.0,0.42097345152729343,-0.5774427918464385,0.9293347857138338,-0.006218048256625551,4,0.0,0.19166184928451577
2018-09-17,107.44712024065508,1.803,2.316,2303.01,0.060215219958679546,-0.32799999999999985,0.057660021274395845,0.015295772877646562,1.0,-1.0,1.0,1.0,0.42098687597032686,-0.5791959897747287,1.0,0.057910245858596936,4,0.5,0.22492528301354875
2018-09-18,106.91408769426212,1.808,2.337,2308.98,0.060215219958679546,-0.34099999999999997,0.05152740168454706,0.0071735420781548955,1.0,-1.0,1.0,1.0,0.4210007444034003,-0.602097219648709,0.9019510787063121,0.027171324059388727,4,0.5,0.18700648188009802
2018-09-19,106.9037192908166,1.82,2.374,2308.46,0.060215219958679546,-0.3480000000000001,0.05201336892518604,0.01185107697937987,1.0,-1.0,1.0,1.0,0.4210150539684787,-0.6143785548258277,0.9109900365353811,0.04490687684577355,4,0.5,0.19063335313095142
2018-09-20,107.0296855191474,1.843,2.428,2323.45,0.060215219958679546,-0.3739999999999999,0.05252090578266522,0.0037635836488489356,1.0,-1.0,1.0,1.0,0.42102980183023303,-0.6600960908577106,0.9203896863388756,0.014267911149685895,4,0.5,0.173897827115271
2018-09-21,107.23158555953782,1.839,2.412,2339.17,0.060215219958679546,-0.375,0.05249403033903288,-0.004658278278221566,1.0,-1.0,1.0,-1.0,0.4210449851758164,-0.6616748973693343,0.9204315635530684,-0.017669011339805106,4,0.0,0.16553316000493637
2018-09-27,107.4809613560539,1.844,2.375,2355.43,0.060215219958679546,-0.3800000000000001,0.052436340557941996,-0.0010864902798376971,1.0,-1.0,1.0,-1.0,0.4210606012146436,-0.6702905605772278,0.9199367328379373,-0.004123163610139396,4,0.0,0.16664590246630342
2018-09-28,108.10468767821511,1.846,2.357,2343.07,0.060215219958679546,-0.3820000000000001,0.06253589074168975,0.00946562574280236,1.0,-1.0,1.0,1.0,0.4210766471781728,-0.6736051494421313,1.0,0.03593682733585972,4,0.5,0.1958520812679753
2018-10-01,108.3956543733534,1.849,2.384,2338.88,0.07272749970795625,-0.3819999999999999,0.06623052335368573,0.02383541474682293,1.0,-1.0,1.0,1.0,0.5084918260257646,-0.6733948483912372,1.0,0.09052082225787615,4,0.5,0.2314044499731009
2018-10-02,108.35025393533644,1.844,2.371,2309.57,0.07272749970795625,-0.3660000000000001,0.05976107789906138,0.03891261520264372,1.0,-1.0,1.0,1.0,0.508411362354116,-0.6450538414529864,1.0,0.14780558607182878,4,0.5,0.2527907767432396
2018-10-04,108.11600463867536,1.864,2.445,2274.49,0.07272749970795625,-0.387,0.058116202351745194,0.045583342719423534,1.0,-1.0,1.0,1.0,0.5083318789455343,-0.6818364124878377,1.0,0.17316183984859146,4,0.5,0.24991432657657203
2018-10-05,107.11144635839862,1.872,2.453,2267.52,0.07272749970795625,-0.393,0.04778771954811045,0.045646686506111214,1.0,-1.0,1.0,1.0,0.5082533689065315,-0.6921521094337806,0.8386569871850702,0.173420840305722,4,0.5,0.20704477174088579
2018-10-08,106.8022395070739,1.877,2.453,2253.83,0.07272749970795625,-0.401,0.046491071588095956,0.04332247997223618,1.0,-1.0,1.0,1.0,0.5081758254061656,-0.7059481623003907,0.8166144828337815,0.16461237940764079,4,0.5,0.1958636313367993
2018-10-10,106.70806344108736,1.859,2.413,2228.61,0.07272749970795625,-0.3799999999999999,0.049830850133993465,0.05445046804585054,1.0,-1.0,1.0,1.0,0.5080992416753297,-0.6687918593415515,0.8759058635743242,0.20689827451013915,4,0.5,0.23052788010456038
2018-10-11,106.7347615862707,1.844,2.361,2129.67,0.07272749970795625,-0.349,0.04348422429404675,0.10466404255989754,1.0,-1.0,1.0,1.0,0.5080236110060514,-0.6141740574860468,0.7650995708228634,0.39743861423523735,4,0.5,0.2640969346445263
2018-10-12,105.71456343281538,1.859,2.399,2161.85,0.07272749970795625,-0.32600000000000007,0.036729904792016654,0.08988941920193927,1.0,-1.0,1.0,1.0,0.5079489267508012,-0.5737151086330099,0.6469931349364334,0.3411897100790128,4,0.5,0.23060416578330936
2018-10-15,106.33920113617444,1.863,2.38,2145.12,0.07272749970795625,-0.32800000000000007,0.04256125759983043,0.10213847789240195,1.0,-1.0,1.0,1.0,0.5078751823218102,-0.5772469255002295,0.7504679850282939,0.3874505083978757,4,0.5,0.2671366875619376
2018-10-16,106.30640978925491,1.871,2.38,2145.12,0.07272749970795625,-0.3420000000000001,0.048418142947848075,0.10988641713929734,1.0,-1.0,1.0,1.0,0.5078023711903978,-0.6018554413293488,0.8544079585855769,0.4165446030841114,4,0.5,0.29422487288268434
2018-10-17,106.78422738407988,1.87,2.341,2167.51,0.07272749970795625,-0.31600000000000006,0.049007977396907876,0.12203888744110586,1.0,-1.0,1.0,1.0,0.5077304868863083,-0.5561474595766747,0.8654678205375755,0.46219422605025556,4,0.5,0.3198112684743662
2018-10-18,107.1579159195183,1.844,2.293,2148.31,0.07272749970795625,-0.29300000000000015,0.04999837954482533,0.1447316160659604,1.0,-1.0,1.0,1.0,0.5076595229970553,-0.5157678291284931,0.8835792560945301,0.5474317060840576,4,0.5,0.3557256640117875
2018-10-19,106.63023663298723,1.845,2.318,2156.26,0.07272749970795625,-0.29899999999999993,0.04418893411367453,0.14336818215388075,1.0,-1.0,1.0,1.0,0.5075894731672775,-0.5264176094225147,0.7816562192433423,0.5415967514862655,4,0.5,0.32610620861859263
2018-10-22,106.44108748195566,1.856,2.344,2161.71,0.07272749970795625,-0.30000000000000004,0.040595090793235755,0.13854308959993425,1.0,-1.0,1.0,1.0,0.5075203310981007,-0.5282647478054869,0.7188411040175601,0.5227667029558005,4,0.5,0.30521584756649356
2018-10-23,106.79599864197198,1.852,2.307,2106.1,0.07272749970795625,-0.28300000000000014,0.042910421143874444,0.170720825298677,1.0,-1.0,1.0,1.0,0.5074520905465091,-0.49844895465676,0.7605909568900702,0.6430566710831744,4,0.5,0.3531626909657484
2018-10-24,106.4160889959094,1.861,2.309,2097.58,0.07272749970795625,-0.28600000000000003,0.03531149995686711,0.17659480700440672,1.0,-1.0,1.0,1.0,0.5073847453247262,-0.5038474064596873,0.6266090188435663,0.6639514400681963,4,0.5,0.3235244494442004
2018-10-25,106.80948559453802,1.862,2.269,2063.3,0.07272749970795625,-0.28900000000000015,0.04149736005886773,0.19496461658402567,1.0,-1.0,1.0,1.0,0.5073182892996022,-0.5092422232268841,0.7371322569651881,0.7313896437205193,4,0.5,0.36664949168960637
2018-10-26,106.22946122435776,1.858,2.248,2027.15,0.07272749970795625,-0.2160000000000002,0.03421305652860873,0.21330538455627948,1.0,-1.0,1.0,1.0,0.5072527163920115,-0.38079330237698106,0.6084291095155631,0.7981055777496628,4,0.5,0.3832485253200641
2018-10-29,106.02949898028622,1.807,2.171,1996.05,0.07272749970795625,-0.08699999999999997,0.03370892140711401,0.24492772677872665,1.0,-1.0,1.0,1.0,0.5071880205762561,-0.15348458454251912,0.6001447171856733,0.9133564496880398,4,0.5,0.4668011507268625
2018-10-30,106.3635648753096,1.832,2.221,2014.69,0.07272749970795625,-0.13800000000000012,0.03492425164739643,0.23047745318702753,1.0,-1.0,1.0,1.0,0.5071241958794785,-0.24361820192289818,0.6224826532492262,0.8569382303417734,4,0.5,0.43573171938689503
2018-10-31,106.2599118837631,1.834,2.243,2029.69,0.07272749970795625,-0.1280000000000001,0.033005047049702974,0.22163640623233,1.0,-1.0,1.0,1.0,0.5070612363810824,-0.22611624308754322,0.5889414546173183,0.82184088235612,4,0.5,0.4229318325667444
2018-11-01,106.46502021939122,1.834,2.251,2024.46,0.0527469208235178,-0.10899999999999999,0.03097338381427761,0.2279032245238986,1.0,-1.0,1.0,1.0,0.3678155737638115,-0.19268547885142437,0.5533116928337269,0.8426998542108016,4,0.5,0.39278541048922894
2018-11-02,106.24854019253448,1.852,2.283,2096.0,0.0527469208235178,-0.0930000000000002,0.02891847475896281,0.18928179371542928,1.0,-1.0,1.0,1.0,0.3678760973510548,-0.16451741931937747,0.5171762432468427,0.6985383847145563,4,0.5,0.3547683264982691
2018-11-05,107.11286738834922,1.85,2.279,2076.92,0.0527469208235178,-0.0930000000000002,0.031814515558437506,0.20461579544463004,1.0,-1.0,1.0,1.0,0.3679368065692597,-0.16463338511877298,0.5696089435879411,0.7534410164630009,4,0.5,0.3815883453753572
2018-11-06,107.32596227905454,1.851,2.295,2089.62,0.0527469208235178,-0.09800000000000009,0.03816549745152109,0.1981602027714603,1.0,-1.0,1.0,1.0,0.367997700281354,-0.17360607437448486,0.6840520148411767,0.7281572443684827,4,0.5,0.40165022127913214
2018-11-07,107.39172544659765,1.841,2.259,2078.69,0.0527469208235178,-0.06400000000000006,0.03517399259621268,0.21884119955365738,1.0,-1.0,1.0,1.0,0.3680587773581733,-0.11345666448971957,0.6311338300115206,0.8021454187164005,4,0.5,0.4219703403990937
2018-11-08,107.47022336634332,1.844,2.257,2092.63,0.0527469208235178,-0.07900000000000018,0.03311927875224452,0.22340575258091533,1.0,-1.0,1.0,1.0,0.3681200366783943,-0.14014757335221562,0.5949296404461255,0.8167740693633735,4,0.5,0.4099190432839194
2018-11-09,107.87688957226185,1.841,2.233,2086.09,0.0527469208235178,-0.08400000000000007,0.03302409239560955,0.2228133879886603,1.0,-1.0,1.0,1.0,0.3681814771284687,-0.1491230019394106,0.5938811863761283,0.8125519481704825,4,0.5,0.4063729024339172
2018-11-12,107.38750044292289,1.836,2.21,2080.44,0.0527469208235178,-0.07900000000000018,0.026916873668916708,0.23191456537178692,1.0,-1.0,1.0,1.0,0.3682430976025573,-0.1403459951263425,0.4845710045202728,0.8434594735188494,4,0.5,0.38898189512883424
2018-11-13,107.01462105479848,1.837,2.211,2071.23,0.0527469208235178,-0.07800000000000007,0.02107339319942625,0.2347593261433692,1.0,-1.0,1.0,1.0,0.3683048970024655,-0.13866756483451564,0.3797248440176416,0.8514737136614012,4,0.5,0.36520897246174816
2018-11-14,106.60710137896704,1.837,2.195,2068.05,0.0527469208235178,-0.09099999999999997,0.02125698991947278,0.23521738877118195,1.0,-1.0,1.0,1.0,0.3683668742375791,-0.16189196734712266,0.38338924889705833,0.8508237380034092,4,0.5,0.360171973447731
2018-11-15,106.7953226928784,1.847,2.231,2088.06,0.0527469208235178,-0.09400000000000008,0.017581247208398487,0.22535868777233845,1.0,-1.0,1.0,1.0,0.36842902822480045,-0.16734549035814322,0.31734483602609204,0.8131575528728746,4,0.5,0.33289648169140595
2018-11-16,106.81098124478711,1.849,2.22,2092.4,0.0527469208235178,-0.09600000000000009,0.020125483037710445,0.22336513108880401,1.0,-1.0,1.0,1.0,0.3684913578884855,-0.17102458883831836,0.3635917485362397,0.8040383564214467,4,0.5,0.3412742185019634
2018-11-19,106.79154295119552,1.849,2.201,2100.56,0.0527469208235178,-0.09000000000000008,0.02066016836939255,0.22016084858312618,1.0,-1.0,1.0,1.0,0.36855386216038194,-0.16044732794060956,0.37358965437157343,0.7906851295020957,4,0.5,0.3430953295233604
2018-11-20,106.90622663241408,1.853,2.206,2082.58,0.0527469208235178,-0.06899999999999995,0.023667242176514947,0.22491012340513766,1.0,-1.0,1.0,1.0,0.36861653997956695,-0.1230965191677805,0.42838983485112714,0.8058278759997435,4,0.5,0.3699344329156643
2018-11-21,107.048454810323,1.858,2.209,2076.55,0.0527469208235178,-0.05500000000000016,0.027104789423820996,0.22826249406293753,1.0,-1.0,1.0,1.0,0.3686793902923864,-0.09818987331349724,0.49113021978486576,0.8158651581892272,4,0.5,0.3943712237382455
2018-11-22,106.66696404167604,1.857,2.206,2069.95,0.0527469208235178,-0.06000000000000005,0.022112344621968205,0.2252397634444746,1.0,-1.0,1.0,1.0,0.36874241205239444,-0.10719189598799174,0.40104772930449867,0.803191013530298,4,0.5,0.36644731472479986
2018-11-23,106.71790339727823,1.848,2.169,2057.48,0.0527469208235178,-0.04400000000000004,0.020065552799947817,0.2402288603878046,1.0,-1.0,1.0,1.0,0.3688056042202933,-0.0786628351860178,0.3642452777471549,0.8544007740511091,4,0.5,0.37719720520813493
2018-11-26,106.72936409657164,1.842,2.167,2083.02,0.0527469208235178,-0.04200000000000004,0.01133706450390548,0.22813637179226182,1.0,-1.0,1.0,1.0,0.36886896576387457,-0.07514011381410333,0.20589475139268457,0.8095025145762441,4,0.5,0.327281529479675
2018-11-27,106.9031316641828,1.836,2.15,2099.42,0.0527469208235178,-0.040000000000000036,0.006767206434453499,0.2173168136835309,1.0,-1.0,1.0,1.0,0.36893249565795994,-0.07161229337943134,0.12292080370751964,0.769503523759043,4,0.5,0.2974361324362728
2018-11-28,106.96598838464736,1.841,2.155,2108.22,0.0527469208235178,-0.040999999999999925,0.008508588927139904,0.2136919547526031,1.0,-1.0,1.0,1.0,0.3689961928843433,-0.07345411739122579,0.15459627189702224,0.7551611543134729,4,0.5,0.30132487542590314
2018-11-29,106.8978139478092,1.826,2.114,2114.1,0.0527469208235178,-0.014000000000000012,0.00710874976488185,0.21789565825797833,1.0,-1.0,1.0,1.0,0.36906005643173345,-0.025099170035108434,0.12918713277422472,0.7684361460313206,4,0.5,0.3103960413005426
2018-11-30,107.37506636745955,1.83,2.106,2096.86,0.0527469208235178,-0.02100000000000013,0.009229382501664496,0.22380041616997481,1.0,-1.0,1.0,1.0,0.3691240852956966,-0.03767481661275823,0.16778260529970285,0.7875656913486345,4,0.5,0.32169939133281894
2018-12-03,107.60003644161038,1.845,2.128,2131.93,0.20841655961885053,-0.020999999999999908,0.010292883169523037,0.20955968130254254,1.0,-1.0,1.0,1.0,1.0,-0.037700860167509995,0.18719296108125896,0.7360878347668708,4,0.5,0.471394983920155
2018-12-04,108.07776684267878,1.843,2.102,2114.35,0.20841655961885053,-0.018999999999999906,0.011939023036396712,0.20498242566724023,1.0,-1.0,1.0,1.0,1.0,-0.0341338095047992,0.21724120235819974,0.7187529895285723,4,0.5,0.4754650955954932
2018-12-05,108.19283769094476,1.839,2.058,2101.31,0.20841655961885053,-0.026000000000000023,0.015518143297136966,0.21346972431745892,1.0,-1.0,1.0,1.0,1.0,-0.0467417438619649,0.2825623365614235,0.7471019095931042,4,0.5,0.4957306255731407
2018-12-06,107.92318160827884,1.82,1.983,2068.69,0.20841655961885053,-0.01100000000000012,0.01320006615178837,0.23428190799219248,1.0,-1.0,1.0,1.0,1.0,-0.019788838344767058,0.2404926332865973,0.8180802881235542,4,0.5,0.5096960207663461
2018-12-07,107.64273429868123,1.809,1.993,2075.76,0.20841655961885053,-0.010999999999999899,0.004525181500075526,0.2151864265457769,1.0,-1.0,1.0,1.0,1.0,-0.019802314350913626,0.08244585985046374,0.7499920549110343,4,0.5,0.45315890010264614
2018-12-10,107.58074464518212,1.794,1.978,2053.79,0.20841655961885053,0.0129999999999999,0.005487755325517263,0.22759917211984645,1.0,1.0,1.0,1.0,1.0,0.023418114769064358,0.09999266912377576,0.7915953198874471,4,1.0,0.47875152594507187
2018-12-11,107.23228612410551,1.79,1.98,2052.97,0.20841655961885053,0.020000000000000018,0.004296153880357423,0.2380709836932482,1.0,1.0,1.0,1.0,1.0,0.03605120397871425,0.0782810144067325,0.8261335898305635,4,1.0,0.48511645205400256
2018-12-12,106.81268092507229,1.769,2.01,2082.57,0.20841655961885053,0.05300000000000016,0.001741684383365083,0.22608785282651017,1.0,1.0,1.0,1.0,1.0,0.09559247817606563,0.031729420336697824,0.7829681507878123,4,1.0,0.4775725123251439
2018-12-13,106.75271266217842,1.769,2.018,2095.55,0.20841655961885053,0.04100000000000015,-0.002730950184760772,0.2020897694118054,1.0,1.0,-1.0,1.0,1.0,0.07399438064812275,-0.04972227678701645,0.6987664484564176,4,0.5,0.43075963807938095
2018-12-14,107.0411444065079,1.76,2.002,2069.38,0.20841655961885053,0.05400000000000005,0.005924861540781201,0.21211685874750047,1.0,1.0,1.0,1.0,1.0,0.09751362506603664,0.107889151129407,0.7321736552249896,4,1.0,0.48439410785510834
2018-12-17,106.7356175181278,1.761,2.004,2071.09,0.20841655961885053,0.05300000000000016,0.002939967963762058,0.2122710069350445,1.0,1.0,1.0,1.0,1.0,0.0957645128390988,0.05353137807118801,0.7314541818356459,4,1.0,0.47018751818648313
2018-12-18,106.50449593490544,1.751,1.981,2062.11,0.20841655961885053,0.061000000000000165,0.0009556400889501049,0.22117147719318841,1.0,1.0,1.0,1.0,1.0,0.11028303595627126,0.01739635194393675,0.7607136258564732,4,1.0,0.47209825343917033
2018-12-19,106.53253115173152,1.743,1.932,2078.84,0.20841655961885053,0.06399999999999983,0.0005770619459184445,0.21067772557158088,1.0,1.0,1.0,1.0,1.0,0.11577267568550607,0.010502027474332152,0.7234283807716594,4,1.0,0.4624257709828744
2018-12-20,107.00269776661104,1.743,1.932,2060.12,0.20841655961885053,0.06599999999999984,0.0020849353100107493,0.22739607625011132,1.0,1.0,1.0,1.0,1.0,0.11945798490280127,0.037939117870180325,0.7793312614184379,4,1.0,0.4841820910478548
2018-12-21,106.5776710895882,1.746,1.97,2061.49,0.20841655961885053,0.06499999999999995,0.0018261067395384245,0.21897857984403737,1.0,1.0,1.0,1.0,1.0,0.11771462256016639,0.033224468531089416,0.7491649651039479,4,1.0,0.47502601404880096
2018-12-24,107.115058153215,1.748,1.99,2055.01,0.20841655961885053,0.07099999999999995,0.002198828229275307,0.22425217533035685,1.0,1.0,1.0,1.0,1.0,0.1286516650968563,0.040001457004618476,0.7658012596054815,4,1.0,0.4836135954267391
2018-12-26,106.98291137301592,1.745,1.948,2028.01,0.20841655961885053,0.08699999999999997,0.0035414429986824203,0.24076132082399387,1.0,1.0,1.0,1.0,1.0,0.15772478215398844,0.06442653744749853,0.8204384904786277,4,1.0,0.5106474525200286
2018-12-27,106.9347370384818,1.747,1.943,2028.44,0.20841655961885053,0.09399999999999986,0.0028548604813636302,0.24103861777982982,1.0,1.0,1.0,1.0,1.0,0.17049996626218675,0.05193362058998932,0.8196591379187048,4,1.0,0.5105231811927202
2018-12-28,107.25614188439334,1.748,1.948,2041.04,0.20841655961885053,0.09400000000000008,0.0038960791600066713,0.23323772289863398,1.0,1.0,1.0,1.0,1.0,0.17058463219036898,0.07087723700307788,0.7915981603241166,4,1.0,0.5082650073793908
2018-12-31,107.32110380382017,1.748,1.948,,0.20841655961885053,0.09699999999999998,0.0016721181743086788,,1.0,1.0,1.0,,1.0,0.17611479405570882,0.030415077497410164,,3,,
2019-01-02,107.16145932911374,1.733,1.948,2010.0,-0.06843600005436196,0.135,-0.0005391314253602175,0.2379246042237636,-1.0,1.0,-1.0,1.0,-0.4450598046436583,0.24520017551957082,-0.009803537153807659,0.805890899038582,4,0.0,0.14905693319017171
2019-01-03,107.17058081936636,1.731,1.955,1993.7,-0.06843600005436196,0.14100000000000001,-0.0019984319377979176,0.2396837987129314,-1.0,1.0,-1.0,1.0,-0.4451133240048696,0.25618890360149876,-0.03632383001208506,0.8102173081336013,4,0.0,0.14624226442953636
2019-01-04,106.3772542724373,1.717,1.972,2010.25,-0.06843600005436196,0.16599999999999993,-0.01038259767189409,0.23437326063557612,-1.0,1.0,-1.0,1.0,-0.4451671026114961,0.301692262245544,-0.1884789608544574,0.7907651118803012,4,0.0,0.11470282766497292
2019-01-07,106.34705622581713,1.722,1.977,2037.1,-0.06843600005436196,0.15500000000000003,-0.012086222887774944,0.2310342117910086,-1.0,1.0,-1.0,1.0,-0.44522113895107585,0.2817868915942739,-0.21909195401324127,0.7780837026140511,4,0.0,0.09888937531100198
2019-01-08,106.84996798867056,1.725,1.994,2025.27,-0.06843600005436196,0.14900000000000002,-0.009679520788161255,,-1.0,1.0,-1.0,,-0.44527543152151206,0.27096790892687656,-0.1752641410257004,,3,,
2019-01-09,106.60796386886686,1.723,1.985,2064.71,-0.06843600005436196,0.1279999999999999,-0.010905669306616517,0.22344764046938398,-1.0,1.0,-1.0,1.0,-0.4453299788309861,0.23287057406019543,-0.1972168828622173,0.7512786388119486,4,0.0,0.08540058779473515
2019-01-10,106.44181190205882,1.717,1.964,2063.28,-0.06843600005436196,0.123,-0.01520238710399724,0.230038822041724,-1.0,1.0,-1.0,1.0,-0.4453847793978716,0.22386671813100567,-0.2744409994197267,0.7720756781768952,4,0.0,0.06902915437257563
2019-01-11,106.46319401573024,1.72,1.992,2075.57,-0.06843600005436196,0.1180000000000001,-0.014177289305107976,0.21502810949313717,-1.0,1.0,-1.0,1.0,-0.44543983175064916,0.21485857825664922,-0.25552833597441943,0.7206163221029357,4,0.0,0.05862668315862908
2019-01-14,106.4021620936342,1.718,1.973,2064.52,-0.06843600005436196,0.09800000000000009,-0.013840326618517196,0.23400048564374776,-1.0,1.0,-1.0,1.0,-0.4454951344278216,0.17852830823784224,-0.249073403209094,0.7827876684268057,4,0.0,0.06668685975693309
2019-01-15,106.04427696746768,1.721,1.968,2097.18,-0.06843600005436196,0.09899999999999998,-0.01926610251087979,0.22675508782157602,-1.0,1.0,-1.0,1.0,-0.44555068597783104,0.18043685968768966,-0.3459653844116759,0.7572929109308952,4,0.0,0.036553425057269495
2019-01-16,106.2151720946534,1.722,1.982,2106.1,-0.06843600005436196,0.10299999999999998,-0.01587940556313594,0.22217648644643792,-1.0,1.0,-1.0,1.0,-0.4456064849589755,0.18781557921531195,-0.2846592804810318,0.7408401583064237,4,0.0,0.04959749302043209
2019-01-17,106.1063860002523,1.722,1.976,2107.06,-0.06843600005436196,0.1140000000000001,-0.01650387038151635,0.22377711595033564,-1.0,1.0,-1.0,1.0,-0.44566252993932715,0.20796497807113098,-0.2953298388970899,0.7450010111072232,4,0.0,0.05299340508548428
2019-01-18,106.19956304942876,1.731,2.008,2124.28,-0.06843600005436196,0.10099999999999998,-0.013108116578472107,0.20449007915590314,-1.0,1.0,-1.0,1.0,-0.44571881949665154,0.184337260951653,-0.23424563046293803,0.6799338393301434,4,0.0,0.04607666258055171
2019-01-21,106.36516699559412,1.736,2.028,2124.61,-0.06843600005436196,0.09800000000000009,-0.009331768711440702,0.2088694494612388,-1.0,1.0,-1.0,1.0,-0.445775352218327,0.17894826543117714,-0.1666035846978398,0.6935834159462752,4,0.0,0.06503818611532138
2019-01-22,105.9619985982736,1.729,1.997,2117.77,-0.06843600005436196,0.12199999999999989,-0.015772237047357862,0.22029797167772264,-1.0,1.0,-1.0,1.0,-0.4458321267012653,0.22286494092054196,-0.2811308695254097,0.7304517476415784,4,0.0,0.05658842308386133
2019-01-23,105.71377217891198,1.737,1.984,2127.78,-0.06843600005436196,0.11399999999999988,-0.01804123240247879,0.22242995676848337,-1.0,1.0,-1.0,1.0,-0.4458891415518328,0.20834226805533004,-0.32097426818177255,0.7364155435840793,4,0.0,0.04447360047645102
2019-01-24,105.77453361400988,1.745,1.993,2145.03,-0.06843600005436196,0.10699999999999998,-0.014861792845263011,0.21073022479619358,-1.0,1.0,-1.0,1.0,-0.4459463953857725,0.19563894226342549,-0.26401856462268897,0.6967713939730282,4,0.0,0.04561134405699807
2019-01-25,105.79943837243316,1.746,2.005,2177.73,-0.06843600005436196,0.07899999999999996,-0.014031474197121696,0.19351176940941806,-1.0,1.0,-1.0,1.0,-0.4460038868281271,0.14451984757654443,-0.24892814820844542,0.639174297922089,4,0.0,0.022190527615515238
2019-01-28,105.86123975263182,1.751,2.019,2177.3,-0.06843600005436196,0.07400000000000007,-0.008899867240056203,0.19579649372823724,-1.0,1.0,-1.0,1.0,-0.4460616145131624,0.13544578719472086,-0.1577596591054124,0.6460339932510034,4,0.0,0.04441462670678738
2019-01-29,106.43440982138242,1.757,2.035,2183.36,-0.06843600005436196,0.07800000000000007,-0.0035846226266142978,0.18562940126150979,-1.0,1.0,-1.0,1.0,-0.4461195770842916,0.1428426150559144,-0.06351935422242168,0.6119290011775028,4,0.0,0.06128317123167598
2019-01-30,106.38111245640334,1.761,2.051,2206.2,-0.06843600005436196,0.07000000000000006,-0.002468151905562266,0.18779302309804816,-1.0,1.0,-1.0,1.0,-0.4461777731940008,0.1282619347893019,-0.043724654034626775,0.6184839242749995,4,0.0,0.06421085795891845
2019-01-31,106.22779724751877,1.754,2.001,2204.85,-0.06843600005436196,0.07699999999999996,-0.0024485322362863826,0.19215688991822652,-1.0,1.0,-1.0,1.0,-0.44623620150377413,0.14116284167725587,-0.04336660747498044,0.6322333397188038,4,0.0,0.07094834310432627
2019-02-01,106.57963596644431,1.751,1.983,2203.46,-0.0107436319833609,0.08200000000000007,0.00476102102998599,0.20508912086286551,-1.0,1.0,1.0,1.0,-0.07008815820317477,0.1504071317162684,0.08434566981599621,0.6740020843654483,4,0.5,0.20966668192363452
2019-02-07,106.4427390338439,1.751,1.995,2203.42,-0.0107436319833609,0.08300000000000018,-0.0030690492286442606,0.21046562712463535,-1.0,1.0,-1.0,1.0,-0.07012256284664578,0.15231981390340762,-0.05435564990252045,0.6908242948069324,4,0.0,0.17966647399029345
2019-02-08,106.04940910843494,1.743,1.965,2177.05,-0.0107436319833609,0.12199999999999989,-0.002044412058034517,0.2391642993787005,-1.0,1.0,-1.0,1.0,-0.07015695062601153,0.2239842442166746,-0.036201330190879795,0.7837239046876492,4,0.0,0.2253374670218581
2019-02-11,106.01852042111352,1.741,1.943,2180.73,-0.0107436319833609,0.133,-0.0031881255547672183,0.2306464514636388,-1.0,1.0,-1.0,1.0,-0.07019132156603468,0.2442721798069112,-0.05643789472554476,0.7546743993320468,4,0.0,0.21807934071184465
2019-02-12,106.13169207856272,1.749,1.978,2190.47,-0.0107436319833609,0.10999999999999988,0.0030803540003674357,0.22169138479441952,-1.0,1.0,1.0,1.0,-0.07022567569141731,0.20211991789976627,0.054539365709030736,0.7243918311915323,4,0.5,0.22770635977722797
2019-02-13,106.04690594099772,1.754,1.987,2201.48,-0.0107436319833609,0.09800000000000009,0.002771596745598792,0.2157277826382888,-1.0,1.0,1.0,1.0,-0.07026001302680127,0.18015657961702186,0.049080186633511755,0.7040225212157405,4,0.5,0.2157498186098682
2019-02-14,106.3615439097554,1.753,1.99,2225.85,-0.0107436319833609,0.09100000000000019,0.007597625854302237,0.18753664110774523,-1.0,1.0,1.0,1.0,-0.07029433359676825,0.16737106117760545,0.13459908866078754,0.6114998748154287,4,0.5,0.21079392276426334
2019-02-15,106.01249324077364,1.75,1.962,2196.09,-0.0107436319833609,0.1060000000000001,0.0065946546490271984,0.1935867684513919,-1.0,1.0,1.0,1.0,-0.07032863742584008,0.19504876820836942,0.11687504416860116,0.630644329565736,4,0.5,0.21805987612921662
2019-02-18,105.80339497189016,1.762,1.997,2210.89,-0.0107436319833609,0.07800000000000007,0.015406474152213967,0.16420298376398734,-1.0,1.0,1.0,1.0,-0.07036292453847891,0.14360162148785624,0.2732518037853434,0.5346267075034495,4,0.5,0.22027930205954258
2019-02-19,105.9928972262668,1.763,1.996,2205.63,-0.0107436319833609,0.07100000000000017,0.02215321215975674,0.14078119343975,-1.0,1.0,1.0,1.0,-0.07039719495908736,0.1307846001754026,0.3932746727797707,0.45823513151457834,4,0.5,0.22797430237766608
2019-02-20,105.68961716392384,1.766,1.992,2229.76,-0.0107436319833609,0.07899999999999996,0.008768731257017492,0.13690475132288363,-1.0,1.0,1.0,1.0,-0.0704314487120088,0.14559665075142683,0.15574330763509464,0.4455074094853131,4,0.5,0.16910397978995645
2019-02-21,105.89315713959458,1.769,2.01,2228.66,-0.0107436319833609,0.08100000000000018,0.011690113580448802,0.11861729408624488,-1.0,1.0,1.0,1.0,-0.07046568582152751,0.14935963786616452,0.20775972554827737,0.3859702248297086,4,0.5,0.16815597560565576
2019-02-22,105.70961696664584,1.771,2.008,2230.5,-0.0107436319833609,0.08800000000000008,0.01307490289597002,0.13097266520304374,-1.0,1.0,1.0,1.0,-0.07049990631186888,0.1623483223871031,0.2325276062578603,0.4260954083053846,4,0.5,0.18761785765961977
2019-02-25,105.61522993634314,1.774,2.012,2232.56,-0.0107436319833609,0.07800000000000007,0.006593396472880819,0.13175365055055172,-1.0,1.0,1.0,1.0,-0.07053411020719962,0.14397467271720066,0.11730351735785288,0.42855559136074933,4,0.5,0.1548249178071508
2019-02-26,105.82659743072333,1.771,2.003,2226.6,-0.0107436319833609,0.07900000000000018,0.007808085953554311,0.14484769442932113,-1.0,1.0,1.0,1.0,-0.07056829753162797,0.14589614518305283,0.1389760081100042,0.47099774934200483,4,0.5,0.1713254012758585
2019-02-27,106.04438245315993,1.77,1.985,2234.79,-0.0107436319833609,0.09099999999999997,0.010390888772155549,0.15404584573984992,-1.0,1.0,1.0,1.0,-0.07060246830920384,0.16814014750228604,0.18505211465834004,0.5007019841876685,4,0.5,0.1958229445097727
2019-02-28,106.11828706063544,1.776,1.987,2195.44,-0.0107436319833609,0.09299999999999997,0.0008833368396192753,0.16096649329158563,-1.0,1.0,1.0,1.0,-0.07063662256391913,0.17191907347645627,0.015732102562948973,0.5229446450171401,4,0.5,0.15998979962315657
2019-03-04,106.0753835232489,1.787,2.027,2190.66,-0.0047337104033715,0.07500000000000018,-3.869318749050166e-05,0.16546434576826144,-1.0,1.0,-1.0,1.0,-0.03113812871527056,0.13871731670636794,-0.0006891098837087636,0.5372737737102439,4,0.0,0.16104096295440812
2019-03-05,105.6646608665304,1.788,2.029,2179.23,-0.0047337104033715,0.07000000000000006,-0.0019183840610983438,0.16434950260888595,-1.0,1.0,-1.0,1.0,-0.031153319185562967,0.12953881637661255,-0.034160734410415707,0.5333818281288686,4,0.0,0.14940164772737563
2019-03-06,105.67148787914353,1.786,2.021,2175.6,-0.0047337104033715,0.06400000000000006,0.006704017634911352,0.18108375177965022,-1.0,1.0,1.0,1.0,-0.031168502252530327,0.11850020328574064,0.11942599976850235,0.5872799273591711,4,0.5,0.19850940704022094
2019-03-07,105.57588939773514,1.78,2.005,2165.79,-0.0047337104033715,0.06699999999999995,0.0019247257312411392,0.18706041784636682,-1.0,1.0,1.0,1.0,-0.03118367792698651,0.1241219125223958,0.034291476586102015,0.6061978205960281,4,0.5,0.18335688294438485
2019-03-08,105.68704277437412,1.773,1.973,2137.44,-0.0047337104033715,0.07000000000000006,-0.00026199553617800575,0.19954216065823643,-1.0,1.0,-1.0,1.0,-0.031198846219719082,0.1297488361823922,-0.004667710058607851,0.6460529262630682,4,0.0,0.18498380154178337
2019-03-11,105.16557988345076,1.776,1.986,2138.1,-0.0047337104033715,0.06800000000000006,-0.008642374442778156,0.1868866628238481,-1.0,1.0,-1.0,1.0,-0.0312140071414894,0.12610943520415765,-0.1538701365485441,0.6046243371774878,4,0.0,0.13641240717290298
2019-03-12,105.01651186182708,1.776,1.991,2157.18,-0.0047337104033715,0.07800000000000007,-0.0014138732999704473,0.16756651943636175,-1.0,1.0,-1.0,1.0,-0.031229160703032683,0.14472965930905296,-0.025170636624024505,0.5418382935495116,4,0.0,0.15754203888287685
2019-03-13,105.496071556161,1.77,1.966,2148.41,-0.0047337104033715,0.08699999999999997,0.0019444155545009778,0.16197466666035792,-1.0,1.0,1.0,1.0,-0.031244306915058147,0.1615093798724485,0.03462048265132766,0.5235203004480282,4,0.5,0.17210146401418658
2019-03-14,105.09631740110198,1.77,1.978,2155.68,-0.0047337104033715,0.09200000000000008,-0.0014206434861865347,0.17458541963563967,-1.0,1.0,-1.0,1.0,-0.03125944578824903,0.17087428933402773,-0.025292666750819762,0.563948126024263,4,0.0,0.1695675757048055
2019-03-15,105.14129828034456,1.778,1.989,2176.11,-0.0047337104033715,0.08400000000000007,-0.005156320617717647,0.1577279041111912,-1.0,1.0,-1.0,1.0,-0.03127457733326275,0.15609402748592408,-0.09176921458069812,0.5092926225698574,4,0.0,0.13558571453545515
2019-03-18,104.70158850838456,1.781,1.994,2179.49,-0.0047337104033715,0.08400000000000007,-0.015156055935577228,0.1689470399999357,-1.0,1.0,-1.0,1.0,-0.03128970156073092,0.15617237173485202,-0.2694043228366185,0.5452380032093804,4,0.0,0.10017908763672075
2019-03-19,104.810017503032,1.781,1.979,2177.62,-0.0047337104033715,0.08500000000000019,-0.015823299676027247,0.18290521041527671,-1.0,1.0,-1.0,1.0,-0.031304818481259496,0.1581104680624381,-0.2809015356480026,0.5898899035898482,4,0.0,0.10894850438075604
2019-03-20,105.11545369425446,1.783,1.981,2177.1,-0.0047337104033715,0.08700000000000019,-0.012152671489891631,0.19416475611306164,-1.0,1.0,-1.0,1.0,-0.031319928105428815,0.1619107253423091,-0.21554096491651356,0.6257029345135906,4,0.0,0.13518819170848934
2019-03-21,104.99296801193977,1.773,1.932,2184.88,-0.0047337104033715,0.0990000000000002,-0.016744251443508773,0.1976433923605831,-1.0,1.0,-1.0,1.0,-0.031335030443793724,0.18432908042695237,-0.29657517562967767,0.6363811079825674,4,0.0,0.1231999955840121
2019-03-22,105.30966692571648,1.777,1.934,2186.95,-0.0047337104033715,0.0930000000000002,-0.012241103514156748,0.190359293715177,-1.0,1.0,-1.0,1.0,-0.03135012550688365,0.17324072487962233,-0.2166199532273137,0.6124747550334652,4,0.0,0.13443635029472253
2019-03-25,105.2149349386614,1.763,1.888,2144.86,-0.0047337104033715,0.1080000000000001,-0.012563023081883173,0.21544379507691636,-1.0,1.0,-1.0,1.0,-0.031365213305202665,0.2012718187376582,-0.2221125439538099,0.6924556215239077,4,0.0,0.16006242075063834
2019-03-26,104.69302528704796,1.76,1.905,2148.8,-0.0047337104033715,0.11799999999999988,-0.01848999605802515,0.2136062715293747,-1.0,1.0,-1.0,1.0,-0.03138029384922961,0.21999947866141864,-0.326413384085568,0.6858518742241713,4,0.0,0.13701441873769807
2019-03-27,104.95920138373197,1.74,1.845,2145.62,-0.0047337104033715,0.14500000000000002,-0.013649839132799713,0.21314396225554186,-1.0,1.0,-1.0,1.0,-0.03139536714941813,0.27042873473213247,-0.24072857995971325,0.6836821001713321,4,0.0,0.1704967219485833
2019-03-28,104.90059390804048,1.719,1.81,2128.1,-0.0047337104033715,0.16999999999999993,-0.013092364006400459,0.22901233033441665,-1.0,1.0,-1.0,1.0,-0.03141043321619681,0.31713308244649824,-0.23068272659837527,0.7336957653974628,4,0.0,0.19718392200734725
2019-03-29,104.77252039664606,1.722,1.833,2140.67,-0.0047337104033715,0.16999999999999993,-0.015137173735430665,0.22034172289580561,-1.0,1.0,-1.0,1.0,-0.03142549205996924,0.3172119522434436,-0.26641618146920115,0.7051565431358787,4,0.0,0.18113170546253798
2019-04-01,104.89927450242244,1.74,1.866,2168.28,0.0514756219610341,0.1459999999999999,-0.011608915056465996,0.20700323676598878,1.0,1.0,-1.0,1.0,0.3418078462392508,0.2725194881914115,-0.20416087624317616,0.661875917102746,4,0.5,0.26801059382255804
2019-04-02,105.0581749832664,1.733,1.856,2177.18,0.0514756219610341,0.1479999999999999,-0.012450353019012539,0.16775733871725565,1.0,1.0,-1.0,1.0,0.34188662623131527,0.27634254378789613,-0.21877610339205514,0.5361563350807128,4,0.5,0.23390235042696728
2019-04-03,104.84007078734616,1.743,1.889,2203.27,0.0514756219610341,0.1449999999999998,-0.003991409278388147,0.1646979808952996,1.0,1.0,-1.0,1.0,0.34196547197272287,0.2708317905854337,-0.07012564210782848,0.5261678380751944,4,0.5,0.26720986463138063
2019-04-04,104.82696560796798,1.744,1.877,2206.53,0.0514756219610341,0.1419999999999999,-0.0015281088869025794,0.1694273417670345,1.0,1.0,-1.0,1.0,0.34204438305370855,0.26531986651137074,-0.02684790275596035,0.5410357385379542,4,0.5,0.28038802133676827
2019-04-05,104.8463500367966,1.752,1.893,2209.61,0.0514756219610341,0.1279999999999999,-0.008023466710746163,0.15041807932337845,1.0,1.0,-1.0,1.0,0.34212335906695396,0.2392541976665724,-0.1409046548984541,0.4802124426036413,4,0.5,0.2301713361096784
2019-04-08,104.73747570845566,1.749,1.868,2210.6,0.0514756219610341,0.13099999999999978,-0.013873404839662484,0.15916525476060994,1.0,1.0,-1.0,1.0,0.3422023996075698,0.24495439254888826,-0.24341236765314087,0.5079686676782538,4,0.5,0.21292827304539275
2019-04-09,104.30159364645554,1.749,1.872,2213.56,0.0514756219610341,0.12899999999999978,-0.020619795110754957,0.15995063155766087,1.0,1.0,-1.0,1.0,0.3422815042730792,0.24130732431611648,-0.361209475596195,0.5103028876653847,4,0.5,0.18317056016459635
2019-04-10,104.07872714761844,1.751,1.871,2224.39,0.0514756219610341,0.13200000000000012,-0.023650750601500015,0.15597878488811062,1.0,1.0,-1.0,1.0,0.3423606726634003,0.2470118255096074,-0.41352484549588825,0.49748439832647995,4,0.5,0.16833301275089985
2019-04-11,104.13839486742566,1.753,1.867,2224.44,0.0514756219610341,0.1200000000000001,-0.029299378509906937,0.15484824681656165,1.0,1.0,-1.0,1.0,0.3424399043808297,0.2246481613678179,-0.511001054044404,0.49373991156660163,4,0.5,0.13745673081771131
2019-04-12,104.43654973753762,1.754,1.881,2233.45,0.0514756219610341,0.1060000000000001,-0.027334373795968148,0.1341539689092925,1.0,1.0,-1.0,1.0,0.3425191990300257,0.1985276921327109,-0.47565910073051487,0.4277168853777975,4,0.5,0.12327616895250482
2019-04-15,104.3306656860407,1.77,1.926,2242.88,0.0514756219610341,0.09099999999999997,-0.02886192127234377,0.13978037465458543,1.0,1.0,-1.0,1.0,0.34259855621799173,0.17051611667669858,-0.5010369212068826,0.4455943740123988,4,0.5,0.11441803142505162
2019-04-16,104.87400413667716,1.772,1.932,2248.63,0.0514756219610341,0.08400000000000007,-0.023192888108100718,0.131397261028497,1.0,1.0,-1.0,1.0,0.34267797555406004,0.15747750726166299,-0.4019278063150004,0.4188443396506322,4,0.5,0.12926800403783872
2019-04-17,104.74863443135438,1.777,1.947,2245.89,0.0514756219610341,0.08700000000000019,-0.019155244615403966,0.13784689483821833,1.0,1.0,-1.0,1.0,0.3427574566498754,0.16318143792695478,-0.33152547403085736,0.43935256124266286,4,0.5,0.1534414954471589
2019-04-18,104.63575609369896,1.752,1.893,2213.77,0.0514756219610341,0.119,-0.018817392000673117,0.160013075249905,1.0,1.0,-1.0,1.0,0.3428369991193789,0.22329392126929687,-0.32527119911122543,0.5098399096105684,4,0.5,0.18767490772200468
2019-04-19,104.6258099912865,1.758,1.899,2216.15,0.0514756219610341,0.11099999999999999,-0.018632585819374547,0.15371459749984037,1.0,1.0,-1.0,1.0,0.34291660257879214,0.20837250108308217,-0.3216847894676269,0.48964720919898236,4,0.5,0.17981288084830743
2019-04-22,104.60482374293964,1.766,1.929,2216.65,0.0514756219610341,0.09699999999999998,-0.01855957913753592,0.1491910315466426,1.0,1.0,-1.0,1.0,0.342996266646601,0.18217606614759665,-0.32004139398696946,0.47513847037458423,4,0.5,0.1700673522954531
2019-04-23,104.34163697626968,1.764,1.923,2220.51,0.0514756219610341,0.09800000000000009,-0.019294437203789983,0.15481837484819372,1.0,1.0,-1.0,1.0,0.34307599094354035,0.18413937665478686,-0.3322974184051438,0.4929328761325146,4,0.5,0.1719627063314245
2019-04-24,104.41357194535485,1.755,1.912,2201.03,0.0514756219610341,0.10900000000000021,-0.017636618016680927,0.16725507123537334,1.0,1.0,-1.0,1.0,0.343155775092578,0.2048973876260367,-0.30341734096923556,0.5323304108158065,4,0.5,0.1942415581412964
2019-04-25,104.06857545873252,1.739,1.879,2190.5,0.0514756219610341,0.129,-0.017347860923361935,0.17405578909310765,1.0,1.0,-1.0,1.0,0.34323561871889974,0.24258591492120027,-0.2981386547659381,0.553730932739329,4,0.5,0.21035345290337276
2019-04-26,103.10495280992436,1.738,1.876,2179.31,0.0514756219610341,0.133,-0.030953695831681394,0.19132218268976697,1.0,1.0,-1.0,1.0,0.3433155214498933,0.2502006411236941,-0.5306714860493291,0.6082826338178329,4,0.5,0.1677818275855228
2019-04-29,102.9552853652661,1.734,1.864,2216.43,0.0514756219610341,0.13800000000000012,-0.03447470161034527,0.17745742415860283,1.0,1.0,-1.0,1.0,0.3433954829151339,0.2596990341467809,-0.5893655804621736,0.5639377256406768,4,0.5,0.14441666556010452
2019-04-30,103.09444345456345,1.727,1.845,2203.59,0.0514756219610341,0.1549999999999998,-0.03617611211350624,0.18276977684701873,1.0,1.0,-1.0,1.0,0.3434755027463684,0.29177912948946066,-0.6165980002888988,0.580518210821986,4,0.5,0.14979371069222905
2019-05-02,102.59573519725602,1.749,1.885,2212.75,0.032949701171548704,0.1409999999999998,-0.03991364522793006,0.17884464952407728,1.0,1.0,-1.0,1.0,0.2199408462649936,0.2655169384015601,-0.6779645148485534,0.5677822665947238,4,0.5,0.09381888410318102
2019-05-03,102.60983600735617,1.752,1.9,2196.32,0.032949701171548704,0.135,-0.041800510791977,0.18113962971778683,1.0,1.0,-1.0,1.0,0.2200219641375697,0.2543110745166439,-0.7074333804598789,0.5747847292601082,4,0.5,0.08542109686361071
2019-05-07,102.11085455391166,1.743,1.885,2176.99,0.032949701171548704,0.1519999999999999,-0.039707172214158426,0.18781900350892977,1.0,1.0,-1.0,1.0,0.22010306086848547,0.286424903051874,-0.6697834931394268,0.5956460633718261,4,0.5,0.10809763353818971
2019-05-08,102.33571977086176,1.74,1.878,2168.01,0.032949701171548704,0.1479999999999999,-0.036962383464664406,0.20236925233879083,1.0,1.0,-1.0,1.0,0.2201841364513393,0.2789781433191805,-0.621665961318979,0.6413310243990641,4,0.5,0.12970683571265124
2019-05-09,102.31369656827384,1.734,1.861,2102.01,0.032949701171548704,0.14100000000000001,-0.03732237878975564,0.2374720718705569,1.0,1.0,-1.0,1.0,0.22026519087986776,0.2658754669147178,-0.625887854801299,0.7517177280159772,4,0.5,0.15299263275231595
2019-05-10,102.0524862108416,1.741,1.873,2108.04,0.032949701171548704,0.133,-0.04241103013460812,0.2438652797464472,1.0,1.0,-1.0,1.0,0.22034622414794433,0.25088328555508477,-0.7087210263061656,0.7710175038404979,4,0.5,0.13338149680934036
2019-05-13,101.75500697371184,1.742,1.874,2079.01,0.032949701171548704,0.137,-0.05588937415613504,0.25680039899729,1.0,1.0,-1.0,1.0,0.2204272362495787,0.2585214134458312,-0.9289344363848506,0.8107928850571849,4,0.5,0.09020177459193604
2019-05-14,101.68056566370748,1.735,1.868,2081.84,0.032949701171548704,0.1469999999999998,-0.052763387670053064,0.24856556443108152,1.0,1.0,-1.0,1.0,0.2205082271789155,0.27748277652008874,-0.8727575125937733,0.7838072458302641,4,0.5,0.10226018423387374
2019-05-15,101.38846286206638,1.734,1.865,2092.78,0.032949701171548704,0.15999999999999992,-0.05319851986783419,0.23390884260587558,1.0,1.0,-1.0,1.0,0.2205891969302335,0.3021087576602367,-0.8757371282585918,0.7368121457196074,4,0.5,0.09594324301287144
2019-05-16,101.18880096846055,1.709,1.82,2067.69,0.032949701171548704,0.19999999999999996,-0.055683383144676135,0.24693842840763158,1.0,1.0,-1.0,1.0,0.22067014549794448,0.37768905173674083,-0.9119913099117727,0.7769108290664164,4,0.5,0.11581967909733226
2019-05-17,101.30712375083736,1.707,1.822,2055.8,0.032949701171548704,0.20899999999999985,-0.05538873513645548,0.2516027913731253,1.0,1.0,-1.0,1.0,0.22075107287659232,0.3947263949947275,-0.9026819097891393,0.7905836382531706,4,0.5,0.12584479908383778
2019-05-20,101.26347513297084,1.714,1.847,2055.71,0.032949701171548704,0.19900000000000007,-0.05361585902487853,0.2552296915673261,1.0,1.0,-1.0,1.0,0.220831979060852,0.37589496042313086,-0.8697642737497057,0.8009344134711075,4,0.5,0.1319742698013462
2019-05-21,101.18386955767151,1.703,1.83,2061.25,0.032949701171548704,0.21699999999999986,-0.05710965827697301,0.26042215160395754,1.0,1.0,-1.0,1.0,0.2209128640455286,0.4099254008065116,-0.9217863648762338,0.8161148703555507,4,0.5,0.1312916925828393
2019-05-22,101.16327397538768,1.704,1.828,2064.86,0.032949701171548704,0.22799999999999998,-0.06311010455665667,0.25898635282533566,1.0,1.0,-1.0,1.0,0.22099372782555635,0.43071625489443394,-1.0,0.8105344052533896,4,0.5,0.11556109699334496
2019-05-23,101.06726001198427,1.69,1.808,2059.59,0.032949701171548704,0.2410000000000001,-0.06685376477536575,0.2575407439545335,1.0,1.0,-1.0,1.0,0.22107457039599782,0.45526014036984624,-1.0,0.8049615790432099,4,0.5,0.12032407245226348
2019-05-24,101.35529623936586,1.687,1.792,2045.31,0.032949701171548704,0.22899999999999987,-0.06108055382901778,0.2646988092871252,1.0,1.0,-1.0,1.0,0.2211553917520427,0.432602140966823,-0.9688057853604976,0.8261874185112602,4,0.5,0.1277847914674071
2019-05-27,101.3187387449662,1.69,1.797,2044.21,0.032949701171548704,0.21100000000000008,-0.05576095562368977,0.2603637644958954,1.0,1.0,-1.0,1.0,0.22123619188900712,0.39863949057448883,-0.8804761071933898,0.8115872066928846,4,0.5,0.1377466954907477
2019-05-28,101.75935105978697,1.691,1.793,2048.83,0.032949701171548704,0.17999999999999994,-0.05151214635316492,0.26091664417090893,1.0,1.0,-1.0,1.0,0.22131697080233245,0.34014760637079827,-0.8102547318922211,0.8122433589758685,4,0.5,0.14086330106419453
2019-05-29,101.52273391156716,1.665,1.741,2023.32,0.032949701171548704,0.21399999999999997,-0.05437468322850236,0.27992329149018713,1.0,1.0,-1.0,1.0,0.22139772848758468,0.4044349626643135,-0.8517274072427262,0.8700504388461944,4,0.5,0.1610389306888416
2019-05-30,101.1454049397584,1.669,1.741,2038.8,0.032949701171548704,0.20300000000000007,-0.05451301908169892,0.27310973168192587,1.0,1.0,-1.0,1.0,0.22147846494045323,0.38369913188805155,-0.8503872523859535,0.8476389501088537,4,0.5,0.15060732363785126
2019-05-31,101.4093944566062,1.626,1.682,2041.74,0.032949701171548704,0.2270000000000001,-0.05610183835942717,0.27183907439899224,1.0,1.0,-1.0,1.0,0.2215591801567501,0.4290791562553744,-0.8714566005704162,0.8424943489464476,4,0.5,0.155419021197039
2019-06-03,101.21650465815182,1.619,1.691,2067.85,0.01904882702268375,0.236,-0.058129556437663155,0.25597708016284154,1.0,1.0,-1.0,1.0,0.1281420890944423,0.4460910821450024,-0.8989450502526607,0.7923811861963342,4,0.5,0.11691732679577957
2019-06-04,101.74516328861074,1.616,1.684,2066.97,0.01904882702268375,0.242,-0.05401901310685897,0.26511535057814417,1.0,1.0,-1.0,1.0,0.12819672679344285,0.45742050818679164,-0.8321597846085261,0.819593640736407,4,0.5,0.1432627727770288
2019-06-05,101.76804488609793,1.595,1.654,2069.11,0.01904882702268375,0.2550000000000001,-0.05912156418454195,0.25504427533387547,1.0,1.0,-1.0,1.0,0.12825134178179085,0.48195144213437163,-0.9067278568983181,0.7875376947648193,4,0.5,0.1227531554456659
2019-06-07,101.95332996073294,1.595,1.656,2072.33,0.01904882702268375,0.2570000000000001,-0.05676652804806093,0.23383059873036216,1.0,1.0,-1.0,1.0,0.12830593408681834,0.4856861019680569,-0.8670706592723864,0.7213824204912632,4,0.5,0.11707594931843801
2019-06-10,101.951946922011,1.592,1.661,2099.49,0.01904882702268375,0.2569999999999999,-0.050991509011941716,0.2260361108490699,1.0,1.0,-1.0,1.0,0.1283605037358053,0.4856416641090523,-0.7762751839206008,0.6967748930970499,4,0.5,0.13362546925532667
2019-06-11,101.65042183169312,1.597,1.68,2111.81,0.01904882702268375,0.2510000000000001,-0.057640911526950056,0.2258663192593294,1.0,1.0,-1.0,1.0,0.12841505075597998,0.47427475962061744,-0.8739447094427858,0.6956972259364752,4,0.5,0.1061105817175717
2019-06-12,101.70158028768958,1.537,1.6,2108.75,0.01904882702268375,0.31500000000000017,-0.05829065175199144,0.2397179657501946,1.0,1.0,-1.0,1.0,0.1284695751745188,0.594970542209556,-0.8801972594271026,0.7376614912823456,4,0.5,0.14522608730982944
2019-06-13,101.69970241308911,1.543,1.613,2103.15,0.01904882702268375,0.30400000000000005,-0.06259836564776489,0.2424253211419202,1.0,1.0,-1.0,1.0,0.1285240770185467,0.5740050827361244,-0.9409499246800384,0.7452666554029559,4,0.5,0.12671147261939716
2019-06-14,101.46114329611926,1.536,1.591,2095.41,0.01904882702268375,0.31600000000000006,-0.0654609245934612,0.2574237026044238,1.0,1.0,-1.0,1.0,0.128578556315137,0.5964284724958213,-0.9792211794216623,0.7904667223874894,4,0.5,0.13406314294419636
2019-06-17,101.69392584659364,1.554,1.621,2090.73,0.01904882702268375,0.28800000000000003,-0.06423183354038375,0.24665942736998142,1.0,1.0,-1.0,1.0,0.1286330130913118,0.5434522718008954,-0.9564177696909583,0.7566504844835401,4,0.5,0.11807949992119726
2019-06-18,101.51142104876044,1.556,1.614,2098.71,0.01904882702268375,0.29200000000000004,-0.06145097352873918,0.25239600727658945,1.0,1.0,-1.0,1.0,0.12868744737404197,0.5508601453204804,-0.9111845344529035,0.7734213741879716,4,0.5,0.13544610810739766
2019-06-19,101.52546311638775,1.548,1.601,2124.78,0.01904882702268375,0.30200000000000005,-0.06225744648583742,0.23967608660047734,1.0,1.0,-1.0,1.0,0.12874185919024714,0.5695512174511046,-0.9192534079594337,0.733776266621437,4,0.5,0.12820398382583878
2019-06-20,101.94261945113288,1.502,1.545,2131.29,0.01904882702268375,0.3620000000000001,-0.0577425817738888,0.22175709353989154,1.0,1.0,-1.0,1.0,0.1287962485667961,0.6822566476670778,-0.8495002170202357,0.6784399276126429,4,0.5,0.15999815170657028
2019-06-21,102.43219261182448,1.519,1.569,2125.62,0.01904882702268375,0.3410000000000002,-0.04785217341822978,0.21132713094242575,1.0,1.0,-1.0,1.0,0.12885061553050678,0.642342071569039,-0.702209655960472,0.6461507460994143,4,0.5,0.178783444309622
2019-06-24,102.78050739325472,1.519,1.563,2126.33,0.01904882702268375,0.3380000000000001,-0.03861601173822127,0.19808191755358312,1.0,1.0,-1.0,1.0,0.1289049601081463,0.6363722653389001,-0.565729406160125,0.6053786985480224,4,0.5,0.20123162945873596
2019-06-25,103.16814727692758,1.543,1.584,2121.64,0.01904882702268375,0.31300000000000017,-0.02418876943788284,0.18088856228474953,1.0,1.0,-1.0,1.0,0.12895928232643128,0.5890960677083156,-0.3541611334456621,0.5526719775782083,4,0.5,0.22914154854182328
2019-06-26,103.5217470159479,1.56,1.605,2121.85,0.01904882702268375,0.29899999999999993,-0.020907508003907616,0.18906867809002592,1.0,1.0,-1.0,1.0,0.12901358221202783,0.5625935783276478,-0.30600254510482183,0.5774566418740632,4,0.5,0.24076531432722925
2019-06-27,103.23375763362344,1.564,1.616,2134.32,0.01904882702268375,0.2829999999999999,-0.02230376519328825,0.1693150539094751,1.0,1.0,-1.0,1.0,0.12906785979155164,0.532388991746913,-0.32628946706345174,0.5170288460779668,4,0.5,0.21304905763824494
2019-06-28,103.33988055266023,1.552,1.596,2130.62,0.01904882702268375,0.29499999999999993,-0.021186140457854385,0.18202994141039305,1.0,1.0,-1.0,1.0,0.12912211509156815,0.5548274124477048,-0.3098205539548632,0.5556936970403681,4,0.5,0.23245566765619446
2019-07-01,103.31430508752722,1.556,1.608,2129.74,-0.05895203151656235,0.2929999999999999,-0.02069909922976798,0.18152300369196056,-1.0,1.0,-1.0,1.0,-0.3996732871289,0.5509376375207635,-0.30259236925000316,0.5539887499361578,4,0.0,0.10066518276950454
2019-07-02,103.24950214968015,1.546,1.586,2122.02,-0.05895203151656235,0.30600000000000005,-0.016788648727319,0.1849982756877404,-1.0,1.0,-1.0,1.0,-0.39974145432760294,0.575210035806766,-0.2453947786748679,0.5644189354780014,4,0.0,0.12362318457057414
2019-07-03,102.482078734347,1.521,1.534,2096.02,-0.05895203151656235,0.3230000000000002,-0.026635311725066835,0.19433776625995425,-1.0,1.0,-1.0,1.0,-0.3998097359550191,0.6069296002071327,-0.3890467864087858,0.5926801316725806,4,0.0,0.1026883023789771
2019-07-04,102.09694052561407,1.512,1.523,2108.73,-0.05895203151656235,0.33099999999999996,-0.03175183355727729,0.17579546936008783,-1.0,1.0,-1.0,1.0,-0.3998781314004262,0.6216933996511437,-0.4632959264598791,0.5360096347550718,4,0.0,0.07363224413647754
2019-07-05,102.09643104152416,1.514,1.533,2110.59,-0.05895203151656235,0.33000000000000007,-0.029283863422663536,0.1790784132200679,-1.0,1.0,-1.0,1.0,-0.3999466400566423,0.6195534494578487,-0.4269173825457027,0.5458822228585124,4,0.0,0.08464291242850402
2019-07-08,102.19079046299376,1.514,1.53,2064.17,-0.05895203151656235,0.33000000000000007,-0.031573824246731164,0.17572980700276455,-1.0,1.0,-1.0,1.0,-0.4000152613200003,0.6192941035294498,-0.45983653409463,0.5355565825017022,4,0.0,0.07374972265413043
2019-07-09,101.56349606103704,1.514,1.538,2052.03,-0.05895203151656235,0.33299999999999996,-0.039593992131497835,0.18528540488145664,-1.0,1.0,-1.0,1.0,-0.4000839945903236,0.6246540047440342,-0.5757123824447897,0.5645091492754822,4,0.0,0.053341694246100774
2019-07-10,101.49921466380154,1.523,1.562,2058.78,-0.05895203151656235,0.31300000000000017,-0.0392925178589687,0.17446425447009675,-1.0,1.0,-1.0,1.0,-0.4001528392709022,0.5869510200145016,-0.5704330428517834,0.5314314497257249,4,0.0,0.03694914690438521
2019-07-11,101.22400434261816,1.508,1.547,2080.58,-0.05895203151656235,0.31499999999999995,-0.043847064346154596,0.16147345346126238,-1.0,1.0,-1.0,1.0,-0.40022179476846775,0.5905095409699224,-0.6353259287445501,0.49181170826416515,4,0.0,0.011693381430267422
2019-07-12,101.80074571580964,1.511,1.569,2086.66,-0.05895203151656235,0.31400000000000006,-0.03538601070322489,0.16435864854737775,-1.0,1.0,-1.0,1.0,-0.40029086049317025,0.5884485798371135,-0.5120982977108716,0.5005394985616044,4,0.0,0.044149730048669025
2019-07-15,101.46767559249284,1.517,1.582,2082.48,-0.05895203151656235,0.30900000000000016,-0.03864228136629411,0.17123658131015335,-1.0,1.0,-1.0,1.0,-0.40036003585855434,0.5789122353090546,-0.558403618305152,0.5213959148270639,4,0.0,0.03538612399310305
2019-07-16,101.27338967036606,1.515,1.573,2091.87,-0.05895203151656235,0.30600000000000005,-0.04457980786232962,0.17070836066106107,-1.0,1.0,-1.0,1.0,-0.4004293202815351,0.5731378837616009,-0.6429589615508463,0.5197014725414243,4,0.0,0.012362768617660946
2019-07-17,101.40626752600492,1.491,1.546,2072.92,-0.05895203151656235,0.31599999999999984,-0.04047481293058919,0.17276909452913358,-1.0,1.0,-1.0,1.0,-0.40049871318237573,0.5916793390851367,-0.5828360959432332,0.5258804709513363,4,0.0,0.03355625022771602
2019-07-18,101.26330666643295,1.444,1.472,2066.55,-0.05895203151656235,0.40800000000000014,-0.04152016532134972,0.18611173203053574,-1.0,1.0,-1.0,1.0,-0.4005682139846634,0.7632712946960343,-0.5969095483882784,0.5663295231915395,4,0.0,0.083030763878658
2019-07-19,101.2257591003447,1.43,1.456,2094.36,-0.05895203151656235,0.42900000000000005,-0.036725393674417184,0.18638904160228437,-1.0,1.0,-1.0,1.0,-0.40063782211528715,0.8017425072226095,-0.5273175049685306,0.5670096998041294,4,0.0,0.1101992199857303
2019-07-22,101.80234636123863,1.434,1.465,2093.34,-0.05895203151656235,0.41900000000000004,-0.03327490878209716,0.1814930897212995,-1.0,1.0,-1.0,1.0,-0.4007075370044143,0.7823201112901359,-0.47730009422976155,0.5519810135650016,4,0.0,0.11407337340524042
2019-07-23,101.49356066707284,1.436,1.472,2101.45,-0.05895203151656235,0.40900000000000003,-0.03223758804388854,0.1757767832889738,-1.0,1.0,-1.0,1.0,-0.4007773580854686,0.762991205501947,-0.4619994092840752,0.534491809228936,4,0.0,0.1086765618403348
2019-07-24,101.53878260361864,1.424,1.465,2082.3,-0.05895203151656235,0.41500000000000004,-0.03516478475262108,0.18032679931549517,-1.0,1.0,-1.0,1.0,-0.4008472847951074,0.7734911009669331,-0.503393953634809,0.5482013862771395,4,0.0,0.10436281220353906
2019-07-25,101.55159798475624,1.415,1.431,2074.48,-0.05895203151656235,0.42599999999999993,-0.03343559996510681,0.18418880500617138,-1.0,1.0,-1.0,1.0,-0.4009173165731996,0.7932278509842892,-0.4781756770697561,0.5597968918170917,4,0.0,0.11848293728960628
2019-07-26,101.43555680553128,1.418,1.426,2066.26,-0.05895203151656235,0.41400000000000015,-0.035268082503556286,0.19013783337817824,-1.0,1.0,-1.0,1.0,-0.40098745286280363,0.7702093907127914,-0.5038349733140364,0.5776999183736842,4,0.0,0.11077172072740889
2019-07-29,101.07795439560438,1.416,1.412,2029.48,-0.05895203151656235,0.41600000000000015,-0.034972578494797624,0.20153621792469367,-1.0,1.0,-1.0,1.0,-0.4010576931101454,0.7732483606772975,-0.499087009526988,0.6120835988732684,4,0.0,0.12129681422835813
2019-07-30,101.2060016753971,1.414,1.409,2038.68,-0.05895203151656235,0.42400000000000015,-0.0391582619247286,0.20524061881779598,-1.0,1.0,-1.0,1.0,-0.4011280367645969,0.7873867548127932,-0.5580702526175106,0.6230624961248075,4,0.0,0.11281274038887328
2019-07-31,101.3240453827454,1.41,1.39,2024.55,-0.05895203151656235,0.42700000000000005,-0.03473068482074115,0.2082462895582341,-1.0,1.0,-1.0,1.0,-0.4011984832786545,0.7922110649826772,-0.49446858033321417,0.6318961685488234,4,0.0,0.13211004247990799
2019-08-01,101.45815148299582,1.42,1.41,2017.34,0.044658892908966394,0.41800000000000015,-0.03702319891383521,0.21756144100148084,1.0,1.0,-1.0,1.0,0.30400711173093986,0.7748359673086264,-0.526495777247224,0.6598022046892452,4,0.5,0.30303737662039687
2019-08-02,101.02830118522938,1.382,1.349,1998.13,0.044658892908966394,0.4820000000000002,-0.04803250928161251,0.2362767430297525,1.0,1.0,-1.0,1.0,0.3040878166854257,0.8922867307789962,-0.681690360207527,0.7160385117666734,4,0.5,0.30768067475589206
2019-08-05,100.71931998250466,1.32,1.253,1946.98,0.044658892908966394,0.5609999999999999,-0.052026754075318316,0.2694039410701886,1.0,1.0,-1.0,1.0,0.3041685382609302,1.0,-0.7366647353318205,0.8155409120157915,4,0.5,0.3457611787362253
2019-08-06,99.9290676285711,1.295,1.256,1917.5,0.044658892908966394,0.585,-0.0637349406214387,0.28470387259678315,1.0,1.0,-1.0,1.0,0.30424927630331916,1.0,-0.8993714992621349,0.8607663231430458,4,0.5,0.3164110250460575
2019-08-07,99.77567478954566,1.244,1.251,1909.71,0.044658892908966394,0.633,-0.0647149854511726,0.29606692309726723,1.0,1.0,-1.0,1.0,0.3043300306593145,1.0,-0.91004240862013,0.8938701287725411,4,0.5,0.3220394377029314
2019-08-08,99.7314087502031,1.221,1.27,1920.61,0.044658892908966394,0.6569999999999998,-0.06412618733543951,0.2715450894246838,1.0,1.0,-1.0,1.0,0.30441080117648894,1.0,-0.8987402106201305,0.8189438771434874,4,0.5,0.30615361692496146
2019-08-09,99.81777292080798,1.2,1.286,1937.75,0.044658892908966394,0.6740000000000002,-0.061675981166553484,0.26953069741686647,1.0,1.0,-1.0,1.0,0.3044915877032605,1.0,-0.861750636186311,0.812011081668571,4,0.5,0.31368800829638016
2019-08-12,100.03086669601012,1.19,1.285,1942.29,0.044658892908966394,0.677,-0.05660696605267024,0.2652345748085186,1.0,1.0,-1.0,1.0,0.3045723900888873,1.0,-0.7889053535635595,0.7982709375235827,4,0.5,0.32848449351222764
2019-08-13,99.67766685032548,1.174,1.229,1925.83,0.044658892908966394,0.685,-0.06320190422284355,0.2838616420886012,1.0,1.0,-1.0,1.0,0.3046532081834624,1.0,-0.8780532880142929,0.8533010745876131,4,0.5,0.3199752486891957
2019-08-14,99.45045415191244,1.169,1.231,1938.37,0.044658892908966394,0.683,-0.06381205516141275,0.2777719453585728,1.0,1.0,-1.0,1.0,0.3047340418379086,1.0,-0.8837339111173427,0.8340555037398896,4,0.5,0.31376390861511383
2019-08-16,99.90443337302662,1.125,1.172,1927.17,0.044658892908966394,0.7230000000000001,-0.06388207445684912,0.28638826128383243,1.0,1.0,-1.0,1.0,0.3048148909039734,1.0,-0.8819441960104026,0.8588794429493782,4,0.5,0.32043753446073725
2019-08-19,99.80175743272468,1.126,1.184,1939.9,0.044658892908966394,0.7220000000000002,-0.06814579814458899,0.2672419537306515,1.0,1.0,-1.0,1.0,0.3048957552342236,1.0,-0.9375211975761021,0.8006685547465383,4,0.5,0.29201077810116494
2019-08-20,100.14381081126088,1.124,1.198,1960.25,0.044658892908966394,0.7289999999999999,-0.06285395220679302,0.2417290738055644,1.0,1.0,-1.0,1.0,0.3049766346820405,1.0,-0.8621778029179872,0.7237183448909246,4,0.5,0.2916292941637445
2019-08-21,100.2128010475422,1.15,1.277,1964.65,0.044658892908966394,0.7090000000000001,-0.05870163917850757,0.23764828364660368,1.0,1.0,-1.0,1.0,0.3050575291016148,1.0,-0.8031847981697312,0.7110302401130218,4,0.5,0.3032257427612264
2019-08-22,100.70660904479703,1.108,1.229,1951.01,0.044658892908966394,0.748,-0.05421100058965411,0.23816575775929638,1.0,1.0,-1.0,1.0,0.3051384383479416,1.0,-0.7401702063508978,0.7121072362950198,4,0.5,0.31926886707301594
2019-08-23,100.71423793001262,1.113,1.261,1948.3,0.044658892908966394,0.724,-0.05549299567677313,0.23626104737732911,1.0,1.0,-1.0,1.0,0.3052193622768152,1.0,-0.7560077488114026,0.7059618986637788,4,0.5,0.3137933780322978
2019-08-26,100.13532232746418,1.08,1.191,1916.31,0.044658892908966394,0.7509999999999999,-0.06317621175407329,0.2568660879554198,1.0,1.0,-1.0,1.0,0.3053003007448248,1.0,-0.8582392025485774,0.7668843754786934,4,0.5,0.30348636841873516
2019-08-27,100.02495892093756,1.114,1.238,1924.6,0.044658892908966394,0.6769999999999998,-0.06591219460500497,0.25652810892189803,1.0,1.0,-1.0,1.0,0.3053812536093488,1.0,-0.8926764631254019,0.7652377893159709,4,0.5,0.2944856449499794
2019-08-28,100.42591121229832,1.118,1.244,1941.09,0.044658892908966394,0.6739999999999999,-0.06389580474558887,0.25063604594698646,1.0,1.0,-1.0,1.0,0.3054622207285506,1.0,-0.8629211657958237,0.7470895561384686,4,0.5,0.2974076527677989
2019-08-29,100.46911864439632,1.115,1.248,1933.41,0.044658892908966394,0.6759999999999999,-0.06322533900010363,0.2577898608669306,1.0,1.0,-1.0,1.0,0.3055432019613734,1.0,-0.8515334620522778,0.7677731970988549,4,0.5,0.3054457342519877
2019-08-30,100.3595893808881,1.122,1.276,1967.79,0.044658892908966394,0.6679999999999999,-0.06635109680995033,0.24144149714187074,1.0,1.0,-1.0,1.0,0.3056241971675357,1.0,-0.8909715646669198,0.7186077209800265,4,0.5,0.2833150883701606
2019-09-02,100.74889383385924,1.154,1.344,1969.19,0.02145492881993235,0.6380000000000001,-0.060023334625884495,0.23714243810115043,1.0,1.0,-1.0,1.0,0.1468851511459581,1.0,-0.8040744251571255,0.7053788471732508,4,0.5,0.26204739329052085
2019-09-03,100.68886334926177,1.15,1.331,1965.69,0.02145492881993235,0.643,-0.06412134613805343,0.24026139670744084,1.0,1.0,-1.0,1.0,0.14694296418737518,1.0,-0.8566437349158712,0.7141991205235382,4,0.5,0.25112458744876054
2019-09-04,100.42176815133834,1.157,1.344,1988.53,0.02145492881993235,0.6359999999999999,-0.07139448229059386,0.23087185062485044,1.0,1.0,-1.0,1.0,0.14700075547235664,1.0,-0.9506330770851732,0.6859134751406011,4,0.5,0.22057028838194614
2019-09-05,100.64461930136356,1.171,1.367,2004.75,0.02145492881993235,0.6359999999999999,-0.07109758500452035,0.22058031515980753,1.0,1.0,-1.0,1.0,0.1470585250237636,1.0,-0.9435940322208475,0.655044187752529,4,0.5,0.21462717013886126
2019-09-06,101.38897858733348,1.174,1.381,2009.13,0.02145492881993235,0.5940000000000001,-0.06605104763065928,0.21950600256471306,1.0,1.0,-1.0,1.0,0.14711627286442233,1.0,-0.8741923139568462,0.6515705354137131,4,0.5,0.23112362358032235
2019-09-09,101.55893888292331,1.172,1.353,2019.55,0.02145492881993235,0.5920000000000001,-0.06127944839685018,0.20820626868978112,1.0,1.0,-1.0,1.0,0.1471739990171241,1.0,-0.8091464941632367,0.6178223398200449,4,0.5,0.23896246116848308
2019-09-10,101.83594690119595,1.188,1.37,2032.08,0.02145492881993235,0.569,-0.05889041475883783,0.2049007552818173,1.0,1.0,-1.0,1.0,0.14723170350462525,0.9838541091626691,-0.7759540362314411,0.6078287917700728,4,0.5,0.24074014205148153
2019-09-11,101.8518416276826,1.202,1.397,2049.2,0.02145492881993235,0.5489999999999999,-0.05908560952980846,0.18163497169414228,1.0,1.0,-1.0,1.0,0.14728938634964736,0.947974136887205,-0.7768837836278949,0.5387462620683199,4,0.5,0.21428150041931934
2019-09-16,101.71242126521048,1.27,1.536,2062.22,0.02145492881993235,0.486,-0.058195341889084595,0.16276453200802313,1.0,1.0,-1.0,1.0,0.1473470475748773,0.8384030370829413,-0.7636344343443104,0.48277952162200366,4,0.5,0.17622379298387794
2019-09-17,102.27184810939532,1.251,1.5,2062.33,0.02145492881993235,0.5070000000000001,-0.04872454938987669,0.16247177383380934,1.0,1.0,-1.0,1.0,0.14740468720296704,0.8736995312748939,-0.638511489072385,0.48191738557829467,4,0.5,0.21612752874594265
2019-09-18,101.90215180203484,1.254,1.468,2070.73,0.02145492881993235,0.506,-0.050801998864985265,0.16326529134574028,1.0,1.0,-1.0,1.0,0.14746230525653403,0.8710609834170019,-0.66476976024727,0.4842754074117823,4,0.5,0.20950723395951204
2019-09-19,101.799892801223,1.269,1.463,2080.35,0.02145492881993235,0.4970000000000001,-0.049165810153267486,0.15784181895211807,1.0,1.0,-1.0,1.0,0.14751990175816107,0.8547255207776998,-0.6425057023549656,0.4682093205372675,4,0.5,0.20698726017954067
2019-09-20,101.48341799691198,1.269,1.455,2091.52,0.02145492881993235,0.484,-0.05289055177409896,0.15148425095243612,1.0,1.0,-1.0,1.0,0.14757747673039634,0.8316222183415666,-0.6901011074848588,0.449388860303361,4,0.5,0.1846218619726163
2019-09-23,101.74909671339518,1.277,1.462,2091.7,0.02145492881993235,0.494,-0.04946029502052163,0.1529270402572384,1.0,1.0,-1.0,1.0,0.14763503019575358,0.8479969987844187,-0.6444939449371209,0.45370392014609195,4,0.5,0.20121050104728586
2019-09-24,101.6864477084454,1.277,1.454,2101.04,0.02145492881993235,0.52,-0.052897101968501836,0.1667801304634957,1.0,1.0,-1.0,1.0,0.14769256217671203,0.8916382572713163,-0.6882216049650831,0.4947984660444158,4,0.5,0.21147692013184027
2019-09-25,101.58693605007971,1.272,1.424,2073.39,0.02145492881993235,0.5309999999999999,-0.05608387711207019,0.17639201409231886,1.0,1.0,-1.0,1.0,0.1477500726957165,0.9094319017903788,-0.72841645636673,0.5232763047407474,4,0.5,0.21301045571502816
2019-09-26,101.37078842340294,1.272,1.433,2074.52,0.02145492881993235,0.536,-0.053240626160913074,0.1793960669548756,1.0,1.0,-1.0,1.0,0.1478075617751776,0.9168964316064075,-0.6904361907922852,0.5321385671683541,4,0.5,0.2266015924394135
2019-09-27,101.37108803650968,1.273,1.438,2049.93,0.02145492881993235,0.5470000000000002,-0.053140687013798704,0.19365498932014508,1.0,1.0,-1.0,1.0,0.1478650294374714,0.9345329727259175,-0.6881071442471115,0.5743222835602296,4,0.5,0.24215328536912678
2019-09-30,101.18611339837076,1.275,1.456,2063.05,0.02145492881993235,0.5680000000000001,-0.05614470268815097,0.19662767970748568,1.0,1.0,-1.0,1.0,0.14792247570493985,0.9690563061511726,-0.725778285600407,0.5830125254949949,4,0.5,0.24355325543767506
2019-10-01,101.38822901376123,1.287,1.498,2072.42,0.06731777289943115,0.552,-0.05603384691021951,0.19419915903516008,1.0,1.0,-1.0,1.0,0.4641512490284568,0.940558281652857,-0.7231410736625866,0.5756994581125499,4,0.5,0.3143169787828193
2019-10-02,101.6123163302786,1.283,1.497,2031.91,0.06731777289943115,0.5610000000000002,-0.056148976697802055,0.21798706363759637,1.0,1.0,-1.0,1.0,0.464175763551866,0.9546258785940385,-0.7234292181386375,0.6459706480671155,4,0.5,0.3353357680185956
2019-10-04,100.9885281940585,1.243,1.373,2020.69,0.06731777289943115,0.603,-0.06809315982750608,0.22674299806149045,1.0,1.0,-1.0,1.0,0.4642005365812489,1.0,-0.8751082620114035,0.671611677753433,4,0.5,0.3151759880808196
2019-10-07,101.3846633796042,1.259,1.386,2021.73,0.06731777289943115,0.5900000000000001,-0.06686616839927595,0.22555860178495832,1.0,1.0,-1.0,1.0,0.4642255668302962,1.0,-0.8572820860224807,0.6678087040490494,4,0.5,0.3186880462142162
2019-10-08,101.5591399167066,1.267,1.429,2046.25,0.06731777289943115,0.5770000000000002,-0.06472778355781905,0.19641251031680984,1.0,1.0,-1.0,1.0,0.4642508530204886,0.9774204881754098,-0.8280379600827354,0.5813989807443064,4,0.5,0.2987580904643673
2019-10-10,101.7136617423549,1.271,1.459,2028.15,0.06731777289943115,0.5930000000000002,-0.061043139915700984,0.19351180395684256,1.0,1.0,-1.0,1.0,0.4642763938810381,1.0,-0.779411126840456,0.5727107934714403,4,0.5,0.3143940151280056
2019-10-11,101.46975851202212,1.272,1.488,2044.61,0.06731777289943115,0.6000000000000001,-0.054109038778648255,0.18067966099388816,1.0,1.0,-1.0,1.0,0.46430218814883034,1.0,-0.6898945362734872,0.5346883606878781,4,0.5,0.3272740031408053
2019-10-14,101.91011836868556,1.273,1.488,2067.4,0.06731777289943115,0.6040000000000001,-0.04688766313151138,0.16353921214805794,1.0,1.0,-1.0,1.0,0.46432823456836764,1.0,-0.5972429708956332,0.4839790149468525,4,0.5,0.33776606965489675
2019-10-15,102.27437832631456,1.272,1.499,2068.17,0.06731777289943115,0.587,-0.04243754125164578,0.14783391444616145,1.0,1.0,-1.0,1.0,0.4643545318917123,0.9883823447905339,-0.540172368400958,0.43755517555444506,4,0.5,0.3375299209589333
2019-10-16,102.30865420097568,1.276,1.53,2082.83,0.06731777289943115,0.5680000000000001,-0.04235262763832992,0.08871949225082312,1.0,1.0,-1.0,1.0,0.4643810788784298,0.9551615114887846,-0.5387128604084578,0.26269265044210854,4,0.5,0.28588059510021624
2019-10-17,102.09015577462368,1.285,1.578,2077.94,0.06731777289943115,0.5740000000000001,-0.03488636117101418,0.10526731826363504,1.0,1.0,-1.0,1.0,0.4644078742955338,0.9639820092701442,-0.4435966598443716,0.31179267785184783,4,0.5,0.32414647539328856
2019-10-18,102.04185197666745,1.283,1.587,2060.69,0.06731777289943115,0.5800000000000001,-0.04125095306757576,0.10359461669702968,1.0,1.0,-1.0,1.0,0.46443491691743105,0.9727484777793114,-0.52419347898923,0.3069416943477953,4,0.5,0.304982902513827
2019-10-21,102.37152848437243,1.3,1.66,2064.84,0.06731777289943115,0.571,-0.0377169507825208,0.09574275330018457,1.0,1.0,-1.0,1.0,0.46446220552586587,0.9564335059607341,-0.4790682670593895,0.283781340530449,4,0.5,0.30640219623941484
2019-10-22,102.79100512180791,1.293,1.655,2088.86,0.06731777289943115,0.5770000000000002,-0.038112381572401155,0.09184058065524978,1.0,1.0,-1.0,1.0,0.46448973890986656,0.9652229774693613,-0.4838650362573007,0.2723188677630386,4,0.5,0.3045416369712414
2019-10-23,103.1267824671622,1.299,1.654,2080.62,0.06731777289943115,0.5450000000000002,-0.03834446714566031,0.08313556031119426,1.0,1.0,-1.0,1.0,0.46451751586569134,0.9106995587273568,-0.48658161676737716,0.24660823308786428,4,0.5,0.2838109227283838
2019-10-24,102.90738282060576,1.311,1.641,2085.66,0.06731777289943115,0.534,-0.03553772943070399,0.08744988754493968,1.0,1.0,-1.0,1.0,0.4645455351967756,0.8914141717034615,-0.45081258356678405,0.259508430438705,4,0.5,0.29116388844303953
2019-10-25,103.16166472211114,1.334,1.677,2087.89,0.06731777289943115,0.522,-0.03129434474553783,0.08810558851966502,1.0,1.0,-1.0,1.0,0.4645737957136783,0.8705682960156181,-0.39692282396796247,0.2615568515352824,4,0.5,0.2999440298241541
2019-10-28,102.88006181073628,1.369,1.765,2093.6,0.06731777289943115,0.4830000000000001,-0.037356598631760995,0.049312823731501414,1.0,1.0,-1.0,1.0,0.46460229623403065,0.8049562420992016,-0.47361835406339203,0.14646587602636196,4,0.5,0.23560151507405053
2019-10-29,103.2266542607558,1.36,1.777,2092.69,0.06731777289943115,0.5009999999999999,-0.030429680423659455,0.044893979538234687,1.0,1.0,-1.0,1.0,0.464631035582483,0.834285749943574,-0.3857540155849988,0.1334079800186293,4,0.5,0.2616426874899218
2019-10-30,103.46601887939288,1.359,1.753,2080.27,0.06731777289943115,0.5030000000000001,-0.03180350021966305,0.03308894982780201,1.0,1.0,-1.0,1.0,0.46466001259065476,0.8369407241445519,-0.403104022977335,0.09837869819896576,4,0.5,0.24921885298920934
2019-10-31,103.23925943291682,1.359,1.728,2083.48,0.06731777289943115,0.4990000000000001,-0.028552281427407955,0.014191293116368069,1.0,1.0,-1.0,1.0,0.4646892260970824,0.8296388908300356,-0.36188345382521836,0.0422154470082707,4,0.5,0.24366502752754257
2019-11-01,103.7599457312254,1.364,1.732,2100.2,0.07775715694299015,0.44299999999999984,-0.021637330676870903,-0.015742350614031564,1.0,1.0,-1.0,-1.0,0.536720917115074,0.7361784891945872,-0.27429709177620865,-0.0468542974915796,4,0.0,0.23793700426046827
2019-11-04,103.1861049104515,1.387,1.827,2130.24,0.07775715694299015,0.44500000000000006,-0.03032888123894928,-0.024249312020935034,1.0,1.0,-1.0,-1.0,0.5366908569677568,0.7391415108725308,-0.38444284882882784,-0.07221153537944663,4,0.0,0.20479449590800325
2019-11-05,103.80282866964986,1.371,1.817,2142.64,0.07775715694299015,0.4630000000000001,-0.02339487025803333,-0.020075641546165264,1.0,1.0,-1.0,-1.0,0.5366612799334782,0.7685983796421649,-0.2965941722423619,-0.05981432667973832,4,0.0,0.23721279016338573
2019-11-06,103.82216626755658,1.377,1.82,2144.15,0.07775715694299015,0.4570000000000001,-0.025136986763505398,-0.022960205117890403,1.0,1.0,-1.0,-1.0,0.5366321834983773,0.7582291759743284,-0.318711083001562,-0.0684445530469745,4,0.0,0.22692643085604228
2019-11-07,103.98940389503622,1.38,1.822,2144.29,0.07775715694299015,0.4720000000000002,-0.021492060019730808,0.014102271203181048,1.0,1.0,-1.0,1.0,0.536603565165222,0.7826378509062831,-0.27255597150646615,0.04206126073242894,4,0.5,0.272186676324367
2019-11-08,103.82305663078412,1.374,1.803,2137.23,0.07775715694299015,0.476,-0.03119504231611181,0.009455428999420083,1.0,1.0,-1.0,1.0,0.5365754224532711,0.7887753510982562,-0.3955578108712032,0.02821663216211786,4,0.5,0.2395023987106105
2019-11-11,104.15803192335898,1.372,1.788,2124.09,0.07775715694299015,0.47899999999999987,-0.029961296562622586,0.024198755900629206,1.0,1.0,-1.0,1.0,0.5365477528981388,0.7932400714705365,-0.37988635687336586,0.07225093733807385,4,0.5,0.2555381012083458
2019-11-12,103.76657866965732,1.394,1.842,2140.92,0.07775715694299015,0.44700000000000006,-0.03433919409645814,0.0038622444162674102,1.0,1.0,-1.0,1.0,0.5365205540516607,0.7398962660980639,-0.43528807231438127,0.011537746538037632,4,0.5,0.21316662359334523
2019-11-13,103.6486345614956,1.388,1.787,2122.45,0.07775715694299015,0.4560000000000002,-0.036207152012807775,0.02345056629462377,1.0,1.0,-1.0,1.0,0.536493823481759,0.754405643831415,-0.4588190410967994,0.07009077955113703,4,0.5,0.2255428014418779
2019-11-14,103.40627113842842,1.392,1.785,2139.23,0.07775715694299015,0.44900000000000007,-0.04232505602010317,0.010685549221171847,1.0,1.0,-1.0,1.0,0.5364675587723123,0.742471139578407,-0.5360234179749301,0.031954641860594324,4,0.5,0.19371748055909588
2019-11-15,103.1292723849226,1.395,1.79,2162.18,0.07775715694299015,0.44100000000000006,-0.040460519104895454,-0.004937562191966588,1.0,1.0,-1.0,-1.0,0.5364417575230241,0.7289252646293836,-0.5121514575218499,-0.014773370383562573,4,0.0,0.18461054856174886
2019-11-18,103.37040802219862,1.405,1.781,2160.69,0.07775715694299015,0.43199999999999994,-0.03464673872482038,-0.007884981421817143,1.0,1.0,-1.0,-1.0,0.5364164173492934,0.7137709722160404,-0.4384544230743173,-0.023604619416199027,4,0.0,0.19703208676870435
2019-11-19,103.59443570529888,1.399,1.734,2153.24,0.07775715694299015,0.43799999999999994,-0.028666507601738722,-0.003487550230175919,1.0,1.0,-1.0,-1.0,0.5363915358820867,0.7233846575040243,-0.36277263549560823,-0.010445911198633242,4,0.0,0.22163941167296736
2019-11-20,103.26415391843072,1.38,1.671,2125.32,0.07775715694299015,0.4670000000000001,-0.033623824154822124,0.0271130259653121,1.0,1.0,-1.0,1.0,0.5363671107678116,0.7708558709118951,-0.42542488393137123,0.08125076529655063,4,0.5,0.24076221576122153
2019-11-21,103.18652701700006,1.39,1.672,2096.6,0.07775715694299015,0.4590000000000001,-0.034522449520554055,0.0418347474779838,1.0,1.0,-1.0,1.0,0.5363431396681914,0.7572666730962084,-0.4366956674313839,0.12543010653721182,4,0.5,0.24558606296755692
2019-11-22,102.65318333356932,1.391,1.687,2101.96,0.07775715694299015,0.45799999999999996,-0.03952258302626177,0.04045373306883056,1.0,1.0,-1.0,1.0,0.5363196202601396,0.7552403846904178,-0.4997253851101614,0.12134981611202977,4,0.5,0.22829610898810643
2019-11-25,102.55490651290393,1.401,1.725,2123.5,0.07775715694299015,0.45199999999999996,-0.041553735144326254,0.019021838915966566,1.0,1.0,-1.0,1.0,0.5362965502356379,0.7449991134418334,-0.5251292268886164,0.05708985486967838,4,0.5,0.20331407291463333
2019-11-26,102.72342144680884,1.399,1.707,2121.35,0.07775715694299015,0.4590000000000001,-0.04124143278705272,0.018815184307357652,1.0,1.0,-1.0,1.0,0.5362739273016144,0.7561616135983085,-0.5209171721267896,0.05649898747686424,4,0.5,0.20700433906249938
2019-11-27,102.85249206018652,1.39,1.671,2127.85,0.07775715694299015,0.4670000000000001,-0.03641564916149953,0.015212372123032211,1.0,1.0,-1.0,1.0,0.5362517491798219,0.7689325283649521,-0.4598300315253278,0.04570414723675242,4,0.5,0.22276459831404963
2019-11-28,102.7336894022971,1.382,1.667,2118.6,0.07775715694299015,0.4660000000000002,-0.038048835981256524,0.01088643980695439,1.0,1.0,-1.0,1.0,0.5362300136067193,0.7668853917103226,-0.4802818903687662,0.03272439824789701,4,0.5,0.21388947829904312
2019-11-29,102.45684875679882,1.365,1.63,2087.96,0.07775715694299015,0.4770000000000001,-0.04085460065138147,0.04059125102021543,1.0,1.0,-1.0,1.0,0.5362087183333528,0.7845387043684596,-0.5154525638878231,0.1220767304168808,4,0.5,0.23184289730771757
2019-12-02,102.4338924338277,1.376,1.688,2091.92,0.0061924821030689995,0.4600000000000002,-0.04270547422777149,0.04053881155188178,1.0,1.0,-1.0,1.0,0.04272056722272331,0.756210761984216,-0.5385039797676169,0.12197924700219076,4,0.5,0.0956016491103783
2019-12-03,102.33216697453298,1.382,1.736,2084.07,0.0061924821030689995,0.4590000000000001,-0.04428685715676295,0.04504127698146098,1.0,1.0,-1.0,1.0,0.042738139832562104,0.7542066165536221,-0.5580940638243472,0.1355928512156606,4,0.5,0.09361088594437439
2019-12-04,101.8122116854693,1.36,1.657,2068.89,0.0061924821030689995,0.46599999999999997,-0.048743313776251185,0.05817695844946364,1.0,1.0,-1.0,1.0,0.04275570522033057,0.7653203757117524,-0.6137335531554948,0.17521734798284216,4,0.5,0.09238996893985757
2019-12-05,101.265095984556,1.37,1.661,2060.74,0.0061924821030689995,0.45999999999999996,-0.05858620737796816,0.05297584605286989,1.0,1.0,-1.0,1.0,0.04277326339492553,0.7551076302790465,-0.7366386230378831,0.15962778348227805,4,0.5,0.055217513529591734
2019-12-06,101.40223766450518,1.371,1.68,2081.85,0.0061924821030689995,0.474,-0.059325827793418995,0.059610751256122946,1.0,1.0,-1.0,1.0,0.04279081436522553,0.7776703250078956,-0.744875277781521,0.1797022204476198,4,0.5,0.063822020509805
2019-12-09,101.43984355363276,1.363,1.664,2088.65,0.0061924821030689995,0.48,-0.06338508292858958,0.047269512400168114,1.0,1.0,-1.0,1.0,0.04280835814009096,0.7870703899064717,-0.7945170898101531,0.14256689793589875,4,0.5,0.04448213904307708
2019-12-10,101.39475809499363,1.351,1.616,2098.0,0.0061924821030689995,0.488,-0.0648937746232674,0.03693644979079838,1.0,1.0,-1.0,1.0,0.04282589472836404,0.7997088955738818,-0.8120085187643082,0.11145722615540125,4,0.5,0.035495874423334725
2019-12-11,101.16720262715742,1.345,1.621,2105.62,0.0061924821030689995,0.4750000000000001,-0.06464507302407796,0.011265596117498687,1.0,1.0,-1.0,1.0,0.0428434241388689,0.7779916246797715,-0.8075120529433155,0.034012006388010274,4,0.5,0.011833750565833773
2019-12-12,100.93394232237084,1.343,1.619,2137.35,0.0061924821030689995,0.46599999999999997,-0.06435146133666514,0.0006806077564587912,1.0,1.0,-1.0,1.0,0.042860946380411616,0.7628807617652269,-0.8024974981480394,0.0020558933169636025,4,0.5,0.0013250258286406787
2019-12-13,101.19359244442524,1.352,1.649,2170.25,0.0061924821030689995,0.44199999999999995,-0.06120623951968707,-0.028835501542849987,1.0,1.0,-1.0,-1.0,0.04287846146178028,0.7233216492938335,-0.7621578866748367,-0.08714634683883796,4,0.0,-0.02077603068951523
2019-12-16,102.45532016158568,1.341,1.612,2168.15,0.0061924821030689995,0.44900000000000007,-0.045570577139503854,-0.025146744207672853,1.0,1.0,-1.0,-1.0,0.042895969391745066,0.7344829179983461,-0.567113390747617,-0.07603664075844631,4,0.0,0.03355721397100697
2019-12-17,102.47073012818824,1.34,1.605,2195.68,0.0061924821030689995,0.4289999999999998,-0.04149945665757926,-0.020489085599866286,1.0,1.0,-1.0,-1.0,0.04291347017905824,0.7015490613555057,-0.5162340209746169,-0.0619847455622305,4,0.0,0.04156094124942912
2019-12-18,103.0223829858106,1.336,1.606,2194.76,0.0061924821030689995,0.43299999999999983,-0.0355687879782014,-0.013296652389291577,1.0,1.0,-1.0,-1.0,0.04293096383245421,0.7078605840692973,-0.44238401529265736,-0.04024644690888541,4,0.0,0.06704027142505219
2019-12-19,103.20854095532069,1.347,1.655,2196.56,0.0061924821030689995,0.41300000000000003,-0.03646167689599711,-0.031883454740538913,1.0,1.0,-1.0,-1.0,0.04294845036064964,0.6750039144548472,-0.45339781688358183,-0.09655308231759198,4,0.0,0.04200036640358076
2019-12-20,103.2326084794847,1.349,1.673,2204.18,0.0061924821030689995,0.4119999999999999,-0.033370135745698803,-0.03580051891112152,1.0,1.0,-1.0,-1.0,0.04296592977234344,0.6732130828107828,-0.41492058296677176,-0.10846838492561749,4,0.0,0.04819751117268427
2019-12-23,103.44329906323206,1.342,1.642,2203.71,0.0061924821030689995,0.4089999999999998,-0.029163572158590334,-0.03929257324836223,1.0,1.0,-1.0,-1.0,0.042983402076216815,0.6681652288975746,-0.3626400509820226,-0.11910636989617346,4,0.0,0.05735055252389881
2019-12-24,103.57190524588822,1.339,1.631,2190.08,0.0061924821030689995,0.40400000000000014,-0.02818428716794852,-0.0280480270042448,1.0,1.0,-1.0,-1.0,0.043000867280933365,0.659867345774041,-0.35049712870832606,-0.08506358625269828,4,0.0,0.06682687452348751
2019-12-26,103.37447071474134,1.336,1.641,2197.93,0.0061924821030689995,0.40700000000000003,-0.03449601363625732,-0.04147177480847361,1.0,1.0,-1.0,-1.0,0.04301832539513909,0.66463023748248,-0.4289388173680951,-0.12583538069042635,4,0.0,0.038218591204774395
2019-12-27,103.49287940714916,1.337,1.683,2204.21,0.0061924821030689995,0.40900000000000003,-0.029371213000436214,-0.04398014574212482,1.0,1.0,-1.0,-1.0,0.04303577642746245,0.6677545076418812,-0.36523770284312423,-0.13350993649705503,4,0.0,0.05301066118229109
2019-12-30,103.47624690419008,1.335,1.683,2197.67,0.0061924821030689995,0.41300000000000003,-0.0345614787171602,-0.04255699410569683,1.0,1.0,-1.0,-1.0,0.04305322038651444,0.6741326512298933,-0.42973031284657703,-0.12925146850767094,4,0.0,0.03955102256553995
2019-12-31,103.5987069130266,1.335,1.683,,0.0061924821030689995,0.41000000000000014,-0.032144266700179,,1.0,1.0,-1.0,,0.04307065728088861,0.6690938357141576,-0.39966460339555376,,3,,
2020-01-02,103.49156655348126,1.319,1.638,2175.17,0.1591281064307801,0.42800000000000016,-0.03272858734608519,-0.045439797685155235,1.0,1.0,-1.0,-1.0,1.0,0.6982710727364745,-0.40691149291971723,-0.138072195192605,4,0.0,0.28832184615603806
2020-01-03,103.55695687472506,1.299,1.555,2176.46,0.1591281064307801,0.44900000000000007,-0.03509805384590514,-0.032800221839487075,1.0,1.0,-1.0,-1.0,1.0,0.7322612378570191,-0.43631505421037653,-0.09971488691244083,4,0.0,0.2990578241835504
2020-01-06,103.15019324249796,1.295,1.541,2155.07,0.1591281064307801,0.45300000000000007,-0.039639197740722665,,1.0,1.0,-1.0,,1.0,0.7385007847440047,-0.4926190835589785,,3,,
2020-01-07,102.50125734739196,1.312,1.613,2175.54,0.1591281064307801,0.42100000000000004,-0.04446159750277534,-0.05234218751638025,1.0,1.0,-1.0,-1.0,1.0,0.6861634555628492,-0.552272249339908,-0.15919681539875047,4,0.0,0.24367359770604768
2020-01-08,102.86870926309336,1.319,1.63,2151.31,0.1591281064307801,0.41200000000000014,-0.04096827051641316,-0.05008475004921366,1.0,1.0,-1.0,-1.0,1.0,0.6713544908352364,-0.508703653111029,-0.15240143228584893,4,0.0,0.25256235135958965
2020-01-09,102.10292718620435,1.326,1.687,2186.45,0.1591281064307801,0.391,-0.0410103838633189,-0.06122013156663291,1.0,1.0,-1.0,-1.0,1.0,0.6370538875653589,-0.5090507614008513,-0.18636672034915985,4,0.0,0.23540910145383692
2020-01-10,103.20466762041931,1.33,1.706,2206.39,0.1591281064307801,0.3919999999999999,-0.029993780300309858,-0.0581504679354933,1.0,1.0,-1.0,-1.0,1.0,0.6386005536450844,-0.3723277646093406,-0.17710089678629698,4,0.0,0.27229297306236167
2020-01-13,103.06039909237948,1.328,1.729,2229.26,0.1591281064307801,0.397,-0.0361104668537271,-0.07476666683266797,1.0,1.0,-1.0,-1.0,1.0,0.6466513178472073,-0.4481911554545515,-0.22779835807787238,4,0.0,0.24266545107869586
2020-01-14,103.42367649808084,1.317,1.716,2238.88,0.1591281064307801,0.40600000000000014,-0.03032430136990083,-0.05946596010965585,1.0,1.0,-1.0,-1.0,1.0,0.6611927499548024,-0.3763958920531052,-0.18126036839080112,4,0.0,0.27588412237772403
2020-01-15,103.56550459877953,1.32,1.695,2230.98,0.1591281064307801,0.397,-0.027394161533508488,-0.056624001268182,1.0,1.0,-1.0,-1.0,1.0,0.6464433270785207,-0.3400759173488234,-0.17267497125457199,4,0.0,0.28342310961878137
2020-01-16,103.14405115920933,1.333,1.701,2248.05,0.1591281064307801,0.387,-0.03167276321462431,-0.05654735902194183,1.0,1.0,-1.0,-1.0,1.0,0.6300941012394894,-0.3931967128154076,-0.1725184240219746,4,0.0,0.2660947411005268
2020-01-17,103.08114470141484,1.341,1.741,2250.57,0.1591281064307801,0.377,-0.031709406426733366,-0.06772576359342422,1.0,1.0,-1.0,-1.0,1.0,0.6137709409527478,-0.39365731244721514,-0.20670918881083344,4,0.0,0.2533511099236748
2020-01-20,103.11688441099862,1.355,1.762,2262.64,0.1591281064307801,0.3660000000000001,-0.027993569199461277,-0.05945868798471349,1.0,1.0,-1.0,-1.0,1.0,0.5958452833991966,-0.34757314594300726,-0.1815567555655661,4,0.0,0.26667884547265586
2020-01-21,103.05963890753732,1.33,1.689,2239.69,0.1591281064307801,0.3919999999999999,-0.030159122835776486,-0.038059567467330434,1.0,1.0,-1.0,-1.0,1.0,0.6380973329052656,-0.37448634808707554,-0.11627039259832961,4,0.0,0.28683514805496513
2020-01-22,102.71614002917735,1.345,1.723,2267.25,0.1591281064307801,0.377,-0.03247297067445043,-0.053034032422054,1.0,1.0,-1.0,-1.0,1.0,0.6136410782220245,-0.40321497259404915,-0.16209019549444292,4,0.0,0.2620839775333831
2020-01-23,102.70238448236286,1.338,1.704,2246.13,0.1591281064307801,0.393,-0.03348465978296655,-0.031455813884681105,1.0,1.0,-1.0,-1.0,1.0,0.6396077951678573,-0.4157610800226719,-0.0961866054086647,4,0.0,0.28191502743413016
2020-01-28,102.7468202780794,1.295,1.603,2176.72,0.1591281064307801,0.44100000000000006,-0.0346102387479954,0.009769099503888351,1.0,1.0,-1.0,1.0,1.0,0.7175096735606568,-0.4297044333133398,0.029887312333883344,4,0.5,0.3294231381453001
2020-01-29,102.10210174310778,1.286,1.582,2185.28,0.1591281064307801,0.44300000000000006,-0.03710721594252675,0.001819681479703232,1.0,1.0,-1.0,1.0,1.0,0.7205403828346768,-0.4606307363762064,0.005569893675358973,4,0.5,0.31636988503345737
2020-01-30,102.13772080301176,1.265,1.553,2148.0,0.1591281064307801,0.4720000000000002,-0.03441307283437567,0.02502200602969456,1.0,1.0,-1.0,1.0,1.0,0.7673776555707263,-0.427159697016625,0.07662800230136743,4,0.5,0.3542114902138672
2020-01-31,101.6508186595291,1.264,1.558,2119.01,0.1591281064307801,0.4810000000000001,-0.03976619361835532,0.04700453981396297,1.0,1.0,-1.0,1.0,1.0,0.7816433727064757,-0.49347900387951893,0.1440143683810644,4,0.5,0.3580446843020053
2020-02-03,101.3498127877754,1.256,1.547,2118.88,0.08377052200175855,0.49,-0.04296718530995136,0.06403540268756625,1.0,1.0,-1.0,1.0,0.566096037106787,0.7958655802568176,-0.5329974168810755,0.19627776999167754,4,0.5,0.25631049261855166
2020-02-04,100.78783312763176,1.272,1.628,2157.9,0.08377052200175855,0.47899999999999987,-0.04911153235532417,0.04023005051685251,1.0,1.0,-1.0,1.0,0.5660630348849189,0.777646777825428,-0.6088219385482592,0.12336917930010997,4,0.5,0.21456426336554946
2020-02-05,101.27854698971196,1.259,1.601,2165.63,0.08377052200175855,0.498,-0.04965431337688564,0.042873662449147185,1.0,1.0,-1.0,1.0,0.5660305031747821,0.8080592931364029,-0.6151401941925684,0.131537572043046,4,0.5,0.22262179354041567
2020-02-06,101.3532181317928,1.257,1.63,2227.94,0.08377052200175855,0.504,-0.048416421591530145,0.023874186832771295,1.0,1.0,-1.0,1.0,0.5659984396402009,0.8173364678088086,-0.599442356559844,0.0732826431020764,4,0.5,0.2142937984978105
2020-02-07,101.90912386717382,1.238,1.601,2211.95,0.08377052200175855,0.516,-0.04150434520524904,0.02878499994765523,1.0,1.0,-1.0,1.0,0.5659668419597685,0.8362832627835811,-0.5137070123288483,0.08839948900084516,4,0.5,0.2442356453538366
2020-02-10,101.62138778525409,1.242,1.603,2201.07,0.08377052200175855,0.5089999999999999,-0.047638438585345,0.03148524643245468,1.0,1.0,-1.0,1.0,0.5659357078267294,0.8244629286831143,-0.5893001498945335,0.09673866150078449,4,0.5,0.22445928702902368
2020-02-11,101.46679082061698,1.241,1.602,2223.12,0.08377052200175855,0.5099999999999998,-0.047875617991437025,0.022539084132072153,1.0,1.0,-1.0,1.0,0.5659050349488645,0.8256059816221859,-0.5918999069034205,0.0692855107903016,4,0.5,0.21722415511448284
2020-02-12,101.79910334932798,1.242,1.613,2238.38,0.08377052200175855,0.5010000000000001,-0.04090381306040669,0.0003783594393509844,1.0,1.0,-1.0,1.0,0.5658748210483763,0.8106056030990704,-0.5055688291327572,0.0011636644593216961,4,0.5,0.21801881486850277
2020-02-13,102.15106690957288,1.235,1.609,2232.96,0.08377052200175855,0.506,-0.03716103405679494,0.0030516235562058486,1.0,1.0,-1.0,1.0,0.5658450638617762,0.8182446082229837,-0.459249310635354,0.009390115068350007,4,0.5,0.23355761912943898
2020-02-14,102.0913618437384,1.268,1.653,2243.59,0.08377052200175855,0.4810000000000001,-0.03881258436777202,0.002038871155091132,1.0,1.0,-1.0,1.0,0.5658157611397717,0.777479669307531,-0.4795707489020513,0.006276916009475072,4,0.5,0.2175003993886816
2020-02-17,101.90969985429813,1.264,1.622,2242.17,0.08377052200175855,0.49,-0.03979437947858866,0.010885714525941222,1.0,1.0,-1.0,1.0,0.5657869106471555,0.7916540860486663,-0.49159411344011184,0.033529644061821386,4,0.5,0.22484413182938284
2020-02-18,101.98969774495436,1.237,1.56,2208.88,0.08377052200175855,0.5159999999999998,-0.04197227647386992,0.0420532653988659,1.0,1.0,-1.0,1.0,0.5657585101626952,0.8331711189442333,-0.5183432596319023,0.12959062841085056,4,0.5,0.25254424947146925
2020-02-19,101.63976761393668,1.237,1.559,2210.34,0.08377052200175855,0.5129999999999999,-0.04212207584395866,0.025772156563635032,1.0,1.0,-1.0,1.0,0.5657305574790247,0.8278560390470043,-0.5200362931545462,0.07945757076554288,4,0.5,0.2382519685342564
2020-02-20,101.56826598642463,1.209,1.515,2195.5,0.08377052200175855,0.5529999999999999,-0.040851463788609266,0.04554533837425865,1.0,1.0,-1.0,1.0,0.5657030504025358,0.8917289131166074,-0.5042235923275309,0.14048419091061026,4,0.5,0.27342314052555566
2020-02-21,101.32845020444748,1.168,1.443,2162.84,0.08377052200175855,0.595,-0.045004861762511617,0.06383100947716941,1.0,1.0,-1.0,1.0,0.5656759867532712,0.9585202433433836,-0.5552606133553598,0.19696895368534598,4,0.5,0.29147614260666027
2020-02-24,100.66862316826506,1.129,1.416,2079.04,0.08377052200175855,0.637,-0.04867249479597824,0.11606770765180852,1.0,1.0,-1.0,1.0,0.5656493643648185,1.0,-0.6001741126617851,0.3582475760387649,4,0.5,0.33093070693544957
2020-02-25,99.6962634484997,1.139,1.429,2103.61,0.08377052200175855,0.6299999999999999,-0.060302435957448,0.10422559152294676,1.0,1.0,-1.0,1.0,0.5656231810842052,1.0,-0.7427513321104486,0.32179057583645726,4,0.5,0.28616560620255344
2020-02-26,100.01752857021486,1.119,1.395,2076.77,0.08377052200175855,0.6519999999999999,-0.055350416009129155,0.12045197346334494,1.0,1.0,-1.0,1.0,0.5655974347717947,1.0,-0.6811731776001494,0.37197204683742274,4,0.5,0.314099076002267
2020-02-27,99.75501815186114,1.154,1.443,2054.89,0.08377052200175855,0.6200000000000001,-0.057085221963645516,0.1284465905722707,1.0,1.0,-1.0,1.0,0.565572123301183,0.9940877297165309,-0.7018667768916175,0.39673480934185934,4,0.5,0.31363197136698895
2020-02-28,99.76822571684444,1.113,1.333,1987.01,0.08377052200175855,0.6579999999999999,-0.05895212828211083,0.16744476204282202,1.0,1.0,-1.0,1.0,0.5655472445590971,1.0,-0.7240817685999358,0.51717442304287,4,0.5,0.3396599747505078
2020-03-02,99.77786557713264,1.121,1.372,2002.51,0.0171017006827974,0.649,-0.060911337954399514,0.1587858702137848,1.0,1.0,-1.0,1.0,0.11550045977418845,1.0,-0.7473145526984749,0.4904428974692492,4,0.5,0.21465720113624068
2020-03-03,100.75982729073311,1.117,1.371,2014.15,0.0171017006827974,0.659,-0.05181465019019793,0.13546521184703722,1.0,1.0,-1.0,1.0,0.11554477949742994,1.0,-0.6352887274872596,0.4184767979721599,4,0.5,0.2246832124955826
2020-03-04,101.3108210095432,1.038,1.299,2059.33,0.0171017006827974,0.7489999999999999,-0.04595677970086509,0.12006218110848849,1.0,1.0,-1.0,1.0,0.11558908226580977,1.0,-0.5632386142557605,0.37097851985486835,4,0.5,0.2308322469662294
2020-03-05,101.64606779054613,1.046,1.337,2085.26,0.0171017006827974,0.742,-0.038773647178858006,0.09943805568197797,1.0,1.0,-1.0,1.0,0.11563336809872334,1.0,-0.4751407919441081,0.3073481223430833,4,0.5,0.23696017462442465
2020-03-06,101.73868043180283,1.051,1.37,2040.22,0.0171017006827974,0.7350000000000001,-0.03792754147820521,0.1163268433879415,1.0,1.0,-1.0,1.0,0.11567763701552916,1.0,-0.4647258178484731,0.3596367016731888,4,0.5,0.25264713021006124
2020-03-09,101.33799293586576,1.014,1.286,1954.77,0.0171017006827974,0.766,-0.04096863050529631,0.16003265151242704,1.0,1.0,-1.0,1.0,0.11572188903554903,1.0,-0.5018855896018445,0.49476812388340746,4,0.5,0.277151105829278
2020-03-10,100.3985595487362,1.033,1.355,1962.93,0.0171017006827974,0.74,-0.05133444041543633,0.1346105963053977,1.0,1.0,-1.0,1.0,0.11576612417806811,1.0,-0.6284840351114521,0.41623820815613327,4,0.5,0.2258800743056873
2020-03-11,101.0037065447678,1.032,1.369,1908.27,0.0171017006827974,0.744,-0.04037884471552289,0.16308051174525579,1.0,1.0,-1.0,1.0,0.11581034246233497,1.0,-0.4942680484413776,0.5042739640950769,4,0.5,0.28145406452900856
2020-03-12,101.5941256309004,1.022,1.387,1834.33,0.0171017006827974,0.754,-0.03313187874172474,0.21044252094313673,1.0,1.0,-1.0,1.0,0.11585454390756175,1.0,-0.40558476968231827,0.650516385669219,4,0.5,0.34019653997361565
2020-03-13,101.28890632780224,1.073,1.57,1771.44,0.0171017006827974,0.6970000000000001,-0.04069682358298721,0.22461525851726388,1.0,1.0,-1.0,1.0,0.11589872853292418,1.0,-0.4980998108083098,0.6940262755062483,4,0.5,0.32795629830771567
2020-03-16,99.8920239709276,1.02,1.524,1714.86,0.0171017006827974,0.75,-0.05078739593278403,0.2650947743926847,1.0,1.0,-1.0,1.0,0.11594289635756178,1.0,-0.6212425209836822,0.8184507340863325,4,0.5,0.328287777365053
2020-03-17,100.34836054589768,0.981,1.441,1672.44,0.0171017006827974,0.797,-0.04665740567699839,0.30709524124932097,1.0,1.0,-1.0,1.0,0.11598704740057787,1.0,-0.5704947725221381,0.9469561103938327,4,0.5,0.37311209631806813
2020-03-18,98.90793300134976,0.982,1.502,1591.2,0.0171017006827974,0.7989999999999999,-0.05692484200008163,0.3539624559198537,1.0,1.0,-1.0,1.0,0.11603118168103968,1.0,-0.6954505189800947,1.0,4,0.5,0.35514516567523624
2020-03-19,99.84560012333094,1.066,1.657,1457.64,0.0171017006827974,0.7149999999999999,-0.048524360152848445,0.42717384777806355,1.0,1.0,-1.0,1.0,0.11607529921797845,1.0,-0.5925452823657281,1.0,4,0.5,0.3808825042130626
2020-03-20,97.33590233692486,1.019,1.611,1566.15,0.0171017006827974,0.764,-0.07689139795382616,0.35897333754797217,1.0,1.0,-1.0,1.0,0.1161194000303896,1.0,-0.9371412947412852,1.0,4,0.5,0.2947445263222761
2020-03-23,99.4791176109042,1.041,1.718,1482.46,0.0171017006827974,0.732,-0.05394562771915634,0.404978037055449,1.0,1.0,-1.0,1.0,0.11616348413723267,1.0,-0.6570321647527569,1.0,4,0.5,0.364782829846119
2020-03-24,98.0848060941936,1.015,1.708,1609.97,0.0171017006827974,0.762,-0.07107274582586687,0.3243723337823493,1.0,1.0,-1.0,1.0,0.11620755155743157,1.0,-0.8642941309404056,0.9900570756900746,4,0.5,0.31049262407677514
2020-03-25,99.25656869527836,1.013,1.647,1704.76,0.0171017006827974,0.75,-0.058297156619754986,0.24892994382048864,1.0,1.0,-1.0,1.0,0.11625160230987454,1.0,-0.7083192921153596,0.7593420494113942,4,0.5,0.29181858990147724
2020-03-26,101.08198134787688,0.995,1.502,1686.24,0.0171017006827974,0.765,-0.035100615380553535,0.27464834858334636,1.0,1.0,-1.0,1.0,0.11629563641341438,1.0,-0.42649221444898183,0.8371046277185797,4,0.5,0.38172701242075313
2020-03-27,100.97032346574588,0.993,1.532,1717.73,0.0171017006827974,0.747,-0.038745069805229626,0.2474649031803307,1.0,1.0,-1.0,1.0,0.11633965388686841,1.0,-0.470737454328041,0.7538231841594002,4,0.5,0.34985634592955694
2020-03-30,102.04003070197804,1.005,1.562,1717.12,0.0171017006827974,0.7140000000000002,-0.02764798288997561,0.23442109404142167,1.0,1.0,-1.0,1.0,0.1163836547490187,1.0,-0.3359921499321277,0.7137647258668635,4,0.5,0.37353905767093865
2020-03-31,101.37053175124623,0.989,1.551,1754.64,0.0171017006827974,0.733,-0.03300909252058659,0.22141515647427265,1.0,1.0,-1.0,1.0,0.11642763901861197,1.0,-0.4011824764507928,0.6739294889054134,4,0.5,0.3472936628683082
2020-04-01,101.5201790422891,0.984,1.545,1685.46,0.0032178369747311,0.756,-0.032743012270341154,0.2775757029495459,1.0,1.0,-1.0,1.0,0.02191535339715459,1.0,-0.3979911432156049,0.8441632871114534,4,0.5,0.36702187432325073
2020-04-02,101.61390995188827,0.959,1.518,1724.86,0.0032178369747311,0.7740000000000001,-0.03333380944109621,0.25992457365568505,1.0,1.0,-1.0,1.0,0.021923808499720972,1.0,-0.40520929654223103,0.7899584296884085,4,0.5,0.3516682354114746
2020-04-03,100.43850871797966,0.95,1.548,1725.44,0.0032178369747311,0.7930000000000001,-0.0428903669611298,0.2717405300339404,1.0,1.0,-1.0,1.0,0.02193226034277209,1.0,-0.5212699660099074,0.8252354018254706,4,0.5,0.3314744240395838
2020-04-06,101.19180061379194,0.928,1.543,1791.88,0.0032178369747311,0.816,-0.035293312241030605,0.2348757978032871,1.0,1.0,-1.0,1.0,0.021940708930074746,1.0,-0.4289550386577933,0.712968316218309,4,0.5,0.3264884966226476
2020-04-07,100.76701676086287,0.911,1.58,1823.6,0.0032178369747311,0.841,-0.03968485804039101,0.21704346001151037,1.0,1.0,-1.0,1.0,0.021949154265388484,1.0,-0.4822829312433316,0.6586405725012527,4,0.5,0.2995766988808274
2020-04-08,101.32855426901028,0.891,1.511,1807.14,0.0032178369747311,0.8580000000000001,-0.03308873820453595,0.2300784868054201,1.0,1.0,-1.0,1.0,0.021957596352465625,1.0,-0.40216325011327914,0.6979194820015956,4,0.5,0.3294284570601955
2020-04-09,101.50280908940928,0.862,1.438,1836.21,0.0032178369747311,0.8870000000000001,-0.02720016748167442,0.22161841447280034,1.0,1.0,-1.0,1.0,0.021966035195051282,1.0,-0.3306774952504374,0.6720354399432497,4,0.5,0.3408309949719659
2020-04-10,101.54427660243006,0.856,1.444,1860.7,0.0032178369747311,0.8949999999999999,-0.024652678523185756,0.21268995971538998,1.0,1.0,-1.0,1.0,0.021974470796883368,1.0,-0.2998009490048519,0.6447925130806361,4,0.5,0.3417415087181669
2020-04-13,101.67594650755083,0.867,1.469,1825.76,0.0032178369747311,0.8859999999999999,-0.023929973500220747,0.2293488598426291,1.0,1.0,-1.0,1.0,0.021982903161692626,1.0,-0.29110767519827785,0.695028992929635,4,0.5,0.3564760552232625
2020-04-14,101.17600795760048,0.871,1.464,1857.08,0.0032178369747311,0.883,-0.03171805422288099,0.21790211349079852,1.0,1.0,-1.0,1.0,0.021991332293202655,1.0,-0.38590501389860643,0.6601458292803677,4,0.5,0.32405803691874097
2020-04-16,101.5178054794836,0.868,1.411,1857.07,0.0032178369747311,0.902,-0.027331126500624414,0.2299607774623774,1.0,1.0,-1.0,1.0,0.021999758195129917,1.0,-0.3326148755586311,0.6964111254584279,4,0.5,0.34644900202373163
2020-04-17,100.76663332875064,0.879,1.438,1914.53,0.0032178369747311,0.893,-0.039952386750713664,0.20036898017917926,1.0,1.0,-1.0,1.0,0.02200818087118375,1.0,-0.48616596022129044,0.6066944061763619,4,0.5,0.28563415670656384
2020-04-20,101.35143630906806,0.876,1.444,1898.36,0.0032178369747311,0.9009999999999999,-0.03296947769306868,0.20835152361725234,1.0,1.0,-1.0,1.0,0.022016600325066412,1.0,-0.4012388562339642,0.6307260121968832,4,0.5,0.31287593907199635
2020-04-21,101.50618859075978,0.886,1.458,1879.38,0.0032178369747311,0.866,-0.030365561717188072,0.19855500930186604,1.0,1.0,-1.0,1.0,0.022025016560473072,1.0,-0.3696166175737935,0.6009788095436319,4,0.5,0.31334680213257793
2020-04-22,100.67280797479611,0.893,1.532,1896.15,0.0032178369747311,0.865,-0.03851453741377853,0.1853059414973512,1.0,1.0,-1.0,1.0,0.022033429581091852,1.0,-0.46878576785967896,0.5608403482790122,4,0.5,0.2785220025001063
2020-04-23,100.34426376919188,0.884,1.545,1914.73,0.0032178369747311,0.882,-0.04158275528851352,0.1771404266492173,1.0,1.0,-1.0,1.0,0.022041839390603824,1.0,-0.5060580317052993,0.5361186744503514,4,0.5,0.263025620533914
2020-04-24,100.56614270436312,0.873,1.546,1889.01,0.0032178369747311,0.891,-0.03685483895290087,0.19184401691847744,1.0,1.0,-1.0,1.0,0.022050245992683057,1.0,-0.44852301012697554,0.5805590024490233,4,0.5,0.2885215595786827
2020-04-27,100.27739437611008,0.878,1.576,1922.77,0.0032178369747311,0.8769999999999999,-0.0404193770085417,0.16203857795031126,1.0,1.0,-1.0,1.0,0.0220586493909966,1.0,-0.49185320997949655,0.490396383756512,4,0.5,0.255150455792003
2020-04-28,100.56590326374332,0.879,1.56,1934.09,0.0032178369747311,0.8600000000000001,-0.03423679480256947,0.15001289664611206,1.0,1.0,-1.0,1.0,0.02206704958920453,1.0,-0.4166546462155715,0.45406182240680154,4,0.5,0.26486855644510865
2020-04-29,100.89252752866254,0.872,1.518,1947.56,0.0032178369747311,0.866,-0.021691562335174552,0.14107100592114974,1.0,1.0,-1.0,1.0,0.022075446590959967,1.0,-0.2640814703213369,0.4270711078973038,4,0.5,0.29626627104173175
2020-05-04,101.39202850589012,0.856,1.499,1895.37,-0.04077463887462815,0.878,-0.015300297577311106,0.185683723247276,-1.0,1.0,-1.0,1.0,-0.2797906784135826,1.0,-0.18636142910842943,0.5620944794513804,4,0.0,0.27398559298234204
2020-05-06,100.77571278999848,0.845,1.508,1928.76,-0.04077463887462815,0.8820000000000001,-0.02274811279063549,0.16017053919053403,-1.0,1.0,-1.0,1.0,-0.27985359925514325,1.0,-0.2771766655282449,0.4849022187872213,4,0.0,0.2319679885009583
2020-05-07,101.21392495901767,0.834,1.48,1928.61,-0.04077463887462815,0.9150000000000001,-0.01356001879768165,0.1698365496777763,-1.0,1.0,-1.0,1.0,-0.2799165329193953,1.0,-0.16530667172333302,0.5141815730080612,4,0.0,0.2672395920913332
2020-05-08,100.81261569959683,0.819,1.426,1945.82,-0.04077463887462815,0.933,-0.017670292103853846,0.15901975046617728,-1.0,1.0,-1.0,1.0,-0.27997947931128453,1.0,-0.215509921292788,0.4814770582571424,4,0.0,0.24649691441326746
2020-05-11,101.33230585847213,0.821,1.462,1935.4,-0.04077463887462815,0.9220000000000002,-0.007653759354455225,0.15146916529989288,-1.0,1.0,-1.0,1.0,-0.28004243833620923,1.0,-0.09339927648501983,0.45867449492196294,4,0.0,0.2713081950251835
2020-05-12,101.46390869257382,0.799,1.424,1922.17,-0.04077463887462815,0.941,-0.008555623018614789,0.15667493994447854,-1.0,1.0,-1.0,1.0,-0.28010540990001753,1.0,-0.10446285223988275,0.47448743377715286,4,0.0,0.2724797929093131
2020-05-13,100.74892144702102,0.78,1.392,1940.42,-0.04077463887462815,0.954,-0.015412054764492034,0.11750958532840294,-1.0,1.0,-1.0,1.0,-0.2801683939090055,1.0,-0.18826868933007052,0.3559735013451639,4,0.0,0.22188410452652196
2020-05-14,100.80978761057868,0.786,1.381,1924.96,-0.04077463887462815,0.9550000000000001,-0.012251801397964002,0.13021341752807797,-1.0,1.0,-1.0,1.0,-0.2802313902699141,1.0,-0.14974147860360673,0.39454614649087594,4,0.0,0.24114331940433878
2020-05-15,100.69121049522782,0.784,1.383,1927.28,-0.04077463887462815,0.958,-0.0105095198431151,0.11506213641173638,-1.0,1.0,-1.0,1.0,-0.2802943988899276,1.0,-0.12851615026908417,0.3487366491211768,4,0.0,0.23498152499054126
2020-05-18,100.65885206110912,0.783,1.394,1937.11,-0.04077463887462815,0.9520000000000001,-0.010099092879965355,0.10997494639508193,-1.0,1.0,-1.0,1.0,-0.28035741967667027,1.0,-0.12356384947765729,0.3334185204664062,4,0.0,0.23237431282801965
2020-05-19,100.32037261945086,0.781,1.391,1980.61,-0.04077463887462815,0.953,-0.0105905150167791,0.09300844759277753,-1.0,1.0,-1.0,1.0,-0.2804204525382048,1.0,-0.12964565431904285,0.2820798509593385,4,0.0,0.21800343602552272
2020-05-20,100.82746180410372,0.772,1.358,1989.64,-0.04077463887462815,0.937,-0.003577331297438313,0.07543832427276909,-1.0,1.0,-1.0,1.0,-0.28048349738302975,1.0,-0.043818275135687625,0.22888351256911377,4,0.0,0.22614543501259912
2020-05-21,100.34621016020276,0.768,1.342,1998.31,-0.04077463887462815,0.9390000000000001,-0.009530423774503305,0.06676324325048433,-1.0,1.0,-1.0,1.0,-0.2805465541200768,1.0,-0.1168003645997555,0.20264707534391535,4,0.0,0.20132503915602076
2020-05-22,100.07225374954744,0.755,1.347,1970.13,-0.04077463887462815,0.959,-0.011833322285289327,0.08252175664031289,-1.0,1.0,-1.0,1.0,-0.2806096226587091,1.0,-0.14509883991230163,0.2505744322412826,4,0.0,0.20621649241756795
2020-05-25,99.82736271222464,0.743,1.316,1994.6,-0.04077463887462815,0.9600000000000001,-0.013497031215155886,0.07398906590604133,-1.0,1.0,-1.0,1.0,-0.2806727029087185,1.0,-0.16558158142857238,0.22475513701810015,4,0.0,0.19462521317020232
2020-05-26,99.39449985171372,0.743,1.328,2029.78,-0.04077463887462815,0.961,-0.01763900695791687,0.05713501470800072,-1.0,1.0,-1.0,1.0,-0.28073579478032346,1.0,-0.21649071812307272,0.17363277772941765,4,0.0,0.16910156620650535
2020-05-27,99.5573984737692,0.749,1.34,2031.2,-0.04077463887462815,0.941,-0.015051888991205686,0.0513201824580197,-1.0,1.0,-1.0,1.0,-0.2807988981841667,1.0,-0.1848262293497171,0.15603010492340746,4,0.0,0.1726012443473809
2020-05-28,99.91939014729408,0.7,1.343,2028.54,-0.04077463887462815,0.9870000000000001,-0.014268366068923122,0.044153044774192074,-1.0,1.0,-1.0,1.0,-0.28086201303131303,1.0,-0.17529058811818304,0.13429981471324418,4,0.0,0.16953680339093702
2020-05-29,99.4579222527314,0.692,1.374,2029.6,-0.04077463887462815,0.998,-0.018536714034151913,0.041012677487186074,-1.0,1.0,-1.0,1.0,-0.28092513923324713,1.0,-0.22782530273281604,0.12480405777862208,4,0.0,0.15401340395313973
2020-06-01,99.46648492647228,0.689,1.395,2065.08,0.12162847803321901,1.0020000000000002,-0.022789969894334128,0.02393993193098,1.0,1.0,-1.0,1.0,0.8374904039698754,1.0,-0.28019824893011397,0.07288437936319,4,0.5,0.4075441336007378
2020-06-02,99.9304710271573,0.692,1.378,2087.19,0.12162847803321901,0.9730000000000001,-0.015808098392841252,-0.0020389371254482744,1.0,1.0,-1.0,-1.0,0.8369995708277234,1.0,-0.19444808270018263,-0.00621034714042654,4,0.0,0.40908528524677856
2020-06-03,100.05316735010416,0.708,1.426,2147.0,0.12162847803321901,0.9610000000000001,-0.010857416202644465,-0.026510119412894592,1.0,1.0,-1.0,-1.0,0.8365115332836448,1.0,-0.133622252280953,-0.08078198767534507,4,0.0,0.4055268233318367
2020-06-04,100.4848943987262,0.723,1.432,2151.18,0.12162847803321901,0.9029999999999999,-0.009158322654623241,-0.0322141433078378,1.0,1.0,-1.0,-1.0,0.8360262716674999,1.0,-0.11277255823028681,-0.09820567380102502,4,0.0,0.40626200990904704
2020-06-05,100.52692623403638,0.73,1.452,2181.87,0.12162847803321901,0.889,-0.0068362187221699955,-0.03455288710120198,1.0,1.0,-1.0,-1.0,0.8355437664959083,1.0,-0.08422609792964812,-0.10538037598661894,4,0.0,0.41148432314491035
2020-06-08,100.66651984099016,0.732,1.453,2184.29,0.12162847803321901,0.8840000000000001,-0.010658017773313766,-0.036727066144236105,1.0,1.0,-1.0,-1.0,0.8350639984700013,1.0,-0.1313819185359122,-0.11205864277119869,4,0.0,0.3979058592907226
2020-06-09,101.17133115613971,0.722,1.397,2188.92,0.12162847803321901,0.873,-0.005880726168284944,-0.03572970837395997,1.0,1.0,-1.0,-1.0,0.8345869484732039,1.0,-0.072533017390919,-0.10906185255760242,4,0.0,0.41324801963117064
2020-06-10,101.74053479256276,0.72,1.398,2195.69,0.12162847803321901,0.875,-0.002089363328050986,-0.037182769801585844,1.0,1.0,-1.0,-1.0,0.8341125975690519,1.0,-0.02578533737498489,-0.11354505358481752,4,0.0,0.4236955516523124
2020-06-11,101.90611002115368,0.718,1.383,2176.78,0.12162847803321901,0.8740000000000001,-0.0004496942854954611,-0.013912262554138834,1.0,1.0,-1.0,-1.0,0.8336409269990389,1.0,-0.005553059775711848,-0.0425030450353517,4,0.0,0.44639620554699383
2020-06-12,102.32121755754991,0.721,1.388,2132.3,0.12162847803321901,0.876,0.006577366796484796,0.013704190325917142,1.0,1.0,1.0,1.0,0.8331719181804957,1.0,0.08126871763392678,0.0418866892308503,4,1.0,0.4890818312613182
2020-06-15,101.2421954622323,0.736,1.424,2030.82,0.12162847803321901,0.8009999999999999,-0.0045272204912745195,0.05173570249980233,1.0,1.0,-1.0,1.0,0.832705552704499,1.0,-0.055969453889375874,0.15819802736744504,4,0.5,0.483733531545642
2020-06-16,100.8581615261488,0.736,1.402,2138.05,0.12162847803321901,0.8069999999999999,-0.008309188420703606,0.0004220221813402425,1.0,1.0,-1.0,1.0,0.8322418123338116,1.0,-0.1027813366915754,0.0012910561399927184,4,0.5,0.43268788294555727
2020-06-17,101.18651519521582,0.749,1.409,2141.05,0.12162847803321901,0.787,-0.0027104016012078347,-0.006987124624112795,1.0,1.0,-1.0,-1.0,0.8317806790008515,1.0,-0.03354600223638046,-0.0213848231428822,4,0.0,0.4442124634053972
2020-06-18,100.5506405884618,0.73,1.37,2133.48,0.12162847803321901,0.8240000000000001,-0.011306088038644191,-0.00016116204583493596,1.0,1.0,-1.0,-1.0,0.8313221348056907,1.0,-0.14000477684939794,-0.0004934789359974315,4,0.0,0.42270596975507385
2020-06-19,100.81636704162908,0.725,1.38,2141.32,0.12162847803321901,0.8310000000000001,-0.00687060089834457,-0.001379591042582947,1.0,1.0,-1.0,-1.0,0.8308661620140816,1.0,-0.0851266585445083,-0.0042262431990219155,4,0.0,0.43537831506763786
2020-06-22,100.89554822924094,0.725,1.39,2126.73,0.12162847803321901,0.8230000000000001,-0.006223829397216107,0.015962678795655716,1.0,1.0,-1.0,1.0,0.8304127430555129,1.0,-0.0771561675604676,0.04892254555034011,4,0.5,0.4505447802613464
2020-06-23,100.61167540953824,0.709,1.385,2131.24,0.12162847803321901,0.793,-0.013141791910168621,0.012823460245442302,1.0,1.0,-1.0,1.0,0.8299618605212921,1.0,-0.16299762615997457,0.0393194661114556,4,0.5,0.4265709251181932
2020-06-24,100.74757395655058,0.707,1.363,2161.51,0.12162847803321901,0.8119999999999999,-0.016582923471769817,-0.0002635270044693515,1.0,1.0,-1.0,-1.0,0.8295134971626553,1.0,-0.20576985971342854,-0.0008083983822947582,4,0.0,0.405733809766733
2020-06-25,101.54079423507476,0.706,1.344,2112.37,0.12162847803321901,0.813,-0.012135086862150146,0.024106949052564063,1.0,1.0,-1.0,1.0,0.8290676358889058,1.0,-0.15065443694672662,0.07398439236459999,4,0.5,0.43809939782669477
2020-06-26,101.374788288563,0.701,1.327,2134.65,0.12162847803321901,0.842,-0.017535730953239792,0.014446675711359588,1.0,1.0,-1.0,1.0,0.8286242597655747,1.0,-0.21779630527888752,0.04435721754067285,4,0.5,0.41379629300684
2020-06-29,102.0701252273615,0.717,1.365,2093.48,0.12162847803321901,0.8430000000000001,-0.014121627438333562,0.03266059661119536,1.0,1.0,-1.0,1.0,0.8281833520126128,1.0,-0.17547660269589402,0.10032646322811302,4,0.5,0.438258303136208
2020-06-30,101.83889410210986,0.716,1.373,2108.33,0.12162847803321901,0.8480000000000001,-0.013603813391946495,0.03169192986080083,1.0,1.0,-1.0,1.0,0.8277448960026031,1.0,-0.16912412121134102,0.09739467617243287,4,0.5,0.4390038627409238
2020-07-01,102.06441689667707,0.712,1.402,2106.7,0.1242484697309871,0.8400000000000001,-0.012419214840286408,0.026810275027743503,1.0,1.0,-1.0,1.0,0.8450948790710396,1.0,-0.15447395224643654,0.08242976652172364,4,0.5,0.4432626733365817
2020-07-02,101.67762218255874,0.701,1.377,2135.37,0.1242484697309871,0.8550000000000001,-0.015968606233775162,0.015839972769766408,1.0,1.0,-1.0,1.0,0.8446171477514368,1.0,-0.1987123654450294,0.048723103463955496,4,0.5,0.42365697144259074
2020-07-03,101.69199916811031,0.703,1.387,2152.41,0.1242484697309871,0.8430000000000001,-0.015199780988226053,0.0017003206191446713,1.0,1.0,-1.0,1.0,0.8441420863333572,1.0,-0.18923276201938927,0.005232488699043681,4,0.5,0.41503545325325286
2020-07-06,101.7417817265206,0.71,1.41,2187.93,0.1242484697309871,0.8109999999999999,-0.007249889887592786,-0.0329955829625678,1.0,1.0,-1.0,-1.0,0.8436696764773748,1.0,-0.0903081576004873,-0.10158182546594005,4,0.0,0.41294492335273686
2020-07-07,101.91416500088772,0.701,1.388,2164.17,0.1242484697309871,0.811,-0.0017918198438904298,-0.015151045582784715,1.0,1.0,-1.0,-1.0,0.8431999000139832,1.0,-0.022332594750941882,-0.046665385360454725,4,0.0,0.44355047997564667
2020-07-08,102.17428606234344,0.698,1.377,2158.88,0.1242484697309871,0.8160000000000001,0.0007622729845273568,-0.01014203944590891,1.0,1.0,1.0,-1.0,0.8427327389415981,1.0,0.009506205616990192,-0.031251525513302215,4,0.5,0.4552468547613215
2020-07-09,101.87221683799832,0.702,1.391,2167.9,0.1242484697309871,0.812,-0.0031223090164020917,-0.0379107484836876,1.0,1.0,-1.0,-1.0,0.8422681754245891,1.0,-0.03896000127457079,-0.11686570795780771,4,0.0,0.42161061654805265
2020-07-10,101.8616232503012,0.703,1.397,2150.25,0.1242484697309871,0.811,0.0029310775750106544,-0.03547456736475692,1.0,1.0,1.0,-1.0,0.8418061917913393,1.0,0.036595058670287214,-0.1094012430126483,4,0.5,0.44225000186224456
2020-07-13,101.22849912982366,0.71,1.42,2186.06,0.1242484697309871,0.813,-0.00267073198651957,-0.048627262417630296,1.0,1.0,-1.0,-1.0,0.8413467705323326,1.0,-0.03336353924824713,-0.15002193067972538,4,0.0,0.41449032515109
2020-07-14,101.43310706440911,0.704,1.418,2183.61,0.1242484697309871,0.804,0.0020636117286416678,-0.03801276951160137,1.0,1.0,1.0,-1.0,0.8408898942982679,1.0,0.02579414426276899,-0.11732288940181071,4,0.5,0.4373402872898065
2020-07-15,100.92842832791642,0.7,1.414,2201.88,0.1242484697309871,0.8109999999999999,-0.008605794164862068,-0.041346839352110774,1.0,1.0,-1.0,-1.0,0.8404355458981989,1.0,-0.10762522527567468,-0.12766480468200658,4,0.0,0.4012863789851294
2020-07-16,101.3066290568297,0.691,1.378,2183.76,0.1242484697309871,0.826,-0.0015884317276118054,-0.031168670563200926,1.0,1.0,-1.0,-1.0,0.8399837082977032,1.0,-0.019876469826998682,-0.09627861806112374,4,0.0,0.43095715510239524
2020-07-17,101.09203614952256,0.682,1.348,2201.19,0.1242484697309871,0.8329999999999999,-0.0017923374870800757,-0.0329397204361708,1.0,1.0,-1.0,-1.0,0.8395343646170728,1.0,-0.022440756242275546,-0.10179182132552898,4,0.0,0.4288254467623171
2020-07-20,100.95050803337584,0.674,1.334,2198.2,0.1242484697309871,0.8170000000000001,-0.004504521897124469,-0.04172060235709827,1.0,1.0,-1.0,-1.0,0.839087498129533,1.0,-0.056429719867486135,-0.12897883660512766,4,0.0,0.41341973541422977
2020-07-21,101.05688096307532,0.684,1.356,2228.83,0.1242484697309871,0.7599999999999999,-0.002040585048933785,-0.06631623393416894,1.0,1.0,-1.0,-1.0,0.8386430922594862,1.0,-0.025577609596345516,-0.20508722911920904,4,0.0,0.4019945633859829
2020-07-22,101.28706202836308,0.68,1.346,2228.66,0.1242484697309871,0.7499999999999999,0.0006054227040950266,-0.05335249055755746,1.0,1.0,1.0,-1.0,0.8382011305807774,1.0,0.007592989699503062,-0.16505852332271978,4,0.5,0.4201838992393902
2020-07-23,101.58446897419384,0.672,1.318,2216.19,0.1242484697309871,0.7619999999999999,-0.002142493553759728,-0.04526862876146764,1.0,1.0,-1.0,-1.0,0.8377615968149881,1.0,-0.02688555277500339,-0.14010455135646824,4,0.0,0.4176928731708791
2020-07-24,101.35231021013136,0.671,1.305,2200.44,0.1242484697309871,0.7649999999999999,-0.001392687750174204,-0.03266975771609507,1.0,1.0,-1.0,-1.0,0.837324474829749,1.0,-0.01748635854004184,-0.10115368387257684,4,0.0,0.4296711081042826
2020-07-27,101.08982707139324,0.671,1.304,2217.86,0.1242484697309871,0.7529999999999999,-0.00443132159480264,-0.05018971497665525,1.0,1.0,-1.0,-1.0,0.8368897486370802,1.0,-0.055669739251934934,-0.15545961730802815,4,0.0,0.4064400980192793
2020-07-28,101.20638621198331,0.677,1.329,2256.99,0.1242484697309871,0.738,-0.00340516411923808,-0.07616154729842267,1.0,1.0,-1.0,-1.0,0.8364574023917524,0.98890513566184,-0.04280221158251099,-0.2359809345059892,4,0.0,0.3866448479912731
2020-07-29,101.3408555003486,0.673,1.309,2263.16,0.1242484697309871,0.7449999999999999,-0.0009340466279184056,-0.08166185693244102,1.0,1.0,-1.0,-1.0,0.8360274203896702,0.9975393542961853,-0.011747424450066527,-0.2530995018464225,4,0.0,0.39217996209734163
2020-07-30,101.28653251222688,0.664,1.281,2267.01,0.1242484697309871,0.7519999999999999,0.0020614110081353942,-0.10020218002741847,1.0,1.0,1.0,-1.0,0.8355997870662787,1.0,0.025940993109102008,-0.3106361319678472,4,0.5,0.3877261620518833
2020-07-31,101.56704930071298,0.658,1.296,2249.37,0.1242484697309871,0.7559999999999999,0.0035611044478427445,-0.08930763740932307,1.0,1.0,1.0,-1.0,0.8351744869949916,1.0,0.04483884358703222,-0.2769384682834116,4,0.5,0.4007687155746531
2020-08-03,101.89678715017207,0.655,1.306,2251.04,0.032823526255228296,0.7549999999999999,0.005636659162479241,-0.09932487800550278,1.0,1.0,1.0,-1.0,0.22070539194978198,1.0,0.07101298892525398,-0.30807535639386413,4,0.5,0.24591075612029295
2020-08-04,101.52413082780092,0.657,1.306,2279.97,0.032823526255228296,0.7629999999999999,0.0006500995690625899,-0.11406247303984374,1.0,1.0,1.0,-1.0,0.2207772861818511,1.0,0.00819487335461307,-0.3538508724287937,4,0.5,0.21878032177691764
2020-08-05,101.48510916675542,0.649,1.293,2311.86,0.032823526255228296,0.7329999999999999,0.004511392657931879,-0.14136065216868057,1.0,1.0,1.0,-1.0,0.22084915820917933,0.9777480785559238,0.05690094919311283,-0.4385596176572794,4,0.5,0.20423464207523412
2020-08-06,101.54203128139574,0.653,1.306,2342.61,0.032823526255228296,0.667,0.00813517591049795,-0.1892262382820904,1.0,1.0,1.0,-1.0,0.2209210080505702,0.889318273248059,0.10266401154149973,-0.5869208183306245,4,0.5,0.1564956186273761
2020-08-07,102.01573241828858,0.655,1.319,2351.67,0.032823526255228296,0.6399999999999999,0.02066643020087433,-0.20914345981083288,1.0,1.0,1.0,-1.0,0.2209928357248051,0.8530193461694423,0.26092391684342436,-0.6484544038414888,4,0.5,0.17162042372404573
2020-08-10,102.10346428584349,0.668,1.363,2386.38,0.032823526255228296,0.576,0.023062240892291364,-0.23178617528851833,1.0,1.0,1.0,-1.0,0.22106464125064376,0.7675943211969333,0.29129479474975434,-0.7182630323497323,4,0.5,0.14042268121189977
2020-08-11,102.09248932493024,0.664,1.345,2418.67,0.032823526255228296,0.557,0.023398500559780544,-0.23657495839914833,1.0,1.0,1.0,-1.0,0.22113642464682365,0.7421941852151487,0.2956649164088359,-0.7326723293495102,4,0.5,0.13158079923032448
2020-08-12,102.17460060438776,0.672,1.373,2432.35,0.032823526255228296,0.5279999999999999,0.02333686766501586,-0.2342903620434266,1.0,1.0,1.0,-1.0,0.2212081859320603,0.703528463505582,0.29500892752457397,-0.725187421630532,4,0.5,0.12363953883292109
2020-08-13,102.090229077356,0.667,1.362,2437.53,0.032823526255228296,0.5229999999999999,0.02037821573459997,-0.23327754219897975,1.0,1.0,1.0,-1.0,0.22127992512504754,0.696851869091056,0.25772521109069113,-0.7216534576750552,4,0.5,0.11355088690793488
2020-08-14,102.1804094650671,0.673,1.396,2407.49,0.032823526255228296,0.5009999999999999,0.02479832281834149,-0.23658766735077424,1.0,1.0,1.0,-1.0,0.22135164224445703,0.6675597295800499,0.31375020783398494,-0.7314714699503533,4,0.5,0.11779752742703464
2020-08-18,101.96301195993536,0.664,1.357,2348.24,0.032823526255228296,0.505,0.02495054774994987,-0.20189869767444046,1.0,1.0,1.0,-1.0,0.22142333730893873,0.6729050028143002,0.315799646191632,-0.6240304417427176,4,0.5,0.1465243861430383
2020-08-19,101.83223642685869,0.662,1.347,2360.54,0.032823526255228296,0.46299999999999997,0.019112655521647426,-0.21683780085080318,1.0,1.0,1.0,-1.0,0.22149501033712068,0.617010788132545,0.24202315305771221,-0.6699269551156515,4,0.5,0.10265049910293161
2020-08-20,102.12968223996435,0.667,1.379,2274.22,0.032823526255228296,0.45899999999999985,0.0230576075474076,-0.1746007111161853,1.0,1.0,1.0,-1.0,0.22156666134760897,0.6117549367198071,0.2921003724262226,-0.5393687399257895,4,0.5,0.14651330764196227
2020-08-21,101.76825414738602,0.683,1.41,2304.59,0.032823526255228296,0.44100000000000006,0.01609094915844267,-0.1787907703116777,1.0,1.0,1.0,-1.0,0.2216382903589879,0.5878569266645691,0.20394693793431903,-0.5522317721330761,4,0.5,0.1153025957062
2020-08-24,101.91620945330912,0.67,1.378,2329.83,0.032823526255228296,0.47999999999999987,0.01685506428377259,-0.17856119113425475,1.0,1.0,1.0,-1.0,0.22170989738982014,0.6398953634337051,0.21373724456350884,-0.5514436028453664,4,0.5,0.1309747256354169
2020-08-25,101.52583912166008,0.672,1.387,2366.73,0.032823526255228296,0.43600000000000005,0.008101910109272303,-0.20580206838001724,1.0,1.0,1.0,-1.0,0.2217814824586462,0.581335388219273,0.10279612167907794,-0.6353641299891583,4,0.5,0.06763721559195973
2020-08-26,101.78018793038936,0.677,1.404,2369.32,0.032823526255228296,0.43599999999999994,0.01052828829322383,-0.2070857966767422,1.0,1.0,1.0,-1.0,0.22185304558398514,0.5814326413767971,0.13365391351301042,-0.6391151689821016,4,0.5,0.07445610787292276
2020-08-27,101.64956499538444,0.682,1.421,2344.45,0.032823526255228296,0.398,0.01500876614843527,-0.22004937094293833,1.0,1.0,1.0,-1.0,0.2219245867843341,0.5308807482659788,0.19062938028383783,-0.6788348494215473,4,0.5,0.06614996647815086
2020-08-28,101.70313946395588,0.701,1.486,2353.8,0.032823526255228296,0.41300000000000014,0.01663842837486129,-0.2211528895212617,1.0,1.0,1.0,-1.0,0.2219961060781685,0.5510034254828426,0.2114323472185492,-0.6819449186273695,4,0.5,0.07562174003804772
2020-08-31,101.4568042528897,0.722,1.516,2326.17,0.032823526255228296,0.39600000000000013,0.010212880271896374,-0.20273346730658703,1.0,1.0,1.0,-1.0,0.22206760348394208,0.5284475097196961,0.12984999857679413,-0.6249630395749678,4,0.5,0.06385051805136613
2020-09-01,101.5127674856878,0.746,1.582,2349.55,0.030524262309510303,0.369,0.010334175497882292,-0.22165853718750478,1.0,1.0,1.0,-1.0,0.20657978576938607,0.49255298912507356,0.1314630186867276,-0.6830091226480405,4,0.5,0.036896667733286675
2020-09-02,101.280536052061,0.72,1.539,2364.27,0.030524262309510303,0.40200000000000014,0.009134621126978715,-0.20459822060063254,1.0,1.0,1.0,-1.0,0.20664761926263644,0.536723907968487,0.1162664871147745,-0.6302491761622427,4,0.5,0.057347209545913796
2020-09-03,101.27684647779368,0.721,1.524,2395.9,0.030524262309510303,0.43299999999999994,0.005226599788470843,-0.2105366524705097,1.0,1.0,1.0,-1.0,0.2067154311944658,0.5782134285134679,0.06656164614138119,-0.6483195274477307,4,0.5,0.05079274460039604
2020-09-04,101.24141762888443,0.731,1.527,2368.25,0.030524262309510303,0.41899999999999993,0.005472736986924076,-0.20198795705110437,1.0,1.0,1.0,-1.0,0.20678322158447138,0.5596293008440084,0.0697348308090162,-0.621820319108308,4,0.5,0.05358175853229699
2020-09-07,101.04672156049004,0.748,1.572,2384.22,0.030524262309510303,0.40900000000000003,0.006204001574274365,-0.19971635452397726,1.0,1.0,1.0,-1.0,0.206850990452223,0.5463906031728473,0.07909637562216333,-0.6146652821330931,4,0.5,0.05441817177853511
2020-09-08,101.28874948647206,0.733,1.555,2401.91,0.030524262309510303,0.43800000000000006,0.006379652591809837,-0.1957848894747985,1.0,1.0,1.0,-1.0,0.206918737817263,0.5852288416317466,0.08138058224933101,-0.6024237982723393,4,0.5,0.06777609085650033
2020-09-09,101.35380124483062,0.71,1.518,2375.81,0.030524262309510303,0.46399999999999997,-0.00034701450660712396,-0.1785966394233284,1.0,1.0,-1.0,-1.0,0.20698646369910653,0.620040304584037,-0.004429041017734748,-0.5494679570547334,4,0.0,0.06828244255266885
2020-09-10,101.1665168401838,0.708,1.517,2396.48,0.030524262309510303,0.46399999999999997,-0.0038714677590281354,-0.18424627976040872,1.0,1.0,-1.0,-1.0,0.20705416811724126,0.6201123968261545,-0.04943902032568715,-0.5667602267437684,4,0.0,0.052741829468485046
2020-09-11,101.4861674434436,0.714,1.53,2396.69,0.030524262309510303,0.474,-0.003440646915743528,-0.17782871974154854,1.0,1.0,-1.0,-1.0,0.20712185109112763,0.6335380669623021,-0.043960956802780476,-0.5469552335318333,4,0.0,0.06243593192970401
2020-09-14,101.18335304121014,0.709,1.517,2427.91,0.030524262309510303,0.493,-0.006584976591272884,-0.17918133188201874,1.0,1.0,-1.0,-1.0,0.20718951264019894,0.6589707717783969,-0.08417938023213307,-0.551047264831094,4,0.0,0.057733409838842176
2020-09-15,101.41808630631046,0.699,1.503,2443.58,0.030524262309510303,0.5710000000000001,-0.0028979907391839532,-0.16704110467932806,1.0,1.0,-1.0,-1.0,0.20725715278386136,0.7631318001645315,-0.03706652708290888,-0.5136851859821204,4,0.0,0.10490930997084089
2020-09-16,101.5448762113485,0.7,1.485,2435.92,0.030524262309510303,0.5509999999999999,-0.007133614607340633,-0.16528809699867686,1.0,1.0,-1.0,-1.0,0.20732477154149373,0.7363461628231922,-0.09128865428176727,-0.5082735932925666,4,0.0,0.08602717169758803
2020-09-17,101.65211312845936,0.705,1.508,2406.17,0.030524262309510303,0.549,-0.0024567286705607927,-0.15333506963478297,1.0,1.0,-1.0,-1.0,0.207392368932448,0.7336220273450226,-0.03145560862568815,-0.4715286230162171,4,0.0,0.10950754115889133
2020-09-18,101.79017425187764,0.7,1.503,2412.4,0.030524262309510303,0.569,-9.547174371959954e-05,-0.15128595380637788,1.0,1.0,-1.0,-1.0,0.20745994497604908,0.7602566830346059,-0.0012230734668640924,-0.4652438472022129,4,0.0,0.1253124268353945
2020-09-21,102.80185334680527,0.699,1.493,2389.39,0.030524262309510303,0.57,0.012907965876929772,-0.1361870288718082,1.0,1.0,1.0,-1.0,0.20752749969159473,0.761500480153871,0.16544703838897867,-0.4188565762951205,4,0.5,0.17890461048483094
2020-09-22,103.20470668527366,0.694,1.472,2332.59,0.030524262309510303,0.583,0.014204512649248713,-0.1098021057262378,1.0,1.0,1.0,-1.0,0.20759503309835595,0.7787478399242967,0.18215731016971706,-0.3377814183735073,4,0.5,0.20767969120471563
2020-09-23,103.22855637770289,0.686,1.447,2333.24,0.030524262309510303,0.5909999999999999,0.015051487219302828,-0.10426539935247993,1.0,1.0,1.0,-1.0,0.20766254521557678,0.7892961087499324,0.19311478376607522,-0.3208260184225649,4,0.5,0.2173118548272549
2020-09-24,103.45008928580448,0.674,1.437,2272.7,0.030524262309510303,0.598,0.01817432258017515,-0.09282360309863011,1.0,1.0,1.0,-1.0,0.20773003606247434,0.7984912015908074,0.23329042618611387,-0.28569904081628805,4,0.5,0.2384531557557769
2020-09-25,103.04678449930972,0.674,1.424,2278.79,0.030524262309510303,0.598,0.016398136499688576,-0.09319479871831175,1.0,1.0,1.0,-1.0,0.20779750565823907,0.7983388103852128,0.21059272718308397,-0.286921099236407,4,0.5,0.23245198599753225
2020-09-28,103.10929584810631,0.668,1.426,2308.08,0.030524262309510303,0.6049999999999999,0.017001627718292056,-0.11765036386434609,1.0,1.0,1.0,-1.0,0.2078649540220346,0.8075153071555975,0.21844737566588096,-0.36228181083869204,4,0.5,0.21788645650120525
2020-09-29,102.88585380907948,0.668,1.43,2327.89,0.030524262309510303,0.6069999999999999,0.016658630204773317,-0.11869680754959808,1.0,1.0,1.0,-1.0,0.20793238117299773,0.8100123755938847,0.21414322378669662,-0.36557205926569275,4,0.5,0.2166289803219716
2020-10-05,102.99910359933912,0.679,1.479,2358.0,-0.014536175636112,0.6079999999999999,0.01576328553090356,-0.12757679555665755,-1.0,1.0,1.0,-1.0,-0.09905205998923633,0.8111731683073806,0.2027327581122093,-0.392979993093835,4,0.0,0.13046846833412964
2020-10-06,103.03649183627716,0.687,1.531,2365.9,-0.014536175636112,0.5959999999999999,0.013918463635868683,-0.15490226183934377,-1.0,1.0,1.0,-1.0,-0.0990831555117028,0.795020463936602,0.17909648642839388,-0.47716140963189846,4,0.0,0.09946809630534867
2020-10-07,103.36475309089371,0.685,1.533,2386.94,-0.014536175636112,0.558,0.023257096610224792,-0.17937317364166425,-1.0,1.0,1.0,-1.0,-0.09911424185667601,0.7442720872601267,0.29938160174430917,-0.5524780375195721,4,0.0,0.09801535240704692
2020-10-08,103.1894615565615,0.683,1.543,2391.96,-0.014536175636112,0.5759999999999998,0.017644900137222308,-0.18071953301560606,-1.0,1.0,1.0,-1.0,-0.09914531903143745,0.7681856055147164,0.2272440536271068,-0.5565569446057953,4,0.0,0.0849318488761476
2020-10-12,103.45914615378216,0.69,1.553,2403.73,-0.014536175636112,0.577,0.018535523550140987,-0.17093284785021706,-1.0,1.0,1.0,-1.0,-0.09917638704326104,0.7694227690720065,0.23882380626113436,-0.5263835219269923,4,0.0,0.09567166659072185
2020-10-13,104.14895608105584,0.689,1.527,2403.15,-0.014536175636112,0.582,0.02366051664882196,-0.1750963292879567,-1.0,1.0,1.0,-1.0,-0.09920744589941324,0.7759837433149583,0.3049775706723127,-0.5391580810459305,4,0.0,0.11064894676048181
2020-10-14,104.32077657894156,0.68,1.513,2380.48,-0.014536175636112,0.592,0.027709733957769878,-0.1540950857598118,-1.0,1.0,1.0,-1.0,-0.09923849560715318,0.7891886861995021,0.3572882252789439,-0.4745043868391758,4,0.0,0.14318350725802925
2020-10-15,104.59188207816116,0.671,1.478,2361.21,-0.014536175636112,0.6019999999999999,0.02597470708158056,-0.13208242035785914,-1.0,1.0,1.0,-1.0,-0.09926953617373235,0.8023688005568721,0.3350366596306482,-0.406775080826247,4,0.0,0.15784021079688523
2020-10-16,104.62723836082664,0.674,1.493,2341.53,-0.014536175636112,0.598,0.02274473736563465,-0.12366040356264256,-1.0,1.0,1.0,-1.0,-0.09930056760639491,0.796897454353944,0.2934937935300176,-0.3809021947372768,4,0.0,0.15254712138507245
2020-10-19,104.56150356974668,0.673,1.441,2346.74,-0.014536175636112,0.603,0.02178118350888525,-0.11217958512335137,-1.0,1.0,1.0,-1.0,-0.09933158991237755,0.8034095983055183,0.28117799173002445,-0.34561270387560716,4,0.0,0.1599108240618895
2020-10-20,104.71997754972632,0.679,1.462,2358.41,-0.014536175636112,0.6059999999999999,0.025433604182190983,-0.11733064482376449,-1.0,1.0,1.0,-1.0,-0.09936260309890943,0.8072496271927478,0.3284479783642794,-0.3615529610578267,4,0.0,0.1686955103500728
2020-10-21,104.82918021427562,0.685,1.522,2370.86,-0.014536175636112,0.5979999999999999,0.02694912766418156,-0.13501188035016243,-1.0,1.0,1.0,-1.0,-0.09939360717321236,0.7964562814566307,0.34813802595181387,-0.4160879640048309,4,0.0,0.15727818405760036
2020-10-22,105.13026590211672,0.68,1.507,2355.05,-0.014536175636112,0.62,0.02659157705445203,-0.11926921709457375,-1.0,1.0,1.0,-1.0,-0.09942460214250062,0.8255672175535217,0.34363822176596487,-0.36764021349755427,4,0.0,0.1755351559198579
2020-10-23,105.18598225871403,0.675,1.495,2360.81,-0.014536175636112,0.6179999999999999,0.023032192556207143,-0.10958631787305732,-1.0,1.0,1.0,-1.0,-0.09945558801398113,0.8227205263203261,0.29776028054602177,-0.33786902015016507,4,0.0,0.17078904967555042
2020-10-26,105.19930046094991,0.673,1.482,2343.91,-0.014536175636112,0.6259999999999999,0.019897521635231286,-0.10539454885298438,-1.0,1.0,1.0,-1.0,-0.0994865647948533,0.8331673647543951,0.25734866224829595,-0.3250229717612734,4,0.0,0.1665016226116411
2020-10-27,105.80700773585218,0.677,1.503,2330.84,-0.014536175636112,0.6339999999999999,0.02778736512527047,-0.1001033657061438,-1.0,1.0,1.0,-1.0,-0.09951753249230912,0.8435912748900377,0.3595107762324489,-0.30878503471724955,4,0.0,0.198699870978232
2020-10-28,106.04261802941632,0.674,1.497,2345.26,-0.014536175636112,0.66,0.027543752024234536,-0.10184228331226938,-1.0,1.0,1.0,-1.0,-0.09954849111353316,0.8778882971357699,0.35647663090199605,-0.3142279636840413,4,0.0,0.2051471183100479
2020-10-29,106.1398181777292,0.678,1.527,2326.67,-0.014536175636112,0.691,0.031193403063017655,-0.08651298853610306,-1.0,1.0,1.0,-1.0,-0.09957944066570251,0.9187239921386591,0.40381733061198044,-0.2670101599178496,4,0.0,0.2389879305417718
2020-10-30,105.80525936760768,0.68,1.546,2267.15,-0.014536175636112,0.68,0.02467313123753989,-0.06159321633937804,-1.0,1.0,1.0,-1.0,-0.0996103811559869,0.9037405373140182,0.3195287045665419,-0.1901671712801699,4,0.0,0.23337292236110083
2020-11-02,106.0750318427684,0.698,1.602,2300.16,-0.0627318723438556,0.661,0.024903452488674205,-0.08840099275170232,-1.0,1.0,1.0,-1.0,-0.42987907945911724,0.8781938051088404,0.3226316690043577,-0.27301536062385723,4,0.0,0.12448275850755591
2020-11-03,105.64661928170644,0.702,1.607,2343.31,-0.0627318723438556,0.657,0.023050542756059222,-0.10784488717690568,-1.0,1.0,1.0,-1.0,-0.42988286029152384,0.8725983906495148,0.2987459242913214,-0.33314213083943683,4,0.0,0.10207983095246888
2020-11-04,105.46088985167631,0.693,1.569,2357.32,-0.0627318723438556,0.6710000000000002,0.01626015489300503,-0.10245280225288428,-1.0,1.0,1.0,-1.0,-0.42988683790596605,0.8908699383372518,0.21083967251752897,-0.31656432727572004,4,0.0,0.08881461141827368
2020-11-05,105.3231886866954,0.681,1.527,2413.79,-0.0627318723438556,0.706,0.020499408702484345,-0.10096347691757047,-1.0,1.0,1.0,-1.0,-0.42989101148951225,0.9368983494378581,0.26592329454740316,-0.3120417561929534,4,0.0,0.1152222190756989
2020-11-06,105.25584313809313,0.689,1.559,2416.5,-0.0627318723438556,0.682,0.013900766259792974,-0.09964149872400728,-1.0,1.0,1.0,-1.0,-0.4298953802334047,0.9046951820542876,0.1804132890008396,-0.30803553800591815,4,0.0,0.08679438820395109
2020-11-09,105.5900349501162,0.694,1.568,2447.2,-0.0627318723438556,0.683,0.016884505026031782,-0.11204131040670857,-1.0,1.0,1.0,-1.0,-0.4298999433330327,0.9056667036098341,0.2192410620699693,-0.34644341827089054,4,0.0,0.08714110101897005
2020-11-10,106.27085623754265,0.704,1.624,2452.83,-0.0627318723438556,0.6759999999999999,0.021702074215752987,-0.11859396472476633,-1.0,1.0,1.0,-1.0,-0.42990469998790676,0.8960546618351184,0.2819130955392572,-0.36677493096617203,4,0.0,0.0953220316050742
2020-11-11,106.39107795347267,0.71,1.662,2485.87,-0.0627318723438556,0.6640000000000001,0.024433647967887495,-0.1398321008205043,-1.0,1.0,1.0,-1.0,-0.4299096494016319,0.8798579898798646,0.31751652175384726,-0.4325021169690049,4,0.0,0.08374068631576877
2020-11-12,106.65113771453728,0.701,1.65,2475.62,-0.0627318723438556,0.6710000000000002,0.02365382906434821,-0.14210739433666433,-1.0,1.0,1.0,-1.0,-0.42991479078188144,0.8888235275186704,0.3075022373397393,-0.4395800631102766,4,0.0,0.08170772774156294
2020-11-13,106.72711643325736,0.699,1.627,2493.87,-0.0627318723438556,0.695,0.02813132241288674,-0.1354000776065688,-1.0,1.0,1.0,-1.0,-0.42992012334037205,0.9202278110697991,0.36582646233028293,-0.4188836708465518,4,0.0,0.10931261980328953
2020-11-16,106.46013768212248,0.7,1.623,2543.03,-0.0627318723438556,0.688,0.026763955774830706,-0.1676652016605871,-1.0,1.0,1.0,-1.0,-0.4299256462928374,0.9105986695931261,0.34816361521398587,-0.5186832978522873,4,0.0,0.0775383351654968
2020-11-17,106.85556344325038,0.698,1.62,2539.15,-0.0627318723438556,0.694,0.032812438655584586,-0.15818342815340836,-1.0,1.0,1.0,-1.0,-0.4299313588590029,0.9181613760320256,0.42694427937193125,-0.48935844546578666,4,0.0,0.10645396276979183
2020-11-18,106.85223163286632,0.693,1.602,2545.64,-0.0627318723438556,0.7020000000000001,0.03546359422413836,-0.14822511987011205,-1.0,1.0,1.0,-1.0,-0.4299372602625609,0.9283416228894374,0.4615198551025379,-0.45858124098210384,4,0.0,0.12533574418682766
2020-11-19,106.85258499447848,0.695,1.608,2547.42,-0.0627318723438556,0.7100000000000001,0.0331314424405722,-0.1508134671560378,-1.0,1.0,1.0,-1.0,-0.42994334973114506,0.9384914522223097,0.4312657696752388,-0.4666140219456958,4,0.0,0.11829996255517691
2020-11-20,106.23143452683112,0.699,1.607,2553.5,-0.0627318723438556,0.7000000000000001,0.025136439696998636,-0.16033128257177504,-1.0,1.0,1.0,-1.0,-0.4299496264963061,0.9248815055406563,0.3273162851242082,-0.49606515736772566,4,0.0,0.08154575170020818
2020-11-23,106.13719341631597,0.692,1.581,2602.59,-0.0627318723438556,0.688,0.02744222836760546,-0.1953847237671998,-1.0,1.0,1.0,-1.0,-0.42995608979348643,0.9086773100613101,0.35745921290661153,-0.604404239583242,4,0.0,0.05794404839779832
2020-11-24,106.3290438197298,0.699,1.598,2617.76,-0.0627318723438556,0.691,0.030000180685785693,-0.21608200521629478,-1.0,1.0,1.0,-1.0,-0.42996273886199654,0.9122828193723076,0.3908901679294216,-0.668210824797843,4,0.0,0.0512498559104724
2020-11-25,106.44517777788498,0.707,1.629,2601.54,-0.0627318723438556,0.684,0.036273935450496175,-0.2085933345968007,-1.0,1.0,1.0,-1.0,-0.4299695729449904,0.9027093616618933,0.4727081329418897,-0.6448759883994304,4,0.0,0.07514298331484054
2020-11-26,106.77844675735014,0.713,1.655,2625.91,-0.0627318723438556,0.6880000000000001,0.0403577683183709,-0.2067618318640599,-1.0,1.0,1.0,-1.0,-0.4299765912894408,0.9076457807952716,0.5259569650529494,-0.6390473522999729,4,0.0,0.09114470056470181
2020-11-27,106.83545640424484,0.712,1.641,2633.45,-0.0627318723438556,0.687,0.03924971236935981,-0.21096209515047976,-1.0,1.0,1.0,-1.0,-0.42998379314611646,0.9059893097371843,0.5115602106781094,-0.6518424532619668,4,0.0,0.08393081850180262
2020-11-30,106.98020284850875,0.716,1.659,2591.34,-0.0627318723438556,0.6739999999999999,0.03934795138519043,-0.1961030361636241,-1.0,1.0,1.0,-1.0,-0.4299911777695574,0.8885508785042021,0.5128836786992065,-0.6058155516486764,4,0.0,0.0914069569462937
2020-12-01,107.02452407986225,0.715,1.649,2634.25,-0.0327089244456386,0.6669999999999999,0.040917905042870295,-0.2164030183172413,-1.0,1.0,1.0,-1.0,-0.22425354428291594,0.8790508326702478,0.5333712575230805,-0.6683138874510074,4,0.0,0.12996366461485123
2020-12-02,106.60372297024868,0.716,1.675,2675.9,-0.0327089244456386,0.649,0.0396767135961964,-0.2516982596111927,-1.0,1.0,1.0,-1.0,-0.22430607985324064,0.8551090200949982,0.5172321446354461,-0.7768662270824997,4,0.0,0.09279221444867597
2020-12-03,106.87336824045693,0.714,1.669,2696.22,-0.0327089244456386,0.6619999999999999,0.04242702057237491,-0.2522484875409632,-1.0,1.0,1.0,-1.0,-0.22435861361157566,0.871983599643823,0.5530893034518876,-0.7781135656189002,4,0.0,0.10565018096630868
2020-12-04,107.2269045939169,0.71,1.655,2731.45,-0.0327089244456386,0.6719999999999999,0.046723131625961756,-0.26402989114699943,-1.0,1.0,1.0,-1.0,-0.22441114553089833,0.8848741264187509,0.6090249005964694,-0.8139091380283973,4,0.0,0.11389468586398113
2020-12-07,108.2215028869828,0.709,1.646,2745.44,-0.0327089244456386,0.6510000000000001,0.06105002490970435,-0.28204912198568843,-1.0,1.0,1.0,-1.0,-0.22446367558431296,0.8570017204835566,0.7952854312416779,-0.8687420932256048,4,0.0,0.1397703457288292
2020-12-08,108.58125416675315,0.708,1.642,2700.93,-0.0327089244456386,0.6620000000000001,0.06975698801790386,-0.26901101655014,-1.0,1.0,1.0,-1.0,-0.22451620374505007,0.8712335114141537,0.9078183944262308,-0.8279995985535104,4,0.0,0.181634025885456
2020-12-09,108.42430738502452,0.71,1.656,2755.47,-0.0327089244456386,0.661,0.06695714312633871,-0.27841110547778775,-1.0,1.0,1.0,-1.0,-0.22456872998646604,0.869672850544041,0.870642078279369,-0.8562638318519703,4,0.0,0.16487059174624338
2020-12-10,108.46558894378762,0.71,1.655,2746.46,-0.0327089244456386,0.653,0.06696702165264679,-0.2730748854461907,-1.0,1.0,1.0,-1.0,-0.22462125428204227,0.8589263454220293,0.870036800714285,-0.8392387277866238,4,0.0,0.16627579101691203
2020-12-11,108.2120223441458,0.713,1.661,2770.06,-0.0327089244456386,0.638,0.06507107797263068,-0.28148447064037224,-1.0,1.0,1.0,-1.0,-0.2246737766053847,0.839015665570474,0.844765800124467,-0.8643934340557106,4,0.0,0.14867856375846147
2020-12-14,107.9159530845072,0.715,1.67,2762.2,-0.0327089244456386,0.63,0.06457809236475853,-0.2753375030776973,-1.0,1.0,1.0,-1.0,-0.22472629693022317,0.8283357230361442,0.8377539207646856,-0.8448906555708443,4,0.0,0.14911817282494058
2020-12-15,107.7674085273688,0.715,1.671,2756.82,-0.0327089244456386,0.628,0.06550901353892513,-0.25867109762560264,-1.0,1.0,1.0,-1.0,-0.22477881523041093,0.8255526880011805,0.849181632409078,-0.7932722129592558,4,0.0,0.16417082305514796
2020-12-16,107.45715348582652,0.719,1.692,2771.79,-0.0327089244456386,0.6330000000000001,0.06005675680953804,-0.24809095259236857,-1.0,1.0,1.0,-1.0,-0.22483133147992387,0.8319612453103863,0.778084715651,-0.7604339592347334,4,0.0,0.15619516756168225
2020-12-17,107.46575637709492,0.726,1.732,2770.43,-0.0327089244456386,0.615,0.04774544880854226,-0.25472827343274423,-1.0,1.0,1.0,-1.0,-0.2248838456528601,0.8081824123021903,0.6185076267619518,-0.7803387004853511,4,0.0,0.10536687323148272
2020-12-18,107.22050747519614,0.722,1.708,2772.18,-0.0327089244456386,0.6180000000000001,0.04531033334204704,-0.24138222074521584,-1.0,1.0,1.0,-1.0,-0.22493635772343934,0.8119978687927343,0.5869342296108757,-0.7391145421061128,4,0.0,0.10872029964351446
2020-12-21,106.84248264094649,0.72,1.679,2778.65,-0.0327089244456386,0.6160000000000001,0.03640934980756505,-0.24173249710289726,-1.0,1.0,1.0,-1.0,-0.2249888676660023,0.8092486426585311,0.4717157444951275,-0.7398471414083506,4,0.0,0.07903209451982643
2020-12-22,106.70763102998788,0.715,1.657,2733.68,-0.0327089244456386,0.632,0.03334106348905408,-0.21891618658278206,-1.0,1.0,1.0,-1.0,-0.22504137545501,0.8301106730754724,0.43206567386620287,-0.6698157848092642,4,0.0,0.09182979666935029
2020-12-23,106.34999716621356,0.71,1.64,2759.82,-0.0327089244456386,0.639,0.029750738223669693,-0.22216990256365718,-1.0,1.0,1.0,-1.0,-0.2250938810650435,0.8391316155819368,0.3856554606049852,-0.6795551079848183,4,0.0,0.08003452178426507
2020-12-24,106.04897218242644,0.722,1.682,2806.86,-0.0327089244456386,0.6200000000000001,0.024877361692063893,-0.24512411713818008,-1.0,1.0,1.0,-1.0,-0.22514638447080298,0.814053698775377,0.3226041208107435,-0.7494078616218556,4,0.0,0.040525893373365485
2020-12-28,106.37825667901984,0.728,1.681,2808.6,-0.0327089244456386,0.611,0.02673509334095936,-0.2527480657103607,-1.0,1.0,1.0,-1.0,-0.22519888564710747,0.802130382296088,0.34681633362296493,-0.7723056455205829,4,0.0,0.037860546187840655
2020-12-29,106.93304406688328,0.736,1.698,2820.51,-0.0327089244456386,0.6000000000000001,0.033844848930519866,-0.2539617113217293,-1.0,1.0,1.0,-1.0,-0.2252513845688941,0.7876068465358854,0.43914616069248147,-0.7755969131895332,4,0.0,0.056476177367484864
2020-12-30,107.32012466366724,0.741,1.713,2873.47,-0.0327089244456386,0.596,0.036313374823611966,-0.26755119062306615,-1.0,1.0,1.0,-1.0,-0.22530388121121758,0.7822823801765392,0.47125917156275715,-0.8165757668397483,4,0.0,0.052915475922082594
2020-12-31,107.69199078952842,0.741,1.713,,-0.0327089244456386,0.594,0.03993312761244905,,-1.0,1.0,1.0,,-0.22535637554924975,0.779588218095031,0.5182839882457508,,3,,
2021-01-04,107.68940632672616,0.726,1.723,2944.45,-0.033327123532995245,0.609,0.03872636831406773,,-1.0,1.0,1.0,,-0.2296683564257673,0.7991760977318255,0.5026840079937765,,3,,
2021-01-05,107.93302081535197,0.706,1.691,2990.57,-0.033327123532995245,0.613,0.04202073028841369,-0.3225971822796889,-1.0,1.0,1.0,-1.0,-0.22972109751720224,0.804318899949367,0.5454707769576341,-0.9834740627293187,4,0.0,0.03414862916512004
2021-01-06,107.3891882591058,0.709,1.731,2968.21,-0.033327123532995245,0.59,0.036337739718992346,-0.32433937380780814,-1.0,1.0,1.0,-1.0,-0.22977383715547542,0.7740815238680274,0.4717838994636881,-0.9876667574893461,4,0.0,0.0071062071717235
2021-01-07,107.2523215894638,0.706,1.724,3031.68,-0.033327123532995245,0.589,0.038998091167657734,-0.3559337156864233,-1.0,1.0,1.0,-1.0,-0.22982657531320438,0.7727131025653591,0.5063845210265389,-1.0,4,0.0,0.012317762069673388
2021-01-08,107.39746649872512,0.707,1.729,3152.18,-0.033327123532995245,0.6050000000000001,0.04666152709213467,-0.3800973673767332,-1.0,1.0,1.0,-1.0,-0.22987931196313274,0.7936165494181358,0.6058467287572809,-1.0,4,0.0,0.042395991553070944
2021-01-11,106.8875792233585,0.7,1.692,3148.45,-0.033327123532995245,0.619,0.03832411286470894,-0.3857933093266514,-1.0,1.0,1.0,-1.0,-0.22993204707812911,0.8118654023769242,0.49766270374933264,-1.0,4,0.0,0.01989901476203193
2021-01-12,106.80627416488352,0.702,1.718,3125.95,-0.033327123532995245,0.6240000000000001,0.045035277106801,-0.3599390129769719,-1.0,1.0,1.0,-1.0,-0.229984780631187,0.8182973478358091,0.5847941604949229,-1.0,4,0.0,0.04327668192488626
2021-01-13,106.3214946058662,0.7,1.719,3148.29,-0.033327123532995245,0.6300000000000001,0.029753391018735087,-0.35654175251752945,-1.0,1.0,1.0,-1.0,-0.23003751259542382,0.8260270545734295,0.38647285406924364,-1.0,4,0.0,-0.004384400988187653
2021-01-14,106.7288903373762,0.701,1.734,3149.93,-0.033327123532995245,0.6270000000000001,0.03497666863780147,-0.3461105385319963,-1.0,1.0,1.0,-1.0,-0.2300902429440805,0.8219629412611638,0.4544139810558518,-1.0,4,0.0,0.011571669843233767
2021-01-15,106.22034302596056,0.699,1.731,3085.9,-0.033327123532995245,0.618,0.026681728846049246,-0.32206760818367036,-1.0,1.0,1.0,-1.0,-0.230142971650521,0.8100546443122029,0.346768977326398,-0.9708885538683549,4,0.0,-0.011051975970068767
2021-01-18,106.59840717929256,0.692,1.714,3013.93,-0.033327123532995245,0.6280000000000001,0.028864262400957408,-0.30232392416402454,-1.0,1.0,1.0,-1.0,-0.2301956986882314,0.8230314087183671,0.37525399395191594,-0.9105763770796019,4,0.0,0.014378331725612425
2021-01-19,106.08277903629268,0.688,1.711,3092.66,-0.033327123532995245,0.645,0.028093157539848868,-0.31976838824514975,-1.0,1.0,1.0,-1.0,-0.23024842403081974,0.845141081387373,0.3653500785032042,-0.9621342868742322,4,0.0,0.004527112246381304
2021-01-20,106.3019659327194,0.686,1.703,3114.55,-0.033327123532995245,0.6549999999999999,0.030767288666673664,-0.32186116205825005,-1.0,1.0,1.0,-1.0,-0.23030114765201506,0.8580504365940488,0.4002420851808188,-0.9674295470820989,4,0.0,0.015140456760188409
2021-01-21,106.28320045426004,0.682,1.706,3160.84,-0.033327123532995245,0.6729999999999999,0.03024408892056396,-0.32982554192842445,-1.0,1.0,1.0,-1.0,-0.23035386952566722,0.8813904081884747,0.39355258599224374,-0.990276101136733,4,0.0,0.013578255879579532
2021-01-22,106.29476195762196,0.689,1.758,3140.63,-0.033327123532995245,0.6410000000000001,0.030908168917266998,-0.3436059533053071,-1.0,1.0,1.0,-1.0,-0.23040658962574595,0.8393253136327417,0.4023086582958627,-1.0,4,0.0,0.002806845575714645
2021-01-25,106.20207202001546,0.689,1.78,3208.99,-0.033327123532995245,0.656,0.03337435752577189,-0.3519486025417361,-1.0,1.0,1.0,-1.0,-0.2304593079263406,0.8587740833946087,0.4345137913375101,-1.0,4,0.0,0.01570714170144455
2021-01-26,106.21280443321166,0.688,1.77,3140.31,-0.033327123532995245,0.6500000000000001,0.03360933598668314,-0.3403927858437204,-1.0,1.0,1.0,-1.0,-0.23051202440165935,0.8507435240934588,0.43767654242000675,-1.0,4,0.0,0.014477010527951584
2021-01-27,106.13570088857848,0.681,1.757,3122.56,-0.033327123532995245,0.6139999999999999,0.032450565721812374,-0.37315402158813715,-1.0,1.0,1.0,-1.0,-0.23056473902602886,0.8035321082092,0.4226955881687369,-1.0,4,0.0,-0.0010842606620229955
2021-01-28,106.10458158313128,0.677,1.764,3069.05,-0.033327123532995245,0.609,0.03845191633068623,-0.3541841006660752,-1.0,1.0,1.0,-1.0,-0.2306174517738935,0.7969063864140412,0.5009368493241082,-1.0,4,0.0,0.016806445991063956
2021-01-29,105.26286510111976,0.67,1.768,2976.21,-0.033327123532995245,0.5949999999999999,0.03013859230273308,-0.3433135023507977,-1.0,1.0,1.0,-1.0,-0.23067016261981504,0.7785322092997383,0.39275128742312604,-1.0,4,0.0,-0.014846666474237658
2021-02-01,104.95550315349034,0.678,1.803,3056.53,-0.04797541607383505,0.586,0.03199288709603465,-0.3859312871043205,-1.0,1.0,1.0,-1.0,-0.33210294677586266,0.766718553209686,0.4170267681778475,-1.0,4,0.0,-0.0370894063470823
2021-02-02,104.8136664965791,0.67,1.758,3096.81,-0.04797541607383505,0.586,0.03360614317553523,-0.3963649022193283,-1.0,1.0,1.0,-1.0,-0.33214916605441613,0.766681628517875,0.43815949795375303,-1.0,4,0.0,-0.031827009895697034
2021-02-03,104.919803602951,0.669,1.768,3129.68,-0.04797541607383505,0.603,0.04017863786947373,-0.38299523634455335,-1.0,1.0,1.0,-1.0,-0.3321954286726006,0.7888556502853203,0.5239041530090824,-1.0,4,0.0,-0.004858906344549441
2021-02-04,105.112364328965,0.67,1.793,3087.55,-0.04797541607383505,0.5889999999999999,0.037155302611139085,-0.3700265839591769,-1.0,1.0,1.0,-1.0,-0.3322417344554874,0.7704996429230112,0.48456263707958475,-1.0,4,0.0,-0.019294863613222857
2021-02-05,104.99631358954306,0.67,1.791,3120.63,-0.04797541607383505,0.5869999999999999,0.0353136158192191,-0.34983751279422126,-1.0,1.0,1.0,-1.0,-0.3322880832288867,0.7678465522334397,0.4606386521676812,-1.0,4,0.0,-0.02595071970694146
2021-02-08,104.22592367719498,0.677,1.822,3091.24,-0.04797541607383505,0.5609999999999999,0.022479412385314035,-0.3523778254846196,-1.0,1.0,1.0,-1.0,-0.3323344748193437,0.7338423902930924,0.29334513101160864,-1.0,4,0.0,-0.07628673837866068
2021-02-09,104.5336485823298,0.67,1.813,3084.67,-0.04797541607383505,0.572,0.028254992890727415,-0.3543010766657276,-1.0,1.0,1.0,-1.0,-0.33238090905413487,0.748220929537246,0.3688347299844383,-1.0,4,0.0,-0.05383131238311267
2021-02-10,104.64633616763098,0.673,1.831,3100.58,-0.04797541607383505,0.5680000000000001,0.030854877024242278,-0.3509975761331309,-1.0,1.0,1.0,-1.0,-0.3324273857612646,0.742984913274764,0.40288867293176994,-1.0,4,0.0,-0.046638449888682654
2021-02-15,105.11635509905165,0.675,1.871,3147.0,-0.04797541607383505,0.567,0.03206658430563891,-0.36133722814664515,-1.0,1.0,1.0,-1.0,-0.3324739047694612,0.7416751719245359,0.41882203454857675,-1.0,4,0.0,-0.042994174574087135
2021-02-16,105.66924089750438,0.668,1.85,3163.25,-0.04797541607383505,0.5670000000000001,0.03386108097121632,-0.3675519205110172,-1.0,1.0,1.0,-1.0,-0.3325204659081731,0.7416739747034192,0.4423632826693551,-1.0,4,0.0,-0.03712080213384969
2021-02-17,106.13420139789125,0.669,1.862,3133.73,-0.04797541607383505,0.599,0.03883622753801941,-0.3508667268203333,-1.0,1.0,1.0,-1.0,-0.3325670690075656,0.7834771182134802,0.5074258833426393,-1.0,4,0.0,-0.010416016862861532
2021-02-18,105.53349292217528,0.668,1.854,3086.66,-0.04797541607383505,0.596,0.0349412453576754,-0.3382054532289357,-1.0,1.0,1.0,-1.0,-0.33261371389851724,0.7795043749372383,0.4566323104792403,-0.991684756964853,4,0.0,-0.02204044636172292
2021-02-19,105.68831847593958,0.669,1.875,3107.62,-0.04797541607383505,0.5680000000000001,0.03562256524829266,-0.3665715601689038,-1.0,1.0,1.0,-1.0,-0.33266040041261585,0.7428821825025749,0.46562941383394707,-1.0,4,0.0,-0.031037201019023464
2021-02-22,105.58927572468488,0.675,1.922,3079.75,-0.04797541607383505,0.562,0.03812193839249467,-0.3607420750095443,-1.0,1.0,1.0,-1.0,-0.3327071283821553,0.7350431925802842,0.498373330870176,-1.0,4,0.0,-0.024822651232923792
2021-02-23,105.62526933579451,0.673,1.906,3070.09,-0.04797541607383505,0.536,0.03916649189681376,-0.36657706611067753,-1.0,1.0,1.0,-1.0,-0.33275389764013213,0.7010818434995184,0.5120936221169871,-1.0,4,0.0,-0.029894608005906653
2021-02-24,105.27052792284212,0.668,1.851,2994.98,-0.04797541607383505,0.4999999999999999,0.038166270386591705,-0.3581553808499891,-1.0,1.0,1.0,-1.0,-0.3328007080202415,0.654078054629799,0.49909014253222184,-1.0,4,0.0,-0.04490812771455516
2021-02-25,105.30108915169323,0.665,1.884,3099.69,-0.04797541607383505,0.46399999999999997,0.044989598443125445,-0.4368358577807391,-1.0,1.0,1.0,-1.0,-0.33284755935687393,0.6070973046937608,0.5883093722986927,-1.0,4,0.0,-0.034360220591105106
2021-02-26,105.6449598262287,0.673,1.96,3012.95,-0.04797541607383505,0.46599999999999997,0.05795583827739037,-0.40174474877719357,-1.0,1.0,1.0,-1.0,-0.33289445148511215,0.6098257088448195,0.7575562536625868,-1.0,4,0.0,0.008621877755573548
2021-03-02,104.64928755479517,0.671,1.966,3043.87,-0.0347241957271689,0.44799999999999995,0.045269184653959904,-0.42799593000011354,-1.0,1.0,1.0,-1.0,-0.24099950575746593,0.5863930030279377,0.591715281588538,-1.0,4,0.0,-0.015722805285247554
2021-03-03,104.64055112895988,0.669,1.951,3082.99,-0.0347241957271689,0.4849999999999999,0.04781379280878362,-0.446317586769861,-1.0,1.0,1.0,-1.0,-0.24105285479344626,0.6349203032922004,0.6249229213435009,-1.0,4,0.0,0.004697592460563782
2021-03-04,104.5234667085328,0.672,1.972,3043.49,-0.0347241957271689,0.44099999999999995,0.04656185496564014,-0.4774938869859788,-1.0,1.0,1.0,-1.0,-0.24110620317014178,0.5774459122127964,0.6085301064862398,-1.0,4,0.0,-0.013782546117776379
2021-03-05,104.46862161465629,0.679,1.992,3026.26,-0.0347241957271689,0.44199999999999995,0.045940383769646154,-0.46252613997862213,-1.0,1.0,1.0,-1.0,-0.24115955085886728,0.5788814747511839,0.6003888633780686,-1.0,4,0.0,-0.015472303182403696
2021-03-08,104.35522045922175,0.687,2.028,2996.11,-0.0347241957271689,0.42999999999999994,0.03506092321327969,-0.4496775104293714,-1.0,1.0,1.0,-1.0,-0.24121289783106448,0.5632970754389544,0.4583057453758407,-1.0,4,0.0,-0.05490251925406736
2021-03-09,104.61508381596782,0.695,2.034,2976.12,-0.0347241957271689,0.3430000000000001,0.03209451900923721,-0.4270397515583977,-1.0,1.0,1.0,-1.0,-0.24126624405830108,0.4494747941669573,0.419643135661678,-1.0,4,0.0,-0.09303707855741644
2021-03-10,103.66107959795696,0.689,2.036,2958.12,-0.0347241957271689,0.3570000000000001,0.019629871990819225,-0.4055803837009245,-1.0,1.0,1.0,-1.0,-0.2413195895122705,0.4679680596654215,0.2567756434509037,-1.0,4,0.0,-0.12914397159898633
2021-03-11,103.4644443059171,0.684,2.027,3013.7,-0.0347241957271689,0.3669999999999999,0.0168204511015837,-0.4426709145705952,-1.0,1.0,1.0,-1.0,-0.24137293416479103,0.4812233366972733,0.22012554984777738,-1.0,4,0.0,-0.13500601190493508
2021-03-12,103.56667826365342,0.688,2.092,3054.39,-0.0347241957271689,0.32600000000000007,0.021754245106282433,-0.510787360561013,-1.0,1.0,1.0,-1.0,-0.24142627798780555,0.4276081619924451,0.2848097931933058,-1.0,4,0.0,-0.13225208070051367
2021-03-15,104.1739043959342,0.691,2.152,3045.71,-0.0347241957271689,0.34199999999999997,0.03691380026497182,-0.5030557881579172,-1.0,1.0,1.0,-1.0,-0.2414796209533807,0.44874198005373006,0.4833677763812113,-1.0,4,0.0,-0.07734246612960982
2021-03-16,103.84045073257136,0.685,2.098,3067.17,-0.0347241957271689,0.347,0.027698378960371528,-0.5328782399051998,-1.0,1.0,1.0,-1.0,-0.24153296303370647,0.4554496376446205,0.362818983801348,-1.0,4,0.0,-0.10581608539693449
2021-03-17,104.09620992046852,0.686,2.134,3047.5,-0.0347241957271689,0.33599999999999997,0.024329852014147946,-0.5674022901560518,-1.0,1.0,1.0,-1.0,-0.24158630420109561,0.44115816036064515,0.31881641133144706,-1.0,4,0.0,-0.12040293312725087
2021-03-18,104.09963288943732,0.682,2.15,3066.01,-0.0347241957271689,0.3909999999999999,0.027371556890984472,-0.594984266875138,-1.0,1.0,1.0,-1.0,-0.24163964442798302,0.5135152330476207,0.3587973633239156,-1.0,4,0.0,-0.0923317620141117
2021-03-19,104.90534273995767,0.687,2.099,3039.53,-0.0347241957271689,0.33299999999999996,0.048968603513128706,-0.6183714535696312,-1.0,1.0,1.0,-1.0,-0.24169298368692513,0.4374876758074171,0.6418288439955652,-1.0,4,0.0,-0.04059411597098572
2021-03-22,104.43771648678208,0.686,2.057,3035.46,-0.0347241957271689,0.29499999999999993,0.03994314148844591,-0.6453593401634907,-1.0,1.0,1.0,-1.0,-0.2417463219505997,0.38770345661247185,0.5235937552449081,-1.0,4,0.0,-0.08261227752330491
2021-03-23,104.36901471174656,0.687,2.032,3004.74,-0.0347241957271689,0.29499999999999993,0.053743389686541576,-0.6781025932236979,-1.0,1.0,1.0,-1.0,-0.24179965919180463,0.3878427073727008,0.7043177184933049,-1.0,4,0.0,-0.03740980833144972
2021-03-24,104.8291716922886,0.682,1.992,2996.35,-0.0347241957271689,0.384,0.048707094968637676,-0.7473761917436285,-1.0,1.0,1.0,-1.0,-0.24185299538345809,0.5049976113519398,0.6382523619579753,-1.0,4,0.0,-0.024650755518385747
2021-03-25,104.49060864600854,0.681,1.967,3008.33,-0.0347241957271689,0.33799999999999986,0.07092929082580657,-0.6812447290948889,-1.0,1.0,1.0,-1.0,-0.24190633049859753,0.4446494212515649,0.9286339953675948,-1.0,4,0.0,0.03284427153014058
2021-03-26,104.53702488499046,0.684,2.005,3041.01,-0.0347241957271689,0.3569999999999999,0.04959356489232558,-0.7414468270063127,-1.0,1.0,1.0,-1.0,-0.24195966451037934,0.469791392085954,0.6492201482826228,-1.0,4,0.0,-0.03073703103545064
2021-03-29,104.81392479147196,0.686,1.98,3036.04,-0.0347241957271689,0.32899999999999985,0.06635416044472997,-0.6560984893947652,-1.0,1.0,1.0,-1.0,-0.24201299739207813,0.43309037709283155,0.8680368407320092,-1.0,4,0.0,0.01477855510819065
2021-03-30,104.90194273149874,0.692,2.063,3070.0,-0.0347241957271689,0.32099999999999995,0.055317934368434685,-0.6215332232349353,-1.0,1.0,1.0,-1.0,-0.24206632911708648,0.42270356438724704,0.723454104295927,-1.0,4,0.0,-0.023977165108478082
2021-03-31,104.98005759414932,0.69,2.057,3061.42,-0.0347241957271689,0.30500000000000005,0.0378385203367797,-0.6407776624094175,-1.0,1.0,1.0,-1.0,-0.24211965965891405,0.4017755298273982,0.4949399065709223,-1.0,4,0.0,-0.08635105581514838
2021-04-01,104.96931089512816,0.693,2.023,3087.4,-0.05644066602471245,0.30000000000000004,0.03884138365316048,-0.6256056610421636,-1.0,1.0,1.0,-1.0,-0.3935721268299309,0.39532918651141363,0.5081331250207952,-1.0,4,0.0,-0.12252745382443053
2021-04-02,105.22534388881456,0.693,2.049,3112.8,-0.05644066602471245,0.31199999999999994,0.030738988624372077,-0.6338341738731389,-1.0,1.0,1.0,-1.0,-0.39360334183622253,0.41128495871720283,0.4022546454670233,-1.0,4,0.0,-0.1450159344129991
2021-04-05,105.417836587607,0.697,2.094,3120.83,-0.05644066602471245,0.29200000000000004,0.03914941434864616,-0.619275284412837,-1.0,1.0,1.0,-1.0,-0.3936346486531781,0.385058612381119,0.5123876829801759,-1.0,4,0.0,-0.12404708832297079
2021-04-06,105.31717058570555,0.684,2.069,3127.08,-0.05644066602471245,0.29999999999999993,0.03671888231799869,-0.6599811381948706,-1.0,1.0,1.0,-1.0,-0.3936660469378276,0.3957481608082373,0.4806691879797105,-1.0,4,0.0,-0.12931217453746996
2021-04-07,105.63714170710485,0.68,2.064,3137.41,-0.05644066602471245,0.2789999999999999,0.038829595395670324,-0.6419317310180793,-1.0,1.0,1.0,-1.0,-0.3936975363487028,0.3681800888265627,0.5083757567890435,-1.0,4,0.0,-0.12928542268327414
2021-04-08,106.27618671938586,0.671,2.012,3143.26,-0.05644066602471245,0.2789999999999999,0.056495553990813185,-0.6368983874849568,-1.0,1.0,1.0,-1.0,-0.39372911654582887,0.36831433979649325,0.7394320262923763,-1.0,4,0.0,-0.07149568761423986
2021-04-09,106.0193623425706,0.667,2.029,3131.88,-0.05644066602471245,0.261,0.04660400907216644,-0.5972481151934883,-1.0,1.0,1.0,-1.0,-0.39376078719071655,0.3446803408174749,0.609950646297474,-1.0,4,0.0,-0.10978245001894193
2021-04-12,106.26432354275164,0.657,2.003,3135.59,-0.05644066602471245,0.254,0.05311852111574655,-0.5758447847879026,-1.0,1.0,1.0,-1.0,-0.3937925479463542,0.3355616251891824,0.6950668878585687,-1.0,4,0.0,-0.09079100872465076
2021-04-13,105.56930926025068,0.656,2.027,3169.08,-0.05644066602471245,0.235,0.04099944721831239,-0.6029758398574905,-1.0,1.0,1.0,-1.0,-0.3938243984771997,0.3105784353258844,0.5365435893650382,-1.0,4,0.0,-0.13667559344656927
2021-04-14,105.2840025247444,0.648,1.99,3182.38,-0.05644066602471245,0.21399999999999997,0.03657501089994941,-0.5940856797902374,-1.0,1.0,1.0,-1.0,-0.39385633844917295,0.2829330214409322,0.4787375159072056,-1.0,4,0.0,-0.1580464502752588
2021-04-15,105.7510815406116,0.658,2.02,3194.33,-0.05644066602471245,0.19799999999999995,0.04059311916005015,-0.5865046021669543,-1.0,1.0,1.0,-1.0,-0.39388836752964784,0.2618797708345234,0.5313932473549947,-1.0,4,0.0,-0.15015383733503243
2021-04-16,105.86982933401836,0.657,2.023,3198.62,-0.05644066602471245,0.20999999999999996,0.040419553423286736,-0.6050431280864245,-1.0,1.0,1.0,-1.0,-0.39392048538744456,0.27785769910596514,0.5291850475145993,-1.0,4,0.0,-0.14671943469172005
2021-04-19,105.78346097721698,0.651,1.981,3198.84,-0.05644066602471245,0.21999999999999997,0.04453253050891348,-0.5851428824070899,-1.0,1.0,1.0,-1.0,-0.39395269169282193,0.2912000798326699,0.5830494228482741,-1.0,4,0.0,-0.1299257972529695
2021-04-20,105.61790377926184,0.649,2.003,3220.7,-0.05644066602471245,0.21899999999999997,0.03959369372539445,-0.5979587503671541,-1.0,1.0,1.0,-1.0,-0.3939849861174695,0.28998700372765646,0.5184591199566712,-1.0,4,0.0,-0.14638471560828548
2021-04-21,105.97612282656743,0.642,2.005,3171.66,-0.05644066602471245,0.237,0.050406530110358005,-0.5501429484333563,-1.0,1.0,1.0,-1.0,-0.3940173683345004,0.3139400028698263,0.6599661243011715,-1.0,4,0.0,-0.10502781029087566
2021-04-22,105.6213726123592,0.641,1.989,3177.52,-0.05644066602471245,0.235,0.041266698386769995,-0.5587106627757729,-1.0,1.0,1.0,-1.0,-0.3940498380184435,0.31140828073966614,0.5403561409166855,-1.0,4,0.0,-0.13557135409052296
2021-04-23,105.64281934389072,0.644,2.043,3186.1,-0.05644066602471245,0.242,0.0399440073352304,-0.5746556630987624,-1.0,1.0,1.0,-1.0,-0.39408239484523594,0.32080470545189493,0.5231064213237934,-1.0,4,0.0,-0.1375428170173869
2021-04-26,105.343141099044,0.642,2.089,3217.53,-0.05644066602471245,0.251,0.04534729906586854,-0.5733484698264618,-1.0,1.0,1.0,-1.0,-0.39411503849221563,0.33285941806638203,0.5938746942755048,-1.0,4,0.0,-0.1168452315375822
2021-04-27,105.69268030540351,0.638,2.071,3215.42,-0.05644066602471245,0.246,0.05192872939767579,-0.5604613662681338,-1.0,1.0,1.0,-1.0,-0.39414776863811396,0.3263507078857503,0.6799557112315359,-1.0,4,0.0,-0.09696033738020693
2021-04-28,106.00187847420352,0.639,2.082,3181.47,-0.05644066602471245,0.23399999999999999,0.052641168025600926,-0.5641704718202643,-1.0,1.0,1.0,-1.0,-0.39418058496304836,0.3105481198916843,0.6891594895453896,-1.0,4,0.0,-0.0986182438814936
2021-04-29,105.77730300901688,0.64,2.098,3174.07,-0.05644066602471245,0.238,0.053395679617563196,-0.5430078213820941,-1.0,1.0,1.0,-1.0,-0.3942134871485151,0.3159752377927938,0.6988963477821959,-1.0,4,0.0,-0.09483547539338136
2021-04-30,106.22835023092074,0.642,2.128,3147.86,-0.05644066602471245,0.237,0.05477775805500684,-0.5325259252594455,-1.0,1.0,1.0,-1.0,-0.39424647487738174,0.31476575091061293,0.7168134943091489,-1.0,4,0.0,-0.09066680741440497
2021-05-03,106.16572457306512,0.642,2.124,3127.2,-0.01239511497584625,0.22999999999999998,0.050945446154192275,-0.5220407284792813,-1.0,1.0,1.0,-1.0,-0.08660779037136901,0.30558397550462696,0.6665789916127244,-1.0,4,0.0,-0.028611205813504403
2021-05-04,105.2300013567838,0.639,2.13,3147.37,-0.01239511497584625,0.21699999999999997,0.03715396991974895,-0.5576331133271705,-1.0,1.0,1.0,-1.0,-0.08663384518490566,0.2884210607874706,0.48622332471931307,-1.0,4,0.0,-0.07799736491953049
2021-05-06,105.08064453251768,0.627,2.102,3178.74,-0.01239511497584625,0.21799999999999997,0.04183071646833714,-0.5471275824716515,-1.0,1.0,1.0,-1.0,-0.0866598922885101,0.2898598327849977,0.5474809559355348,-1.0,4,0.0,-0.0623297758919944
2021-05-07,104.5956364343498,0.624,2.123,3197.2,-0.01239511497584625,0.20999999999999996,0.032865488275003685,-0.5569158905806534,-1.0,1.0,1.0,-1.0,-0.08668593168888164,0.27932863647716694,0.43025981017679044,-1.0,4,0.0,-0.09427437125873106
2021-05-10,104.64332414287068,0.619,2.134,3249.3,-0.01239511497584625,0.19999999999999996,0.037294151068805625,-0.5693961064726294,-1.0,1.0,1.0,-1.0,-0.08671196339271026,0.2661282630278421,0.48833166657340016,-1.0,4,0.0,-0.08306300844786701
2021-05-11,105.15322732422096,0.612,2.139,3209.43,-0.01239511497584625,0.20899999999999996,0.03701332112016331,-0.5599393278163256,-1.0,1.0,1.0,-1.0,-0.08673798740667649,0.2782093410398706,0.4847502826534885,-1.0,4,0.0,-0.08094459092832934
2021-05-12,104.73215006037388,0.61,2.125,3161.66,-0.01239511497584625,0.18900000000000006,0.031702983265083695,-0.5537224499557215,-1.0,1.0,1.0,-1.0,-0.08676400373745143,0.2516818604733586,0.41532214682388213,-1.0,4,0.0,-0.10493999911005267
2021-05-13,104.60419410021068,0.61,2.156,3122.11,-0.01239511497584625,0.17000000000000004,0.03755215185830352,-0.5367246108080457,-1.0,1.0,1.0,-1.0,-0.08679001239169688,0.22646605265626957,0.49204109297606485,-1.0,4,0.0,-0.09207071668984063
2021-05-14,103.99237588202688,0.609,2.158,3153.32,-0.01239511497584625,0.17700000000000005,0.031082137392752784,-0.5557106777538503,-1.0,1.0,1.0,-1.0,-0.08681601337606525,0.2358803080856091,0.40738629896138395,-1.0,4,0.0,-0.11088735158226803
2021-05-17,103.96076170901476,0.6,2.117,3134.52,-0.01239511497584625,0.18400000000000005,0.031955024833909995,-0.5450863698571159,-1.0,1.0,1.0,-1.0,-0.08684200669719958,0.24530167450633045,0.41894593167445404,-1.0,4,0.0,-0.10564860012910376
2021-05-18,103.58323862040253,0.599,2.118,3173.05,-0.01239511497584625,0.18400000000000005,0.028638430196234133,-0.5514160987735035,-1.0,1.0,1.0,-1.0,-0.08686799236173369,0.24539440610357174,0.3755880576433216,-1.0,4,0.0,-0.11647138215371008
2021-05-20,103.57307009854524,0.598,2.135,3162.28,-0.01239511497584625,0.18300000000000005,0.031908563714663885,-0.527408408349098,-1.0,1.0,1.0,-1.0,-0.086893970376292,0.24415292449831405,0.41859434046640226,-1.0,4,0.0,-0.10603667635289393
2021-05-21,103.58613594780124,0.593,2.123,3156.42,-0.01239511497584625,0.17900000000000005,0.026992740907223478,-0.5226847561286073,-1.0,1.0,1.0,-1.0,-0.0869199407474897,0.23890633465074906,0.3542303198051809,-1.0,4,0.0,-0.12344582157288994
2021-05-24,104.09019276652512,0.593,2.12,3144.3,-0.01239511497584625,0.17500000000000004,0.03663145313434768,-0.5155294665159048,-1.0,1.0,1.0,-1.0,-0.0869459034819327,0.23365561786015726,0.4808195010064316,-1.0,4,0.0,-0.09311769615383597
2021-05-25,103.99069382225652,0.593,2.129,3171.32,-0.01239511497584625,0.16200000000000003,0.03840895008025669,-0.5386083745823034,-1.0,1.0,1.0,-1.0,-0.08697185858621763,0.2163794182973311,0.5042374964522408,-1.0,4,0.0,-0.09158873595916145
2021-05-26,104.27232686928969,0.597,2.128,3168.43,-0.01239511497584625,0.14600000000000002,0.04356368314902248,-0.5277526680789827,-1.0,1.0,1.0,-1.0,-0.08699780606693197,0.19508104089123218,0.5719463523250464,-1.0,4,0.0,-0.07999260321266333
2021-05-27,104.6837888125425,0.591,2.111,3165.51,-0.01239511497584625,0.15200000000000002,0.05184749259435684,-0.5070267672591227,-1.0,1.0,1.0,-1.0,-0.08702374593065391,0.2031737189758978,0.6806065140270238,-1.0,4,0.0,-0.05081087823193309
2021-05-28,104.66389419088092,0.611,2.132,3188.73,-0.01239511497584625,0.138,0.0500198613445102,-0.5143559669957073,-1.0,1.0,1.0,-1.0,-0.0870496781839525,0.1845283763015965,0.656554327768496,-1.0,4,0.0,-0.06149174352846501
2021-05-31,104.7508658469722,0.633,2.179,3203.92,-0.01239511497584625,0.06699999999999995,0.047221062221391996,-0.5239387376312361,-1.0,1.0,1.0,-1.0,-0.08707560283338754,0.08961987649149253,0.6198056105245353,-1.0,4,0.0,-0.09441252895433994
2021-06-01,104.87860885298348,0.629,2.186,3221.87,-0.0197820680770095,0.06299999999999994,0.053068912401020185,-0.5270832070276804,-1.0,1.0,1.0,-1.0,-0.1390075801055876,0.08429742120049391,0.6964410876467939,-1.0,4,0.0,-0.08956726781457494
2021-06-02,105.56085604828016,0.632,2.202,3224.23,-0.0197820680770095,0.05699999999999994,0.05946686867875961,-0.5100851954674972,-1.0,1.0,1.0,-1.0,-0.13904624947433078,0.0762940873899482,0.7801172891801306,-1.0,4,0.0,-0.07065871822606301
2021-06-03,105.32010378330018,0.631,2.195,3247.43,-0.0197820680770095,0.06099999999999994,0.052529665603191944,-0.507405250566764,-1.0,1.0,1.0,-1.0,-0.1390849088817044,0.08167502619144766,0.6890044524130738,-1.0,4,0.0,-0.09210135756929572
2021-06-04,105.32277920559868,0.639,2.173,3240.08,-0.0197820680770095,0.06899999999999995,0.05132800428264961,-0.47128650196079147,-1.0,1.0,1.0,-1.0,-0.1391235583343406,0.09241749631838914,0.6731615959390709,-1.0,4,0.0,-0.09338611651922013
2021-06-07,104.72029690564452,0.643,2.156,3252.12,-0.0197820680770095,0.07999999999999996,0.04128554511906035,-0.4712105625809498,-1.0,1.0,1.0,-1.0,-0.1391621978388667,0.10718737128187894,0.54152113406669,-1.0,4,0.0,-0.12261342312257445
2021-06-08,105.2104370697836,0.644,2.116,3247.83,-0.0197820680770095,0.08599999999999997,0.04553689273143657,-0.45092477376062606,-1.0,1.0,1.0,-1.0,-0.13920082740190534,0.1152662073895835,0.5973002383306386,-1.0,4,0.0,-0.1066585954204208
2021-06-09,104.91246274924848,0.653,2.103,3216.18,-0.0197820680770095,0.07899999999999996,0.041313044171447544,-0.4389034869492598,-1.0,1.0,1.0,-1.0,-0.13923944703007418,0.10592018030438441,0.5419623487212278,-1.0,4,0.0,-0.12283922950111548
2021-06-10,104.8171956618057,0.719,2.085,3224.64,-0.0197820680770095,0.0030000000000000027,0.03540241142107714,-0.4424530446052142,-1.0,1.0,1.0,-1.0,-0.13927805672998636,0.004023412009907759,0.46453217750264236,-1.0,4,0.0,-0.16768061680435906
2021-06-11,104.71946659873784,0.761,2.101,3249.32,-0.0197820680770095,-0.041000000000000036,0.028859232149759606,-0.44818939575406364,-1.0,-1.0,1.0,-1.0,-0.1393166565082499,-0.054999318439275094,0.37880086982160543,-1.0,4,-0.5,-0.20387877628147988
2021-06-14,105.18712548714144,0.814,2.096,3252.13,-0.0197820680770095,-0.09599999999999997,0.03168901212895481,-0.4585034456402346,-1.0,-1.0,1.0,-1.0,-0.13935524637146818,-0.12879880434615393,0.41606510730262336,-1.0,4,-0.5,-0.2130222358537497
2021-06-15,104.81996796502892,0.849,2.071,3258.63,-0.0197820680770095,-0.128,0.024127231048366227,-0.47874565230194754,-1.0,-1.0,1.0,-1.0,-0.13939382632623973,-0.1717494437688146,0.31690297266486617,-1.0,4,-0.5,-0.24856007435754704
2021-06-16,104.74759544008394,0.879,2.07,3278.68,-0.0197820680770095,-0.14300000000000002,0.03403798215164944,-0.5306812499931073,-1.0,-1.0,1.0,-1.0,-0.13943239637915827,-0.19189116135359252,0.4471913228465778,-1.0,4,-0.5,-0.22103305872154325
2021-06-17,104.99621414100092,0.897,2.079,3264.96,-0.0197820680770095,-0.16100000000000003,0.04020910520296095,-0.4775133128330294,-1.0,-1.0,1.0,-1.0,-0.13947095653681263,-0.21605496937552532,0.5283439002104943,-1.0,4,-0.5,-0.2067955064254609
2021-06-18,104.13520246068512,0.889,2.041,3267.93,-0.0197820680770095,-0.14,0.02872457958691932,-0.4734203940317548,-1.0,-1.0,1.0,-1.0,-0.13950950680578691,-0.18788953567780275,0.37756325358231385,-1.0,4,-0.5,-0.23745894722531896
2021-06-21,104.16013856014553,0.888,2.006,3240.79,-0.0197820680770095,-0.15800000000000003,0.03526802167857035,-0.46894267790937744,-1.0,-1.0,1.0,-1.0,-0.13954804719266029,-0.2120576089810363,0.46368090127581546,-1.0,4,-0.5,-0.22198118872447026
2021-06-22,103.9245649958294,0.877,2.05,3263.88,-0.0197820680770095,-0.15200000000000002,0.030364585477776096,-0.4750942104132362,-1.0,-1.0,1.0,-1.0,-0.1395865777040071,-0.20401755017595946,0.3993372365949938,-1.0,4,-0.5,-0.2360667228212432
2021-06-23,104.14642570435986,0.869,2.041,3276.19,-0.0197820680770095,-0.14400000000000002,0.03171204262471061,-0.48417557305760794,-1.0,-1.0,1.0,-1.0,-0.13962509834639686,-0.19329471963794567,0.41717931942619707,-1.0,4,-0.5,-0.22893512463953636
2021-06-24,103.95170560812176,0.888,2.06,3286.1,-0.0197820680770095,-0.17900000000000005,0.032658113455603655,-0.4869974813317934,-1.0,-1.0,1.0,-1.0,-0.13966360912639428,-0.2402790579767521,0.42974386281068044,-1.0,4,-0.5,-0.2375497010731165
2021-06-25,103.8421382855083,0.908,2.1,3302.84,-0.0197820680770095,-0.20100000000000007,0.030253724160384188,-0.48293565289228735,-1.0,-1.0,1.0,-1.0,-0.13970211005055913,-0.26980210972396906,0.3982284777072252,-1.0,4,-0.5,-0.25281893551682577
2021-06-28,104.4189390596996,0.943,2.137,3301.89,-0.0197820680770095,-0.237,0.0279504362315528,-0.5101244919054082,-1.0,-1.0,1.0,-1.0,-0.13974060112544637,-0.3180903465876381,0.3680354301402752,-1.0,4,-0.5,-0.2724488793932023
2021-06-29,104.29432584602134,0.958,2.109,3286.68,-0.0197820680770095,-0.257,0.028392534249036316,-0.4941352379176949,-1.0,-1.0,1.0,-1.0,-0.13977908235760603,-0.3448803633694596,0.37398170622355714,-1.0,4,-0.5,-0.27766943487587714
2021-06-30,104.36222623879934,0.955,2.092,3296.68,-0.0197820680770095,-0.238,0.02220771304881275,-0.5122481483957966,-1.0,-1.0,1.0,-1.0,-0.1398175537535834,-0.3193485786141581,0.29263268132831083,-1.0,4,-0.5,-0.2916333627598577
2021-07-01,104.45616287671812,0.955,2.09,3282.06,-0.2557966099258961,-0.239,0.02537539436992553,-0.49993510911988615,-1.0,-1.0,1.0,-1.0,-1.0,-0.3206550064792281,0.3344964992358494,-1.0,4,-0.5,-0.4965396268108447
2021-07-02,104.36650073184094,0.956,2.101,3281.78,-0.2557966099258961,-0.244,0.022304597590650843,-0.49918321597346754,-1.0,-1.0,1.0,-1.0,-1.0,-0.32732374387971847,0.2941340840488714,-1.0,4,-0.5,-0.5082974149577117
2021-07-05,104.13461858285362,0.941,2.089,3293.21,-0.2557966099258961,-0.24,0.02387723025979227,-0.49018283922446837,-1.0,-1.0,1.0,-1.0,-1.0,-0.3219221233106857,0.31499298829967154,-1.0,4,-0.5,-0.5017322837527536
2021-07-06,104.46346602881547,0.937,2.119,3305.21,-0.2557966099258961,-0.2340000000000001,0.026888773851776016,-0.4874718667769154,-1.0,-1.0,1.0,-1.0,-1.0,-0.31384379741600404,0.3548463085642397,-1.0,4,-0.5,-0.48974937221294107
2021-07-07,104.41397467363444,0.904,2.039,3285.34,-0.2557966099258961,-0.19400000000000006,0.025925471729468796,-0.4568342559812021,-1.0,-1.0,1.0,-1.0,-1.0,-0.2601923688607124,0.34225737067221074,-1.0,4,-0.5,-0.4794837495471254
2021-07-08,104.02452623589733,0.866,2.002,3252.68,-0.2557966099258961,-0.16500000000000004,0.020495761120614908,-0.4565623557935827,-1.0,-1.0,1.0,-1.0,-1.0,-0.2213076326311922,0.27068738625207145,-1.0,4,-0.5,-0.4876550615947802
2021-07-09,103.48797617466704,0.857,2.033,3217.95,-0.2557966099258961,-0.15900000000000003,0.012775391706142614,-0.45163494214814726,-1.0,-1.0,1.0,-1.0,-1.0,-0.2132721476611704,0.16879981440370562,-1.0,4,-0.5,-0.5111180833143661
2021-07-12,103.03672809352004,0.852,2.022,3246.47,-0.2557966099258961,-0.15000000000000002,0.011366256294872201,-0.4542892951505998,-1.0,-1.0,1.0,-1.0,-1.0,-0.20121483608123922,0.15024843714381192,-1.0,4,-0.5,-0.5127415997343567
2021-07-13,103.15925594679992,0.857,2.035,3271.38,-0.2557966099258961,-0.15400000000000003,0.012658710952529795,-0.470667799783636,-1.0,-1.0,1.0,-1.0,-1.0,-0.20659425959880642,0.16740774471145986,-1.0,4,-0.5,-0.5097966287218366
2021-07-14,103.35780025041193,0.85,2.008,3264.81,-0.2557966099258961,-0.14,0.020816428237871776,-0.44814073130935667,-1.0,-1.0,1.0,-1.0,-1.0,-0.18783006435060895,0.2754028561348686,-1.0,4,-0.5,-0.4781068020539351
2021-07-15,102.8031524763096,0.906,2.024,3286.22,-0.2557966099258961,-0.20200000000000007,0.013416481146154347,-0.45723849756560536,-1.0,-1.0,1.0,-1.0,-1.0,-0.27100532172336067,0.1775796627487792,-1.0,4,-0.5,-0.5233564147436454
2021-07-16,103.3475024616672,0.922,2.008,3276.91,-0.2557966099258961,-0.2220000000000001,0.023685484780313182,-0.44510936429277104,-1.0,-1.0,1.0,-1.0,-1.0,-0.29781803642557986,0.31361901464172326,-1.0,4,-0.5,-0.49604975544596414
2021-07-19,103.65312054435194,0.93,1.972,3244.04,-0.2557966099258961,-0.2390000000000001,0.022898096019094538,-0.4432913048989655,-1.0,-1.0,1.0,-1.0,-1.0,-0.3205913202827826,0.3033108389793292,-1.0,4,-0.5,-0.5043201203258634
2021-07-20,103.4645252626128,0.917,1.893,3232.7,-0.2557966099258961,-0.235,0.0231974519558662,-0.4279195781497135,-1.0,-1.0,1.0,-1.0,-1.0,-0.3151967707913898,0.3073944518780774,-0.9997728702393007,4,-0.5,-0.5018937972881533
2021-07-21,103.02288950824368,0.908,1.878,3215.91,-0.2557966099258961,-0.23399999999999999,0.020320814505017992,-0.4239915221978414,-1.0,-1.0,1.0,-1.0,-1.0,-0.31382757350537277,0.26938529008873563,-0.9898678252950227,4,-0.5,-0.5085775271779149
2021-07-22,102.9372847151258,0.915,1.921,3250.21,-0.2557966099258961,-0.23099999999999998,0.01843638035384121,-0.42244282552802803,-1.0,-1.0,1.0,-1.0,-1.0,-0.3097788401711309,0.24450661121255746,-0.9855404120060975,4,-0.5,-0.5127031602411678
2021-07-23,102.82811192815952,0.917,1.888,3254.42,-0.2557966099258961,-0.237,0.015100094240040995,-0.42197356437911104,-1.0,-1.0,1.0,-1.0,-1.0,-0.3177951811446185,0.20034736335727965,-0.9837415397372674,4,-0.5,-0.5252973393811515
2021-07-26,103.00810506124188,0.912,1.863,3224.95,-0.2557966099258961,-0.24,0.013917016016518957,-0.4187279409698105,-1.0,-1.0,1.0,-1.0,-1.0,-0.32178580972720905,0.18473139625891305,-0.9754989154742025,4,-0.5,-0.5281383322356247
2021-07-27,102.72544910568716,0.916,1.868,3232.53,-0.2557966099258961,-0.245,0.01345721966647151,-0.4296477719963326,-1.0,-1.0,1.0,-1.0,-1.0,-0.32845355771656026,0.1787067467858368,-1.0,4,-0.5,-0.5374367027326808
2021-07-28,102.91419528032036,0.934,1.862,3236.86,-0.2557966099258961,-0.263,0.01788608699076466,-0.42270095707786903,-1.0,-1.0,1.0,-1.0,-1.0,-0.35253195782738594,0.23762047176146645,-0.9833157519230699,4,-0.5,-0.5245568094972474
2021-07-29,102.60639763449916,0.941,1.889,3242.65,-0.2557966099258961,-0.2639999999999999,0.013738426180915475,-0.407158829574446,-1.0,-1.0,1.0,-1.0,-1.0,-0.35381884616747455,0.18259792828243077,-0.946576811917607,4,-0.5,-0.5294494324506627
2021-07-30,102.92845814478656,0.936,1.874,3202.32,-0.2557966099258961,-0.263,0.015544523883441741,-0.39231348036089086,-1.0,-1.0,1.0,-1.0,-1.0,-0.35242646930492344,0.20669203373142592,-0.9115782038818036,4,-0.5,-0.5143281598638253
2021-08-02,102.92535853258342,0.944,1.907,3223.04,-0.2614036987332868,-0.2799999999999999,0.016050595241083876,-0.4019432309220049,-1.0,-1.0,1.0,-1.0,-1.0,-0.3751367526472109,0.21351275555149313,-0.9334105880926167,4,-0.5,-0.5237586462970836
2021-08-03,102.50977708503687,0.952,1.89,3237.14,-0.2614036987332868,-0.29399999999999993,0.009239015589383115,-0.4115600469226153,-1.0,-1.0,1.0,-1.0,-1.0,-0.393807028639952,0.12295640116136301,-0.955139240604339,4,-0.5,-0.556497467020732
2021-08-04,102.5540246870533,0.944,1.866,3280.38,-0.2614036987332868,-0.2889999999999999,0.006429319550712798,-0.4213669376973051,-1.0,-1.0,1.0,-1.0,-1.0,-0.38702978015515405,0.08560163512147476,-0.9772297073843392,4,-0.5,-0.5696644631045047
2021-08-05,103.02402423180511,0.949,1.878,3276.13,-0.2614036987332868,-0.2919999999999999,0.014665693629760668,-0.4082605627581288,-1.0,-1.0,1.0,-1.0,-1.0,-0.3909643427198136,0.19534750918297752,-0.9462586730200759,4,-0.5,-0.535468876639228
2021-08-06,103.28124815509337,0.972,1.9,3270.36,-0.2614036987332868,-0.32299999999999995,0.01754375162060473,-0.3954076752491627,-1.0,-1.0,1.0,-1.0,-1.0,-0.43234574532249337,0.23378159428905876,-0.9159784852165905,4,-0.5,-0.5286356590625062
2021-08-09,103.571890445444,0.978,1.914,3260.42,-0.2614036987332868,-0.32499999999999996,0.01979315120256686,-0.3792303290302803,-1.0,-1.0,1.0,-1.0,-1.0,-0.43489538760332835,0.26386352456885903,-0.8781090024325887,4,-0.5,-0.5122852163667645
2021-08-10,103.4260959435646,0.978,1.916,3243.19,-0.2614036987332868,-0.32299999999999995,0.013730268011086011,-0.36919169926629336,-1.0,-1.0,1.0,-1.0,-1.0,-0.43209541630389847,0.18311860311074665,-0.8545255236653196,4,-0.5,-0.5258755842146179
2021-08-11,103.12533778764434,0.977,1.934,3220.62,-0.2614036987332868,-0.30899999999999994,0.009958465249352066,-0.3454763142468443,-1.0,-1.0,1.0,-1.0,-1.0,-0.4132638928967239,0.13287323690707017,-0.7994074212912547,4,-0.5,-0.519949519320227
2021-08-12,102.4690935439336,0.986,1.922,3208.38,-0.2614036987332868,-0.32199999999999995,0.0036820661945355937,-0.32870833454093384,-1.0,-1.0,1.0,-1.0,-1.0,-0.4305295337959019,0.04915007679709272,-0.7604484248125223,4,-0.5,-0.5354569704528329
2021-08-13,102.09961746927767,0.994,1.924,3171.29,-0.2614036987332868,-0.32199999999999995,-0.0007341419703861263,-0.30936057695171904,-1.0,-1.0,-1.0,-1.0,-1.0,-0.43040934192904673,-0.009803717239073053,-0.7155959298111743,4,-1.0,-0.5389522472448235
2021-08-17,101.25291147846482,0.994,1.886,3143.09,-0.2614036987332868,-0.32699999999999996,-0.008235560138863285,-0.29614116096106424,-1.0,-1.0,-1.0,-1.0,-1.0,-0.43696570973710464,-0.11001552883962404,-0.6849640373758582,4,-1.0,-0.5579863189881468
2021-08-18,100.71368210159544,0.993,1.881,3158.93,-0.2614036987332868,-0.31999999999999995,-0.014458310764831062,-0.3104486516682668,-1.0,-1.0,-1.0,-1.0,-1.0,-0.42749578289544377,-0.19319404410927474,-0.7179621399290036,4,-1.0,-0.5846629917334305
2021-08-19,101.04584175043992,0.989,1.868,3097.83,-0.2614036987332868,-0.32499999999999996,-0.009035827088426984,-0.3179157549836522,-1.0,-1.0,-1.0,-1.0,-1.0,-0.4340527840639189,-0.12077865915446942,-0.7351130267525118,4,-1.0,-0.572486117492725
2021-08-20,101.0325818533651,0.999,1.853,3060.51,-0.2614036987332868,-0.33699999999999997,-0.007883660872823661,-0.30017116232059976,-1.0,-1.0,-1.0,-1.0,-1.0,-0.44993889754091715,-0.10541484280379688,-0.6940195785702845,4,-1.0,-0.5623433297287497
2021-08-23,100.84749874991216,1.015,1.889,3090.21,-0.2614036987332868,-0.34799999999999986,-0.012633937850008436,-0.3474019132943385,-1.0,-1.0,-1.0,-1.0,-1.0,-0.4644675583779741,-0.16898144316540545,-0.8029930445680301,4,-1.0,-0.6091105115278524
2021-08-24,100.945783782618,1.042,1.939,3138.3,-0.2614036987332868,-0.359,-0.008114631687861085,-0.3510984655951156,-1.0,-1.0,-1.0,-1.0,-1.0,-0.47897290742839066,-0.10857239017827099,-0.8112949575803551,4,-1.0,-0.5997100637967542
2021-08-25,101.31141599490468,1.05,1.936,3146.81,-0.2614036987332868,-0.38,-0.005951899919864445,-0.34523393775694156,-1.0,-1.0,-1.0,-1.0,-1.0,-0.5067759012222792,-0.07966469219950009,-0.7975274562716052,4,-1.0,-0.5959920124233461
2021-08-26,101.30066018745524,1.059,1.928,3128.53,-0.2614036987332868,-0.3869999999999999,-0.002220410325938893,-0.32233399008585084,-1.0,-1.0,-1.0,-1.0,-1.0,-0.5158832861814436,-0.029731469711378786,-0.7444976295305303,4,-1.0,-0.5725280963558381
2021-08-27,101.23739548971442,1.068,1.939,3133.9,-0.2614036987332868,-0.391,-0.005347258349515549,-0.32247524117365006,-1.0,-1.0,-1.0,-1.0,-1.0,-0.5209803673972072,-0.07162690125162219,-0.7446957322665704,4,-1.0,-0.5843257502288499
2021-08-30,100.92591203879412,1.064,1.913,3144.19,-0.2614036987332868,-0.382,-0.007144557133991647,-0.3328654724997208,-1.0,-1.0,-1.0,-1.0,-1.0,-0.5087730922449335,-0.09573584985684448,-0.7685256451564616,4,-1.0,-0.59325864681456
2021-08-31,101.33248315479716,1.064,1.912,3199.27,-0.2614036987332868,-0.3630000000000001,-0.003651149646971774,-0.34097161531978915,-1.0,-1.0,-1.0,-1.0,-1.0,-0.48328940620090616,-0.0489436973952216,-0.7870467093135343,4,-1.0,-0.5798199532274155
2021-09-01,101.34836635545769,1.066,1.942,3207.02,-0.19407604688420085,-0.3440000000000001,-0.001069380109399276,-0.3551990187794113,-1.0,-1.0,-1.0,-1.0,-1.0,-0.45784843303597983,-0.01434085135695053,-0.819634005075063,4,-1.0,-0.5729558223669984
2021-09-02,101.78305832024937,1.046,1.941,3175.85,-0.19407604688420085,-0.30000000000000004,0.002659090443726697,-0.33007149259247387,-1.0,-1.0,1.0,-1.0,-1.0,-0.3992046603074105,0.03567465454028293,-0.7615003326355163,4,-0.5,-0.531257584600661
2021-09-03,101.50275768787552,1.043,1.943,3201.06,-0.19407604688420085,-0.32299999999999995,0.0021917162964637527,-0.33533269873452076,-1.0,-1.0,1.0,-1.0,-1.0,-0.42969873076840975,0.02941669332265204,-0.7734688583766564,4,-0.5,-0.5434377239556035
2021-09-06,101.73898725836952,1.043,1.97,3203.33,-0.19407604688420085,-0.32199999999999995,0.0045527638936198045,-0.3261119505756465,-1.0,-1.0,1.0,-1.0,-1.0,-0.4282588081509204,0.0611323262425842,-0.752065344386747,4,-0.5,-0.5297979565737708
2021-09-07,101.65221325858482,1.041,1.975,3187.42,-0.19407604688420085,-0.30999999999999994,0.004049374928492,-0.3329005263568604,-1.0,-1.0,1.0,-1.0,-1.0,-0.4122060743184032,0.05439628812826123,-0.7675623242822917,4,-0.5,-0.5313430276181085
2021-09-08,101.73346268193283,1.047,2.016,3162.99,-0.19407604688420085,-0.29899999999999993,0.0067732826015074465,-0.3181657559384421,-1.0,-1.0,1.0,-1.0,-1.0,-0.39750089022443497,0.09102661880257643,-0.7334816691523784,4,-0.5,-0.5099889851435593
2021-09-09,101.30263578373427,1.061,2.0,3114.7,-0.19407604688420085,-0.32799999999999996,0.00013708674991796954,-0.2954685852354894,-1.0,-1.0,1.0,-1.0,-1.0,-0.43593813529095155,0.0018430731468761776,-0.6811161147762024,4,-0.5,-0.5288027942300695
2021-09-10,100.72398237301084,1.074,2.006,3125.76,-0.19407604688420085,-0.3640000000000001,-0.006233450307016497,-0.31337902164708353,-1.0,-1.0,-1.0,-1.0,-1.0,-0.48361151150322407,-0.08383638879090582,-0.7223127237723451,4,-1.0,-0.5724401560166188
2021-09-13,100.6755865338766,1.086,2.037,3127.86,-0.19407604688420085,-0.3780000000000001,-0.0048645081099714105,-0.30794807056932616,-1.0,-1.0,-1.0,-1.0,-1.0,-0.5020137089303741,-0.0654493361277129,-0.7097210265938332,4,-1.0,-0.56929601791298
2021-09-14,100.31178606701006,1.09,2.06,3148.83,-0.19407604688420085,-0.3760000000000001,-0.011639311639300765,-0.3153423365078931,-1.0,-1.0,-1.0,-1.0,-1.0,-0.4991641285841263,-0.15664774024289782,-0.7266670365664559,4,-1.0,-0.59561972634837
2021-09-15,100.5110410692184,1.073,2.025,3153.4,-0.19407604688420085,-0.364,-0.006666664832189362,-0.30209043085631504,-1.0,-1.0,-1.0,-1.0,-1.0,-0.48306270515460303,-0.08975534629057567,-0.6960735417838059,4,-1.0,-0.5672228983072461
2021-09-16,100.4603387561342,1.078,2.043,3130.09,-0.19407604688420085,-0.3790000000000001,-0.009488430825589589,-0.2907975810179092,-1.0,-1.0,-1.0,-1.0,-1.0,-0.5027720783104719,-0.12778734996999422,-0.6700260787792226,4,-1.0,-0.5751463767649222
2021-09-17,100.77095352386615,1.082,2.068,3140.51,-0.19407604688420085,-0.3820000000000001,-0.007650676306279358,-0.30070069852767833,-1.0,-1.0,-1.0,-1.0,-1.0,-0.5065500853356124,-0.10307270907458116,-0.6927924543473851,4,-1.0,-0.5756038121893947
2021-09-23,100.3714327620423,1.086,2.099,3127.58,-0.19407604688420085,-0.3810000000000001,-0.012678695608814294,-0.3095032708201233,-1.0,-1.0,-1.0,-1.0,-1.0,-0.505025289210822,-0.17086093122532633,-0.7129974960733049,4,-1.0,-0.5972209291273634
2021-09-24,100.12051921033462,1.085,2.152,3125.24,-0.19407604688420085,-0.385,-0.016538926908558516,-0.310808977644701,-1.0,-1.0,-1.0,-1.0,-1.0,-0.510122040331381,-0.2229334536421187,-0.715926770546694,4,-1.0,-0.6122455661300484
2021-09-27,100.66152364948309,1.081,2.168,3133.64,-0.19407604688420085,-0.382,-0.021039743697000013,-0.32515716491794383,-1.0,-1.0,-1.0,-1.0,-1.0,-0.5059485293878779,-0.2836445155557013,-0.7488536828732073,4,-1.0,-0.6346116819541967
2021-09-28,100.61962608504784,1.103,2.256,3097.92,-0.19407604688420085,-0.40900000000000003,-0.025367130476292132,-0.3464716803455955,-1.0,-1.0,-1.0,-1.0,-1.0,-0.5414571601493346,-0.34200612573395056,-0.7977416392807445,4,-1.0,-0.6703012312910074
2021-09-29,100.2444618617558,1.1,2.223,3060.27,-0.19407604688420085,-0.41400000000000003,-0.029333702470376366,-0.33332528777872034,-1.0,-1.0,-1.0,-1.0,-1.0,-0.5478147581613788,-0.3954753642346691,-0.7673227739241041,4,-1.0,-0.677653224080038
2021-09-30,100.19382193529506,1.096,2.237,3068.82,-0.19407604688420085,-0.42200000000000004,-0.031982737855416055,-0.36432457089333775,-1.0,-1.0,-1.0,-1.0,-1.0,-0.5581223617894792,-0.43115190810049675,-0.8384094353836077,4,-1.0,-0.706920926318396
2021-10-01,100.12081145932376,1.102,2.258,3019.18,-0.1489066117942679,-0.42800000000000005,-0.028805532145440793,-0.348060670998933,-1.0,-1.0,-1.0,-1.0,-0.8910519977411894,-0.5657672328871327,-0.3883172971361799,-0.8007783891922532,4,-1.0,-0.6614787292391888
2021-10-05,99.778041295668,1.102,2.291,2962.17,-0.1489066117942679,-0.43400000000000005,-0.032841418363239505,-0.3187060977613921,-1.0,-1.0,-1.0,-1.0,-0.8905233243769097,-0.5733954443821748,-0.4426762037270017,-0.7331447546734586,4,-1.0,-0.6599349317898862
2021-10-06,99.8131037033358,1.137,2.399,2908.31,-0.1489066117942679,-0.469,-0.030320683928009906,-0.3001298785718334,-1.0,-1.0,-1.0,-1.0,-0.8899971735117571,-0.6192456786433673,-0.40868108902234834,-0.6903680958868831,4,-1.0,-0.652073009266089
2021-10-07,99.62833547734738,1.126,2.387,2959.46,-0.1489066117942679,-0.44699999999999984,-0.03327366839811052,-0.2998330171455363,-1.0,-1.0,-1.0,-1.0,-0.8894735294205078,-0.5898665161050474,-0.4484311118365894,-0.6896421781967612,4,-1.0,-0.6543533338897265
2021-10-08,99.60728228811116,1.124,2.374,2956.3,-0.1489066117942679,-0.43700000000000006,-0.03384793789622531,-0.29021998719821035,-1.0,-1.0,-1.0,-1.0,-0.8889523765109694,-0.5763652278741486,-0.45611122226629,-0.6675123546089183,4,-1.0,-0.6472352953150815
2021-10-12,99.46497312896749,1.156,2.447,2916.38,-0.1489066117942679,-0.47099999999999986,-0.038458471430242724,-0.2734509102701634,-1.0,-1.0,-1.0,-1.0,-0.8884336993225486,-0.6208175363565978,-0.518106660879042,-0.628959935815271,4,-1.0,-0.6640794580933649
2021-10-13,99.02209718972212,1.151,2.401,2944.41,-0.1489066117942679,-0.46799999999999997,-0.041223701968327475,-0.27643534393378894,-1.0,-1.0,-1.0,-1.0,-0.8879174825248413,-0.6164828405743035,-0.5551720955848883,-0.6358356842983387,4,-1.0,-0.6738520257455929
2021-10-14,99.23255024711382,1.142,2.351,2988.64,-0.1489066117942679,-0.45199999999999996,-0.041710723670028926,-0.2816367368754308,-1.0,-1.0,-1.0,-1.0,-0.8874037109162392,-0.5950698748548902,-0.5615342398248367,-0.6478005306361339,4,-1.0,-0.672952089058025
2021-10-15,99.67636297196302,1.135,2.356,3015.06,-0.1489066117942679,-0.44600000000000006,-0.04389357709658803,-0.293159353699952,-1.0,-1.0,-1.0,-1.0,-0.8868923694225536,-0.5868507769477271,-0.5906747333060389,-0.6742795296068502,4,-1.0,-0.6846743523207924
2021-10-18,100.12524163109768,1.161,2.4,3006.68,-0.1489066117942679,-0.481,-0.04104872367064161,-0.30449433196555165,-1.0,-1.0,-1.0,-1.0,-0.8863834430956592,-0.6324938570094173,-0.5522118168142397,-0.7002977270994969,4,-1.0,-0.6928467110047033
2021-10-19,99.9191522608666,1.157,2.379,3029.04,-0.1489066117942679,-0.486,-0.045704557821018454,-0.3211515381262421,-1.0,-1.0,-1.0,-1.0,-0.8858769171121541,-0.6386464679928406,-0.6145551248438776,-0.7385065647455559,4,-1.0,-0.7193962686736071
2021-10-20,100.0871620326898,1.151,2.392,3013.13,-0.1489066117942679,-0.477,-0.04436249603597542,-0.32409484372394415,-1.0,-1.0,-1.0,-1.0,-0.8853727767720372,-0.626425077867932,-0.5962561216278205,-0.7451656370583751,4,-1.0,-0.7133049033315412
2021-10-21,100.46300726801265,1.144,2.388,3007.33,-0.1489066117942679,-0.47099999999999986,-0.039985876330296044,-0.32378551090222557,-1.0,-1.0,-1.0,-1.0,-0.8848710074974027,-0.6181693268400074,-0.5372776585134069,-0.7443468990006057,4,-1.0,-0.6961662229628557
2021-10-22,100.52215888540944,1.17,2.411,3006.16,-0.1489066117942679,-0.4909999999999999,-0.04091171760024448,-0.3185958536271434,-1.0,-1.0,-1.0,-1.0,-0.8843715948311517,-0.6439888553041483,-0.5495459506848387,-0.7323258225606946,4,-1.0,-0.7025580558452083
2021-10-25,100.29436579776213,1.184,2.426,3020.54,-0.1489066117942679,-0.4989999999999999,-0.0442226504014025,-0.31450286482531503,-1.0,-1.0,-1.0,-1.0,-0.8838745244357201,-0.6540308357716007,-0.593774506625164,-0.7228398649771751,4,-1.0,-0.713629932952415
2021-10-26,100.82683240809646,1.216,2.457,3049.08,-0.1489066117942679,-0.5359999999999999,-0.04179569411561701,-0.33427794710725806,-1.0,-1.0,-1.0,-1.0,-0.8833797820918228,-0.7019606092600992,-0.5609997862109092,-0.7681497161492803,4,-1.0,-0.7286224734280278
2021-10-27,101.27597705930272,1.299,2.487,3025.49,-0.1489066117942679,-0.6239999999999999,-0.03788080630541124,-0.32742828134609925,-1.0,-1.0,-1.0,-1.0,-0.8828873536972134,-0.8163001804677026,-0.5083410706863589,-0.7522932092051532,4,-1.0,-0.739955453514107
2021-10-28,101.10304522708051,1.32,2.397,3009.55,-0.1489066117942679,-0.647,-0.039716404157498886,-0.32317009084997933,-1.0,-1.0,-1.0,-1.0,-0.8823972252654605,-0.8453797882090672,-0.5328300685503062,-0.7424076516500294,4,-1.0,-0.750753683418716
2021-10-29,100.81096525270245,1.41,2.575,2970.68,-0.1489066117942679,-0.7329999999999999,-0.0483696209295168,-0.3283221652079446,-1.0,-1.0,-1.0,-1.0,-0.8819093829247395,-0.9562835629231061,-0.6485693817872903,-0.7541254860172455,4,-1.0,-0.8102219534130954
2021-11-01,101.11229812859968,1.471,2.506,2978.94,-0.20052691220801305,-0.797,-0.047609308350973656,-0.3198912625888251,-1.0,-1.0,-1.0,-1.0,-1.0,-1.0,-0.6380476602471641,-0.7346699802791414,4,-1.0,-0.8431794101315764
2021-11-02,100.62474512419956,1.456,2.48,3013.49,-0.20052691220801305,-0.7779999999999999,-0.053359061548038156,-0.3349008147650233,-1.0,-1.0,-1.0,-1.0,-1.0,-1.0,-0.7145952566227389,-0.7690027709708157,4,-1.0,-0.8708995068983887
2021-11-03,100.700425641202,1.438,2.47,2975.71,-0.20052691220801305,-0.7579999999999999,-0.049450202117721886,-0.3458791299094386,-1.0,-1.0,-1.0,-1.0,-1.0,-0.9838585057912475,-0.6618706590932109,-0.7940339451804067,4,-1.0,-0.8599407775162162
2021-11-04,100.16522012453332,1.429,2.428,2983.22,-0.20052691220801305,-0.7310000000000001,-0.05732566742895706,-0.3261045683372977,-1.0,-1.0,-1.0,-1.0,-1.0,-0.9474073149051848,-0.7666247412746545,-0.748529906171241,4,-1.0,-0.86564049058777
2021-11-05,100.32507078987231,1.397,2.35,2969.27,-0.20052691220801305,-0.6950000000000001,-0.05168412256521204,-0.2961916715780562,-1.0,-1.0,-1.0,-1.0,-1.0,-0.8995534670333594,-0.6907377524904844,-0.6798447077232295,4,-1.0,-0.8175339818117683
2021-11-08,99.7801260338251,1.37,2.329,2960.2,-0.20052691220801305,-0.6770000000000002,-0.055371146329739496,-0.28853145307831124,-1.0,-1.0,-1.0,-1.0,-1.0,-0.8751598923024659,-0.7394431583550529,-0.6622560122101464,4,-1.0,-0.8192147657169163
2021-11-09,99.7587061945202,1.332,2.293,2962.46,-0.20052691220801305,-0.651,-0.05427927823741818,-0.2661018779126181,-1.0,-1.0,-1.0,-1.0,-1.0,-0.840585629609249,-0.7243362339349737,-0.6108109432777016,4,-1.0,-0.7939332017054811
2021-11-10,100.2092070466243,1.32,2.309,2930.17,-0.20052691220801305,-0.6310000000000001,-0.049133916650673015,-0.25274022952066705,-1.0,-1.0,-1.0,-1.0,-1.0,-0.8138924665295532,-0.6553196356564523,-0.5801974993029083,4,-1.0,-0.7623524003722285
2021-11-11,100.20489686191334,1.317,2.341,2924.92,-0.20052691220801305,-0.623,-0.052346942482721204,-0.24016261602788347,-1.0,-1.0,-1.0,-1.0,-1.0,-0.8027444570659859,-0.697720892990988,-0.5513963862730615,4,-1.0,-0.7629654340825088
2021-11-12,99.98888327179468,1.314,2.344,2968.8,-0.20052691220801305,-0.6100000000000001,-0.06093207001528356,-0.24851537078386976,-1.0,-1.0,-1.0,-1.0,-1.0,-0.7852228517086416,-0.8113620221309681,-0.5706364052175945,4,-1.0,-0.791805319764301
2021-11-15,100.39289655315268,1.294,2.298,2999.52,-0.20052691220801305,-0.5840000000000001,-0.05803026627886698,-0.2387095769854468,-1.0,-1.0,-1.0,-1.0,-1.0,-0.751087557765068,-0.7720653460871063,-0.5481946924060197,4,-1.0,-0.7678368990645484
2021-11-16,100.32765659685847,1.305,2.333,2997.21,-0.20052691220801305,-0.604,-0.061121716889807054,-0.24583098624979538,-1.0,-1.0,-1.0,-1.0,-1.0,-0.776071561755353,-0.8124093342714332,-0.5646151658565008,4,-1.0,-0.7882740154708218
2021-11-17,100.5234117978154,1.298,2.359,2962.42,-0.20052691220801305,-0.5990000000000001,-0.059884609582426584,-0.23073078107817585,-1.0,-1.0,-1.0,-1.0,-1.0,-0.7689326595115155,-0.7952403384213332,-0.5300157793242599,4,-1.0,-0.7735471943142772
2021-11-18,100.23070701631534,1.29,2.338,2947.38,-0.20052691220801305,-0.5900000000000001,-0.0602960220684059,-0.20476035667197232,-1.0,-1.0,-1.0,-1.0,-1.0,-0.756702899734271,-0.7999649086684307,-0.47045836903059857,4,-1.0,-0.756781544358325
2021-11-19,100.50794738626252,1.292,2.372,2971.02,-0.20052691220801305,-0.5940000000000001,-0.061241245355770246,-0.217235948843171,-1.0,-1.0,-1.0,-1.0,-1.0,-0.7611458400275464,-0.8117296757405742,-0.49921515910722497,4,-1.0,-0.7680226687188364
2021-11-22,100.43526570033134,1.307,2.386,3013.25,-0.20052691220801305,-0.614,-0.06193346962952617,-0.2313571386205776,-1.0,-1.0,-1.0,-1.0,-1.0,-0.7860141398369306,-0.8201029265080493,-0.5317478731094304,4,-1.0,-0.7844662348636026
2021-11-23,100.26010841642636,1.318,2.4,2997.33,-0.20052691220801305,-0.6230000000000001,-0.06368228102695817,-0.22600081009792083,-1.0,-1.0,-1.0,-1.0,-1.0,-0.7967448738565546,-0.8423813400518461,-0.5195234192072773,4,-1.0,-0.7896624082789194
2021-11-24,100.31935265573134,1.323,2.394,2994.29,-0.20052691220801305,-0.624,-0.057261434601622696,-0.22220217458865188,-1.0,-1.0,-1.0,-1.0,-1.0,-0.7972339829945866,-0.7568530023012621,-0.5108806976246747,4,-1.0,-0.7662419207301308
2021-11-25,100.35870760168716,1.305,2.348,2980.27,-0.20052691220801305,-0.613,-0.055981690977724874,-0.196866797398258,-1.0,-1.0,-1.0,-1.0,-1.0,-0.7824385960125005,-0.739395751239502,-0.45273321944302924,4,-1.0,-0.7436418916737579
2021-11-26,100.2640597218984,1.288,2.255,2936.44,-0.20052691220801305,-0.5890000000000001,-0.05873117009419904,-0.1674389730314057,-1.0,-1.0,-1.0,-1.0,-1.0,-0.7511566982292273,-0.7750659823393473,-0.38516448713055607,4,-1.0,-0.7278467919247826
2021-11-29,100.07735612478214,1.297,2.266,2909.32,-0.20052691220801305,-0.59,-0.06168664177311456,-0.16277579952595922,-1.0,-1.0,-1.0,-1.0,-1.0,-0.7517841642612408,-0.8133036128426486,-0.37454336253924725,4,-1.0,-0.7349077849107841
2021-11-30,99.99964187178058,1.292,2.213,2839.01,-0.20052691220801305,-0.5790000000000001,-0.06558949207224796,-0.1226678972164128,-1.0,-1.0,-1.0,-1.0,-1.0,-0.7371621012199663,-0.8638158776913099,-0.2823477957572315,4,-1.0,-0.7208314436671268
2021-12-01,100.38364882076442,1.319,2.182,2899.72,-0.06950674855350765,-0.607,-0.06229052659030643,-0.13959940698592255,-1.0,-1.0,-1.0,-1.0,-0.4009250224283703,-0.7721086153648035,-0.8195872350519454,-0.32141899371350807,4,-1.0,-0.5785099666396568
2021-12-02,101.01485306794156,1.327,2.198,2945.27,-0.06950674855350765,-0.611,-0.057376231128564825,-0.17114537727929052,-1.0,-1.0,-1.0,-1.0,-0.4009846961878174,-0.7764838063962344,-0.7543537812775281,-0.39415797414519904,4,-1.0,-0.5814950645016947
2021-12-03,101.29189635780772,1.343,2.234,2968.33,-0.06950674855350765,-0.628,-0.055051593621434414,-0.16620099361075785,-1.0,-1.0,-1.0,-1.0,-0.4010443942328644,-0.7973141906249055,-0.7233040559851217,-0.382876755860704,4,-1.0,-0.5761348491758989
2021-12-06,101.27467972534296,1.328,2.213,2973.25,-0.06950674855350765,-0.6120000000000001,-0.05128200913778436,-0.1484098582652549,-1.0,-1.0,-1.0,-1.0,-0.4011041164659811,-0.7762925614400042,-0.673412737468252,-0.34199379928337204,4,-1.0,-0.5482008036644024
2021-12-07,100.9745704850585,1.33,2.24,2991.72,-0.06950674855350765,-0.6160000000000001,-0.056775951450462436,-0.1496776807507239,-1.0,-1.0,-1.0,-1.0,-0.40116386278999305,-0.7806477327708153,-0.7450153479425202,-0.3450181236749662,4,-1.0,-0.5679612667945737
2021-12-08,101.08972292310904,1.32,2.185,3001.8,-0.06950674855350765,-0.6100000000000001,-0.058938724568059264,-0.13677950501462477,-1.0,-1.0,-1.0,-1.0,-0.40122363310807974,-0.7723519577761859,-0.7727759087160772,-0.3153851371894694,4,-1.0,-0.5654341591974531
2021-12-09,101.32767131403962,1.322,2.188,3029.57,-0.06950674855350765,-0.6130000000000001,-0.06582054346272681,-0.1418393417039125,-1.0,-1.0,-1.0,-1.0,-0.4012834273237731,-0.7754514114848684,-0.8620889999692309,-0.3271522535670596,4,-1.0,-0.591494023086233
2021-12-10,101.53345742785716,1.329,2.201,3010.23,-0.06950674855350765,-0.621,-0.06711040503761989,-0.15314032965431337,-1.0,-1.0,-1.0,-1.0,-0.40134324534095617,-0.7848468437021698,-0.8780072533451235,-0.3533215662898287,4,-1.0,-0.6043797271695195
2021-12-13,101.30829917204194,1.328,2.169,3001.66,-0.06950674855350765,-0.6180000000000001,-0.06788396716472977,-0.1266174420033937,-1.0,-1.0,-1.0,-1.0,-0.4014030870638614,-0.7803462057257298,-0.8871194062206006,-0.2922221861186978,4,-1.0,-0.5902727212822224
2021-12-14,101.30545539932258,1.322,2.169,2987.95,-0.06950674855350765,-0.6120000000000001,-0.06829270638798501,-0.12539472382554234,-1.0,-1.0,-1.0,-1.0,-0.40146295239706936,-0.7720871375271918,-0.8914386275455022,-0.2894931828919303,4,-1.0,-0.5886204750904234
2021-12-15,101.06435914846315,1.32,2.166,2989.39,-0.06950674855350765,-0.6070000000000001,-0.06833493928285339,-0.11660037259663092,-1.0,-1.0,-1.0,-1.0,-0.401522841245507,-0.7651182961966143,-0.8909728991068098,-0.2692782060695485,4,-1.0,-0.5817230606546199
2021-12-16,100.84092940962496,1.285,2.147,3006.41,-0.06950674855350765,-0.57,-0.06780839302602537,-0.12287921224720091,-1.0,-1.0,-1.0,-1.0,-0.4015827535144465,-0.7179464314590566,-0.8831249816139741,-0.2838701969766503,4,-1.0,-0.5716310908910319
2021-12-17,101.04071393435244,1.276,2.153,3017.73,-0.06950674855350765,-0.561,-0.06445173611702959,-0.12898705156953622,-1.0,-1.0,-1.0,-1.0,-0.4016426891095036,-0.7061073566245364,-0.8385939177105473,-0.2980748623071218,4,-1.0,-0.5611047064379272
2021-12-20,101.11321958561965,1.271,2.107,2963.0,-0.06950674855350765,-0.5519999999999999,-0.060851320889981686,-0.09990894770927929,-1.0,-1.0,-1.0,-1.0,-0.4017026479366362,-0.6943057834012474,-0.7910926860336991,-0.23095617706932722,4,-1.0,-0.5295143236102274
2021-12-21,100.46446440426588,1.281,2.099,2975.03,-0.06950674855350765,-0.5549999999999999,-0.06736817453713506,-0.10061158017172953,-1.0,-1.0,-1.0,-1.0,-0.4017626299021427,-0.6975993466043404,-0.874872988228008,-0.23265848507709683,4,-1.0,-0.551723362452897
2021-12-22,100.14934261150972,1.301,2.147,2984.48,-0.06950674855350765,-0.579,-0.06822503336413632,-0.10891151302971375,-1.0,-1.0,-1.0,-1.0,-0.40182263491266096,-0.7272153664769453,-0.8850230466730076,-0.2519350099935569,4,-1.0,-0.5664990145140427
2021-12-23,100.03839143963438,1.328,2.212,2998.17,-0.06950674855350765,-0.6080000000000001,-0.06580159826237608,-0.11867690429811573,-1.0,-1.0,-1.0,-1.0,-0.4018826628751666,-0.7629951955635895,-0.8527325275319997,-0.27461353933872285,4,-1.0,-0.5730559813273698
2021-12-24,100.17981533746732,1.327,2.206,3012.43,-0.06950674855350765,-0.612,-0.06312594968656704,-0.14101837520404018,-1.0,-1.0,-1.0,-1.0,-0.4019427136969716,-0.7673609147161669,-0.817329371163059,-0.3264103279924199,4,-1.0,-0.5782608318921544
2021-12-27,100.20178307337156,1.326,2.211,2999.55,-0.06950674855350765,-0.6160000000000001,-0.05954953136453156,-0.12897681720597737,-1.0,-1.0,-1.0,-1.0,-0.40200278728572286,-0.7717120656976958,-0.770441052256688,-0.29863256441333375,4,-1.0,-0.5606971174133601
2021-12-28,100.27911973462264,1.338,2.198,3020.24,-0.06950674855350765,-0.6160000000000001,-0.05594349396673337,-0.11454987760365445,-1.0,-1.0,-1.0,-1.0,-0.4020628835494008,-0.7710516413889549,-0.7233333504454947,-0.2653151752525401,4,-1.0,-0.5404407626590977
2021-12-29,100.27215913334256,1.338,2.18,2993.29,-0.06950674855350765,-0.6100000000000001,-0.05911312100602295,-0.1036069783745695,-1.0,-1.0,-1.0,-1.0,-0.40212300239631815,-0.7629056599400432,-0.7637564431262763,-0.24004962075813865,4,-1.0,-0.5422086815551941
2021-12-30,100.32961157037904,1.349,2.248,2977.65,-0.06950674855350765,-0.613,-0.06374200080056358,-0.09821667914988061,-1.0,-1.0,-1.0,-1.0,-0.4021831437351181,-0.7660152278073563,-0.8228251195119826,-0.2276369546961678,4,-1.0,-0.5546651114376562
2021-12-31,100.40237574630592,1.35,2.25,,-0.06950674855350765,-0.6090000000000001,-0.06663031737430547,,-1.0,-1.0,-1.0,,-0.40224330747477327,-0.7603917199054498,-0.8592486947948847,,3,,
2022-01-03,100.42454292526202,1.363,2.325,2988.77,-0.17553119067876372,-0.622,-0.0698685866377442,,-1.0,-1.0,-1.0,,-1.0,-0.775956958220297,-0.8999964516839545,,3,,
2022-01-04,99.98662591575976,1.37,2.32,2989.24,-0.17553119067876372,-0.6440000000000001,-0.07421478032547757,-0.06285713204459382,-1.0,-1.0,-1.0,-1.0,-1.0,-0.8026597502561879,-0.9547408891849083,-0.1457336269707169,4,-1.0,-0.7257835666029533
2022-01-05,99.7968461296519,1.341,2.375,2953.97,-0.17553119067876372,-0.635,-0.07837427618811965,-0.042406023651090925,-1.0,-1.0,-1.0,-1.0,-1.0,-0.7907374890543775,-1.0,-0.09835083453297709,4,-1.0,-0.7222720808968386
2022-01-06,99.57793025454345,1.394,2.481,2920.53,-0.17553119067876372,-0.6849999999999999,-0.07551895278135934,-0.04380602914001168,-1.0,-1.0,-1.0,-1.0,-1.0,-0.8521037547784595,-0.9687941369036444,-0.10163184678172275,4,-1.0,-0.7306324346159566
2022-01-07,99.51326740087434,1.397,2.458,2954.89,-0.17553119067876372,-0.6910000000000001,-0.07489322810788135,-0.03306450380969652,-1.0,-1.0,-1.0,-1.0,-1.0,-0.858651186434137,-0.9595175225992199,-0.07673634282302332,4,-1.0,-0.723726262964095
2022-01-10,99.1917046406318,1.417,2.484,2926.72,-0.17553119067876372,-0.7100000000000001,-0.07948220417919671,0.013811934916599287,-1.0,-1.0,-1.0,1.0,-1.0,-0.8812678339833693,-1.0,0.032064067034692154,4,-0.5,-0.7123009417371693
2022-01-11,99.27610145052016,1.417,2.485,2927.38,-0.17553119067876372,-0.7170000000000001,-0.07387274876699212,0.009362443199230464,-1.0,-1.0,-1.0,1.0,-1.0,-0.8889382358047394,-0.9438587397264042,0.021741050393188792,4,-0.5,-0.7027639812844887
2022-01-12,99.58389581701633,1.404,2.428,2972.48,-0.17553119067876372,-0.702,-0.07001620872939984,-0.0064583842272920924,-1.0,-1.0,-1.0,-1.0,-1.0,-0.8693958601535763,-0.8936209607636459,-0.01500201430218231,4,-1.0,-0.6945047088048512
2022-01-13,99.8231778446352,1.404,2.397,2962.09,-0.17553119067876372,-0.704,-0.06306707263801492,0.006724348035317275,-1.0,-1.0,-1.0,1.0,-1.0,-0.8709247959504416,-0.804276589671676,0.015624433650110162,4,-0.5,-0.6648942379930018
2022-01-14,99.98364266250674,1.431,2.453,2921.92,-0.17553119067876372,-0.7300000000000001,-0.06528528472431994,0.017619295922562977,-1.0,-1.0,-1.0,1.0,-1.0,-0.9020317157820674,-0.8318273790153956,0.04095107352872664,4,-0.5,-0.673227005317184
2022-01-17,100.10147237328202,1.455,2.568,2890.1,-0.17553119067876372,-0.7560000000000001,-0.05933124914370058,-0.0014077545928908586,-1.0,-1.0,-1.0,-1.0,-1.0,-0.9329842611447711,-0.7554564128459094,-0.003272922419149222,4,-1.0,-0.6729283991024573
2022-01-18,99.63458656714856,1.448,2.553,2864.24,-0.17553119067876372,-0.756,-0.0675592105853644,-0.016178169485782698,-1.0,-1.0,-1.0,-1.0,-1.0,-0.9318176174017311,-0.8593955168645655,-0.03762493999547494,4,-1.0,-0.7072095185654429
2022-01-19,100.06961388081746,1.433,2.537,2842.28,-0.17553119067876372,-0.7450000000000001,-0.05835364104214236,0.018345015032721276,-1.0,-1.0,-1.0,1.0,-1.0,-0.9171534087059229,-0.7418260767464535,0.04267627735485476,4,-0.5,-0.6540758020243804
2022-01-20,99.7661044888733,1.444,2.558,2862.68,-0.17553119067876372,-0.7579999999999999,-0.0634552881213466,0.015926430525010235,-1.0,-1.0,-1.0,1.0,-1.0,-0.9319966034888094,-0.806034680963215,0.03706040861796991,4,-0.5,-0.6752427189585136
2022-01-21,99.77781907756112,1.443,2.54,2834.29,-0.17553119067876372,-0.761,-0.06316132897450277,0.04232635016197073,-1.0,-1.0,-1.0,1.0,-1.0,-0.9345176846251472,-0.8016695326798122,0.09851655616987001,4,-0.5,-0.6594176652837723
2022-01-24,99.55791587697745,1.438,2.54,2792.0,-0.17553119067876372,-0.749,-0.06547646415676045,0.05510523183781174,-1.0,-1.0,-1.0,1.0,-1.0,-0.9186790978625075,-0.8303357161191421,0.12828865172267098,4,-0.5,-0.6551815405647446
2022-01-25,99.57675390032108,1.453,2.576,2720.39,-0.17553119067876372,-0.7640000000000001,-0.06441487638908416,0.10150099350469573,-1.0,-1.0,-1.0,1.0,-1.0,-0.9359106216418162,-0.816202029599198,0.23633015460280646,4,-0.5,-0.6289456241595519
2022-01-26,99.25607765990888,1.455,2.573,2709.24,-0.17553119067876372,-0.7670000000000001,-0.06774151703037212,0.08341336840596444,-1.0,-1.0,-1.0,1.0,-1.0,-0.9384123908580309,-0.8575492862514688,0.19424801447593582,4,-0.5,-0.6504284156583909
2022-01-27,99.42713590952656,1.473,2.612,2614.49,-0.17553119067876372,-0.792,-0.06529339893723396,0.10918412838964953,-1.0,-1.0,-1.0,1.0,-1.0,-0.9677092685217069,-0.8258612225907876,0.2542877738027562,4,-0.5,-0.6348206793274346
2022-01-28,99.21071763897106,1.463,2.586,2663.34,-0.17553119067876372,-0.786,-0.06717917726222478,0.07602709322081053,-1.0,-1.0,-1.0,1.0,-1.0,-0.9591274035272122,-0.8489432200879432,0.1770979325091522,4,-0.5,-0.6577431727765007
2022-02-03,98.680125598148,1.452,2.566,2707.82,-0.1817307924552329,-0.7819999999999999,-0.0645771343898609,0.030666795875947367,-1.0,-1.0,-1.0,1.0,-1.0,-0.9530241950553806,-0.8154015604005225,0.07145421860168581,4,-0.5,-0.6742428842135543
2022-02-04,98.67746268557204,1.467,2.619,2750.26,-0.1817307924552329,-0.789,-0.06167990206640628,0.04030483292263519,-1.0,-1.0,-1.0,1.0,-1.0,-0.9603064084561609,-0.7782700086701592,0.09393436951658722,4,-0.5,-0.6611605119024333
2022-02-07,99.14610438070474,1.47,2.638,2745.06,-0.1817307924552329,-0.7999999999999999,-0.055589604851973284,0.05016961676973544,-1.0,-1.0,-1.0,1.0,-1.0,-0.9723988658574172,-0.7010678084783172,0.11695234356281174,4,-0.5,-0.6391285826932306
2022-02-08,99.17413182522104,1.47,2.733,2746.47,-0.1817307924552329,-0.8009999999999999,-0.05631907072859388,0.05341431215585539,-1.0,-1.0,-1.0,1.0,-1.0,-0.9723224211406475,-0.7098936601477364,0.12454434748085871,4,-0.5,-0.6394179334518812
2022-02-09,99.34947149961587,1.46,2.691,2768.85,-0.1817307924552329,-0.7899999999999999,-0.05638626503344657,0.03710582461436998,-1.0,-1.0,-1.0,1.0,-1.0,-0.9577419242052814,-0.7103671601503734,0.08654031436546201,4,-0.5,-0.6453921924975482
2022-02-10,99.4421851031888,1.455,2.686,2771.93,-0.1817307924552329,-0.785,-0.05434881982237805,0.04689107603103981,-1.0,-1.0,-1.0,1.0,-1.0,-0.9504853443762753,-0.6843829174768975,0.10938799705709717,4,-0.5,-0.6313700661990189
2022-02-11,99.4950412807415,1.475,2.747,2747.71,-0.1817307924552329,-0.798,-0.04645307951753619,0.0438044674151373,-1.0,-1.0,-1.0,1.0,-1.0,-0.9649751109184005,-0.584814483086766,0.10221230044560461,4,-0.5,-0.6118943233898905
2022-02-14,99.31697794613856,1.474,2.714,2704.48,-0.1817307924552329,-0.8039999999999999,-0.05119248284663502,0.05945502521017301,-1.0,-1.0,-1.0,1.0,-1.0,-0.9709583566532944,-0.6442439760854278,0.13876075784478567,4,-0.5,-0.6191103937234842
2022-02-15,99.4321216303809,1.483,2.71,2676.54,-0.1817307924552329,-0.81,-0.051111221242038596,0.07674427513453502,-1.0,-1.0,-1.0,1.0,-1.0,-0.9769105810628388,-0.642987999615818,0.17914407849327307,4,-0.5,-0.6101886255463459
2022-02-16,99.27693468211874,1.478,2.702,2729.68,-0.1817307924552329,-0.8029999999999999,-0.05715461548248246,0.07578523187296358,-1.0,-1.0,-1.0,1.0,-1.0,-0.9672184479392547,-0.7186292474423535,0.17693767515645098,4,-0.5,-0.6272275050562893
2022-02-17,99.24941362899924,1.481,2.708,2744.09,-0.1817307924552329,-0.8130000000000001,-0.06267783518877312,0.07351047192764718,-1.0,-1.0,-1.0,1.0,-1.0,-0.9779723292102261,-0.7875158178084364,0.17165888034531024,4,-0.5,-0.6484573166683381
2022-02-18,99.25046209169965,1.496,2.728,2744.52,-0.1817307924552329,-0.827,-0.06705776887667536,0.06333779205683321,-1.0,-1.0,-1.0,1.0,-1.0,-0.9934592401007493,-0.8418265492641362,0.14793471952669787,4,-0.5,-0.6718377674595468
2022-02-21,99.40630894308497,1.502,2.77,2743.8,-0.1817307924552329,-0.834,-0.05981278908957055,0.044465779250505225,-1.0,-1.0,-1.0,1.0,-1.0,-1.0,-0.7504177491366721,0.10388139673113245,4,-0.5,-0.661634088101385
2022-02-22,99.49496008906756,1.492,2.717,2706.79,-0.1817307924552329,-0.823,-0.06038738042052749,0.07073372893832794,-1.0,-1.0,-1.0,1.0,-1.0,-0.9859769412066894,-0.7571540980030571,0.16528072358672788,4,-0.5,-0.6444625789057546
2022-02-23,99.55736735403356,1.5,2.722,2719.53,-0.1817307924552329,-0.825,-0.058822776135830424,0.06038935360031067,-1.0,-1.0,-1.0,1.0,-1.0,-0.9870575318942388,-0.7371152945392161,0.14113948928928324,4,-0.5,-0.645758334286043
2022-02-24,99.79370940858132,1.485,2.624,2648.8,-0.1817307924552329,-0.812,-0.05679248624609201,0.09016016987941336,-1.0,-1.0,-1.0,1.0,-1.0,-0.9702623210552326,-0.71131298968478,0.2107504230422122,4,-0.5,-0.61770622192445
2022-02-25,99.57018645593492,1.498,2.671,2676.76,-0.1817307924552329,-0.83,-0.055670706181869534,0.04673044582579766,-1.0,-1.0,-1.0,1.0,-1.0,-0.9904477236734158,-0.6969347466968633,0.1092588507623122,4,-0.5,-0.6445309049019917
2022-02-28,99.25520266608352,1.503,2.675,2699.18,-0.1817307924552329,-0.8379999999999999,-0.059129424404526176,0.0750740833114978,-1.0,-1.0,-1.0,1.0,-1.0,-0.9986396113518523,-0.7398106084015812,0.17556044087912703,4,-0.5,-0.6407224447185766
2022-03-02,99.48324542101318,1.487,2.613,2703.52,-0.117619769001259,-0.8140000000000001,-0.06009479433678688,0.05612503762421046,-1.0,-1.0,-1.0,1.0,-0.6613671002664906,-0.9688134863860071,-0.7514387611863518,0.1312771477051141,4,-0.5,-0.5625855500334338
2022-03-03,99.41128013227556,1.512,2.648,2747.08,-0.117619769001259,-0.841,-0.05134905154349578,0.04803120275458499,-1.0,-1.0,-1.0,1.0,-0.6612962780093363,-0.9995970113616091,-0.6418606241157234,0.11237194556187077,4,-0.5,-0.5475954919811995
2022-03-04,99.7489888648493,1.503,2.658,2713.43,-0.117619769001259,-0.8339999999999999,-0.04787423557486026,0.07112638805749434,-1.0,-1.0,-1.0,1.0,-0.6612258492315124,-0.9899702565563557,-0.5982762858056769,0.16643651042264634,4,-0.5,-0.5207589702927247
2022-03-07,99.48914979435628,1.515,2.707,2651.31,-0.117619769001259,-0.8429999999999999,-0.04936301707322244,0.07915102578043307,-1.0,-1.0,-1.0,1.0,-0.6611558124460029,-0.9993102611810458,-0.6167049961411644,0.18524674801536972,4,-0.5,-0.5229810804382108
2022-03-08,98.68478121567033,1.507,2.722,2622.4,-0.117619769001259,-0.8279999999999998,-0.056956012477421325,0.08483760467690504,-1.0,-1.0,-1.0,1.0,-0.6610861661730977,-0.9802698937967645,-0.711214890650312,0.1985881390069026,4,-0.5,-0.5384957029033179
2022-03-10,97.79399345382872,1.504,2.726,2680.32,-0.117619769001259,-0.817,-0.06493750210327587,0.05553859022192754,-1.0,-1.0,-1.0,1.0,-0.6610169089403483,-0.9660493159594968,-0.8102795037915566,0.13003372780462882,4,-0.5,-0.5768280002216932
2022-03-11,98.3075958906857,1.546,2.7,2661.28,-0.117619769001259,-0.8510000000000001,-0.06218644926809436,0.05853322867846874,-1.0,-1.0,-1.0,1.0,-0.6609480392825221,-1.0,-0.7754497184049779,0.13707477161636525,4,-0.5,-0.5748307465177837
2022-03-14,98.1840778293763,1.56,2.739,2645.65,-0.117619769001259,-0.8710000000000001,-0.05428266552140215,0.05539714960570738,-1.0,-1.0,-1.0,1.0,-0.6608795557415585,-1.0,-0.6766149481675551,0.12975938862966546,4,-0.5,-0.551933778819862
2022-03-15,97.79219357603613,1.548,2.753,2621.53,-0.117619769001259,-0.864,-0.056383266839153734,0.08133044295448358,-1.0,-1.0,-1.0,1.0,-0.6608114568665251,-1.0,-0.702470821506944,0.19053673063766044,4,-0.5,-0.5431863869339522
2022-03-16,97.56017853897303,1.539,2.768,2659.23,-0.117619769001259,-0.851,-0.05974623631812115,0.08446329281475766,-1.0,-1.0,-1.0,1.0,-0.660743741213573,-1.0,-0.7439505580799286,0.19790868144613447,4,-0.5,-0.5516964044618418
2022-03-17,97.12436868995869,1.508,2.704,2694.51,-0.117619769001259,-0.8170000000000001,-0.07006935160353756,0.0783576734636717,-1.0,-1.0,-1.0,1.0,-0.6606764073458943,-0.9596269376525537,-0.8717083139679479,0.18363495466524257,4,-0.5,-0.5770941760752883
2022-03-18,98.5992375542868,1.511,2.737,2707.02,-0.117619769001259,-0.8259999999999998,-0.05179206472775899,0.07378691349619262,-1.0,-1.0,-1.0,1.0,-0.6606094538336783,-0.9690081861704691,-0.6441138098225716,0.17295545461781048,4,-0.5,-0.5251939988022272
2022-03-21,99.4416570628327,1.523,2.741,2686.05,-0.117619769001259,-0.8369999999999999,-0.04574445588342968,0.07768986940454795,-1.0,-1.0,-1.0,1.0,-0.6605428792540694,-0.9806787381847475,-0.5688009843525411,0.18213647289067067,4,-0.5,-0.5069715322251719
2022-03-22,99.45894160965804,1.569,2.832,2710.0,-0.117619769001259,-0.8869999999999999,-0.04560353723315913,0.06886840713129722,-1.0,-1.0,-1.0,1.0,-0.660476682191124,-1.0,-0.5669501229026522,0.16148714014785456,4,-0.5,-0.5164849162364805
2022-03-23,98.84116249388752,1.585,2.828,2735.05,-0.117619769001259,-0.8979999999999999,-0.059544303427367495,0.047233180959859136,-1.0,-1.0,-1.0,1.0,-0.6604108612357685,-1.0,-0.7398612770432209,0.11078153935541574,4,-0.5,-0.5723726497308934
2022-03-24,99.46470199189278,1.593,2.856,2729.66,-0.117619769001259,-0.9069999999999999,-0.04878805186288471,0.04226591878446005,-1.0,-1.0,-1.0,1.0,-0.6603454149857577,-1.0,-0.6060607834879528,0.09915537144509493,4,-0.5,-0.5418127067571539
2022-03-25,99.07257451286414,1.632,2.871,2729.98,-0.117619769001259,-0.9449999999999998,-0.05208017999448611,0.028776758618616574,-1.0,-1.0,-1.0,1.0,-0.6602803420456329,-1.0,-0.6467434381488502,0.06752772600516568,4,-0.5,-0.5598740135473294
2022-03-28,99.04882932914695,1.75,3.031,2729.56,-0.117619769001259,-1.068,-0.05671913490980085,0.01013445721560309,-1.0,-1.0,-1.0,1.0,-0.660215641026681,-1.0,-0.7040309745141203,0.02378838979677292,4,-0.5,-0.5851145564360072
2022-03-29,98.55706862268607,1.802,2.972,2741.07,-0.117619769001259,-1.121,-0.05846144066606218,0.012636752397652315,-1.0,-1.0,-1.0,1.0,-0.6601513105468931,-1.0,-0.725293155785669,0.029670375519700178,4,-0.5,-0.5889435227032155
2022-03-30,98.55200115800656,1.792,2.885,2746.74,-0.117619769001259,-1.108,-0.05895697436327296,0.03137494315581282,-1.0,-1.0,-1.0,1.0,-0.6600873492309245,-1.0,-0.7310650412665948,0.07368567903575882,4,-0.5,-0.57936667786544
2022-03-31,99.10079683907868,1.815,2.969,2757.65,-0.117619769001259,-1.129,-0.056049151146898346,0.017055166912283676,-1.0,-1.0,-1.0,1.0,-0.6600237557100537,-1.0,-0.6947105734553528,0.04006607136280387,4,-0.5,-0.5786670644506506
2022-04-01,99.06474762008064,1.823,3.007,2739.85,-0.09253068048207995,-1.131,-0.057252382349915365,0.0382543872232111,-1.0,-1.0,-1.0,1.0,-0.5192696766378613,-1.0,-0.709298071518061,0.08988974513167708,4,-0.5,-0.5346695007560612
2022-04-04,98.7465993713624,1.844,3.065,2757.9,-0.09253068048207995,-1.1540000000000001,-0.06121343800163448,0.02376934005722546,-1.0,-1.0,-1.0,1.0,-0.5193032015954847,-1.0,-0.7579369104545064,0.05586797243423564,4,-0.5,-0.5553430349039389
2022-04-05,98.67883775921126,1.852,3.08,2759.2,-0.09253068048207995,-1.1590000000000003,-0.06179751653101828,0.02782853012511108,-1.0,-1.0,-1.0,1.0,-0.519336820048573,-1.0,-0.7647192378071475,0.06542602688594773,4,-0.5,-0.5546575077424433
2022-04-06,99.18082820406886,1.923,3.129,2735.03,-0.09253068048207995,-1.23,-0.05915945123869548,0.04298023795303088,-1.0,-1.0,-1.0,1.0,-0.5193705316960957,-1.0,-0.7317036174790612,0.10107270975834287,4,-0.5,-0.5375003598542034
2022-04-07,98.7470787758838,2.012,3.128,2695.86,-0.09253068048207995,-1.315,-0.06537002804898506,0.06366172916553847,-1.0,-1.0,-1.0,1.0,-0.5194043362381642,-1.0,-0.8079580712692657,0.14973828283168963,4,-0.5,-0.544406031168935
2022-04-08,98.7208953196762,2.084,3.169,2700.39,-0.09253068048207995,-1.4,-0.0646798399389601,0.058703454751293974,-1.0,-1.0,-1.0,1.0,-0.5194382333760266,-1.0,-0.7988942010700857,0.13810561507802593,4,-0.5,-0.5450567048420216
2022-04-11,98.40174252736894,2.223,3.305,2693.1,-0.09253068048207995,-1.5429999999999997,-0.07095151763126673,0.05342467233889295,-1.0,-1.0,-1.0,1.0,-0.5194722228120627,-1.0,-0.8755968504748322,0.12571491616478314,4,-0.5,-0.567338539280528
2022-04-12,97.89221841241226,2.224,3.313,2666.76,-0.09253068048207995,-1.5530000000000002,-0.08217417936355353,0.06031622550735766,-1.0,-1.0,-1.0,1.0,-0.5195063042497787,-1.0,-1.0,0.14196165456126486,4,-0.5,-0.5943861624221285
2022-04-13,97.60147950959606,2.152,3.287,2716.49,-0.09253068048207995,-1.485,-0.08272908882631036,0.04165285742307595,-1.0,-1.0,-1.0,1.0,-0.5195404773938015,-1.0,-1.0,0.0980589533204357,4,-0.5,-0.6053703810183414
2022-04-14,98.19148533334582,2.076,3.22,2716.71,-0.09253068048207995,-1.419,-0.07901010433125322,0.0460357647673596,-1.0,-1.0,-1.0,1.0,-0.5195747419498739,-1.0,-0.9714322475171016,0.1084027584685622,4,-0.5,-0.5956510577496034
2022-04-15,98.5413735306808,2.023,3.301,2696.06,-0.09253068048207995,-1.367,-0.06889120119313574,0.05972987695149247,-1.0,-1.0,-1.0,1.0,-0.5196090976248494,-1.0,-0.8463605542445181,0.14067889024727498,4,-0.5,-0.5563226904055232
2022-04-18,98.16799730049202,2.012,3.355,2693.21,-0.09253068048207995,-1.3639999999999999,-0.06998121558116477,0.05769555379551812,-1.0,-1.0,-1.0,1.0,-0.5196435441266871,-1.0,-0.8590552739135513,0.13591693249297698,4,-0.5,-0.5606954713868153
2022-04-19,97.98403767242765,1.995,3.35,2718.89,-0.09253068048207995,-1.3370000000000002,-0.07628346069803449,0.05475365439646644,-1.0,-1.0,-1.0,1.0,-0.5196780811644462,-1.0,-0.9354598923346937,0.12901507198935633,4,-0.5,-0.5815307253774459
2022-04-20,97.97154545417018,1.997,3.313,2718.69,-0.09253068048207995,-1.34,-0.07753323031888293,0.059369320144839935,-1.0,-1.0,-1.0,1.0,-0.5197127084482818,-1.0,-0.9497749114132351,0.13992070392905917,4,-0.5,-0.5823917289831144
2022-04-21,97.86527922456368,1.991,3.296,2728.21,-0.09253068048207995,-1.34,-0.07780235262662138,0.0539425275960843,-1.0,-1.0,-1.0,1.0,-0.5197474256894387,-1.0,-0.9520548389394411,0.1271592271551348,4,-0.5,-0.5861607593684361
2022-04-22,98.14548124819538,1.998,3.314,2704.71,-0.09253068048207995,-1.349,-0.07337701984696121,0.06972402955589593,-1.0,-1.0,-1.0,1.0,-0.5197822326002471,-1.0,-0.8970906175239515,0.1643929555032379,4,-0.5,-0.5631199736552402
2022-04-25,97.91934894449987,1.972,3.188,2657.13,-0.09253068048207995,-1.33,-0.07906964249409842,0.08236851719103737,-1.0,-1.0,-1.0,1.0,-0.5198171288941176,-1.0,-0.9656225218718183,0.19423834227604544,4,-0.5,-0.5728003271224725
2022-04-26,97.92720420558103,1.963,3.19,2668.31,-0.09253068048207995,-1.322,-0.07563635453750273,0.07857570511048513,-1.0,-1.0,-1.0,1.0,-0.519852114285536,-1.0,-0.9227963230399118,0.18532689701331478,4,-0.5,-0.5643303850780332
2022-04-27,97.8964729750724,1.958,3.185,2639.06,-0.09253068048207995,-1.314,-0.07615325322078181,0.0970148051672729,-1.0,-1.0,-1.0,1.0,-0.5198871884900584,-1.0,-0.9281878103317884,0.2288479740862771,4,-0.5,-0.5548067561838924
2022-04-28,96.95126592228634,1.96,3.166,2667.49,-0.09253068048207995,-1.318,-0.08301459320467153,0.10131602909574823,-1.0,-1.0,-1.0,1.0,-0.5199223512243064,-1.0,-1.0,0.23902413212527934,4,-0.5,-0.5702245547747568
2022-04-29,96.69152805984751,1.97,3.242,2695.05,-0.09253068048207995,-1.3319999999999999,-0.08900985269440298,0.0828612297287572,-1.0,-1.0,-1.0,1.0,-0.519957602205962,-1.0,-1.0,0.1955183835630633,4,-0.5,-0.5811098046607247
2022-05-02,97.15849495658064,2.012,3.38,2687.45,-0.13726263265956443,-1.373,-0.08711320175622905,0.06491056550232159,-1.0,-1.0,-1.0,1.0,-0.7711325292801804,-1.0,-1.0,0.15319329784630178,4,-0.5,-0.6544848078584696
2022-05-03,97.21893211074352,2.01,3.406,2680.46,-0.13726263265956443,-1.3699999999999997,-0.08437050178280625,0.0643862544662797,-1.0,-1.0,-1.0,1.0,-0.7709460060866578,-1.0,-1.0,0.15198687817325712,4,-0.5,-0.6547397819783501
2022-05-04,97.08524868495682,2.023,3.434,2677.57,-0.13726263265956443,-1.3810000000000002,-0.0900015795486615,0.057333190096276035,-1.0,-1.0,-1.0,1.0,-0.7707602636466843,-1.0,-1.0,0.13536709042121706,4,-0.5,-0.6588482933063667
2022-05-06,97.17665281986378,2.017,3.431,2644.51,-0.13726263265956443,-1.375,-0.08847082729375444,0.06309224254669686,-1.0,-1.0,-1.0,1.0,-0.7705752986044635,-1.0,-1.0,0.1489952817626627,4,-0.5,-0.6553950042104502
2022-05-09,96.83316100490951,1.989,3.414,2610.81,-0.13726263265956443,-1.35,-0.08315893566344457,0.08418666544706767,-1.0,-1.0,-1.0,1.0,-0.7703911076233889,-1.0,-1.0,0.1988434507211967,4,-0.5,-0.642886914225548
2022-05-10,96.96959256771112,1.981,3.403,2596.56,-0.13726263265956443,-1.354,-0.08033064785486044,0.09821739979327376,-1.0,-1.0,-1.0,1.0,-0.7702076873859064,-1.0,-0.9689051080389713,0.2320140533036689,4,-0.5,-0.6267746855303022
2022-05-11,96.83776954715417,1.949,3.269,2592.27,-0.13726263265956443,-1.3250000000000002,-0.07706473461797358,0.11806148703800211,-1.0,-1.0,-1.0,1.0,-0.7700250345933753,-1.0,-0.9286226094505968,0.2789142830284157,4,-0.5,-0.6049333402538891
2022-05-12,96.7415314997233,1.95,3.169,2550.08,-0.13726263265956443,-1.331,-0.07851485626439558,0.15951485730041856,-1.0,-1.0,-1.0,1.0,-0.7698431459659333,-1.0,-0.9451474115334961,0.37683226733770925,4,-0.5,-0.5845395725404301
2022-05-13,96.21454524034534,1.954,3.221,2604.24,-0.13726263265956443,-1.342,-0.0888380500853243,0.12239246528310627,-1.0,-1.0,-1.0,1.0,-0.7696620182423607,-1.0,-1.0,0.289156896107543,4,-0.5,-0.6201262805337044
2022-05-16,96.44440504260372,2.041,3.277,2596.58,-0.13726263265956443,-1.431,-0.08243941035046198,0.10474201158981412,-1.0,-1.0,-1.0,1.0,-0.7694816481799466,-1.0,-0.9899027391231919,0.24748635370923333,4,-0.5,-0.6279745083984762
2022-05-17,96.56040311474476,2.04,3.287,2620.44,-0.13726263265956443,-1.4300000000000002,-0.08001489584758392,0.0846868126928765,-1.0,-1.0,-1.0,1.0,-0.7693020325543563,-1.0,-0.9597939772867676,0.20013239390995485,4,-0.5,-0.6322409039827922
2022-05-18,96.75332243365288,2.078,3.32,2625.98,-0.13726263265956443,-1.4689999999999999,-0.07215291590769812,0.0900417063515559,-1.0,-1.0,-1.0,1.0,-0.7691231681594992,-1.0,-0.8648220580193867,0.21281957793058373,4,-0.5,-0.6052814120620755
2022-05-19,97.2925103962717,2.079,3.307,2592.34,-0.13726263265956443,-1.479,-0.06629152480494938,0.09471510958736769,-1.0,-1.0,-1.0,1.0,-0.7689450518073994,-1.0,-0.7941001273866706,0.22389732002097357,4,-0.5,-0.5847869647932741
2022-05-20,96.72825033088934,2.072,3.245,2639.29,-0.13726263265956443,-1.473,-0.06847002350126274,0.09402332884107079,-1.0,-1.0,-1.0,1.0,-0.7687676803280649,-1.0,-0.8196636513867064,0.2222939969817079,4,-0.5,-0.5915343336832658
2022-05-23,96.90472956352872,2.088,3.258,2647.38,-0.13726263265956443,-1.4900000000000002,-0.06654902849033562,0.08788281472933125,-1.0,-1.0,-1.0,1.0,-0.7685910505693602,-1.0,-0.7961974502495653,0.2078090515012281,4,-0.5,-0.5892448623294243
2022-05-24,96.659162023137,2.092,3.214,2605.87,-0.13726263265956443,-1.499,-0.069212500917323,0.10439188139988147,-1.0,-1.0,-1.0,1.0,-0.7684151593968793,-1.0,-0.8275129184614197,0.24687626521636413,4,-0.5,-0.5872629531604837
2022-05-25,96.80847435392546,2.091,3.177,2617.22,-0.13726263265956443,-1.4980000000000002,-0.07252322601805528,0.09891860412330963,-1.0,-1.0,-1.0,1.0,-0.7682400036938195,-1.0,-0.8664351072847729,0.23396362866063417,4,-0.5,-0.6001778705794895
2022-05-26,97.00470332233236,2.129,3.238,2612.45,-0.13726263265956443,-1.536,-0.06954194747229359,0.10513942665088241,-1.0,-1.0,-1.0,1.0,-0.7680655803608563,-1.0,-0.8302632042563208,0.24870666067812103,4,-0.5,-0.587405530984764
2022-05-27,97.07695214375303,2.137,3.212,2638.05,-0.13726263265956443,-1.54,-0.0715020193002367,0.09647618919626723,-1.0,-1.0,-1.0,1.0,-0.7678918863160193,-1.0,-0.8530470844249761,0.22824550419445225,4,-0.5,-0.5981733666366358
2022-05-30,97.89412583832654,2.131,3.211,2669.66,-0.13726263265956443,-1.5399999999999998,-0.06705772515728725,0.0823630565759973,-1.0,-1.0,-1.0,1.0,-0.7677189184945706,-1.0,-0.7995546180978953,0.1948893722628629,4,-0.5,-0.5930960410824007
2022-05-31,98.28203692663476,2.163,3.326,2685.9,-0.13726263265956443,-1.5519999999999998,-0.06291293507972018,0.07608685107795626,-1.0,-1.0,-1.0,1.0,-0.7675466738488816,-1.0,-0.7497822323075571,0.18007127713923127,4,-0.5,-0.5843144072543018
2022-06-02,99.13074142756186,2.181,3.421,2658.99,-0.10002679378286,-1.548,-0.05514522524753751,0.08706870866389937,-1.0,-1.0,-1.0,1.0,-0.559350904474604,-1.0,-0.6570295133155584,0.20609444359747106,4,-0.5,-0.5025714935481729
2022-06-03,98.06392283295644,2.18,3.405,2670.65,-0.10002679378286,-1.5510000000000002,-0.06718403535105733,0.09012004785366773,-1.0,-1.0,-1.0,1.0,-0.5593710267491229,-1.0,-0.7999991308101209,0.21334973645007516,4,-0.5,-0.5365051052772922
2022-06-07,98.75443818898944,2.222,3.538,2626.34,-0.10002679378286,-1.5899999999999999,-0.0666512747345962,0.09822292006476317,-1.0,-1.0,-1.0,1.0,-0.5593912737253317,-1.0,-0.7932064142121478,0.2325638675972234,4,-0.5,-0.5300084550850641
2022-06-08,97.69122776136952,2.226,3.472,2626.15,-0.10002679378286,-1.595,-0.0751925525180317,0.11018501894198308,-1.0,-1.0,-1.0,1.0,-0.55941164500697,-1.0,-0.894122333288299,0.2609146047395212,4,-0.5,-0.5481548433889369
2022-06-09,97.91944999672856,2.234,3.471,2625.44,-0.10002679378286,-1.595,-0.07288452059873674,0.10650951981273231,-1.0,-1.0,-1.0,1.0,-0.5594321401993073,-1.0,-0.8660339867032083,0.2522403980489076,4,-0.5,-0.543306432213402
2022-06-10,97.88334836368408,2.29,3.495,2595.87,-0.10002679378286,-1.647,-0.06751650997691705,0.11826537082742228,-1.0,-1.0,-1.0,1.0,-0.5594527589091363,-1.0,-0.8017843763589138,0.2801054682191462,4,-0.5,-0.5202829167622259
2022-06-13,97.4941421737796,2.416,3.654,2504.51,-0.10002679378286,-1.7719999999999998,-0.07617021114243094,0.1368539744076745,-1.0,-1.0,-1.0,1.0,-0.5594735007447649,-1.0,-0.9037927714110633,0.3241436501425132,4,-0.5,-0.5347806555033288
2022-06-14,96.3732026299884,2.451,3.691,2492.97,-0.10002679378286,-1.798,-0.08489813238803556,0.1276795491250314,-1.0,-1.0,-1.0,1.0,-0.5594943653160098,-1.0,-1.0,0.30243265311734685,4,-0.5,-0.5642654280496657
2022-06-15,96.1937222106793,2.541,3.795,2447.38,-0.10002679378286,-1.822,-0.08585374131255108,0.1390032515114266,-1.0,-1.0,-1.0,1.0,-0.559515352234189,-1.0,-1.0,0.3292653447756821,4,-0.5,-0.5575625018646267
2022-06-16,95.79029798219749,2.651,3.767,2451.41,-0.10002679378286,-1.8899999999999997,-0.08912362181770117,0.14850237446237377,-1.0,-1.0,-1.0,1.0,-0.5595364611121143,-1.0,-1.0,0.35176798235338413,4,-0.5,-0.5519421196896825
2022-06-17,96.17254454498546,2.819,3.795,2440.93,-0.10002679378286,-2.005,-0.0895969943163415,0.15101105205850068,-1.0,-1.0,-1.0,1.0,-0.5595576915640847,-1.0,-1.0,0.3577094347178936,4,-0.5,-0.5504620642115479
2022-06-20,96.07991449408256,2.811,3.784,2391.03,-0.10002679378286,-1.962,-0.08706399992878033,0.17254262620308122,-1.0,-1.0,-1.0,1.0,-0.5595790432058793,-1.0,-1.0,0.408683805730106,4,-0.5,-0.5377238093689433
2022-06-21,95.64877188451368,2.834,3.775,2408.93,-0.10002679378286,-1.955,-0.09087074718999677,0.17185823686108578,-1.0,-1.0,-1.0,1.0,-0.5596005156547499,-1.0,-1.0,0.4070352089495482,4,-0.5,-0.5381413266763003
2022-06-22,95.67654294989444,2.83,3.682,2342.81,-0.10002679378286,-1.933,-0.09295113553446033,0.20365644788363194,-1.0,-1.0,-1.0,1.0,-0.5596221085294146,-1.0,-1.0,0.4822608730850303,4,-0.5,-0.5193403088610962
2022-06-23,95.49218592772364,2.836,3.726,2314.32,-0.10002679378286,-1.9469999999999998,-0.08664565711003558,0.21024084905160503,-1.0,-1.0,-1.0,1.0,-0.5596438214500503,-1.0,-1.0,0.497751725926963,4,-0.5,-0.5154730238807719
2022-06-24,95.11364583564806,2.824,3.635,2366.6,-0.10002679378286,-1.936,-0.09085706013033423,0.18404280127539985,-1.0,-1.0,-1.0,1.0,-0.5596656540382864,-1.0,-1.0,0.4356805510135752,4,-0.5,-0.5309962757561778
2022-06-27,95.01748278309736,2.876,3.72,2401.92,-0.10002679378286,-1.9989999999999999,-0.08960439541397225,0.17304825419567518,-1.0,-1.0,-1.0,1.0,-0.5596876059171972,-1.0,-1.0,0.40962516824434925,4,-0.5,-0.537515609418212
2022-06-28,95.98843523726865,2.878,3.68,2422.09,-0.10002679378286,-2.0090000000000003,-0.08157013045619799,0.1709303580541005,-1.0,-1.0,-1.0,1.0,-0.5597096767112959,-1.0,-0.9550811104523008,0.40458702466020124,4,-0.5,-0.5275509406258488
2022-06-29,96.22409417605462,2.9,3.667,2377.99,-0.10002679378286,-2.012,-0.0772466366134168,0.19488585824308238,-1.0,-1.0,-1.0,1.0,-0.5597318660465271,-1.0,-0.9037294949116629,0.4612230634531087,4,-0.5,-0.5005595743762703
2022-06-30,95.6783163754207,2.981,3.636,2332.64,-0.10002679378286,-2.073,-0.08188015122475978,0.22490203104959983,-1.0,-1.0,-1.0,1.0,-0.5597541735502607,-1.0,-0.95702944187954,0.5321239685512924,4,-0.5,-0.49616491171962707
2022-07-01,95.19395686048072,2.964,3.49,2305.42,0.00010928832508620007,-2.021,-0.09249460618760796,0.25099215936823194,1.0,-1.0,-1.0,1.0,0.0006117409123616321,-1.0,-1.0,0.5936376256164361,4,0.0,-0.3514376583678006
2022-07-04,95.71660447615002,2.959,3.489,2300.34,0.00010928832508620007,-2.0010000000000003,-0.08582516937706597,0.24642099863647565,1.0,-1.0,-1.0,1.0,0.0006118996888759289,-1.0,-1.0,0.5826262890719756,4,0.0,-0.3541904528097871
2022-07-05,95.512077079641,2.954,3.379,2341.78,0.00010928832508620007,-1.999,-0.08861509128270662,0.2390445774906768,1.0,-1.0,-1.0,1.0,0.0006120584244689756,-1.0,-1.0,0.5650105810257231,4,0.0,-0.35859434013745195
2022-07-06,95.78469503520228,2.909,3.295,2292.01,0.00010928832508620007,-1.9539999999999997,-0.08666457672508265,0.26264211219172223,1.0,-1.0,-1.0,1.0,0.0006122171191721528,-1.0,-1.0,0.6205309576785053,4,0.0,-0.3447142063005806
2022-07-07,95.43425999082164,2.92,3.307,2334.27,0.00010928832508620007,-1.964,-0.08947111635436045,0.2442067497160153,1.0,-1.0,-1.0,1.0,0.0006123757730168014,-1.0,-1.0,0.5767849389796805,4,0.0,-0.3556506713118257
2022-07-08,95.66649389139828,2.959,3.36,2350.61,0.00010928832508620007,-2.0180000000000002,-0.0848163504895787,0.23550790405717947,1.0,-1.0,-1.0,1.0,0.0006125343860342227,-1.0,-0.9846196759837353,0.5560774426764884,4,0.0,-0.35698242473030317
2022-07-11,95.91228504904883,2.974,3.385,2340.27,0.00010928832508620007,-2.037,-0.08540332651202132,0.24395370404713207,1.0,-1.0,-1.0,1.0,0.0006126929582556784,-1.0,-0.9904186255313647,0.5758323251840014,4,0.0,-0.3534934018472769
2022-07-12,96.09265323641183,2.984,3.349,2317.76,0.00010928832508620007,-2.08,-0.0830506596166165,0.24406894531694956,1.0,-1.0,-1.0,1.0,0.0006128514897123907,-1.0,-0.9622279340423645,0.5759176475652199,4,0.0,-0.34642435874685806
2022-07-13,95.22897963206228,2.97,3.301,2328.61,0.00010928832508620007,-2.104,-0.08834239715491154,0.23028774888039694,1.0,-1.0,-1.0,1.0,0.0006130099804355426,-1.0,-1.0,0.5432542797742359,4,0.0,-0.36403317756133213
2022-07-14,95.74009499947137,3.011,3.295,2322.32,0.00010928832508620007,-2.154,-0.07781825750238713,0.22521782483718472,1.0,-1.0,-1.0,1.0,0.0006131684304562769,-1.0,-0.8999101344008059,0.5311642176200148,4,0.0,-0.3420331870875837
2022-07-15,95.57952945614404,2.997,3.242,2330.98,0.00010928832508620007,-2.145,-0.07512683799999742,0.23367947219470142,1.0,-1.0,-1.0,1.0,0.0006133268398056982,-1.0,-0.8681893041590888,0.5509677343891488,4,0.0,-0.32915206073253356
2022-07-18,94.55554123492097,2.996,3.27,2375.25,0.00010928832508620007,-2.1390000000000002,-0.08708656858864305,0.22130921912836565,1.0,-1.0,-1.0,1.0,0.0006134852085148712,-1.0,-1.0,0.5216827197843076,4,0.0,-0.36942594875179435
2022-07-19,94.9343427299684,2.974,3.253,2370.97,0.00010928832508620007,-2.124,-0.08501123389835463,0.22030241396538452,1.0,-1.0,-1.0,1.0,0.0006136435366148216,-1.0,-0.9804200425798593,0.519194030065758,4,0.0,-0.3651530922443716
2022-07-20,94.91301223117205,2.985,3.36,2386.85,0.00010928832508620007,-2.0789999999999997,-0.0798552072601586,0.21288346307718464,1.0,-1.0,-1.0,1.0,0.0006138018241365359,-1.0,-0.9202075429956,0.5016126952547424,4,0.0,-0.3544952614791803
2022-07-21,95.4420999593048,2.973,3.374,2409.16,0.00010928832508620007,-2.0509999999999997,-0.07957733953359547,0.19834276616764962,1.0,-1.0,-1.0,1.0,0.0006139600711109615,-1.0,-0.9162713883582723,0.46728568538912274,4,0.0,-0.3620929357245096
2022-07-22,95.25183255229692,2.943,3.302,2393.14,0.00010928832508620007,-2.013,-0.08452569176695413,0.19781315544851524,1.0,-1.0,-1.0,1.0,0.0006141182775690075,-1.0,-0.9723237538925642,0.4659742816432952,4,0.0,-0.376433838492925
2022-07-25,95.2408991068008,2.929,3.211,2403.69,0.00010928832508620007,-2.0119999999999996,-0.08281934086027753,0.19087264475542098,1.0,-1.0,-1.0,1.0,0.0006142764435415431,-1.0,-0.9518465073222236,0.4495747571660714,4,0.0,-0.3754143684281527
2022-07-26,95.22811131597076,2.931,3.183,2412.96,0.00010928832508620007,-2.023,-0.07867600663479468,0.18285615622026624,1.0,-1.0,-1.0,1.0,0.0006144345690593995,-1.0,-0.9035390387067163,0.4306567519806162,4,0.0,-0.3680669630392602
2022-07-27,95.3797594293624,2.932,3.121,2415.53,0.00010928832508620007,-2.017,-0.07625352588886969,0.20080088491471412,1.0,-1.0,-1.0,1.0,0.0006145926541533686,-1.0,-0.8751169730558045,0.47285101940405744,4,0.0,-0.35041284024939845
2022-07-28,95.04658222980429,2.949,3.201,2435.27,0.00010928832508620007,-2.032,-0.07869166728861021,0.1849164390349063,1.0,-1.0,-1.0,1.0,0.0006147506988542038,-1.0,-0.9024174368097789,0.4354068742929808,4,0.0,-0.36659895295448597
2022-07-29,95.582351982762,2.902,3.127,2451.5,0.00010928832508620007,-1.9900000000000002,-0.0748194747233093,0.17309736414242927,1.0,-1.0,-1.0,1.0,0.0006149087031926202,-1.0,-0.8574631833265086,0.4075568094002943,4,0.0,-0.3623228663057554
2022-08-01,95.9281228149655,2.924,3.184,2452.25,-0.0042578032014231,-2.008,-0.06846069632283136,0.17097914190098124,-1.0,-1.0,-1.0,1.0,-0.023962711836742766,-1.0,-0.784221314270612,0.40255190051918477,4,-0.5,-0.35140803139704246
2022-08-02,95.35051282436524,2.891,3.088,2439.62,-0.0042578032014231,-1.9569999999999999,-0.0763358751469232,0.1846814346142182,-1.0,-1.0,-1.0,1.0,-0.023968972502341174,-1.0,-0.8738408333348724,0.43477457288686183,4,-0.5,-0.3657588082375879
2022-08-03,95.50609905336788,2.901,3.131,2461.45,-0.0042578032014231,-1.96,-0.07171017602413787,0.1762802895474377,-1.0,-1.0,-1.0,1.0,-0.02397523153621919,-1.0,-0.8204401082084607,0.4149721068281116,4,-0.5,-0.35736080822914207
2022-08-04,95.21315032319757,2.892,3.152,2473.11,-0.0042578032014231,-1.956,-0.07791609987305748,0.15615907918188932,-1.0,-1.0,-1.0,1.0,-0.023981488939649312,-1.0,-0.8908056866081963,0.36760675035502743,4,-0.5,-0.38679510629820457
2022-08-05,95.05238942554485,2.876,3.124,2490.8,-0.0042578032014231,-1.932,-0.07957584384979377,0.16036106953752072,-1.0,-1.0,-1.0,1.0,-0.02398774471390239,-1.0,-0.9090912748703669,0.3774948965392835,4,-0.5,-0.3888960307612464
2022-08-08,96.01496457825397,2.9,3.177,2493.1,-0.0042578032014231,-1.948,-0.06545411988183947,0.15820330788020115,-1.0,-1.0,-1.0,1.0,-0.023993998860247615,-1.0,-0.7474761263116019,0.3724144605562583,4,-0.5,-0.3497639161538978
2022-08-09,95.58766324152876,2.899,3.166,2503.46,-0.0042578032014231,-1.955,-0.0703459637038355,0.1662854943151687,-1.0,-1.0,-1.0,1.0,-0.024000251379952552,-1.0,-0.802938288042863,0.3914298049756115,4,-0.5,-0.35887718361180104
2022-08-10,95.50506489143253,2.902,3.207,2480.88,-0.0042578032014231,-1.9530000000000003,-0.07578292440850465,0.17172951179697302,-1.0,-1.0,-1.0,1.0,-0.024006502274283116,-1.0,-0.8644412927463418,0.4042275911521692,4,-0.5,-0.3710550509671139
2022-08-11,94.96049480229642,2.894,3.219,2523.78,-0.0042578032014231,-1.9220000000000002,-0.08399487069610512,0.15362229294556268,-1.0,-1.0,-1.0,1.0,-0.024012751544503583,-1.0,-0.9572736564966483,0.36160995223509523,4,-0.5,-0.40491911395151414
2022-08-12,95.3326853777817,2.902,3.282,2527.94,-0.0042578032014231,-1.9240000000000002,-0.08289323987058062,0.1450112796102758,-1.0,-1.0,-1.0,1.0,-0.0240189991918766,-1.0,-0.9439263336483932,0.34135291711565446,4,-0.5,-0.40664810393115386
2022-08-16,95.47932945848105,2.862,3.156,2533.52,-0.0042578032014231,-1.8840000000000001,-0.07994753019861722,0.14774777321624616,-1.0,-1.0,-1.0,1.0,-0.024025245217663187,-1.0,-0.9097019848912583,0.3478046170102469,4,-0.5,-0.39648065327466864
2022-08-17,95.2774914827918,2.882,3.188,2516.47,-0.0042578032014231,-1.9050000000000002,-0.07915152331200392,0.14639676176152777,-1.0,-1.0,-1.0,1.0,-0.024031489623122723,-1.0,-0.8999948019174796,0.34463563780565837,4,-0.5,-0.394847663433736
2022-08-18,95.28657623732876,2.887,3.221,2508.05,-0.0042578032014231,-1.901,-0.07267228392122593,0.14234057807840328,-1.0,-1.0,-1.0,1.0,-0.024037732409512968,-1.0,-0.8258746749829553,0.3351017264579156,4,-0.5,-0.37870267023363813
2022-08-19,94.92588715530628,2.925,3.31,2492.69,-0.0042578032014231,-1.9309999999999998,-0.07285252660615793,0.12989599653997339,-1.0,-1.0,-1.0,1.0,-0.02404397357809005,-1.0,-0.8274727563304227,0.3058278917383737,4,-0.5,-0.38642220954253476
2022-08-22,94.47785986494536,2.961,3.342,2462.5,-0.0042578032014231,-1.9669999999999999,-0.06925594100934251,0.12754929840339113,-1.0,-1.0,-1.0,1.0,-0.024050213130108508,-1.0,-0.7862676713095184,0.300327715814268,4,-0.5,-0.3774975421563397
2022-08-23,93.87411888796856,2.99,3.361,2435.34,-0.0042578032014231,-1.9970000000000003,-0.0703269363949044,0.14174698548610581,-1.0,-1.0,-1.0,1.0,-0.02405645106682122,-1.0,-0.7980477213217512,0.33377315660908463,4,-0.5,-0.37208275394487195
2022-08-24,93.6307527483767,3.046,3.433,2447.45,-0.0042578032014231,-2.057,-0.07621540806150229,0.11045520017204735,-1.0,-1.0,-1.0,1.0,-0.02406268738947949,-1.0,-0.8643277409918291,0.260122205198361,4,-0.5,-0.40706705579573693
2022-08-25,93.70486977621748,3.19,3.593,2477.26,-0.0042578032014231,-2.191,-0.07529289753509527,0.07222845806060518,-1.0,-1.0,-1.0,1.0,-0.024068922099332972,-1.0,-0.8533560245666404,0.17013205915677615,4,-0.5,-0.42682322187729926
2022-08-26,93.91084854354985,3.209,3.616,2481.03,-0.0042578032014231,-2.194,-0.07126354992015749,0.08140525323046172,-1.0,-1.0,-1.0,1.0,-0.024075155197629754,-1.0,-0.8072920423059103,0.19178282058293808,4,-0.5,-0.40989609423015044
2022-08-29,94.37697475791634,3.272,3.715,2426.89,-0.0042578032014231,-2.2299999999999995,-0.06728644654668603,0.11499064976294271,-1.0,-1.0,-1.0,1.0,-0.02408138668561629,-1.0,-0.7619398959172435,0.27093748544705093,4,-0.5,-0.37877094928895216
2022-08-30,93.57471976247692,3.244,3.695,2450.93,-0.0042578032014231,-2.194,-0.07943884082470642,0.10920169693273338,-1.0,-1.0,-1.0,1.0,-0.024087616564537437,-1.0,-0.8989202194473025,0.25733032835755393,4,-0.5,-0.4164193769135715
2022-08-31,93.58141065588538,3.268,3.721,2472.05,-0.0042578032014231,-2.2089999999999996,-0.07926116872963185,0.09207547974222585,-1.0,-1.0,-1.0,1.0,-0.024093844835636456,-1.0,-0.896287876635092,0.217008243055892,4,-0.5,-0.4258433696037091
2022-09-01,93.772179081492,3.303,3.805,2415.61,0.022651224503221098,-2.235,-0.07659999550690255,0.11104639211881837,1.0,-1.0,-1.0,1.0,0.12820458978089755,-1.0,-0.8656603957278242,0.26175199474853483,4,0.0,-0.36892595279959794
2022-09-02,93.53158566671202,3.25,3.738,2409.41,0.022651224503221098,-2.186,-0.0760875096303657,0.12017440105806801,1.0,-1.0,-1.0,1.0,0.1282315535468233,-1.0,-0.8593521385601086,0.28329686190640824,4,0.0,-0.3619559307767193
2022-09-05,93.1549459278286,3.205,3.67,2403.68,0.022651224503221098,-2.141,-0.0841428307647778,0.14528176244923807,1.0,-1.0,-1.0,1.0,0.12825851311334593,-1.0,-0.9495496889851651,0.34249770576801464,4,0.0,-0.3696983675259512
2022-09-06,92.40664073709355,3.242,3.712,2410.02,0.022651224503221098,-2.176,-0.09236490841281242,0.14410711082622232,1.0,-1.0,-1.0,1.0,0.12828546848032,-1.0,-1.0,0.33974278321837703,4,0.0,-0.3829929370753258
2022-09-07,92.60516963513234,3.232,3.736,2376.46,0.022651224503221098,-2.186,-0.09449870136419669,0.1463633275949931,1.0,-1.0,-1.0,1.0,0.12831241964760684,-1.0,-1.0,0.34507448563847365,4,0.0,-0.3816532736784799
2022-09-08,91.73626769539965,3.144,3.622,2384.28,0.022651224503221098,-2.101,-0.10116816261339068,0.16026481298365058,1.0,-1.0,-1.0,1.0,0.1283393666150746,-1.0,-1.0,0.3778485359358416,4,0.0,-0.3734530243622709
2022-09-13,91.60111473670057,3.155,3.62,2449.54,0.022651224503221098,-2.112,-0.10496714391140571,0.13629064190442508,1.0,-1.0,-1.0,1.0,0.12836630938259816,-1.0,-1.0,0.3213461637723491,4,0.0,-0.38757188171126317
2022-09-14,92.2795487777274,3.21,3.651,2411.42,0.022651224503221098,-2.169,-0.09673476957789084,0.14491602652655633,1.0,-1.0,-1.0,1.0,0.12839324795005902,-1.0,-1.0,0.34169711522971613,4,0.0,-0.3824774092050562
2022-09-15,91.21433252982862,3.228,3.791,2401.83,0.022651224503221098,-2.181,-0.10914424252388066,0.13328683596456462,1.0,-1.0,-1.0,1.0,0.1284201823173454,-1.0,-1.0,0.31429913641281654,4,0.0,-0.3893201703174595
2022-09-16,91.2024855363451,3.211,3.772,2382.78,0.022651224503221098,-2.15,-0.105030280101996,0.1261049661647734,1.0,-1.0,-1.0,1.0,0.12844711248435214,-1.0,-1.0,0.2973903896717937,4,0.0,-0.39354062446096355
2022-09-19,91.4067596108557,3.194,3.794,2355.66,0.022651224503221098,-2.12,-0.09706449592283661,0.1398165106386209,1.0,-1.0,-1.0,1.0,0.12847403845098074,-1.0,-1.0,0.32974419668020555,4,0.0,-0.3854454412172034
2022-09-20,91.59159274329264,3.167,3.836,2367.85,0.022651224503221098,-2.0809999999999995,-0.09456384754435554,0.1344466942273797,1.0,-1.0,-1.0,1.0,0.1285009602171392,-1.0,-1.0,0.31710191564443674,4,0.0,-0.388599281034606
2022-09-21,91.79609539639084,3.175,3.891,2347.21,0.022651224503221098,-2.085,-0.08871343329653403,0.14732356647656658,1.0,-1.0,-1.0,1.0,0.12852787778274208,-1.0,-0.9887223627501437,0.34748535566647204,4,0.0,-0.3781772823252324
2022-09-22,91.83107699818429,3.278,3.997,2332.31,0.022651224503221098,-2.205,-0.09031681311978357,0.14386204306318862,1.0,-1.0,-1.0,1.0,0.1285547911477106,-1.0,-1.0,0.3393361953822477,4,0.0,-0.3830272533675104
2022-09-23,91.04939165246545,3.342,4.112,2290.0,0.022651224503221098,-2.2640000000000002,-0.09836088568143708,0.14698994056613646,1.0,-1.0,-1.0,1.0,0.12858170031197227,-1.0,-1.0,0.34672707330369434,4,0.0,-0.3811728065960833
2022-09-26,91.28142462889213,3.604,4.335,2220.94,0.022651224503221098,-2.5220000000000002,-0.09890284195359023,0.16509467742435444,1.0,-1.0,-1.0,1.0,0.1286086052754612,-1.0,-1.0,0.38942826576711287,4,0.0,-0.3704907822393565
2022-09-27,90.39360353829818,3.484,4.208,2223.86,0.022651224503221098,-2.3979999999999997,-0.10470412495247139,0.17229511780151216,1.0,-1.0,-1.0,1.0,0.1286355060381179,-1.0,-1.0,0.40639889198087414,4,0.0,-0.366241400495252
2022-09-28,90.59723808813185,3.488,4.332,2169.29,0.022651224503221098,-2.403,-0.09995092452460685,0.1907111551650992,1.0,-1.0,-1.0,1.0,0.12866240259988931,-1.0,-1.0,0.4497963004416751,4,0.0,-0.3553853242396089
2022-09-29,90.02042866601201,3.454,4.229,2170.93,0.022651224503221098,-2.373,-0.11172700807603331,0.2021596209886535,1.0,-1.0,-1.0,1.0,0.1286892949607287,-1.0,-1.0,0.47673618404907103,4,0.0,-0.3486436302475501
2022-09-30,89.99016295010989,3.382,4.096,2155.49,0.022651224503221098,-2.279,-0.11164696514443584,0.21551284265010714,1.0,-1.0,-1.0,1.0,0.12871618312059577,-1.0,-1.0,0.50813698413279,4,0.0,-0.3407867081866536
2022-10-04,89.91474444340354,3.331,4.006,2209.38,-0.0189500189355862,-2.231,-0.1087498839753751,0.1831512141822121,-1.0,-1.0,-1.0,1.0,-0.10771210899211207,-1.0,-1.0,0.4318063722404969,4,-0.5,-0.41897643418790376
2022-10-05,89.72761251881414,3.415,4.102,2215.22,-0.0189500189355862,-2.319,-0.11032797585240939,0.17674140152715398,-1.0,-1.0,-1.0,1.0,-0.10774022618052517,-1.0,-1.0,0.41667552643303224,4,-0.5,-0.42276617493687324
2022-10-06,90.43295513050808,3.43,4.102,2237.86,-0.0189500189355862,-2.3280000000000003,-0.10176882252758812,0.15194521925928325,-1.0,-1.0,-1.0,1.0,-0.10776833603305354,-1.0,-1.0,0.3582271334382877,4,-0.5,-0.4373853006486914
2022-10-07,91.56660054371063,3.487,4.214,2232.84,-0.0189500189355862,-2.385,-0.08588154970664874,0.12880779004617854,-1.0,-1.0,-1.0,1.0,-0.10779643855543601,-1.0,-0.9436036927649711,0.30370446298560605,4,-0.5,-0.43692391708370026
2022-10-11,91.6042900070899,3.546,4.306,2192.07,-0.0189500189355862,-2.409,-0.08582136960906261,0.13016585358311186,-1.0,-1.0,-1.0,1.0,-0.10782453375340406,-1.0,-0.942232952321322,0.30693214453003415,4,-0.5,-0.435781335386173
2022-10-12,90.52705963277272,3.455,4.11,2202.47,-0.0189500189355862,-2.329,-0.09579780939366511,0.15758736141064106,-1.0,-1.0,-1.0,1.0,-0.10785262163268158,-1.0,-1.0,0.3715968483672402,4,-0.5,-0.43406394331636033
2022-10-13,90.70085656853324,3.543,4.239,2162.87,-0.0189500189355862,-2.419,-0.09366847620873298,0.1633024429801622,-1.0,-1.0,-1.0,1.0,-0.10788070219898509,-1.0,-1.0,0.38507187187956476,4,-0.5,-0.43070220757985506
2022-10-14,90.95149451721466,3.544,4.181,2212.55,-0.0189500189355862,-2.388,-0.08947921620929478,0.13747742464211682,-1.0,-1.0,-1.0,1.0,-0.10790877545802363,-1.0,-0.9795983179139616,0.3241971855014891,4,-0.5,-0.44082747696762403
2022-10-17,90.97308406463048,3.568,4.215,2219.71,-0.0189500189355862,-2.417,-0.08477934590897629,0.1374119007536926,-1.0,-1.0,-1.0,1.0,-0.10793684141549886,-1.0,-0.9274881334691784,0.3240642331763198,4,-0.5,-0.42784018542708935
2022-10-18,90.51294882592973,3.573,4.277,2249.95,-0.0189500189355862,-2.431,-0.09197316653956467,0.1298304406816659,-1.0,-1.0,-1.0,1.0,-0.10796490007710495,-1.0,-1.0,0.30621069694471714,4,-0.5,-0.450438550783097
2022-10-19,91.17137146718052,3.649,4.396,2237.44,-0.0189500189355862,-2.5140000000000002,-0.0891876288852389,0.13508737531377846,-1.0,-1.0,-1.0,1.0,-0.10799295144852877,-1.0,-0.9740325192781187,0.3186325772166504,4,-0.5,-0.4408482233774993
2022-10-20,91.91405912966208,3.674,4.439,2218.09,-0.0189500189355862,-2.513,-0.08556781810648495,0.1410700147849601,-1.0,-1.0,-1.0,1.0,-0.10802099553544973,-1.0,-0.933829361211114,0.3327631897450646,4,-0.5,-0.4272717917503748
2022-10-21,91.18579738717489,3.801,4.632,2213.12,-0.0189500189355862,-2.644,-0.09146222705339113,0.13360245300366944,-1.0,-1.0,-1.0,1.0,-0.10804903234353991,-1.0,-0.9972818451772102,0.3151725215279212,4,-0.5,-0.4475395889982072
2022-10-24,90.88495070894112,3.736,4.503,2236.16,-0.0189500189355862,-2.585,-0.09644699795503175,0.12933929649968923,-1.0,-1.0,-1.0,1.0,-0.10807706187846401,-1.0,-1.0,0.3051422251186787,4,-0.5,-0.45073370918994626
2022-10-25,90.89828742899364,3.71,4.346,2235.07,-0.0189500189355862,-2.566,-0.10004841201220938,0.1401400944302077,-1.0,-1.0,-1.0,1.0,-0.10810508414587941,-1.0,-1.0,0.3306440194695668,4,-0.5,-0.44436526616907823
2022-10-26,91.06688894171916,3.719,4.279,2249.56,-0.0189500189355862,-2.549,-0.09878390979714347,0.14048887525656387,-1.0,-1.0,-1.0,1.0,-0.10813309915143614,-1.0,-1.0,0.3314868970050511,4,-0.5,-0.44416155053659623
2022-10-27,91.20679185710094,3.753,4.313,2288.78,-0.0189500189355862,-2.569,-0.09498015346351618,0.12645669883740188,-1.0,-1.0,-1.0,1.0,-0.1081611069007769,-1.0,-1.0,0.298405871351548,4,-0.5,-0.45243880888730725
2022-10-28,91.55490920418691,3.728,4.167,2268.4,-0.0189500189355862,-2.5120000000000005,-0.09646562185323315,0.15896516861502533,-1.0,-1.0,-1.0,1.0,-0.10818910739953713,-1.0,-1.0,0.3751220488819698,4,-0.5,-0.43326676462939184
2022-10-31,91.67057083788188,3.783,4.242,2293.61,-0.0189500189355862,-2.484,-0.0996478375783143,0.1365460663003116,-1.0,-1.0,-1.0,1.0,-0.10821710065334497,-1.0,-1.0,0.32224081127528875,4,-0.5,-0.44649407234451405
2022-11-01,91.77428370253708,3.766,4.135,2335.22,0.027447279763930247,-2.4459999999999997,-0.09680812209095269,0.11464446082516538,1.0,-1.0,-1.0,1.0,0.15677226424128923,-1.0,-1.0,0.27058724386402444,4,0.0,-0.3931601229736716
2022-11-02,91.93307733121024,3.863,4.143,2336.87,0.027447279763930247,-2.4530000000000003,-0.09218623995219932,0.11453845569965651,1.0,-1.0,-1.0,1.0,0.15680246371067605,-1.0,-0.9970462769765766,0.27037006273788833,4,0.0,-0.392468437632003
2022-11-03,92.08255032145138,3.901,4.197,2329.17,0.027447279763930247,-2.4299999999999997,-0.09354630100792516,0.11077555160230884,1.0,-1.0,-1.0,1.0,0.15683266008648594,-1.0,-1.0,0.26152173040447246,4,0.0,-0.39541140237726036
2022-11-04,92.10146666040173,3.902,4.182,2348.43,0.027447279763930247,-2.446,-0.08850733502235997,0.11319185575354254,1.0,-1.0,-1.0,1.0,0.15686285336521696,-1.0,-0.9556862987763993,0.267259663409947,4,0.0,-0.3828909455003088
2022-11-07,91.60809877346736,3.93,4.258,2371.79,0.027447279763930247,-2.492,-0.09463034421058225,0.08379772165352425,1.0,-1.0,-1.0,1.0,0.15689304354338335,-1.0,-1.0,0.19789270411068238,4,0.0,-0.4113035630864836
2022-11-08,92.2888375749565,3.93,4.236,2399.04,0.027447279763930247,-2.5010000000000003,-0.08189782600437923,0.07329459673768468,1.0,-1.0,-1.0,1.0,0.1569232306175155,-1.0,-0.8830030154368195,0.17312370918856881,4,0.0,-0.3882390189076838
2022-11-09,93.4648233059173,3.911,4.177,2424.41,0.027447279763930247,-2.5140000000000002,-0.07083047757968242,0.05656793553882011,1.0,-1.0,-1.0,1.0,0.15695341458415996,-1.0,-0.7634322730735957,0.13364503639349543,4,0.0,-0.36820845552398507
2022-11-10,94.94720268017429,3.905,4.07,2402.23,0.027447279763930247,-2.5349999999999997,-0.049648049702518016,0.06957936100851853,1.0,-1.0,-1.0,1.0,0.1569835954398792,-1.0,-0.5351469802378266,0.16441917852730992,4,0.0,-0.3034360515676594
2022-11-11,94.22145424598996,3.836,3.894,2483.16,0.027447279763930247,-2.5039999999999996,-0.05710642437552593,0.04840806163079023,1.0,-1.0,-1.0,1.0,0.15701377318125173,-1.0,-0.6154994440996189,0.11441746304865401,4,0.0,-0.33601705196742826
2022-11-14,96.06963884645924,3.871,3.928,2474.65,0.027447279763930247,-2.551,-0.04218673798262884,0.03944146994435138,1.0,-1.0,-1.0,1.0,0.15704394780487188,-1.0,-0.4547582664913918,0.09324702979682815,4,0.0,-0.3011168222224229
2022-11-15,96.59465102031704,3.831,3.861,2480.33,0.027447279763930247,-2.5140000000000002,-0.036693691109126014,0.04327551404171796,1.0,-1.0,-1.0,1.0,0.15707411930734994,-1.0,-0.39562460348731776,0.10233623175606403,4,0.0,-0.2840535631059759
2022-11-16,96.41139630752627,3.84,3.896,2477.45,0.027447279763930247,-2.526,-0.03643459893956713,0.05676802538060936,1.0,-1.0,-1.0,1.0,0.15710428768531193,-1.0,-0.3929110161925481,0.1342729662601989,4,0.0,-0.2753834405617593
2022-11-17,96.2689197820432,3.835,3.853,2442.9,0.027447279763930247,-2.541,-0.04194593027721094,0.08086641770768616,1.0,-1.0,-1.0,1.0,0.15713445293539954,-1.0,-0.45241114791586967,0.19130854449801324,4,0.0,-0.27599203762061425
2022-11-18,95.68200361687978,3.831,3.801,2444.48,0.027447279763930247,-2.526,-0.04741116491633779,0.08640943457894522,1.0,-1.0,-1.0,1.0,0.15716461505427026,-1.0,-0.5113972473826381,0.20445817763427018,4,0.0,-0.28744361367352445
2022-11-21,95.67132903234894,3.834,3.764,2419.5,0.027447279763930247,-2.536,-0.04947199214808329,0.09004559462598401,1.0,-1.0,-1.0,1.0,0.15719477403859702,-1.0,-0.5336537446178768,0.2130983568922143,4,0.0,-0.2908401534217664
2022-11-22,95.05335130642078,3.844,3.773,2405.27,0.027447279763930247,-2.554,-0.05303627228544716,0.08845447676379849,1.0,-1.0,-1.0,1.0,0.1572249298850685,-1.0,-0.5721021306103301,0.20936930610219454,4,0.0,-0.3013769736557667
2022-11-23,94.74623704292958,3.84,3.774,2418.01,0.027447279763930247,-2.548,-0.0590346742554706,0.09380044036462135,1.0,-1.0,-1.0,1.0,0.1572550825903887,-1.0,-0.6367473763565222,0.2220595054438139,4,0.0,-0.31435819708057994
2022-11-24,94.72316025005487,3.788,3.622,2441.33,0.027447279763930247,-2.481,-0.05855486287287093,0.1115962577172057,1.0,-1.0,-1.0,1.0,0.15728523215127718,-1.0,-0.6315186498650381,0.2642226455619261,4,0.0,-0.3025026930379587
2022-11-25,95.86545072753562,3.755,3.623,2437.86,0.027447279763930247,-2.437,-0.04482223973796984,0.10876128709084089,1.0,-1.0,-1.0,1.0,0.15731537856446878,-1.0,-0.48346609134487334,0.25754508358981176,4,0.0,-0.2671514072976482
2022-11-28,96.52772881517537,3.748,3.606,2408.27,0.027447279763930247,-2.4250000000000003,-0.03852831176586147,0.1208384942874698,1.0,-1.0,-1.0,1.0,0.15734552182671374,-1.0,-0.4156542899383992,0.28617488378804384,4,0.0,-0.24303347108091045
2022-11-29,95.88738289394554,3.753,3.673,2433.39,0.027447279763930247,-2.4480000000000004,-0.04557643579288051,0.09672855355354656,1.0,-1.0,-1.0,1.0,0.15737566193477753,-1.0,-0.49174279608995786,0.22911307232697178,4,0.0,-0.27631351545705213
2022-11-30,96.3358721695896,3.725,3.667,2472.53,0.027447279763930247,-2.4370000000000003,-0.03996654915685571,0.05899604537476506,1.0,-1.0,-1.0,1.0,0.15740579888544085,-1.0,-0.43128834037543645,0.13977006329796618,4,0.0,-0.2835281195480074
2022-12-01,96.62812047820444,3.702,3.663,2479.84,-0.03705269754650145,-2.4050000000000002,-0.03507364707634508,0.04796533493413456,-1.0,-1.0,-1.0,1.0,-0.21254263513763924,-1.0,-0.378570041168119,0.11366353703073287,4,-0.5,-0.3693622848187563
2022-12-02,97.33305678949358,3.678,3.583,2434.33,-0.03705269754650145,-2.386,-0.027027932307182034,0.04418383518302385,-1.0,-1.0,-1.0,1.0,-0.2125939107273818,-1.0,-0.2918094274969841,0.10472768388046565,4,-0.5,-0.34991891358597504
2022-12-05,97.3220531337502,3.662,3.549,2419.32,-0.03705269754650145,-2.343,-0.030973719220837914,0.07176767165938948,-1.0,-1.0,-1.0,1.0,-0.21264517412914005,-1.0,-0.33449443141644614,0.17014323190008096,4,-0.5,-0.34424909341137633
2022-12-06,97.5994122995123,3.663,3.504,2393.16,-0.03705269754650145,-2.336,-0.034396094228088536,0.10310582534506775,-1.0,-1.0,-1.0,1.0,-0.2126964253514415,-1.0,-0.3715364639803879,0.24447392853801683,4,-0.5,-0.33493974019845313
2022-12-07,96.52499146684336,3.659,3.523,2382.81,-0.03705269754650145,-2.316,-0.04820445784020411,0.11659904160134146,-1.0,-1.0,-1.0,1.0,-0.212747664402804,-1.0,-0.5207274909379822,0.2765003804208288,4,-0.5,-0.3642436937299893
2022-12-08,95.6797427647276,3.662,3.53,2371.08,-0.03705269754650145,-2.3339999999999996,-0.05682982495514288,0.12095008307362867,-1.0,-1.0,-1.0,1.0,-0.21279889129173563,-1.0,-0.613869837202264,0.28684959060434306,4,-0.5,-0.3849547844724141
2022-12-09,95.45276202565373,3.656,3.491,2389.04,-0.03705269754650145,-2.326,-0.05623722112646856,0.12487686123459181,-1.0,-1.0,-1.0,1.0,-0.2128501060267348,-1.0,-0.6074420259623883,0.29619217204702486,4,-0.5,-0.38102498998552453
2022-12-12,96.36282157396695,3.646,3.448,2373.02,-0.03705269754650145,-2.3259999999999996,-0.047888009361534145,0.13400870317194638,-1.0,-1.0,-1.0,1.0,-0.21290130861629034,-1.0,-0.5172982891942952,0.3178769092396123,4,-0.5,-0.3530806721427433
2022-12-13,96.36001351475204,3.649,3.469,2372.4,-0.03705269754650145,-2.327,-0.05026821798725667,0.14203859427665216,-1.0,-1.0,-1.0,1.0,-0.21295249906888142,-1.0,-0.5430343614481113,0.33694444236187404,4,-0.5,-0.35476060453877967
2022-12-14,96.46787209186444,3.622,3.406,2399.25,-0.03705269754650145,-2.293,-0.05117835277661342,0.13046029928607178,-1.0,-1.0,-1.0,1.0,-0.21300367739297754,-1.0,-0.5528844201049005,0.30950556843335725,4,-0.5,-0.36409563226613023
2022-12-15,97.00372623943926,3.64,3.38,2360.97,-0.03705269754650145,-2.3120000000000003,-0.04341894196736096,0.14321291742666062,-1.0,-1.0,-1.0,1.0,-0.21305484359703875,-1.0,-0.4691208431919225,0.3397794765921724,4,-0.5,-0.3355990525491972
2022-12-16,96.9479146359016,3.659,3.36,2360.02,-0.03705269754650145,-2.3369999999999997,-0.043966391926286263,0.14063743995161,-1.0,-1.0,-1.0,1.0,-0.21310599768951524,-1.0,-0.4750956599904104,0.3336903332494679,4,-0.5,-0.33862783110761446
2022-12-19,96.35191709080335,3.691,3.395,2352.17,-0.03705269754650145,-2.3709999999999996,-0.04775024137837658,0.14141104687515788,-1.0,-1.0,-1.0,1.0,-0.2131571396788479,-1.0,-0.5160246150551142,0.3355467159865627,4,-0.5,-0.3484087596868498
2022-12-20,97.07188766262216,3.768,3.603,2333.29,-0.03705269754650145,-2.4829999999999997,-0.03809250501244499,0.1369873871227113,-1.0,-1.0,-1.0,1.0,-0.21320826957346783,-1.0,-0.41173395084128506,0.32507381929964685,4,-0.5,-0.3249671002787765
2022-12-21,97.0978555144188,3.751,3.566,2328.95,-0.03705269754650145,-2.4749999999999996,-0.039804254152866037,0.146047370892547,-1.0,-1.0,-1.0,1.0,-0.21325938738179676,-1.0,-0.43031001897298005,0.34659100281030963,4,-0.5,-0.3242446008861168
2022-12-22,98.02103206710976,3.742,3.495,2356.73,-0.03705269754650145,-2.471,-0.031058806427641805,0.11788720359617604,-1.0,-1.0,-1.0,1.0,-0.21331049311224679,-1.0,-0.33585014312713385,0.2797956984304944,4,-0.5,-0.31734123445222157
2022-12-23,98.76128049979307,3.769,3.552,2313.69,-0.03705269754650145,-2.4880000000000004,-0.017098446788446076,0.1351704703397182,-1.0,-1.0,-1.0,1.0,-0.2133615867732205,-1.0,-0.18495177582028374,0.3208411481348178,4,-0.5,-0.26936805361467164
2022-12-26,98.32984174515296,3.794,3.639,2317.14,-0.03705269754650145,-2.4930000000000003,-0.018334938686551894,0.13373186072854484,-1.0,-1.0,-1.0,1.0,-0.21341266837311104,-1.0,-0.1983903347234559,0.3174523502531029,4,-0.5,-0.27358766321086603
2022-12-27,98.69986981348544,3.775,3.611,2332.79,-0.03705269754650145,-2.447,-0.013470399281899859,0.13901712641350228,-1.0,-1.0,-1.0,1.0,-0.213463737920302,-1.0,-0.14580297547753132,0.3300213036422203,4,-0.5,-0.25731135243890324
2022-12-28,99.41371371877648,3.767,3.673,2280.45,-0.03705269754650145,-2.44,-0.007676655496531737,0.16101427011946134,-1.0,-1.0,-1.0,1.0,-0.21351479542316742,-1.0,-0.08311996079775046,0.3822465815456371,4,-0.5,-0.22859704366882017
2022-12-29,99.47812036506107,3.777,3.726,2236.4,-0.03705269754650145,-2.451,-0.0072482594804785805,0.17239484724663162,-1.0,-1.0,-1.0,1.0,-0.21356584089007216,-1.0,-0.07850806592469611,0.4092563996159163,4,-0.5,-0.22070437679971303
2022-12-30,99.50631115533646,3.773,3.73,,-0.03705269754650145,-2.435,-0.007736424326520996,,-1.0,-1.0,-1.0,,-0.2136168743293713,-1.0,-0.08382392370180082,,3,,
2023-01-02,99.3502784971647,3.769,3.811,2225.67,0.05893821468630335,-2.431,-0.009236308311505681,0.1658351230414134,1.0,-1.0,-1.0,1.0,0.33981253995444893,-1.0,-0.10010895914308834,0.3936840738551263,4,0.0,-0.09165308633337828
2023-01-03,98.99103546518344,3.705,3.661,2218.68,0.05893821468630335,-2.356,-0.013431586231953396,0.18118197436402622,1.0,-1.0,-1.0,1.0,0.33983347934521735,-1.0,-0.14562845352117043,0.43009807339156303,4,0.0,-0.09392422519609753
2023-01-04,98.83691298958172,3.669,3.597,2255.98,0.05893821468630335,-2.319,-0.01571472155683562,,1.0,-1.0,-1.0,,0.3398544670477185,-1.0,-0.1704384819120314,,3,,
2023-01-05,98.4812503800854,3.649,3.571,2264.65,0.05893821468630335,-2.286,-0.019540450243386687,0.177761709920371,1.0,-1.0,-1.0,1.0,0.33987550292118085,-1.0,-0.21199813797330205,0.42196503763194293,4,0.0,-0.11253939935504456
2023-01-06,98.86952691290485,3.607,3.573,2289.97,0.05893821468630335,-2.237,-0.011235365244774087,0.16624045744756832,1.0,-1.0,-1.0,1.0,0.33989658682531404,-1.0,-0.12193554104589366,0.3946163707279864,4,0.0,-0.0968556458731483
2023-01-09,98.74722367200437,3.583,3.477,2350.19,0.05893821468630335,-2.242,-0.010573292238646559,0.14049385238493553,1.0,-1.0,-1.0,1.0,0.33991771862030673,-1.0,-0.11478871941277485,0.333522345351414,4,0.0,-0.11033716386026354
2023-01-10,99.89652553489886,3.588,3.462,2351.31,0.05893821468630335,-2.194,0.0031943493717339067,0.1383124870103066,1.0,-1.0,1.0,1.0,0.3399388981668245,-1.0,0.034690468679562575,0.32836783489296456,4,0.5,-0.07425069956516207
2023-01-11,100.2827766375162,3.571,3.417,2359.53,0.05893821468630335,-2.1740000000000004,0.0077029857653867495,0.14827897846124655,1.0,-1.0,1.0,1.0,0.33996012532600783,-1.0,0.08367920945505598,0.35204636443139403,4,0.5,-0.05607857519688553
2023-01-12,99.85332410986692,3.596,3.412,2365.1,0.05893821468630335,-2.1790000000000003,0.006647962122923623,0.13882203769941856,1.0,-1.0,1.0,1.0,0.3399813999594704,-1.0,0.07224033780617843,0.32961725212861637,4,0.5,-0.0645402525264337
2023-01-13,99.5496512339176,3.554,3.3,2386.09,0.05893821468630335,-2.1369999999999996,0.002751655178517609,0.13925178204540772,1.0,-1.0,1.0,1.0,0.340002721929297,-1.0,0.029910549674943845,0.3306611366350797,4,0.5,-0.07485639794016988
2023-01-16,99.56414470253875,3.599,3.383,2399.86,0.05893821468630335,-2.1950000000000003,-0.00019835610223228883,0.13758621889790712,1.0,-1.0,-1.0,1.0,0.3400240910980412,-1.0,-0.002156842929732717,0.3267307456113148,4,0.0,-0.08385050155509417
2023-01-17,100.12009522923331,3.605,3.444,2379.39,0.05893821468630335,-2.201,0.0029700184286536313,0.13529094794781021,1.0,-1.0,1.0,1.0,0.340045507328724,-1.0,0.03230507571190803,0.3213060519562096,4,0.5,-0.07658584125078959
2023-01-18,99.95748806920356,3.572,3.337,2368.32,0.05893821468630335,-2.141,-0.0002616229422791605,0.13934009141887368,1.0,-1.0,-1.0,1.0,0.3400669704848314,-1.0,-0.002846622586211969,0.3309461008364556,4,0.0,-0.08295838781623124
2023-01-19,99.98752878045808,3.532,3.222,2380.34,0.05893821468630335,-2.077,-0.0011389292213355162,0.14172776897869616,1.0,-1.0,-1.0,1.0,0.3400884804303128,-1.0,-0.012396353573970242,0.3366392309398563,4,0.0,-0.08391716055095029
2023-01-20,100.26479727301658,3.548,3.279,2395.26,0.05893821468630335,-2.1,0.006305300013341508,0.12073126000047144,1.0,-1.0,1.0,1.0,0.34011003702957887,-1.0,0.06864926150352209,0.286799885749359,4,0.5,-0.076110203929385
2023-01-25,100.2942610290606,3.535,3.229,2428.57,0.05893821468630335,-2.1020000000000003,0.0022423926716070852,0.10194394022397041,1.0,-1.0,1.0,1.0,0.34013164014749964,-1.0,0.024421992005626794,0.24220696479776777,4,0.5,-0.09830985076227645
2023-01-26,100.2802418597875,3.531,3.231,2468.65,0.05893821468630335,-2.087,0.005140193883320876,0.09424680648165407,1.0,-1.0,1.0,1.0,0.34015328964940267,-1.0,0.05599944757032877,0.22395666971506184,4,0.5,-0.09497264826630168
2023-01-27,100.40400069209632,3.506,3.283,2484.02,0.05893821468630335,-2.0629999999999997,0.0062561491110315615,0.0724732493284343,1.0,-1.0,1.0,1.0,0.3401749854010711,-1.0,0.06817797130926442,0.17225143057961773,4,0.5,-0.10484890317751168
2023-01-30,100.48150235293376,3.472,3.238,2450.47,0.05893821468630335,-2.034,0.009234110425619058,0.07463834200710984,1.0,-1.0,1.0,1.0,0.34019672726874195,-1.0,0.10066037289592032,0.17743258603191697,4,0.5,-0.09542757845085519
2023-01-31,100.65346257449484,3.489,3.297,2425.08,0.05893821468630335,-2.0359999999999996,0.010754810850445828,0.05723073884655999,1.0,-1.0,1.0,1.0,0.34021851511910395,-1.0,0.11727057216061358,0.13608108412850498,4,0.5,-0.10160745714794439
2023-02-01,100.5209601367439,3.447,3.239,2449.8,0.16298907753516056,-1.992,0.012663110767820562,0.04738176418429596,1.0,-1.0,1.0,1.0,0.940081619335507,-1.0,0.13811613363631073,0.11268910177019971,4,0.5,0.047721713685504374
2023-02-02,100.14478814710031,3.424,3.207,2468.88,0.16298907753516056,-1.9509999999999998,0.007191946806042182,0.009704443306883907,1.0,-1.0,1.0,1.0,0.9393188618611854,-1.0,0.07846592743205356,0.02308653636160526,4,0.5,0.010217831413711059
2023-02-03,101.0906572587071,3.4,3.148,2480.4,0.16298907753516056,-1.9369999999999998,0.01877166169288813,0.026201136742266408,1.0,-1.0,1.0,1.0,0.9385597119835484,-1.0,0.20484984697581618,0.06234763946713265,4,0.5,0.0514392996066243
2023-02-06,101.00669425293498,3.459,3.283,2438.19,0.16298907753516056,-2.007,0.02330322993433409,0.0475279223672392,1.0,-1.0,1.0,1.0,0.9378041453701016,-1.0,0.2543487740591602,0.1131229624125674,4,0.5,0.0763189704604573
2023-02-07,99.8104378811928,3.447,3.297,2451.71,0.16298907753516056,-1.98,0.011416187055735882,0.06066971238381054,1.0,-1.0,1.0,1.0,0.9370521379130954,-1.0,0.12463942829286084,0.1444337503744823,4,0.5,0.05153132914510963
2023-02-08,99.07690056497512,3.445,3.32,2483.64,0.16298907753516056,-1.9749999999999999,-0.0006982420487489094,0.04551770661411986,1.0,-1.0,-1.0,1.0,0.9363036657268794,-1.0,-0.007625741765958142,0.10838772871030329,4,0.0,0.009266413167806138
2023-02-09,98.99020747722098,3.46,3.362,2481.52,0.16298907753516056,-1.99,-0.0018562815233158503,0.0511251750937555,1.0,-1.0,-1.0,1.0,0.9355587051452946,-1.0,-0.020279745961422343,0.12176840377565933,4,0.0,0.009261840739882895
2023-02-10,98.53792970022756,3.451,3.365,2469.73,0.16298907753516056,-1.991,-0.008202102247376608,0.06040323861655022,1.0,-1.0,-1.0,1.0,0.9348172327191042,-1.0,-0.08963718353793744,0.14389804316622923,4,0.0,-0.002730476913150995
2023-02-13,98.53718232338082,3.478,3.43,2452.7,0.16298907753516056,-2.023,-0.00914245858293583,0.06283436991180036,1.0,-1.0,-1.0,1.0,0.934079225213459,-1.0,-0.09994707518089628,0.1497218971135323,4,0.0,-0.004036488213476255
2023-02-14,97.86953734143708,3.493,3.398,2465.64,0.16298907753516056,-2.018,-0.016472466398282926,0.05623642881200929,1.0,-1.0,-1.0,1.0,0.9333446596054001,-1.0,-0.1801374438890352,0.1340302906381202,4,0.0,-0.028190623411378714
2023-02-15,98.20626611657448,3.546,3.471,2427.9,0.16298907753516056,-2.072,-0.011246509666049676,0.04732297103210186,1.0,-1.0,-1.0,1.0,0.9326135130813975,-1.0,-0.1230286128905632,0.11281298936085973,4,0.0,-0.019400527612076494
2023-02-16,97.79577380903628,3.54,3.476,2475.48,0.16298907753516056,-2.057,-0.01659385317380213,0.016810599019560613,1.0,-1.0,-1.0,1.0,0.9318857630349212,-1.0,-0.18158231599484076,0.040085284129914876,4,0.0,-0.052402817207501166
2023-02-17,97.60982576822455,3.61,3.626,2451.21,0.16298907753516056,-2.1319999999999997,-0.016935102730874618,0.03368260601902871,1.0,-1.0,-1.0,1.0,0.9311613870640489,-1.0,-0.18537516354139308,0.08033700412609093,4,0.0,-0.043469193087813295
2023-02-20,96.63065053298936,3.616,3.641,2455.12,0.16298907753516056,-2.135,-0.026740027335923955,0.03663386827061693,1.0,-1.0,-1.0,1.0,0.9304403629691061,-1.0,-0.2927811342307117,0.08739760926060601,4,0.0,-0.06873579050024989
2023-02-21,96.6634857500088,3.592,3.6,2458.96,0.16298907753516056,-2.096,-0.026410847655623293,0.04010769995649227,1.0,-1.0,-1.0,1.0,0.9297226687503398,-1.0,-0.28925570527798017,0.09570832703432332,4,0.0,-0.06595617737332926
2023-02-22,96.80817926330396,3.607,3.639,2417.68,0.16298907753516056,-2.1050000000000004,-0.02648409466610424,0.05701541825264193,1.0,-1.0,-1.0,1.0,0.9290082826056238,-1.0,-0.2901368049682422,0.1360851562541616,4,0.0,-0.056260841527114185
2023-02-23,96.39111148336896,3.602,3.595,2439.09,0.16298907753516056,-2.11,-0.0316929976744591,0.03389841204783302,1.0,-1.0,-1.0,1.0,0.9282971829281976,-1.0,-0.34728287539870595,0.0809292800672689,4,0.0,-0.08451410310080985
2023-02-24,96.70409297083962,3.582,3.525,2423.61,0.16298907753516056,-2.082,-0.029078306295933665,0.05096090708603626,1.0,-1.0,-1.0,1.0,0.9275893483044353,-1.0,-0.31871302600295176,0.12169231513325644,4,0.0,-0.067357840641315
2023-02-27,96.93767083934704,3.652,3.619,2402.64,0.16298907753516056,-2.167,-0.029036946051545165,0.017938574453698064,1.0,-1.0,-1.0,1.0,0.9268847575116458,-1.0,-0.31834085556844,0.04284773215789835,4,0.0,-0.08715209147472397
2023-02-28,95.84061846388524,3.701,3.753,2412.85,0.16298907753516056,-2.2030000000000003,-0.038176199576216874,0.017238486494535576,1.0,-1.0,-1.0,1.0,0.9261833895159043,-1.0,-0.41861201617850285,0.041186333536228165,4,0.0,-0.11281057328159261
2023-03-02,95.48886315382003,3.74,3.84,2427.85,0.12484671355999799,-2.237,-0.03868471350671321,0.012741931132608852,1.0,-1.0,-1.0,1.0,0.7091781601164112,-1.0,-0.4242616461489469,0.030451222036561088,4,0.0,-0.17115806599899364
2023-03-03,96.00755273201972,3.707,3.776,2432.07,0.12484671355999799,-2.2199999999999998,-0.035562379592182225,0.01277188104576446,1.0,-1.0,-1.0,1.0,0.7089174166247983,-1.0,-0.3900977196933801,0.030530909418304508,4,0.0,-0.1626623484125693
2023-03-06,96.33372599263832,3.699,3.731,2462.62,0.12484671355999799,-2.187,-0.0314471139557968,0.022672705527107054,1.0,-1.0,-1.0,1.0,0.7086576495000694,-1.0,-0.3450375881958225,0.05421259952408371,4,0.0,-0.14554183479291735
2023-03-07,96.92779248300336,3.666,3.661,2463.35,0.12484671355999799,-2.1630000000000003,-0.028690625122452573,0.016451305078378414,1.0,-1.0,-1.0,1.0,0.7083988542839881,-1.0,-0.31487430443401293,0.039346975221428576,4,0.0,-0.14178211873214908
2023-03-08,97.1657261298466,3.696,3.72,2431.91,0.12484671355999799,-2.181,-0.023630553474187188,0.00533690063498124,1.0,-1.0,-1.0,1.0,0.7081410265457795,-1.0,-0.2594153855016551,0.0127678411939152,4,0.0,-0.13462662944049011
2023-03-09,95.8615236828474,3.692,3.739,2419.09,0.12484671355999799,-2.1850000000000005,-0.02902605372528999,-0.0006615073851560238,1.0,-1.0,-1.0,-1.0,0.7078841618819137,-1.0,-0.3187280802204285,-0.0015830033836065499,4,-0.5,-0.15310673043053033
2023-03-10,95.77918893973958,3.651,3.584,2394.59,0.12484671355999799,-2.147,-0.020817731598663514,0.044084164150792554,1.0,-1.0,-1.0,1.0,0.7076282559158948,-1.0,-0.22866303932762952,0.1055194311676564,4,0.0,-0.10387883806101958
2023-03-13,95.1277308426993,3.538,3.405,2410.6,0.12484671355999799,-1.9919999999999998,-0.0328807729989844,0.04253153088798193,1.0,-1.0,-1.0,1.0,0.707373304298049,-1.0,-0.3612455343138612,0.10182730065079977,4,0.0,-0.1380112323412531
2023-03-14,96.11045225532855,3.484,3.337,2348.97,0.12484671355999799,-1.924,-0.021345987558595958,0.07109984760822283,1.0,-1.0,-1.0,1.0,0.7071193027053171,-1.0,-0.2345880178875184,0.17025870758409375,4,0.0,-0.08930250189952688
2023-03-15,96.14448536139383,3.469,3.418,2379.72,0.12484671355999799,-1.9209999999999998,-0.01699263771476467,0.043575283091236726,1.0,-1.0,-1.0,1.0,0.7068662468410465,-1.0,-0.18680411095162153,0.1043719228190693,4,0.0,-0.09389148532287643
2023-03-16,96.62866616934684,3.385,3.394,2377.91,0.12484671355999799,-1.8459999999999999,-0.009593954956811146,0.06173465658161913,1.0,-1.0,-1.0,1.0,0.706614132434788,-1.0,-0.1055031041049857,0.1478991241126639,4,0.0,-0.06274746188938346
2023-03-17,95.83516749943716,3.355,3.406,2395.69,0.12484671355999799,-1.847,-0.013362598181294594,0.061385080069461966,1.0,-1.0,-1.0,1.0,0.7063629552420916,-1.0,-0.14699352888392608,0.1470932223797784,4,0.0,-0.07338433781551403
2023-03-20,96.29035938152438,3.296,3.304,2379.2,0.12484671355999799,-1.785,-0.023695325335379103,0.08372410213379541,1.0,-1.0,-1.0,1.0,0.706112711044307,-1.0,-0.2607317299251331,0.20065925426554257,4,0.0,-0.08848994115382092
2023-03-21,95.83828272591867,3.301,3.304,2388.35,0.12484671355999799,-1.7780000000000002,-0.036908894938672,0.0724289620140024,1.0,-1.0,-1.0,1.0,0.7058633956483833,-1.0,-0.406204365841902,0.17362306622889864,4,0.0,-0.131679475991155
2023-03-22,95.86400844131838,3.292,3.287,2416.96,0.12484671355999799,-1.7229999999999999,-0.036814303427816775,0.07803808274866372,1.0,-1.0,-1.0,1.0,0.7056150048866727,-1.0,-0.40524050637994824,0.1871046172889788,4,0.0,-0.1281302210510742
2023-03-23,95.74246939640362,3.29,3.266,2424.48,0.12484671355999799,-1.705,-0.031852166055758246,0.0854926488367726,1.0,-1.0,-1.0,1.0,0.7053675346167352,-1.0,-0.3507003898545726,0.2050143446559043,4,0.0,-0.11007962764548329
2023-03-24,97.11172807730075,3.285,3.21,2414.96,0.12484671355999799,-1.6920000000000002,-0.02394067587630655,0.09417433549594445,1.0,-1.0,-1.0,1.0,0.7051209807211445,-0.9979106018410124,-0.26366763672549115,0.22587032513973704,4,0.0,-0.0826467331764055
2023-03-27,96.86656845641828,3.29,3.258,2409.22,0.12484671355999799,-1.6580000000000001,-0.022518208856088684,0.09403123949886037,1.0,-1.0,-1.0,1.0,0.7048753391072968,-0.9773188383362376,-0.24807351943890404,0.22556412088831487,4,0.0,-0.07373822444488246
2023-03-28,96.21368310541595,3.288,3.281,2434.94,0.12484671355999799,-1.5379999999999998,-0.02904137050567801,0.09421830847218483,1.0,-1.0,-1.0,1.0,0.7046306057072214,-0.906204507862718,-0.32001725389969243,0.22604987300860088,4,0.0,-0.07388532076164706
2023-03-29,96.29218124906612,3.287,3.28,2443.92,0.12484671355999799,-1.4849999999999999,-0.023248633374739036,0.09010504756994543,1.0,-1.0,-1.0,1.0,0.7043867764773916,-0.8746587380185334,-0.256258447002547,0.21621821503265698,4,0.0,-0.05257804837775798
2023-03-30,96.26637983043732,3.269,3.305,2453.16,0.12484671355999799,-1.477,-0.023465200664479546,0.07943776452320499,1.0,-1.0,-1.0,1.0,0.7041438473985385,-0.8696390647235321,-0.25871938438864944,0.190656631329645,4,0.0,-0.058389492595999515
2023-03-31,95.89653579832714,3.274,3.34,2476.86,0.12484671355999799,-1.459,-0.03286762388656417,0.07770723883881729,1.0,-1.0,-1.0,1.0,0.7039018144754674,-0.8587533865426477,-0.36246850265557073,0.18653883974725938,4,0.0,-0.0826953087438729
2023-04-03,96.53796719097446,3.308,3.389,2472.34,0.17217985184764784,-1.4849999999999999,-0.025837279363246424,0.07217810378519779,1.0,-1.0,-1.0,1.0,0.9699791932268167,-0.8737429820862365,-0.28501453070014704,0.17330047017445926,4,0.0,-0.0038694623462768862
2023-04-04,94.8831369828011,3.281,3.316,2480.51,0.17217985184764784,-1.437,-0.03991096910479808,0.08592533635956834,1.0,-1.0,-1.0,1.0,0.9691899759802539,-0.8452379285155249,-0.44033362799659215,0.2063444050799622,4,0.0,-0.027509293862975237
2023-04-05,95.29086738621326,3.289,3.326,2495.21,0.17217985184764784,-1.437,-0.03493653780295336,0.08088788864229382,1.0,-1.0,-1.0,1.0,0.9684044539595484,-0.8449761662119536,-0.3855308840389321,0.19428337995153316,4,0.0,-0.016954804084951022
2023-04-06,95.14790380308597,3.275,3.278,2459.23,0.17217985184764784,-1.3519999999999999,-0.04151216848730854,0.09437411191825433,1.0,-1.0,-1.0,1.0,0.967622602408703,-0.7948117945482763,-0.45815966593493795,0.2267127656369575,4,0.0,-0.014659023109388443
2023-04-07,94.79351353334232,3.282,3.289,2490.41,0.17217985184764784,-1.27,-0.04086083705133614,0.06638990736192252,1.0,-1.0,-1.0,1.0,0.9668443967989286,-0.7464866468689908,-0.45103874399936844,0.15952000151371784,4,0.0,-0.01779024813892819
2023-04-10,94.73723461954376,3.263,3.236,2512.08,0.17217985184764784,-1.1789999999999998,-0.04118952148401611,0.06692511179103235,1.0,-1.0,-1.0,1.0,0.9660698128259875,-0.6929377113222924,-0.45473357807602244,0.16083916983230379,4,0.0,-0.0051905766850059015
2023-04-11,94.82123036127447,3.279,3.255,2547.86,0.17217985184764784,-1.056,-0.03706517936614251,0.05943915530317813,1.0,-1.0,-1.0,1.0,0.9652988264075727,-0.6206462388730668,-0.40927749884740805,0.14287930056315992,4,0.0,0.01956359731256444
2023-04-12,94.83761683631997,3.272,3.262,2550.64,0.17217985184764784,-1.0479999999999996,-0.0317009286884371,0.04859994432705854,1.0,-1.0,-1.0,1.0,0.9645314136807259,-0.6159475156386517,-0.3501263785000513,0.11685092249318395,4,0.0,0.028827110508801723
2023-04-13,94.36379459839416,3.235,3.273,2561.66,0.17217985184764784,-1.0829999999999997,-0.03373518442629475,0.05980511994851476,1.0,-1.0,-1.0,1.0,0.9637675509992908,-0.6365069928554148,-0.37267479725370756,0.14382302922286466,4,0.0,0.024602197528258277
2023-04-14,94.63084483557203,3.235,3.286,2571.49,0.17217985184764784,-1.1589999999999998,-0.03693602594372525,0.04965609193328643,1.0,-1.0,-1.0,1.0,0.9630072149314027,-0.6811259242891197,-0.40811172958345004,0.11944326877764401,4,0.0,-0.001696792540880742
2023-04-17,96.05653919050458,3.242,3.349,2575.91,0.17217985184764784,-1.2189999999999999,-0.02553952782615987,0.04174857825172957,1.0,-1.0,-1.0,1.0,0.9622503822570145,-0.7163041872818441,-0.2822671722210877,0.10044624091341299,4,0.0,0.016031315916873932
2023-04-18,95.43319600255988,3.228,3.352,2571.09,0.17217985184764784,-1.2160000000000002,-0.028253784763586864,0.046643857231828394,1.0,-1.0,-1.0,1.0,0.9614970299654557,-0.7144608495862066,-0.31234573061691245,0.1122501537573828,4,0.0,0.011735150879929868
2023-04-19,94.84361788708976,3.237,3.37,2575.08,0.17217985184764784,-1.242,-0.0325751767707958,0.0527431071876812,1.0,-1.0,-1.0,1.0,0.9607471352530266,-0.7296405291170035,-0.3602000126901976,0.12695668309329772,4,0.0,-0.000534180865219197
2023-04-20,94.97108962612408,3.234,3.409,2563.11,0.17217985184764784,-1.2369999999999999,-0.03110455844076654,0.05124878172991714,1.0,-1.0,-1.0,1.0,0.9600006755206261,-0.7266102788637311,-0.34402008038973847,0.12338759679777826,4,0.0,0.003189478266233694
2023-04-21,94.27209936833042,3.218,3.343,2544.4,0.17217985184764784,-1.2269999999999999,-0.03740655621157085,0.06599085066807639,1.0,-1.0,-1.0,1.0,0.959257628371412,-0.7206502709379548,-0.41379711769414146,0.15891378866989964,4,0.0,-0.004068992897696133
2023-04-24,94.2305247378988,3.217,3.306,2523.5,0.17217985184764784,-1.219,-0.04070670952286193,0.06998787088052374,1.0,-1.0,-1.0,1.0,0.9585179716084951,-0.7158710562300061,-0.45037225446692714,0.1685730250839239,4,0.0,-0.009788078501128575
2023-04-25,93.91490972651673,3.228,3.323,2489.02,0.17217985184764784,-1.2560000000000002,-0.04175501325128472,0.05455753423372272,1.0,-1.0,-1.0,1.0,0.9577816832326632,-0.7374956867288952,-0.46203555653967077,0.13143659671118715,4,0.0,-0.0275782408311789
2023-04-26,93.9313819063452,3.219,3.309,2484.83,0.17217985184764784,-1.2559999999999998,-0.04165985243327608,0.06172106646195559,1.0,-1.0,-1.0,1.0,0.9570487414401385,-0.7373921632955709,-0.46104797882148396,0.14872613355481648,4,0.0,-0.023166316780524963
2023-04-27,93.72512465274475,3.253,3.342,2495.81,0.17217985184764784,-1.2950000000000002,-0.04354422947011738,0.04324946733263747,1.0,-1.0,-1.0,1.0,0.9563191246203651,-0.7601586095806933,-0.48196081944167546,0.1042404940518175,4,0.0,-0.045389952587546536
2023-04-28,93.50008500344136,3.281,3.36,2501.53,0.17217985184764784,-1.3210000000000002,-0.03624609365734788,0.04871541067972583,1.0,-1.0,-1.0,1.0,0.9555928113538267,-0.7752713460828181,-0.4012610252499604,0.11744140108472426,4,0.0,-0.02587453972355689
2023-05-02,93.67891795564752,3.324,3.372,2524.39,0.14761501760169796,-1.3539999999999999,-0.031652619279549654,0.055017307681800104,1.0,-1.0,-1.0,1.0,0.8188438421309976,-0.794463816007547,-0.35049060001771243,0.13266307751310263,4,0.0,-0.0483618740952898
2023-05-03,93.64802934150624,3.335,3.324,2501.4,0.14761501760169796,-1.323,-0.03680022778779346,0.07622221349688015,1.0,-1.0,-1.0,1.0,0.8184305628827355,-0.7761251370020825,-0.40756763249413663,0.18382966785125848,4,0.0,-0.04535813469055629
2023-05-04,93.49335295183472,3.326,3.278,2500.94,0.14761501760169796,-1.3160000000000003,-0.03907512495883392,0.07956176038117356,1.0,-1.0,-1.0,1.0,0.8180189007488755,-0.7718753017891996,-0.4328353387089472,0.19191968441396112,4,0.0,-0.04869301383382754
2023-05-08,94.27452665267002,3.342,3.31,2513.21,0.14761501760169796,-1.319,-0.029378422750161448,0.07326884625920713,1.0,-1.0,-1.0,1.0,0.817608847371171,-0.7734899052958192,-0.3255057642566373,0.1767745170832063,4,0.0,-0.026153076274519793
2023-05-09,94.5060683733773,3.344,3.318,2510.06,0.14761501760169796,-1.327,-0.02786643725863236,0.061219135709454094,1.0,-1.0,-1.0,1.0,0.8172003944500853,-0.7780308170801207,-0.3088330241370157,0.14773379746736268,4,0.0,-0.030482412324922097
2023-05-10,94.56762165194756,3.353,3.341,2496.51,0.14761501760169796,-1.364,-0.023674356346919723,0.05060676145683811,1.0,-1.0,-1.0,1.0,0.8167935337442679,-0.799544911498718,-0.2624476228751233,0.12215161556056983,4,0.0,-0.03076184626725089
2023-05-11,94.373063054913,3.344,3.292,2491.0,0.14761501760169796,-1.3629999999999998,-0.02714176723816042,0.05038325578524684,1.0,-1.0,-1.0,1.0,0.8163882570700344,-0.7987810122897933,-0.30096533560143635,0.1216395970559449,4,0.0,-0.04042962344131258
2023-05-12,94.81456374351056,3.35,3.274,2475.42,0.14761501760169796,-1.401,-0.02111407600575621,0.045723861138275056,1.0,-1.0,-1.0,1.0,0.8159845563008542,-0.8208413886622453,-0.2341949341091451,0.11041598700775769,4,0.0,-0.032158944865694636
2023-05-15,94.11875976670136,3.391,3.332,2479.35,0.14761501760169796,-1.441,-0.027485411737346865,0.015088302177910861,1.0,-1.0,-1.0,1.0,0.8155824233668428,-0.8440321125680204,-0.30494430963341423,0.036445311531291956,4,0.0,-0.07423717182582495
2023-05-16,93.83363497933476,3.392,3.303,2480.24,0.14761501760169796,-1.438,-0.02505717056068857,0.042225556309805866,1.0,-1.0,-1.0,1.0,0.8151818502542596,-0.8420336271923156,-0.2780796202726207,0.1020184047067948,4,0.0,-0.05072824812597046
2023-05-17,94.05460565610454,3.416,3.319,2494.66,0.14761501760169796,-1.375,-0.025091203938073292,0.03668274716187163,1.0,-1.0,-1.0,1.0,0.8147828290050105,-0.8049590110603442,-0.2785334372288815,0.0886480634548048,4,0.0,-0.04501538895735259
2023-05-18,94.03139630977977,3.426,3.367,2515.4,0.14761501760169796,-1.3860000000000001,-0.026540021740874664,0.034510405973220595,1.0,-1.0,-1.0,1.0,0.8143853517161578,-0.8112057811192687,-0.2946946524505108,0.0834185396692026,4,0.0,-0.05202413554610477
2023-05-19,94.7208474788111,3.445,3.419,2537.79,0.14761501760169796,-1.367,-0.0212305534238304,0.026240536153295045,1.0,-1.0,-1.0,1.0,0.8139894105394329,-0.7999091072199431,-0.23580814869747382,0.06344443037802419,4,0.0,-0.039570853749989976
2023-05-22,94.852684503534,3.447,3.398,2557.08,0.14761501760169796,-1.3679999999999999,-0.025397013283899206,0.006414960243438621,1.0,-1.0,-1.0,1.0,0.8135949976807557,-0.8003179410017139,-0.28216162206671863,0.01551419138580757,4,0.0,-0.06334259350046732
2023-05-23,95.67317946742452,3.47,3.473,2567.55,0.14761501760169796,-1.3980000000000001,-0.010967501025445081,0.009317804765955059,1.0,-1.0,-1.0,1.0,0.8132021053997593,-0.8176679584136878,-0.12188787853286873,0.022540437325100977,4,0.0,-0.025953323555424047
2023-05-24,96.43569894644368,3.464,3.502,2567.45,0.14761501760169796,-1.376,-0.00485187232496731,0.011137283252881325,1.0,-1.0,-1.0,1.0,0.8128107260093189,-0.8046191334736108,-0.053938575545040536,0.026948896858366402,4,0.0,-0.004699521537741505
2023-05-25,96.10560698062604,3.513,3.597,2554.69,0.14761501760169796,-1.4209999999999998,-0.005743337509215074,-0.010804292993112696,1.0,-1.0,-1.0,-1.0,0.8124208518750855,-0.8307135452301166,-0.06386927377564018,-0.026150248375943763,4,-0.5,-0.02707805387665377
2023-05-26,95.84724707280547,3.538,3.639,2558.81,0.14761501760169796,-1.4469999999999996,-0.009978787551891521,-0.014389620929326483,1.0,-1.0,-1.0,-1.0,0.8120324754150264,-0.8456706388266857,-0.1110051191731158,-0.03483750307282432,4,-0.5,-0.04487019641439984
2023-05-30,95.63342067972572,3.569,3.651,2585.52,0.14761501760169796,-1.44,-0.014237117521457066,-0.02267816992010932,1.0,-1.0,-1.0,-1.0,0.8116455890989688,-0.8413447019862783,-0.1584245524572005,-0.05491926933306169,4,-0.5,-0.06076073366939293
2023-05-31,95.9084613879522,3.54,3.532,2577.12,0.14761501760169796,-1.403,-0.01210977569742866,-0.0022324884918864286,1.0,-1.0,-1.0,-1.0,0.8112601854481478,-0.8195259533480618,-0.13479478393603572,-0.005407816770931112,4,-0.5,-0.037117092151720196
2023-06-01,96.09386592433452,3.546,3.549,2569.17,0.1582028262794779,-1.415,-0.01856106227765686,0.011328233932879465,1.0,-1.0,-1.0,1.0,0.8689504862680514,-0.8263249447247264,-0.20666643971581614,0.02744780275600764,4,0.0,-0.03414827385412088
2023-06-02,96.0218935060249,3.51,3.495,2601.36,0.1582028262794779,-1.347,-0.02326505036629989,0.018461482132615642,1.0,-1.0,-1.0,1.0,0.8684544920476507,-0.7864610871636578,-0.2591152634939756,0.04474271878919246,4,0.0,-0.033094784955197576
2023-06-05,96.93251560681234,3.538,3.561,2615.41,0.1582028262794779,-1.3569999999999998,-0.022424578375328075,0.005325478451598897,1.0,-1.0,-1.0,1.0,0.8679604965459304,-0.7921390461455965,-0.24982550449096622,0.012910068406941115,4,0.0,-0.04027349642092279
2023-06-07,96.98335541900596,3.514,3.522,2615.6,0.1582028262794779,-1.3339999999999996,-0.011080169677133433,0.011468371771964171,1.0,-1.0,-1.0,1.0,0.8674684888434948,-0.7785705928627257,-0.12347971468901184,0.02780891840858691,4,0.0,-0.001693225074913948
2023-06-08,97.7311746690428,3.531,3.632,2610.85,0.1582028262794779,-1.3090000000000002,-0.010415752644906462,-0.0016045968281433428,1.0,-1.0,-1.0,-1.0,0.8669784581022281,-0.7638561149607357,-0.11611190019768734,-0.003891919302469323,4,-0.5,-0.004220369089666071
2023-06-09,97.20647061478954,3.503,3.613,2641.16,0.1582028262794779,-1.2770000000000001,-0.004974488157116319,-0.016979319246388336,1.0,-1.0,-1.0,-1.0,0.8664903935645251,-0.745081611147753,-0.055471628881894344,-0.041194212323850156,4,-0.5,0.006185735302756902
2023-06-12,98.00293812937043,3.492,3.576,2629.35,0.1582028262794779,-1.258,0.00085225724832938,-0.00988816630982562,1.0,-1.0,1.0,-1.0,0.8660042845525294,-0.7339073776057489,0.009506589518012934,-0.02399654170093449,4,0.0,0.029401738690964747
2023-06-13,98.38812048956903,3.467,3.578,2637.95,0.1582028262794779,-1.177,0.005143623183991863,-0.022720379816310476,1.0,-1.0,1.0,-1.0,0.8655201204673819,-0.6866110013715822,0.05739157039769361,-0.055152726877903416,4,0.0,0.04528699065389749
2023-06-14,99.47311847826606,3.489,3.635,2619.08,0.1582028262794779,-1.073,0.02009514568556625,-0.043210004448482844,1.0,-1.0,1.0,-1.0,0.8650378907884757,-0.625947396502683,0.22426045074970352,-0.1049191590876306,4,0.0,0.08960794648696639
2023-06-15,99.53360489184226,3.507,3.685,2608.54,0.1582028262794779,-1.056,0.03226714279459664,-0.044835907071486825,1.0,-1.0,1.0,-1.0,0.8645575850727218,-0.6160423014274595,0.36012041836056974,-0.10889687645973427,4,0.0,0.12493470638652444
2023-06-16,99.03671187842995,3.502,3.657,2625.79,0.1582028262794779,-0.9609999999999999,0.029126510593039612,-0.059323738548981486,1.0,-1.0,1.0,-1.0,0.8640791929538217,-0.5606636038411906,0.32510083805621187,-0.1441238261577504,4,0.0,0.12109815025277315
2023-06-19,99.48997600498208,3.514,3.633,2609.5,0.1582028262794779,-0.863,0.037895489245010516,-0.051775262883099485,1.0,-1.0,1.0,-1.0,0.8636027041415493,-0.5035512014418619,0.4229704368819992,-0.1258195267169067,4,0.0,0.16430060321619497
2023-06-20,99.0237113702198,3.503,3.642,2604.91,0.1582028262794779,-0.6840000000000002,0.0292154130499096,-0.05277901143634203,1.0,-1.0,1.0,-1.0,0.8631281084210397,-0.3991848083497043,0.3261194249192495,-0.12829369337991925,4,0.0,0.16544225790266642
2023-06-21,99.15994175746056,3.502,3.621,2582.63,0.1582028262794779,-0.6909999999999998,0.03155383198129247,-0.06404402411475747,1.0,-1.0,1.0,-1.0,0.862655395652088,-0.40334805302074594,0.3522465567715607,-0.15571830691454974,4,0.0,0.16395889812208825
2023-06-22,98.37041057121348,3.506,3.647,2593.7,0.1582028262794779,-0.6719999999999997,0.028057197137274947,-0.06366276219237178,1.0,-1.0,1.0,-1.0,0.8621845557684535,-0.3923357892307968,0.3132470544330329,-0.1548330018529064,4,0.0,0.1570657047794458
2023-06-23,98.53032498976653,3.51,3.663,2570.1,0.1582028262794779,-0.6799999999999997,0.029391210539806423,-0.0910737450348,1.0,-1.0,1.0,-1.0,0.8617155787771742,-0.3970846840763808,0.3281721062025586,-0.22155533955822976,4,0.0,0.14281191533628057
2023-06-26,97.9948925937553,3.505,3.611,2582.2,0.1582028262794779,-0.669,0.02587093952954156,-0.10032584087037921,1.0,-1.0,1.0,-1.0,0.8612484547578874,-0.39073961902602283,0.2889049241090204,-0.24412361039402974,4,0.0,0.1288225373617138
2023-06-27,97.93229597622438,3.501,3.603,2581.39,0.1582028262794779,-0.677,0.02920393394160037,-0.0843136875762313,1.0,-1.0,1.0,-1.0,0.860783173862159,-0.3954904032258226,0.32615696342421724,-0.2052143747998568,4,0.0,0.1465588398151742
2023-06-28,97.96439791613469,3.508,3.611,2564.19,0.1582028262794779,-0.6320000000000001,0.03054322213097649,-0.056654221752589,1.0,-1.0,1.0,-1.0,0.8603197263128189,-0.36928050033528637,0.34114256736521553,-0.13793026386783552,4,0.0,0.17356288236872813
2023-06-29,98.08477070660688,3.525,3.626,2550.02,0.1582028262794779,-0.6469999999999998,0.021604394044973496,-0.04715039846390465,1.0,-1.0,1.0,-1.0,0.8598581024033066,-0.3781234436154551,0.24134602370299796,-0.11482352890411708,4,0.0,0.15206428839668312
2023-06-30,97.58144573495474,3.563,3.675,2564.28,0.1582028262794779,-0.6630000000000003,0.014007584649587734,-0.07606214441895379,1.0,-1.0,1.0,-1.0,0.8593982924970203,-0.38755262488336234,0.1565181635163959,-0.18528000081492726,4,0.0,0.11077095757878164
2023-07-03,97.0410003975813,3.559,3.607,2602.47,0.17689369918143472,-0.5780000000000003,0.014141880071830926,-0.10714032068864932,1.0,-1.0,1.0,-1.0,0.9602434669367147,-0.3379429196249813,0.15805623367945512,-0.26104663231283093,4,0.0,0.1298275371695894
2023-07-04,97.6990684217734,3.562,3.623,2593.31,0.17689369918143472,-0.5979999999999999,0.02597556248776911,-0.12831217962114708,1.0,-1.0,1.0,-1.0,0.9595580301872334,-0.3497137767244961,0.29035390241164916,-0.31270064589823304,4,0.0,0.14687437749403837
2023-07-05,98.36464986035593,3.564,3.644,2579.0,0.17689369918143472,-0.605,0.027289701219579854,-0.12674478880234613,1.0,-1.0,1.0,-1.0,0.9588755750248047,-0.3538849652428353,0.3050799201059486,-0.3089494979302219,4,0.0,0.15028025798942402
2023-07-06,98.49675846400476,3.59,3.713,2556.29,0.17689369918143472,-0.6359999999999997,0.03077093758363869,-0.11436566465126934,1.0,-1.0,1.0,-1.0,0.9581960831616804,-0.3720961298550944,0.34402531988169127,-0.27884005613245805,4,0.0,0.1628213042639548
2023-07-07,98.43591919611252,3.623,3.761,2526.71,0.17689369918143472,-0.7140000000000004,0.027302857266017,-0.1347688993901617,1.0,-1.0,1.0,-1.0,0.9575195364635561,-0.41780774967024475,0.30528816634626654,-0.32865591617747664,4,0.0,0.12908600924052532
2023-07-10,97.90164993886616,3.665,3.863,2520.7,0.17689369918143472,-0.7450000000000001,0.02552576931563255,-0.12131743232026608,1.0,-1.0,1.0,-1.0,0.9568459169479314,-0.43602346007618115,0.28545730938523645,-0.2959197435307185,4,0.0,0.12759000568156706
2023-07-11,98.07023753270396,3.629,3.758,2562.49,0.17689369918143472,-0.6699999999999999,0.024815810397723403,-0.11814457307735818,1.0,-1.0,1.0,-1.0,0.9561752067824901,-0.3922067354330425,0.2775584408288093,-0.28824704484832553,4,0.0,0.13831996683248285
2023-07-12,98.57766596382233,3.627,3.756,2574.72,0.17689369918143472,-0.6529999999999996,0.027410648041699126,-0.12515448301052962,1.0,-1.0,1.0,-1.0,0.955507388283503,-0.3823335285036472,0.30661761094074047,-0.30541795127917537,4,0.0,0.14359337986035522
2023-07-13,98.41670521848124,3.574,3.657,2591.23,0.17689369918143472,-0.5899999999999999,0.02389769422865129,-0.13617146443055916,1.0,-1.0,1.0,-1.0,0.9548424439142494,-0.3455237817776971,0.2673631097164782,-0.33237291221779003,4,0.0,0.13607721490881008
2023-07-14,99.289148115364,3.592,3.685,2628.3,0.17689369918143472,-0.6219999999999999,0.0417519778715727,-0.1517857263208974,1.0,-1.0,1.0,-1.0,0.9541803562834614,-0.36434197384657957,0.46708144636307863,-0.3705549348009492,4,0.0,0.1715912234997528
2023-07-17,100.0435004188669,3.588,3.66,2619.0,0.17689369918143472,-0.577,0.043967919360785146,-0.14942587951427255,1.0,-1.0,1.0,-1.0,0.9535211081437854,-0.33805918284913344,0.49182058877101625,-0.36486406908566604,4,0.0,0.18560461124500058
2023-07-18,100.0711262586756,3.58,3.651,2607.62,0.17689369918143472,-0.5830000000000002,0.04592252564638244,-0.14486914791862182,1.0,-1.0,1.0,-1.0,0.9528646823902669,-0.3416511431620833,0.513615624270383,-0.35380789919663014,4,0.0,0.19275531607548416
2023-07-19,100.5328844595572,3.542,3.575,2608.24,0.17689369918143472,-0.5459999999999998,0.06129748274582081,-0.11797296926556292,1.0,-1.0,1.0,-1.0,0.9522110620588503,-0.32004291662173157,0.6852837835325756,-0.28818696380054354,4,0.0,0.2573162412922877
2023-07-20,100.41410121146674,3.552,3.606,2600.23,0.17689369918143472,-0.5779999999999998,0.05611712420636206,-0.12054074853926239,1.0,-1.0,1.0,-1.0,0.9515602303249021,-0.3388763674731706,0.6271702884801061,-0.2945267289177277,4,0.0,0.23633185560352746
2023-07-21,100.4063218528982,3.551,3.636,2609.76,0.17689369918143472,-0.5660000000000003,0.05626436053497219,-0.11136375808685109,1.0,-1.0,1.0,-1.0,0.9509121705017508,-0.331916615302564,0.6286154433873792,-0.2721683445576541,4,0.0,0.24386066350722796
2023-07-24,99.30016530283444,3.548,3.64,2628.53,0.17689369918143472,-0.5750000000000002,0.03962745525675704,-0.1084266155380105,1.0,-1.0,1.0,-1.0,0.950266866039245,-0.3372706259478926,0.4427245864635253,-0.26505356597272234,4,0.0,0.19766681514553888
2023-07-25,99.2112443813937,3.551,3.684,2636.46,0.17689369918143472,-0.6080000000000001,0.040727105270090824,-0.12739079705938536,1.0,-1.0,1.0,-1.0,0.949624300522331,-0.3567044882195766,0.45498804190695274,-0.3114809128139883,4,0.0,0.18410673534892968
2023-07-26,99.23980689277272,3.524,3.658,2592.36,0.17689369918143472,-0.5950000000000002,0.041129750954191024,-0.11132360112386697,1.0,-1.0,1.0,-1.0,0.948984457669648,-0.34915459545033745,0.45946148881399723,-0.27225973217996335,4,0.0,0.1967579047133361
2023-07-27,99.3332597689814,3.506,3.637,2603.81,0.17689369918143472,-0.5749999999999997,0.042205272115116266,-0.1124415473842949,1.0,-1.0,1.0,-1.0,0.9483473213321411,-0.3374944484576751,0.4714433387051285,-0.27505862202191267,4,0.0,0.20180939738942044
2023-07-28,99.79113256484489,3.521,3.728,2608.32,0.17689369918143472,-0.589,0.045212936680846916,-0.125347611199892,1.0,-1.0,1.0,-1.0,0.947712875491691,-0.3457884548147566,0.504980943834931,-0.3066980505182742,4,0.0,0.2000518284983978
2023-07-31,99.46621533669888,3.523,3.761,2632.58,0.17689369918143472,-0.5740000000000003,0.045450931466898936,-0.12270672058359772,1.0,-1.0,1.0,-1.0,0.9470811042597626,-0.33705836141301115,0.5075784363634155,-0.3003039305359555,4,0.0,0.20432431216855282
2023-08-01,99.86139121412252,3.494,3.727,2667.07,0.21798944371534684,-0.5920000000000001,0.04379493629553988,-0.13228040946544703,1.0,-1.0,1.0,-1.0,1.0,-0.3477049765949531,0.48903974425389857,-0.3238032195963039,4,0.0,0.20438288701566037
2023-08-02,99.59185546248604,3.494,3.793,2616.47,0.21798944371534684,-0.5700000000000003,0.037481198422920414,-0.11354011060365345,1.0,-1.0,1.0,-1.0,1.0,-0.3348593430773576,0.41853733913831537,-0.27799475612979735,4,0.0,0.2014208099827901
2023-08-03,98.91917883309888,3.494,3.861,2605.39,0.21798944371534684,-0.6030000000000002,0.03674343092720189,-0.1275800866199076,1.0,-1.0,1.0,-1.0,1.0,-0.3543231431182654,0.410303720043605,-0.31243914894767166,4,0.0,0.185885356994417
2023-08-04,98.59186810184258,3.498,3.876,2602.8,0.21798944371534684,-0.5970000000000004,0.031798674714700326,-0.11543718144626905,1.0,-1.0,1.0,-1.0,1.0,-0.3508745260199512,0.355113554528012,-0.2827672096870073,4,0.0,0.18036795470526334
2023-08-07,98.0722694338872,3.475,3.814,2580.71,0.21798944371534684,-0.5830000000000002,0.02958658419109028,-0.09554808693485871,1.0,-1.0,1.0,-1.0,1.0,-0.3427227233921364,0.3304431728816982,-0.23410644443235598,4,0.0,0.18840350126430147
2023-08-08,98.13775352641414,3.466,3.74,2573.98,0.21798944371534684,-0.5900000000000003,0.0319439326651656,-0.08212939511981834,1.0,-1.0,1.0,-1.0,1.0,-0.3469144385331122,0.356797850750614,-0.20128048081712802,4,0.0,0.20215073285009344
2023-08-09,97.75873420948746,3.474,3.774,2605.12,0.21798944371534684,-0.5740000000000003,0.017998487057370838,-0.09171182335205216,1.0,-1.0,1.0,-1.0,1.0,-0.33758255283481853,0.20107653496596833,-0.22482129794073819,4,0.0,0.1596681710476029
2023-08-10,97.32977958486956,3.475,3.786,2601.56,0.21798944371534684,-0.5760000000000001,0.018061235679716958,-0.08803749007050157,1.0,-1.0,1.0,-1.0,1.0,-0.33883484421209836,0.2018199827524157,-0.2158687783486903,4,0.0,0.16177909004790675
2023-08-11,97.46729916920954,3.476,3.824,2591.26,0.21798944371534684,-0.5739999999999998,0.02033764701789753,-0.09289090795554504,1.0,-1.0,1.0,-1.0,1.0,-0.33773426831806364,0.22730068215193552,-0.22782638586817774,4,0.0,0.16543500699142355
2023-08-14,97.3415374760671,3.489,3.889,2570.87,0.21798944371534684,-0.5949999999999998,0.024764838258701793,-0.07208658537539726,1.0,-1.0,1.0,-1.0,1.0,-0.35016722702973124,0.27682251178345435,-0.17684744567601166,4,0.0,0.18745195976942786
2023-08-16,96.95888085445642,3.462,3.867,2525.64,0.21798944371534684,-0.56,0.016914254519648786,-0.04588975413120781,1.0,-1.0,1.0,-1.0,1.0,-0.32964432186602655,0.1891096905271242,-0.11260983230649385,4,0.0,0.18671388408865097
2023-08-17,96.6516061372266,3.49,3.976,2519.85,0.21798944371534684,-0.6280000000000001,0.012203044996082824,-0.0601897358220419,1.0,-1.0,1.0,-1.0,1.0,-0.36975027692817797,0.1364701428524118,-0.14774002202288522,4,0.0,0.15474496097533713
2023-08-18,96.40579130942852,3.471,3.914,2504.5,0.21798944371534684,-0.589,0.01177267878193966,-0.053311987971608944,1.0,-1.0,1.0,-1.0,1.0,-0.34686462893097425,0.1316904488515532,-0.13089297020898627,4,0.0,0.16348321242789818
2023-08-21,96.54701095760862,3.51,3.973,2508.8,0.21798944371534684,-0.6229999999999998,0.013141107115052009,-0.060458992397854454,1.0,-1.0,1.0,-1.0,1.0,-0.3669649676949017,0.14703370382733683,-0.14847978800648332,4,0.0,0.15789723703148795
2023-08-22,96.31615220277456,3.514,3.986,2515.74,0.21798944371534684,-0.589,0.014539580772262362,-0.06328454623098356,1.0,-1.0,1.0,-1.0,1.0,-0.34701451082332635,0.16271922484666787,-0.15546000845636304,4,0.0,0.1650611763917446
2023-08-23,96.48711153132744,3.508,3.92,2505.5,0.21798944371534684,-0.5470000000000002,0.021043920257510784,-0.0635512213535349,1.0,-1.0,1.0,-1.0,1.0,-0.32234416145676553,0.23555602270084816,-0.15615626236191676,4,0.0,0.18926389972054147
2023-08-24,96.39927475059883,3.511,3.878,2537.68,0.21798944371534684,-0.5209999999999999,0.02654395422756295,-0.08252390063537877,1.0,-1.0,1.0,-1.0,1.0,-0.3070949969351541,0.2971606385996245,-0.20282719276724812,4,0.0,0.19680961222430557
2023-08-25,97.5032534016448,3.539,3.935,2519.14,0.21798944371534684,-0.4930000000000003,0.040526861143897364,-0.06903090723159781,1.0,-1.0,1.0,-1.0,1.0,-0.2906610307734564,0.4536820400839658,-0.16970849377261796,4,0.0,0.24832812888447284
2023-08-28,97.3405303304716,3.534,3.872,2543.41,0.21798944371534684,-0.34399999999999986,0.03806529272610426,-0.048672589658682916,1.0,-1.0,1.0,-1.0,1.0,-0.2028670977656657,0.42612405296311673,-0.11969061284401376,4,0.0,0.2758915855883593
2023-08-29,97.61652418631716,3.526,3.844,2552.16,0.21798944371534684,-0.3169999999999997,0.03870087179026349,-0.046506262907015594,1.0,-1.0,1.0,-1.0,1.0,-0.1869934668886471,0.43323369725568023,-0.11439386852965909,4,0.0,0.28296159045934355
2023-08-30,97.6182534959502,3.515,3.85,2561.22,0.21798944371534684,-0.24300000000000033,0.033767367518941604,-0.0646731051988828,1.0,-1.0,1.0,-1.0,1.0,-0.14337991104895537,0.3780259796263449,-0.15912156948127873,4,0.0,0.26888112477402776
2023-08-31,97.65527799358983,3.5,3.821,2556.27,0.21798944371534684,-0.2559999999999998,0.042683446980113615,-0.052161620372631994,1.0,-1.0,1.0,-1.0,1.0,-0.15109036269916298,0.477808388662173,-0.12837240241818879,4,0.0,0.29958640588620533
2023-09-01,97.6280353132244,3.497,3.778,2563.71,0.14542133199591586,-0.2290000000000001,0.0423329395778822,-0.040967662209335884,1.0,-1.0,1.0,-1.0,0.7602718406144512,-0.13519075668343317,0.4738545789582696,-0.1008503410113857,4,0.0,0.2495213304694755
2023-09-04,97.86185052739609,3.518,3.856,2584.55,0.14542133199591586,-0.21499999999999986,0.042688581889136046,-0.0716795683673056,1.0,-1.0,1.0,-1.0,0.7600205731755211,-0.1269593087434522,0.47780277164409923,-0.17649984381030354,4,0.0,0.23359104806646613
2023-09-05,97.92927887689048,3.528,3.886,2582.18,0.14542133199591586,-0.278,0.04594638018138664,-0.08109209914215637,1.0,-1.0,1.0,-1.0,0.7597701871874564,-0.16420458722908862,0.5142055629617036,-0.19972768816930198,4,0.0,0.22751086868769238
2023-09-06,97.8455222397346,3.514,3.893,2563.34,0.14542133199591586,-0.3089999999999997,0.049125739302270155,-0.08215019929431869,1.0,-1.0,1.0,-1.0,0.759520678926508,-0.18256301032440422,0.5496935268292317,-0.20238524211458253,4,0.0,0.23106648832918822
2023-09-07,97.4425386907861,3.568,3.969,2548.26,0.14542133199591586,-0.32600000000000007,0.05306401199535049,-0.07633572709711728,1.0,-1.0,1.0,-1.0,0.7592720446901262,-0.19265720391705432,0.593619300202384,-0.188109083249125,4,0.0,0.24303126443158268
2023-09-08,97.37394579895894,3.562,3.895,2547.68,0.14542133199591586,-0.3299999999999996,0.05021371024714405,-0.0822911556705607,1.0,-1.0,1.0,-1.0,0.7590242807968077,-0.19507192356373532,0.5616283179104099,-0.2028361799743873,4,0.0,0.23068612379227374
2023-09-11,97.49201588388998,3.607,3.961,2556.88,0.14542133199591586,-0.4630000000000001,0.06085268144236,-0.09701057324085302,1.0,-1.0,1.0,-1.0,0.7587773835859435,-0.27375894920464683,0.6803596265264164,-0.23917597230142773,4,0.0,0.23155052215157135
2023-09-12,97.316703302436,3.622,3.965,2536.58,0.14542133199591586,-0.4670000000000001,0.06052720130004818,-0.06251646522381318,1.0,-1.0,1.0,-1.0,0.7585313494176688,-0.2761915482365515,0.6764646523006174,-0.15417241563905348,4,0.0,0.25115800946067024
2023-09-13,97.76117145763914,3.629,3.949,2534.7,0.14542133199591586,-0.41900000000000004,0.05770493476158034,-0.07369950124096128,1.0,-1.0,1.0,-1.0,0.7582861746727134,-0.24786587519417516,0.6447155780439026,-0.1817978728280272,4,0.0,0.24333450117360345
2023-09-14,97.6480894034479,3.633,3.917,2572.89,0.14542133199591586,-0.4049999999999998,0.06815805170529998,-0.0788788339354959,1.0,-1.0,1.0,-1.0,0.7580418557522542,-0.2396446076369099,0.76109445419533,-0.19462365120737662,4,0.0,0.2712170127758244
2023-09-15,97.7651543298719,3.645,3.928,2601.28,0.14542133199591586,-0.43400000000000016,0.06948606796006818,-0.10021575832555471,1.0,-1.0,1.0,-1.0,0.7577983890777685,-0.25686834258010227,0.7754846521199595,-0.2473296048186415,4,0.0,0.2572712734497461
2023-09-18,97.66175433389326,3.664,3.982,2574.72,0.14542133199591586,-0.4700000000000002,0.06619059008086747,-0.10395984735781479,1.0,-1.0,1.0,-1.0,0.7575557710908888,-0.27824313221503527,0.7383440494282276,-0.25663112574942903,4,0.0,0.24025639063866303
2023-09-19,97.8323546216399,3.652,3.952,2559.21,0.14542133199591586,-0.4850000000000003,0.0659158614932398,-0.08699624669581013,1.0,-1.0,1.0,-1.0,0.7573139982532586,-0.2871923681903583,0.7349249456528145,-0.2148092613436111,4,0.0,0.24755932859302596
2023-09-20,98.09982858853836,3.653,3.963,2559.74,0.14542133199591586,-0.4780000000000002,0.06641585634273905,-0.09243830204078175,1.0,-1.0,1.0,-1.0,0.7570730670463897,-0.2831157954865995,0.7401359691160055,-0.22830303219032122,4,0.0,0.24644755212136865
2023-09-21,97.72314245510503,3.672,4.031,2514.97,0.14542133199591586,-0.39400000000000013,0.06218763388990389,-0.07812168229308007,1.0,-1.0,1.0,-1.0,0.7568329739715207,-0.23342245405792078,0.6927397522509455,-0.1929932324097799,4,0.0,0.2557892599386914
2023-09-22,97.0209886787212,3.658,4.001,2508.13,0.14542133199591586,-0.31599999999999984,0.06352520854346899,-0.08210563799196581,1.0,-1.0,1.0,-1.0,0.756593715549477,-0.1872606197501844,0.7073384055554568,-0.2028865729733766,4,0.0,0.2684462320953432
2023-09-25,97.16960616118638,3.651,4.012,2495.76,0.14542133199591586,-0.04699999999999971,0.06251065608023243,-0.09082276234873948,1.0,-1.0,1.0,-1.0,0.7563552883205308,-0.027858961900016514,0.6957610618893062,-0.22448254050235897,4,0.0,0.2999437119518654
2023-09-26,97.54622161947222,3.66,4.054,2462.97,0.14542133199591586,-0.17600000000000016,0.07615282598613948,-0.08980351402961861,1.0,-1.0,1.0,-1.0,0.7561176888442641,-0.10435007437797733,0.8470021113788806,-0.22201839556513883,4,0.0,0.3191878325700071
2023-09-27,96.8676687695648,3.661,4.03,2465.07,0.14542133199591586,-0.17300000000000004,0.06692207968664032,-0.10366027958307654,1.0,-1.0,1.0,-1.0,0.7558809136994319,-0.10259804809073443,0.743967847853129,-0.25633703840251915,4,0.0,0.2852284187648268
2023-10-04,96.83964853001596,3.757,4.351,2405.69,0.20730486834051826,-0.30299999999999994,0.0730198729238154,-0.11244111752560126,1.0,-1.0,1.0,-1.0,1.0,-0.17974161028929123,0.8112471653298574,-0.2781148217896863,4,0.0,0.33834768331271997
2023-10-05,96.1222577561844,3.744,4.322,2403.6,0.20730486834051826,-0.3620000000000001,0.06592053572263978,-0.12702953757817304,1.0,-1.0,1.0,-1.0,1.0,-0.21479581158975958,0.7320324592578,-0.3142658508155116,4,0.0,0.30074269921313224
2023-10-06,96.85125206901442,3.722,4.24,2408.73,0.20730486834051826,-0.391,0.0743143802779711,-0.10510770446652355,1.0,-1.0,1.0,-1.0,1.0,-0.23206194646695813,0.8247052083630456,-0.2600936385454055,4,0.0,0.3331374058376705
2023-10-10,96.81364300563403,3.723,4.219,2402.58,0.20730486834051826,-0.30799999999999983,0.07600937092717164,-0.0905514385911523,1.0,-1.0,1.0,-1.0,1.0,-0.1828481699995505,0.8429326328320826,-0.22412889103747,4,0.0,0.35898889294876557
2023-10-11,96.65120820198034,3.713,4.142,2450.08,0.20730486834051826,-0.2829999999999999,0.06649995750215343,-0.09380062500516609,1.0,-1.0,1.0,-1.0,1.0,-0.16805035469532462,0.7371266281891067,-0.23222797834577708,4,0.0,0.3342120737870013
2023-10-12,97.28404545900288,3.704,4.101,2479.82,0.20730486834051826,-0.21700000000000008,0.060568420771110354,-0.09587165909221408,1.0,-1.0,1.0,-1.0,1.0,-0.1288919917431597,0.6711435402258422,-0.23741310924740563,4,0.0,0.32620960980881925
2023-10-13,97.44500050105673,3.728,4.169,2456.15,0.20730486834051826,-0.18200000000000038,0.061810016693994996,-0.1027887804560164,1.0,-1.0,1.0,-1.0,1.0,-0.108131009163923,0.6846466142463126,-0.2546029864181321,4,0.0,0.3304781546660644
2023-10-16,96.80731449748949,3.739,4.191,2436.24,0.20730486834051826,-0.2839999999999998,0.06707374693743429,-0.10735640931207349,1.0,-1.0,1.0,-1.0,1.0,-0.1687757761020477,0.7425952641622975,-0.2659790284408195,4,0.0,0.3269601149048576
2023-10-17,96.41554505140545,3.738,4.224,2460.17,0.20730486834051826,-0.19499999999999984,0.06110064328466258,-0.12759440979348546,1.0,-1.0,1.0,-1.0,1.0,-0.11591487126856613,0.6762251292981362,-0.3161869807218164,4,0.0,0.31103081932693843
2023-10-18,96.6136157240178,3.753,4.287,2462.6,0.20730486834051826,-0.20900000000000007,0.06039334368606397,-0.11555200586198072,1.0,-1.0,1.0,-1.0,1.0,-0.12426926366901463,0.6681702242722167,-0.28640997601180446,4,0.0,0.31437274614784944
2023-10-19,96.77559524983756,3.767,4.362,2415.8,0.20730486834051826,-0.19899999999999984,0.06183116405261835,-0.09641393846840732,1.0,-1.0,1.0,-1.0,1.0,-0.11835407840038686,0.6838272609718027,-0.2390318161467006,4,0.0,0.33161034160617875
2023-10-20,96.33821768888264,3.749,4.327,2375.0,0.20730486834051826,-0.17600000000000016,0.06237217939147044,-0.058089443739415256,1.0,-1.0,1.0,-1.0,1.0,-0.10470202292071736,0.6895517397440454,-0.14405424651487095,4,0.0,0.3601988675771143
2023-10-23,96.52273130406232,3.761,4.374,2357.02,0.20730486834051826,-0.1120000000000001,0.05703759971132438,-0.050305754115873534,1.0,-1.0,1.0,-1.0,1.0,-0.06664546739647553,0.6304038791101884,-0.12478431169465738,4,0.0,0.35974352500476386
2023-10-24,96.57624613057584,3.738,4.269,2383.51,0.20730486834051826,-0.06400000000000006,0.049478811137403156,-0.058327725963314876,1.0,-1.0,1.0,-1.0,1.0,-0.03809257601320935,0.5467833569174915,-0.1447205446709443,4,0.0,0.3409925590583345
2023-10-25,97.17229114735784,3.743,4.281,2363.17,0.20730486834051826,0.058000000000000274,0.06358644577637751,-0.03752065343040123,1.0,1.0,1.0,-1.0,1.0,0.03452922028365648,0.7024068402044384,-0.09311917147722883,4,0.5,0.41095422225271655
2023-10-26,97.10230577373729,3.761,4.392,2299.08,0.20730486834051826,-0.02499999999999991,0.06617069267825659,-0.018868933830318752,1.0,-1.0,1.0,-1.0,1.0,-0.014886890712633162,0.7306271137546505,-0.04684122485310355,4,0.0,0.41722474954722844
2023-10-27,96.39773183381516,3.749,4.28,2302.81,0.20730486834051826,-0.039000000000000146,0.05874151180396403,-0.024577568864017928,1.0,-1.0,1.0,-1.0,1.0,-0.023229223848271367,0.6484036444614002,-0.061028476942835745,4,0.0,0.39103648591757323
2023-10-30,96.7558476447026,3.745,4.312,2310.55,0.20730486834051826,-0.026000000000000245,0.06059649103512843,-0.029390949894331938,1.0,-1.0,1.0,-1.0,1.0,-0.015489900255051304,0.6686569855141399,-0.07299956618357283,4,0.0,0.39504187976887895
2023-10-31,96.54114171159442,3.74,4.325,2277.99,0.20730486834051826,0.0129999999999999,0.056839890043843155,0.0037654493124330913,1.0,1.0,1.0,1.0,1.0,0.007746772993905208,0.6270404433719957,0.00935472937780145,4,1.0,0.4110354864359256
2023-11-01,96.91571816480672,3.731,4.288,2301.56,0.15485727071243355,-0.0029999999999996696,0.056902823019873594,-0.024192416731985703,1.0,-1.0,1.0,-1.0,0.7919889453401865,-0.0017881425934255205,0.6275705318392563,-0.0601182314612645,4,0.0,0.3394132757811882
2023-11-02,96.315169101398,3.687,4.168,2343.12,0.15485727071243355,0.09600000000000009,0.049424426574342206,-0.015436379067726484,1.0,1.0,1.0,-1.0,0.791714315020719,0.05723298512811471,0.545019511617738,-0.03836929344930665,4,0.5,0.3388993795793162
2023-11-03,97.18116359992378,3.693,4.105,2368.34,0.15485727071243355,0.07299999999999995,0.057244778140113084,-0.011683182698062353,1.0,1.0,1.0,-1.0,0.7914406381699814,0.04353059966466043,0.6310894082351302,-0.02904760494106041,4,0.5,0.3592532602821779
2023-11-06,98.19305413102865,3.693,4.056,2502.37,0.15485727071243355,0.16999999999999993,0.06587458895797216,-0.061465855668513356,1.0,1.0,1.0,-1.0,0.791167910729743,0.10139255614280791,0.7259152880686437,-0.15286041657087746,4,0.5,0.3664038345925793
2023-11-07,99.64428593817782,3.722,4.055,2443.96,0.15485727071243355,0.17899999999999983,0.07892124287066693,-0.03674769362420683,1.0,1.0,1.0,-1.0,0.7908961286650874,0.10678108330550928,0.8690591513225594,-0.09141221094394011,4,0.5,0.418831038087304
2023-11-08,99.44886013197646,3.731,4.022,2421.62,0.15485727071243355,0.17100000000000026,0.07675267572865163,-0.01788971791219609,1.0,1.0,1.0,-1.0,0.7906252879642425,0.10202875294665154,0.8446175436751039,-0.044513233657066054,4,0.5,0.42318958773223303
2023-11-09,99.58193778240611,3.734,3.945,2427.08,0.15485727071243355,0.19600000000000017,0.0834611182496392,0.001996055626206257,1.0,1.0,1.0,1.0,0.7903553846384116,0.11696725777121024,0.9176817415565265,0.0049678227813799046,4,1.0,0.45749305168688204
2023-11-10,99.47240442915437,3.765,3.969,2409.66,0.15485727071243355,0.16500000000000004,0.07495706543138336,0.016942998620726294,1.0,1.0,1.0,1.0,0.7900864147216067,0.09848681381079558,0.8236681000440064,0.042178125048171394,4,1.0,0.438604863406145
2023-11-13,98.89837642362184,3.793,4.005,2403.76,0.15485727071243355,0.11799999999999988,0.05650767797180123,0.022314017739772467,1.0,1.0,1.0,1.0,0.7898183742704828,0.07044785073943854,0.6207856195791461,0.05556181744309685,4,1.0,0.38415341550804105
2023-11-14,98.44056866198662,3.792,3.98,2433.25,0.15485727071243355,0.11299999999999999,0.03613202639644797,-0.00563033971203371,1.0,1.0,1.0,-1.0,0.7895512593641739,0.06747708503484459,0.39696367850722064,-0.014023053133566067,4,0.5,0.30999224244316825
2023-11-15,97.82819604914332,3.75,3.815,2486.67,0.15485727071243355,0.08599999999999985,0.03756493091905355,0.00490747660036508,1.0,1.0,1.0,1.0,0.7892850661041299,0.05136547798462001,0.4127223670419777,0.012225681875673865,4,1.0,0.31639964825160033
2023-11-16,99.41493224724172,3.75,3.799,2488.18,0.15485727071243355,0.121,0.034228993055700485,0.004867452352440687,1.0,1.0,1.0,1.0,0.7890197906139561,0.0722852021534997,0.3761000859141108,0.012128955234621605,4,1.0,0.31238350847904706
2023-11-17,99.24605039697386,3.741,3.796,2469.85,0.15485727071243355,0.08999999999999986,0.027078757061675063,0.009434195789840664,1.0,1.0,1.0,1.0,0.788755429039253,0.05377755572959188,0.29757976879718695,0.02351430378295416,4,1.0,0.2909067643372465
2023-11-20,99.82611834881487,3.729,3.755,2491.2,0.15485727071243355,0.11099999999999977,0.03480544239316252,0.005745283286044334,1.0,1.0,1.0,1.0,0.7884919775474574,0.06633973564551508,0.38251903138912624,0.014323369261422678,4,1.0,0.31291852846088036
2023-11-21,99.54668989085316,3.715,3.726,2510.42,0.15485727071243355,0.1200000000000001,0.033481256222888334,-0.017104211663709387,1.0,1.0,1.0,-1.0,0.7882294323276865,0.07173368802819959,0.36799786790844136,-0.042652817819249074,4,0.5,0.2963270426112696
2023-11-22,99.74264114492878,3.72,3.762,2511.7,0.15485727071243355,0.11099999999999977,0.041563049270505914,-0.024007393351559436,1.0,1.0,1.0,-1.0,0.7879677895905813,0.06636774015474933,0.4568214226345814,-0.0598826924910205,4,0.5,0.3128185649722229
2023-11-23,99.2953519757146,3.702,3.712,2514.96,0.15485727071243355,0.13200000000000012,0.0371801006237078,-0.03453599160142293,1.0,1.0,1.0,-1.0,0.7877070455681525,0.07894010045189784,0.40866661593257964,-0.08616690642439678,4,0.5,0.2972867138820583
2023-11-24,99.06688061300112,3.707,3.779,2496.63,0.15485727071243355,0.137,0.041356857127416546,-0.03775965913622098,1.0,1.0,1.0,-1.0,0.7874471965136276,0.08194705982921106,0.454572436624029,-0.09423428077094538,4,0.5,0.3074331030489806
2023-11-27,98.79941089676728,3.716,3.767,2495.66,0.15485727071243355,0.12399999999999967,0.041889513565323,-0.03104833544660945,1.0,1.0,1.0,-1.0,0.7871882387012997,0.074186529499116,0.46042083964322744,-0.07750525816224728,4,0.5,0.311072587420349
2023-11-28,98.46981809605587,3.696,3.726,2521.76,0.15485727071243355,0.09199999999999964,0.03879155124927447,-0.04073409767598392,1.0,1.0,1.0,-1.0,0.7869301684263763,0.05505354020962564,0.4263813880793078,-0.10170987898006655,4,0.5,0.2916638044338108
2023-11-29,99.13319289688988,3.656,3.641,2519.81,0.15485727071243355,0.09899999999999975,0.03351867526539376,-0.0345028965633286,1.0,1.0,1.0,-1.0,0.786672982004831,0.05925512133959571,0.36845631316354105,-0.0861732793706404,4,0.5,0.28205278428433184
2023-11-30,99.46605001483488,3.653,3.699,2535.29,0.15485727071243355,0.0950000000000002,0.02998606775533652,-0.05883938151549294,1.0,1.0,1.0,-1.0,0.7864166757732559,0.05687323930581856,0.32966483889461784,-0.14699288607477765,4,0.5,0.25649046697472866
2023-12-01,99.6016477347957,3.639,3.699,2505.01,0.1491265126659162,0.11400000000000032,0.03800429997701471,-0.031087379658513506,1.0,1.0,1.0,-1.0,0.7570985903420885,0.06826227628898245,0.41783204224054715,-0.07768266134389373,4,0.5,0.2913775618819311
2023-12-04,98.51178192896738,3.595,3.626,2514.95,0.1491265126659162,0.1299999999999999,0.022335400718309195,-0.013731004729102558,1.0,1.0,1.0,-1.0,0.7568839279334119,0.07785902422575063,0.24560982977003037,-0.03432039088400074,4,0.5,0.261508097761298
2023-12-05,98.72897524306936,3.574,3.579,2494.28,0.1491265126659162,0.1280000000000001,0.0215086710666883,0.0009139315638288185,1.0,1.0,1.0,1.0,0.7566699921326175,0.07667706196513059,0.23656541024169825,0.002284918188429958,4,1.0,0.2680493456319691
2023-12-06,98.0926728249512,3.561,3.533,2495.38,0.1491265126659162,0.11699999999999999,0.007774000512358548,-0.020769457546892838,1.0,1.0,1.0,-1.0,0.7564567800842673,0.07010233298330353,0.0855264152325118,-0.051938914988695184,4,0.5,0.21503665332784686
2023-12-07,98.12723047424926,3.576,3.576,2492.07,0.1491265126659162,0.08599999999999985,0.008239292369339957,-0.031787181470850426,1.0,1.0,1.0,-1.0,0.756244288947998,0.0515394144823615,0.0906698457518734,-0.07951174944479018,4,0.5,0.20473544993436069
2023-12-08,97.25865315455476,3.56,3.534,2517.85,0.1491265126659162,0.10299999999999976,-0.0034975148863134464,-0.053190694388568965,1.0,1.0,-1.0,-1.0,0.7560325158984215,0.061740599624580464,-0.03849990400960721,-0.13308411980600948,4,0.0,0.16154727292684629
2023-12-11,98.36310235404704,3.575,3.566,2525.36,0.1491265126659162,0.08399999999999963,0.018863803913636623,-0.06154316331508856,1.0,1.0,1.0,-1.0,0.7558214581250238,0.05036251996295017,0.20769348161036477,-0.15402132046143424,4,0.5,0.2149640348092261
2023-12-12,97.78279994103444,3.561,3.527,2535.27,0.1491265126659162,0.10099999999999998,0.021742090147336413,-0.06671459269562945,1.0,1.0,1.0,-1.0,0.7556111128320664,0.060567865786868146,0.2394305661541159,-0.1670058105189318,4,0.5,0.22215093356352966
2023-12-13,97.89319285587575,3.581,3.525,2510.66,0.1491265126659162,0.07500000000000018,0.025245528876196133,-0.05237405517525577,1.0,1.0,1.0,-1.0,0.7554014772384875,0.044986016286600206,0.2780580091717003,-0.131140887420334,4,0.5,0.2368261538191135
2023-12-14,97.59139052218278,3.484,3.332,2544.18,0.1491265126659162,0.16199999999999992,0.012668818757768818,-0.06036499212372831,1.0,1.0,1.0,-1.0,0.7551925485778047,0.09718893200301049,0.13957123314030462,-0.1511880552765492,4,0.5,0.21019116461114265
2023-12-15,98.75445516344188,3.489,3.358,2563.56,0.1491265126659162,0.16000000000000014,0.024545200343331963,-0.06861481648557223,1.0,1.0,1.0,-1.0,0.7549843240980172,0.0960080225987357,0.270459042480288,-0.17189351789563717,4,0.5,0.23738946782035092
2023-12-18,98.90077472626358,3.483,3.336,2566.86,0.1491265126659162,0.1389999999999998,0.024907050807998488,-0.061927173514492645,1.0,1.0,1.0,-1.0,0.7547768010615109,0.08342392793520395,0.2744928681991084,-0.15517901016142163,4,0.5,0.23937864675860038
2023-12-19,98.68671437689147,3.487,3.328,2568.55,0.1491265126659162,0.15300000000000002,0.017200938663566312,-0.08010898580812648,1.0,1.0,1.0,-1.0,0.7545699767449621,0.09184464222901007,0.1896089638921559,-0.200789010828507,4,0.5,0.20880864300940524
2023-12-20,98.1683786717806,3.462,3.28,2614.3,0.1491265126659162,0.19699999999999962,0.012510282281003704,-0.09592628168012514,1.0,1.0,1.0,-1.0,0.7543638484392434,0.11827948189909,0.137937658771781,-0.24049113389089638,4,0.5,0.19252246380480448
2023-12-21,98.5585786358899,3.454,3.297,2600.02,0.1491265126659162,0.23699999999999966,0.022643786556695744,-0.09234083096959264,1.0,1.0,1.0,-1.0,0.7541584134493299,0.14232020230356543,0.24971602160024173,-0.23155758567405588,4,0.5,0.2286592629197703
2023-12-22,98.13904787160163,3.453,3.301,2599.51,0.1491265126659162,0.31499999999999995,0.010933514937446098,-0.08388367694168704,1.0,1.0,1.0,-1.0,0.7539536690942059,0.1891869149108337,0.12060608206313814,-0.21040141544062918,4,0.5,0.21333631265688716
2023-12-26,98.30320295467756,3.459,3.271,2602.59,0.1491265126659162,0.2919999999999998,0.01233732036498214,-0.08748958081124154,1.0,1.0,1.0,-1.0,0.7537496127067728,0.17540003082918265,0.13612549937142193,-0.21949899764415437,4,0.5,0.21144403631580572
2023-12-27,98.53612285226592,3.46,3.26,2613.5,0.1491265126659162,0.28200000000000003,0.005241141839654517,-0.08461525417558725,1.0,1.0,1.0,-1.0,0.7535462416337575,0.1694196769233313,0.05784491632457477,-0.21233938386281334,4,0.5,0.19211786275471254
2023-12-28,98.63416034792682,3.434,3.183,2655.28,0.1491265126659162,0.33499999999999996,-0.0012879747261989039,-0.1081864578861926,1.0,1.0,-1.0,-1.0,0.7533435532356214,0.2012882075677374,-0.014219105152401608,-0.2715520614108429,4,0.0,0.16721514856002856
2023-12-29,98.88216871882838,3.434,3.183,,0.1491265126659162,0.3599999999999999,0.005601366940020114,,1.0,1.0,1.0,,0.7531415448864708,0.21633670093226132,0.06185559932650407,,3,,
2024-01-02,98.91216563962377,3.466,3.306,2669.81,0.07605985361392335,0.3089999999999997,0.002148613138103883,-0.11054233270248923,1.0,1.0,1.0,-1.0,0.3841679968637308,0.18571610767800714,0.02373376888615619,-0.27752760948538235,4,0.5,0.07902256598562796
2024-01-03,98.38061680884567,3.471,3.338,2607.31,0.07605985361392335,0.2959999999999998,-0.010446268119428836,-0.10714624659447897,1.0,1.0,-1.0,-1.0,0.3842068961275395,0.17792968471367848,-0.11542326055783317,-0.26906248386154175,4,0.0,0.044412709105460774
2024-01-04,97.89981498512373,3.451,3.288,2587.02,0.07605985361392335,0.32600000000000007,-0.015993064456007566,-0.11059920396616046,1.0,1.0,-1.0,-1.0,0.3842458148905507,0.19599036449699817,-0.1767589492211606,-0.2777956540978997,4,0.0,0.031420394017122155
2024-01-05,97.89464890462312,3.46,3.344,2578.08,0.07605985361392335,0.31300000000000017,-0.016329181595585496,,1.0,1.0,-1.0,,0.3842847530979385,0.18820196975890932,-0.18052241898579977,,3,,
2024-01-08,97.67034748433468,3.455,3.344,2567.82,0.07605985361392335,0.31400000000000006,-0.017053764994580334,-0.10563929602801064,1.0,1.0,-1.0,-1.0,0.38432371069503246,0.1888304424133281,-0.1885831298012168,-0.2653982314767595,4,0.0,0.029793197957596065
2024-01-09,97.49987390670172,3.424,3.323,2561.24,0.07605985361392335,0.28100000000000014,-0.015178210439513506,-0.11653909177164351,1.0,1.0,-1.0,-1.0,0.3843626876273164,0.16901169813374306,-0.1678887620577816,-0.2928457484537088,4,0.0,0.023159968812392268
2024-01-10,97.82309641909924,3.427,3.346,2541.98,0.07605985361392335,0.242,-0.01031043936869569,-0.09927883656740744,1.0,1.0,-1.0,-1.0,0.38440168384042867,0.14557942228712517,-0.11407794186218206,-0.24953136941532733,4,0.0,0.041592948712511124
2024-01-11,97.28475529849815,3.395,3.307,2540.27,0.07605985361392335,0.254,-0.012223878973077085,-0.09373015298527655,1.0,1.0,-1.0,-1.0,0.3844406992801609,0.15282369066538215,-0.13528676077516116,-0.2356408851573664,4,0.0,0.04158418600325387
2024-01-12,97.56486503134454,3.371,3.306,2525.05,0.07605985361392335,0.2360000000000002,-0.013283631782460503,-0.07636214746780962,1.0,1.0,-1.0,-1.0,0.3844797338924584,0.14201820485167047,-0.14705631431284757,-0.19202444423049153,4,0.0,0.046854295050197434
2024-01-15,97.69614961573684,3.352,3.293,2525.99,0.07605985361392335,0.23100000000000032,-0.010701140679043597,-0.05741688914064955,1.0,1.0,-1.0,-1.0,0.3845187876234184,0.13903359931919507,-0.1185004137441132,-0.14442014627389124,4,0.0,0.06515795673115227
2024-01-16,97.42441265899896,3.369,3.322,2497.59,0.07605985361392335,0.21899999999999986,-0.02505808306033508,-0.049153647278502,1.0,1.0,-1.0,-1.0,0.38455786041929096,0.1318345949780757,-0.2775470888783035,-0.12366708223722177,4,0.0,0.028794571070460354
2024-01-17,97.05394767173163,3.372,3.369,2435.9,0.07605985361392335,0.1990000000000003,-0.032726976286053144,-0.02801385144027467,1.0,1.0,-1.0,-1.0,0.38459695222647705,0.11981704585033569,-0.36255226017007475,-0.07049869411980282,4,0.0,0.017840760946733796
2024-01-18,96.17968119804236,3.374,3.38,2440.04,0.07605985361392335,0.22199999999999998,-0.037484229137667135,-0.028634128265282114,1.0,1.0,-1.0,-1.0,0.38463606299152925,0.13368895454245755,-0.41530893393324286,-0.0720778944805039,4,0.0,0.007734547280060022
2024-01-19,96.2301563859483,3.365,3.422,2472.74,0.07605985361392335,0.1889999999999996,-0.03391374258407609,-0.045430804551287486,1.0,1.0,-1.0,-1.0,0.3846751926611504,0.11383764844564163,-0.3758115340814025,-0.11438754966216243,4,0.0,0.0020784393408067835
2024-01-22,96.56291603395164,3.329,3.372,2464.35,0.07605985361392335,0.27,-0.030607331306137908,-0.025637678719207174,1.0,1.0,-1.0,-1.0,0.3847143411821936,0.16265133067673243,-0.3392367114793797,-0.06456788461861651,4,0.0,0.03589026894023245
2024-01-23,96.75980923411744,3.338,3.372,2478.61,0.07605985361392335,0.2669999999999999,-0.03413870351080206,-0.03509376686485276,1.0,1.0,-1.0,-1.0,0.38475350850166135,0.1608700986311252,-0.3784384704541747,-0.0884052151950716,4,0.0,0.019694980370885063
2024-01-24,96.62285666438656,3.345,3.4,2469.69,0.07605985361392335,0.22699999999999987,-0.033929651628320734,-0.04695179366350004,1.0,1.0,-1.0,-1.0,0.3847926945667054,0.13679372045045785,-0.37618310967726415,-0.1183069012448189,4,0.0,0.006774101023770036
2024-01-25,96.33993250473436,3.347,3.419,2470.34,0.07605985361392335,0.18500000000000005,-0.037162565408042525,-0.05287245836547495,1.0,1.0,-1.0,-1.0,0.384831899324626,0.11150492285316965,-0.4120831884168207,-0.13325915070421177,4,0.0,-0.012251379235809191
2024-01-26,96.59077813366883,3.318,3.386,2478.56,0.07605985361392335,0.22999999999999998,-0.037331386808507894,-0.04274596190623726,1.0,1.0,-1.0,-1.0,0.38487112272287144,0.1386519285345756,-0.4140111126921767,-0.10776372627094766,4,0.0,0.00043705307358066214
2024-01-29,96.58923509821548,3.349,3.436,2500.65,0.07605985361392335,0.18599999999999994,-0.037641178173510426,-0.04580809131457628,1.0,1.0,-1.0,-1.0,0.3849103647090375,0.11214834163177,-0.41750196085754365,-0.11551265369203695,4,0.0,-0.008988977052193273
2024-01-30,96.51672059995764,3.331,3.35,2498.81,0.07605985361392335,0.20000000000000018,-0.03825242133066453,-0.021663176032414456,1.0,1.0,-1.0,-1.0,0.3849496252308673,0.12061181373774453,-0.42433533900302506,-0.05464095724156505,4,0.0,0.006646285681005431
2024-01-31,96.89500033784134,3.336,3.345,2497.09,0.07605985361392335,0.16999999999999993,-0.035574132529688995,-0.010207838331386335,1.0,1.0,-1.0,-1.0,0.3849889042362503,0.10253983584060443,-0.3946846152489822,-0.025753549387509785,4,0.0,0.016772643860090697
2024-02-01,96.71312589780744,3.338,3.339,2542.46,0.07605985361392335,0.1339999999999999,-0.038224522777957404,-0.04493227337709751,1.0,1.0,-1.0,-1.0,0.38502820167322227,0.08084192424910741,-0.42414375583943587,-0.11338912774533648,4,0.0,-0.017915689415610666
2024-02-02,96.69617770959172,3.333,3.287,2615.31,0.07605985361392335,0.1559999999999997,-0.0401096792522857,-0.07471812379986786,1.0,1.0,-1.0,-1.0,0.38506751748996443,0.09413301347236583,-0.44511001991572996,-0.18860166494067193,4,0.0,-0.0386277884735179
2024-02-05,97.43151640391368,3.371,3.374,2591.31,0.07605985361392335,0.07600000000000007,-0.031216528977417113,-0.06695715077638052,1.0,1.0,-1.0,-1.0,0.38510685163480324,0.04586962043309568,-0.34648450168948663,-0.1690535548956193,4,0.0,-0.021140396129301756
2024-02-06,96.93100015319663,3.365,3.382,2576.2,0.07605985361392335,0.05899999999999972,-0.03261763353420122,-0.056550838471102656,1.0,1.0,-1.0,-1.0,0.38514620405620986,0.03561716137840287,-0.3620995447071432,-0.1428154902431077,4,0.0,-0.021037917378909532
2024-02-07,97.1659529755771,3.367,3.378,2609.58,0.07605985361392335,0.03299999999999992,-0.03959733878749816,-0.06916945135184818,1.0,1.0,-1.0,-1.0,0.3851855747027994,0.019925956515337944,-0.43963370664755214,-0.17472616129052299,4,0.0,-0.05231208417998444
2024-02-08,97.46922361332275,3.384,3.4,2620.32,0.07605985361392335,0.07500000000000018,-0.03565012145065882,-0.08140048696519028,1.0,1.0,-1.0,-1.0,0.38522496352333097,0.04529608512569638,-0.3958689160698598,-0.2056721846046791,4,0.0,-0.042755013006377886
2024-02-13,97.403901317562,3.417,3.453,2649.64,0.07605985361392335,0.03000000000000025,-0.02440650139496192,-0.09011804143313366,1.0,1.0,-1.0,-1.0,0.38526437046670653,0.018122527462377896,-0.2710791923882431,-0.22775243779704366,4,0.0,-0.02386118306405057
2024-02-14,97.57458186536164,3.454,3.502,2620.42,0.07605985361392335,-0.009000000000000341,-0.015279294192410475,-0.06816938423699845,1.0,-1.0,-1.0,-1.0,0.3853037954819712,-0.005438022666910539,-0.16975050629905553,-0.17232488463336856,4,-0.5,0.009447595470659147
2024-02-15,96.91310387091468,3.439,3.477,2613.8,0.07605985361392335,0.020999999999999908,-0.021206190250891765,-0.06113382552657242,1.0,1.0,-1.0,-1.0,0.385343238518312,0.012691604666974287,-0.2356555612400874,-0.15457825562585983,4,0.0,0.001950256579834754
2024-02-16,97.10439246219686,3.449,3.482,2648.76,0.07605985361392335,0.002000000000000224,-0.014654936401155894,-0.07934277303495205,1.0,1.0,-1.0,-1.0,0.3853826995250578,0.0012090029506840146,-0.16289838219182026,-0.20066859162098213,4,0.0,0.005756182165734855
2024-02-19,97.1407431559203,3.45,3.467,2680.26,0.07605985361392335,0.028000000000000025,-0.014273075217047904,-0.09168434617074098,1.0,1.0,-1.0,-1.0,0.3854221784516792,0.016929864756806957,-0.15869694720999783,-0.23193661564478185,4,0.0,0.002929620088426621
2024-02-20,97.0477189549144,3.474,3.489,2657.79,0.07605985361392335,0.018999999999999684,-0.008432534624482457,-0.08232354171405756,1.0,1.0,-1.0,-1.0,0.3854616752477869,0.011490735257441119,-0.09378470269821529,-0.2083063981855248,4,0.0,0.023715327405371987
2024-02-21,96.72843036759306,3.486,3.474,2653.31,0.07605985361392335,0.05999999999999961,-0.015162657948128988,-0.08902123099203706,1.0,1.0,-1.0,-1.0,0.3855011898631328,0.03629449330928702,-0.16868100383222748,-0.22530710541629506,4,0.0,0.0069518934809743305
2024-02-22,96.87583490810168,3.466,3.424,2664.27,0.07605985361392335,0.07399999999999984,-0.009451257477955721,-0.0693357822830129,1.0,1.0,-1.0,-1.0,0.3855407222476082,0.04477289106122114,-0.10517260405762696,-0.1755276574960956,4,0.0,0.03740333793877669
2024-02-23,97.21672636190344,3.494,3.468,2667.7,0.07605985361392335,0.11599999999999966,-0.0040353836319484415,-0.07199489776271338,1.0,1.0,-1.0,-1.0,0.38558027235124404,0.07019901789357974,-0.044918093507592065,-0.18230400626955354,4,0.0,0.05713929761691954
2024-02-26,97.4216697671138,3.477,3.402,2647.08,0.07605985361392335,0.13900000000000023,0.008152683917789005,-0.056161505793133094,1.0,1.0,1.0,-1.0,0.38561984012421013,0.08413464595697302,0.0907716749661732,-0.1422464876482859,4,0.5,0.1045699183497676
2024-02-27,97.25716903533078,3.49,3.43,2625.05,0.07605985361392335,0.10199999999999987,0.006122969631893405,-0.051761447154592695,1.0,1.0,1.0,-1.0,0.38565942551681504,0.06175203680440185,0.06819114685768045,-0.13113474876420017,4,0.5,0.09611696510367429
2024-02-28,97.24499514313612,3.487,3.442,2652.29,0.07605985361392335,0.1200000000000001,0.0045020301158178455,-0.07685501512077877,1.0,1.0,1.0,-1.0,0.3856990284795052,0.07266436020489965,0.05015247348207533,-0.1947551230153786,4,0.5,0.0784401847877754
2024-02-29,97.1426472480074,3.496,3.475,2642.36,0.07605985361392335,0.10599999999999987,0.007766495594194289,-0.07044743830432391,1.0,1.0,1.0,-1.0,0.38573864896286486,0.06420023688667638,0.08654116514644486,-0.17856168989354848,4,0.5,0.0894795902756094
2024-03-04,97.05311057474177,3.469,3.434,2674.27,-0.028572992874112347,0.11299999999999999,0.0036026323151432393,-0.09113828173489288,-1.0,1.0,1.0,-1.0,-0.14493687795919494,0.06845402520642817,0.04015470947475596,-0.23106050407498696,4,0.0,-0.06684716183824944
2024-03-05,97.34252692931916,3.463,3.409,2649.4,-0.028572992874112347,0.18900000000000006,0.004167760591751168,-0.08096506647082247,-1.0,1.0,1.0,-1.0,-0.1449654035332025,0.11451518124663924,0.04646624341780185,-0.20531791429052476,4,0.0,-0.04732547328982154
2024-03-06,97.10826924784207,3.447,3.381,2641.49,-0.028572992874112347,0.254,0.013139946419274295,-0.06077453045880564,-1.0,1.0,1.0,-1.0,-0.14499392382759793,0.15392405549958296,0.14653181607733826,-0.1541552556193854,4,0.0,0.000326673032484473
2024-03-07,96.79198019039822,3.442,3.399,2647.62,-0.028572992874112347,0.29800000000000004,0.013554517081472817,-0.0513750311986183,-1.0,1.0,1.0,-1.0,-0.14502243884500868,0.18061490712887954,0.15119066095319936,-0.13034581544419713,4,0.0,0.014109328448218272
2024-03-08,97.07351403888254,3.407,3.334,2680.35,-0.028572992874112347,0.2999999999999998,0.011041705484326592,-0.06184463642620472,-1.0,1.0,1.0,-1.0,-0.1450509485880606,0.18185397452809032,0.1231926576000135,-0.15694748699679575,4,0.0,0.0007620491358118625
2024-03-11,97.45477833445702,3.395,3.342,2659.84,-0.028572992874112347,0.3039999999999998,0.011569982971315618,-0.04592014676730255,-1.0,1.0,1.0,-1.0,-0.14507945305937786,0.1843056606852335,0.12911837474320173,-0.11656387475260309,4,0.0,0.012945176904113568
2024-03-12,98.0929976139012,3.361,3.335,2681.81,-0.028572992874112347,0.3049999999999997,0.01194969003817814,-0.058889727526314814,-1.0,1.0,1.0,-1.0,-0.1451079522615829,0.18493891707213503,0.13338832686764432,-0.14952292663146377,4,0.0,0.005924091261683168
2024-03-13,98.27677842097596,3.345,3.331,2693.57,-0.028572992874112347,0.351,0.011369730064997086,-0.07107049445135562,-1.0,1.0,1.0,-1.0,-0.14513644619729651,0.2128584791508357,0.12694578914704632,-0.18049428872555684,4,0.0,0.0035433833437571657
2024-03-14,98.23778653906646,3.349,3.354,2718.76,-0.028572992874112347,0.34299999999999997,0.024486244505772525,-0.08598445761642744,-1.0,1.0,1.0,-1.0,-0.14516493486913776,0.20803421915056908,0.2734393809254285,-0.21842222655196733,4,0.0,0.029471609663723135
2024-03-15,98.09665002595298,3.351,3.41,2666.84,-0.028572992874112347,0.2999999999999998,0.02390779049656011,-0.09376222467023937,-1.0,1.0,1.0,-1.0,-0.14519341827972404,0.18198103447099268,0.2670244903101879,-0.2382348949196046,4,0.0,0.01639430289546298
2024-03-18,97.37685221420142,3.357,3.435,2685.84,-0.028572992874112347,0.1809999999999996,0.02336800175641507,-0.11051784902363809,-1.0,1.0,1.0,-1.0,-0.14522189643167102,0.10981585856281767,0.26104048246361267,-0.28086962509211544,4,0.0,-0.01380879512433903
2024-03-19,97.08624337993386,3.361,3.472,2656.17,-0.028572992874112347,0.12299999999999978,0.01010161606620752,-0.1337083013868468,-1.0,1.0,1.0,-1.0,-0.14525036932759278,0.07464144506255081,0.11287202780982923,-0.33987180018618496,4,0.0,-0.07440217416034942
2024-03-20,96.84458648994926,3.346,3.451,2690.14,-0.028572992874112347,0.12299999999999978,0.007255376617706588,-0.1252504031655373,-1.0,1.0,1.0,-1.0,-0.1452788369701016,0.07465664116260146,0.08109034907896276,-0.3184376600182767,4,0.0,-0.07699237668670353
2024-03-21,96.74409484207273,3.32,3.411,2754.86,-0.028572992874112347,0.06499999999999995,0.0011938463911036479,-0.14850467399456765,-1.0,1.0,1.0,-1.0,-0.14530729936180817,0.03946125126166227,0.013346821665288453,-0.3776257061794187,4,0.0,-0.11753123315356903
2024-03-22,97.73688749205418,3.321,3.362,2748.56,-0.028572992874112347,0.03399999999999981,0.019649336052957267,-0.13388584859069394,-1.0,1.0,1.0,-1.0,-0.1453357565053214,0.020645869968231884,0.21971697937075246,-0.3405182090790051,4,0.0,-0.061372779061335536
2024-03-25,97.26213806540817,3.328,3.37,2737.57,-0.028572992874112347,-0.03200000000000003,0.01004158419380019,-0.1455863688681945,-1.0,-1.0,1.0,-1.0,-0.14536420840324857,-0.01943594318453845,0.11231222952718801,-0.37034304263936,4,-0.5,-0.10570774117498975
2024-03-26,96.8654314386134,3.34,3.397,2757.09,-0.028572992874112347,-0.0389999999999997,0.010660494477272131,-0.15101302473256617,-1.0,-1.0,1.0,-1.0,-0.14539265505819526,-0.023693105349952902,0.11926418911991056,-0.38421334817164726,4,-0.5,-0.10850872986497122
2024-03-27,97.0154751885256,3.34,3.373,2755.11,-0.028572992874112347,-0.04800000000000004,0.011939895369226683,-0.1378268170695727,-1.0,-1.0,1.0,-1.0,-0.14542109647276535,-0.02916760768741896,0.13360988809720795,-0.35073076798681646,4,-0.5,-0.09792739601244821
2024-03-28,96.57156144796704,3.356,3.377,2745.82,-0.028572992874112347,-0.06599999999999984,0.00862232656092754,-0.13334268690082537,-1.0,-1.0,1.0,-1.0,-0.1454495326495611,-0.040114980766730104,0.09651034486553008,-0.339385870088534,4,-0.5,-0.10711000965982378
2024-03-29,96.5319750468797,3.384,3.413,2746.63,-0.028572992874112347,-0.09899999999999975,-0.005987850400388517,-0.14493198182923467,-1.0,-1.0,-1.0,-1.0,-0.14547796359118298,-0.06018694843588439,-0.06704123926345397,-0.3689494697127334,4,-1.0,-0.16041390525081367
2024-04-01,96.48984881230442,3.373,3.381,2747.86,-0.1631508693548636,-0.08300000000000018,-0.003896639440312377,-0.14135938325580835,-1.0,-1.0,-1.0,-1.0,-0.8303320832965119,-0.05047182302062781,-0.04363982929627362,-0.3599211777919658,4,-1.0,-0.3210912283513448
2024-04-02,96.6035308350174,3.396,3.425,2753.16,-0.1631508693548636,-0.1080000000000001,0.004043708057522188,-0.13434722731405024,-1.0,-1.0,1.0,-1.0,-0.8299908581273171,-0.06569001575981659,0.04529912501015508,-0.34213325674295114,4,-0.5,-0.2981287514049824
2024-04-03,96.22017686632016,3.401,3.452,2706.97,-0.1631508693548636,-0.11399999999999988,-0.0007480494946765504,-0.11598662064235433,-1.0,-1.0,-1.0,-1.0,-0.829650807429978,-0.06935620656721937,-0.008382259469813497,-0.2954382900402509,4,-1.0,-0.30070689087681546
2024-04-04,96.41075159016172,3.4,3.457,2742.0,-0.1631508693548636,-0.13099999999999978,0.0014985876702517942,-0.12347059173734312,-1.0,-1.0,1.0,-1.0,-0.8293119259797369,-0.07971813383057355,0.016797020693503792,-0.3145657555046932,4,-0.5,-0.301699698655375
2024-04-05,96.497993918235,3.392,3.433,2714.21,-0.1631508693548636,-0.11799999999999988,0.006252361542128604,-0.09894930605916319,-1.0,-1.0,1.0,-1.0,-0.8289742085833626,-0.07182452057898331,0.0700984773443485,-0.2521500730060563,4,-0.5,-0.2707125812060134
2024-04-08,96.17671123268843,3.42,3.488,2717.65,-0.1631508693548636,-0.1120000000000001,-0.003749131974707609,-0.10252246569127585,-1.0,-1.0,-1.0,-1.0,-0.8286376500789092,-0.06818885539672197,-0.04204521786576686,-0.2613139595051606,4,-1.0,-0.30004642071163967
2024-04-09,96.0099353714472,3.422,3.503,2705.16,-0.1631508693548636,-0.14100000000000001,0.011805682227555181,-0.10165687607579138,-1.0,-1.0,1.0,-1.0,-0.8283022453354757,-0.0858657472357741,0.13242868337138636,-0.2591658631938679,4,-0.5,-0.2602262930984328
2024-04-11,96.1637403169121,3.458,3.585,2706.96,-0.1631508693548636,-0.16900000000000004,0.009118390923932296,-0.1021733400194346,-1.0,-1.0,1.0,-1.0,-0.8279679892529693,-0.10294222235228845,0.10231024687319563,-0.2605408836521852,4,-0.5,-0.2722852120960618
2024-04-12,95.5422469848272,3.431,3.538,2681.82,-0.1631508693548636,-0.15600000000000014,0.00413596341766187,-0.10744737569635415,-1.0,-1.0,1.0,-1.0,-0.8276348767618705,-0.09504672048103328,0.0464188392733362,-0.2740497923599954,4,-0.5,-0.2875781375823907
2024-04-15,95.1943891514022,3.444,3.561,2670.43,-0.1631508693548636,-0.16199999999999992,0.0042200182991942725,-0.09155215257793924,-1.0,-1.0,1.0,-1.0,-0.827302902822999,-0.09872640459991876,0.04737491382020731,-0.23356223572515086,4,-0.5,-0.2780541573319653
2024-04-16,94.56573653322324,3.455,3.618,2609.63,-0.1631508693548636,-0.19200000000000017,-0.0018118905603481394,-0.0686573536006479,-1.0,-1.0,-1.0,-1.0,-0.8269720624272836,-0.11703766996855129,-0.020346358811874465,-0.17519685080869632,4,-1.0,-0.2848882355041014
2024-04-17,94.01752085559734,3.451,3.632,2584.18,-0.1631508693548636,-0.17200000000000015,-0.00851217616476152,-0.0443144517915362,-1.0,-1.0,-1.0,-1.0,-0.8266423505955339,-0.10487179956731207,-0.09561265048186558,-0.11310756541798182,4,-1.0,-0.28505859151567337
2024-04-18,94.54457958888794,3.42,3.562,2634.7,-0.1631508693548636,-0.14800000000000013,-0.0030946676808136786,-0.05642501544710395,-1.0,-1.0,-1.0,-1.0,-0.8263137623782126,-0.09026041216083615,-0.03477039265469142,-0.14405369566774787,4,-1.0,-0.273849565715372
2024-04-19,95.29610216392106,3.447,3.583,2591.86,-0.1631508693548636,-0.2120000000000002,0.009831441342669223,-0.03652027883891591,-1.0,-1.0,1.0,-1.0,-0.8259862928552124,-0.1293235305929419,0.11048953130435872,-0.09325962180710963,4,-0.5,-0.23451997848772632
2024-04-22,94.669504385084,3.473,3.65,2629.44,-0.1631508693548636,-0.238,0.0004084466849487711,-0.05140539831628051,-1.0,-1.0,1.0,-1.0,-0.8256599371356322,-0.1452194060891653,0.004591543066754199,-0.1313030929245892,4,-0.5,-0.27439772327065814
2024-04-23,94.97719994714608,3.464,3.625,2623.02,-0.1631508693548636,-0.22199999999999998,-0.011300105766555824,-0.04020345596913544,-1.0,-1.0,-1.0,-1.0,-0.8253346903575576,-0.13548982331981302,-0.12706434201158967,-0.10271560760727474,4,-1.0,-0.29765111582405873
2024-04-24,95.05784676579422,3.472,3.645,2675.75,-0.1631508693548636,-0.24399999999999977,-0.003940864799605315,-0.06333978137697927,-1.0,-1.0,-1.0,-1.0,-0.8250105476878422,-0.1489530478403009,-0.044325472343474365,-0.16186582740836494,4,-1.0,-0.2950387238199956
2024-04-25,95.66974398887456,3.485,3.707,2628.62,-0.1631508693548636,-0.24799999999999978,0.008672685965605886,-0.04753839205550936,-1.0,-1.0,1.0,-1.0,-0.8246875043218915,-0.15143178122158607,0.09757206745090449,-0.12151496270956742,4,-0.5,-0.25001554520053515
2024-04-26,95.1567550046725,3.476,3.694,2656.33,-0.1631508693548636,-0.242,0.0019530588791596415,-0.05852410596822186,-1.0,-1.0,1.0,-1.0,-0.8243655554834481,-0.14780410384866463,0.02197886393963439,-0.14963252754873618,4,-0.5,-0.2749558307353036
2024-04-29,95.28392117920076,3.481,3.704,2687.44,-0.1631508693548636,-0.2629999999999999,0.010675803574496712,-0.083574201800654,-1.0,-1.0,1.0,-1.0,-0.8240446964243797,-0.1606691106751772,0.12017024763457307,-0.2137299390726075,4,-0.5,-0.26956837463439787
2024-04-30,94.96166490460962,3.47,3.656,2692.06,-0.1631508693548636,-0.2530000000000001,0.007729111945875999,-0.09265987299743682,-1.0,-1.0,1.0,-1.0,-0.823724922424468,-0.15459759854047755,0.0870236546413938,-0.23701965587838514,4,-0.5,-0.28207963055048424
2024-05-02,95.0391532393594,3.462,3.638,2683.65,-0.0614790351858368,-0.23399999999999999,0.01189978941659664,-0.10048874951306896,-1.0,-1.0,1.0,-1.0,-0.31043823661868514,-0.1430222959761963,0.1340142619923138,-0.2571030536842357,4,-0.5,-0.14413733107170085
2024-05-03,94.76911152599796,3.46,3.614,2676.63,-0.0614790351858368,-0.2410000000000001,0.008878992397394647,-0.09875429382088363,-1.0,-1.0,1.0,-1.0,-0.3104778042502296,-0.1473365540937135,0.10001954369112966,-0.25272221606582507,4,-0.5,-0.15262925767965962
2024-05-07,95.48688093440887,3.441,3.536,2734.36,-0.0614790351858368,-0.18799999999999972,0.018622573030632417,-0.10680407901961121,-1.0,-1.0,1.0,-1.0,-0.31051737674881746,-0.11496264200828002,0.20982084984127725,-0.27338215655181314,4,-0.5,-0.12226033136690835
2024-05-08,96.16071547056276,3.444,3.53,2745.05,-0.0614790351858368,-0.1629999999999998,0.028058565754940368,-0.10649674505332446,-1.0,-1.0,1.0,-1.0,-0.3105569540944135,-0.09969916098161824,0.3161769602321608,-0.2726550976690265,4,-0.5,-0.09168356312822436
2024-05-09,95.7773914839838,3.45,3.556,2712.14,-0.0614790351858368,-0.12600000000000033,0.022153491297465244,-0.08645854178188322,-1.0,-1.0,1.0,-1.0,-0.3105965362670368,-0.0770865333218697,0.24968013824968008,-0.22140434389826585,4,-0.5,-0.08985181880937307
2024-05-10,95.44527435213044,3.447,3.538,2727.63,-0.0614790351858368,-0.1120000000000001,0.019009653935583515,-0.103702525151365,-1.0,-1.0,1.0,-1.0,-0.3106361232467609,-0.06853770607788122,0.214290369055494,-0.26562161543732543,4,-0.5,-0.10762626892661839
2024-05-13,95.50801138928352,3.458,3.554,2727.21,-0.0614790351858368,-0.13200000000000012,0.021319790517931203,-0.10869244739541106,-1.0,-1.0,1.0,-1.0,-0.31067571501371316,-0.08079595498042783,0.2403759787414305,-0.2784629959224392,4,-0.5,-0.10738967179378742
2024-05-14,95.38389776020104,3.46,3.546,2730.34,-0.0614790351858368,-0.11799999999999988,0.01169875541669363,-0.10174532303701753,-1.0,-1.0,1.0,-1.0,-0.31071531154807497,-0.07224393072086151,0.13193254562425896,-0.26072279505950835,4,-0.5,-0.12793737292604646
2024-05-16,95.14532409269675,3.426,3.458,2753.0,-0.0614790351858368,-0.0820000000000003,0.006741402021887666,-0.10358456892001247,-1.0,-1.0,1.0,-1.0,-0.3107549128300815,-0.05021523113501849,0.07604572584660768,-0.26549440868257246,4,-0.5,-0.1376047067002662
2024-05-17,96.513686585175,3.424,3.454,2724.62,-0.0614790351858368,-0.07099999999999973,0.020369676550354043,-0.09647521229157646,-1.0,-1.0,1.0,-1.0,-0.31079451884002146,-0.0434892249489833,0.2298218027279448,-0.24732843926021073,4,-0.5,-0.09294759508031766
2024-05-20,96.08672117926528,3.435,3.497,2742.14,-0.0614790351858368,-0.09100000000000019,0.017995445876966443,-0.112454401178856,-1.0,-1.0,1.0,-1.0,-0.31083412955823697,-0.05575287269990606,0.2030761872058978,-0.2883548288739417,4,-0.5,-0.11296641098154672
2024-05-21,96.08158219675649,3.434,3.491,2724.18,-0.0614790351858368,-0.08400000000000007,0.013274621681331311,-0.1131173868058308,-1.0,-1.0,1.0,-1.0,-0.3108737449651233,-0.05147630193233716,0.1498370747342011,-0.2901164108537935,4,-0.5,-0.12565734575426324
2024-05-22,95.58172771399128,3.431,3.478,2723.46,-0.0614790351858368,-0.040000000000000036,0.015424282467364492,-0.10558670170074158,-1.0,-1.0,1.0,-1.0,-0.310913365041129,-0.024518166774856326,0.17413974998605353,-0.2708613707812626,4,-0.5,-0.10803828815279859
2024-05-23,95.77579819060055,3.42,3.472,2721.81,-0.0614790351858368,-0.028000000000000025,0.02048665096395741,-0.10646177048845143,-1.0,-1.0,1.0,-1.0,-0.3109529897667554,-0.0171666373995648,0.23133746336582117,-0.27316565843440427,4,-0.5,-0.09248695555872583
2024-05-24,95.77437481655208,3.424,3.515,2687.6,-0.0614790351858368,-0.008000000000000007,0.018119638097157775,-0.09017615469141248,-1.0,-1.0,1.0,-1.0,-0.3109926191225566,-0.004905859067504636,0.20465075712457623,-0.23143214857435418,4,-0.5,-0.0856699674099598
2024-05-27,95.28665879370396,3.417,3.498,2722.99,-0.0614790351858368,0.009000000000000341,0.013261079390035846,-0.08977870463383539,-1.0,1.0,1.0,-1.0,-0.31103225308913934,0.005520319854595349,0.14981087144714203,-0.23046497272139962,4,0.0,-0.0965415086272004
2024-05-28,95.57158438053774,3.402,3.481,2722.85,-0.0614790351858368,0.042999999999999705,0.00894142306526291,-0.07534550232036655,-1.0,1.0,1.0,-1.0,-0.31107189164716276,0.026380569037443184,0.10103684049218008,-0.19346022463323861,4,0.0,-0.09427867668769452
2024-05-29,96.03240981415084,3.411,3.536,2677.3,-0.0614790351858368,0.03600000000000003,0.01236073812296734,-0.05698284152086469,-1.0,1.0,1.0,-1.0,-0.31111153477733827,0.022090864331746837,0.1397075625798163,-0.14634690699947484,4,0.0,-0.07391500371631249
2024-05-30,95.88137360842276,3.415,3.564,2635.44,-0.0614790351858368,0.05500000000000016,0.0021737329615367784,-0.03337801414778447,-1.0,1.0,1.0,-1.0,-0.31115118246042955,0.03375714985179065,0.024575272178062504,-0.08574430359165701,4,0.0,-0.08464076600555837
2024-05-31,95.02879579113475,3.41,3.578,2636.52,-0.0614790351858368,0.053999999999999826,-0.014696494824004702,-0.03262667733987992,-1.0,1.0,-1.0,-1.0,-0.31119083467725195,0.03315047566741547,-0.16619515139675067,-0.08383451869406582,4,-0.5,-0.13201750727516323
2024-06-03,94.6225026045126,3.39,3.532,2682.52,-0.051437308435736004,0.12299999999999978,-0.015552340691455946,-0.043625765656086876,-1.0,1.0,-1.0,-1.0,-0.2604021036217502,0.07552440240446545,-0.17591853204030516,-0.11212399829545958,4,-0.5,-0.11823005788826238
2024-06-04,94.85755654851478,3.363,3.47,2662.1,-0.051437308435736004,0.17499999999999982,-0.010379386261537782,-0.026052978339268014,-1.0,1.0,-1.0,-1.0,-0.26044197112254697,0.1074732408273781,-0.11743679172682311,-0.06697574257035599,4,-0.5,-0.08434531614808699
2024-06-05,95.22223705410867,3.349,3.43,2689.5,-0.051437308435736004,0.21999999999999975,-0.004308850643207407,-0.021748654459251286,-1.0,1.0,-1.0,-1.0,-0.26048183650517753,0.13513229464415136,-0.04876551683654456,-0.055923802232171464,4,-0.5,-0.05750971523243555
2024-06-07,95.31080134560224,3.334,3.385,2722.67,-0.051437308435736004,0.20599999999999996,-0.006251064667603501,-0.04318052012318471,-1.0,1.0,-1.0,-1.0,-0.2605216997640077,0.12655513018646866,-0.07076588855527931,-0.11105995713785105,4,-0.5,-0.07894810381766734
2024-06-10,95.87038763416636,3.362,3.433,2701.17,-0.051437308435736004,0.18399999999999972,-0.002328333395247739,-0.04082212293506465,-1.0,1.0,-1.0,-1.0,-0.26056156089342086,0.1130600756226909,-0.02636535775172061,-0.10501963149649679,4,-0.5,-0.06972161862973685
2024-06-11,95.19459282382554,3.349,3.425,2705.32,-0.051437308435736004,0.1609999999999996,-0.00865308070594839,-0.03358581955362208,-1.0,1.0,-1.0,-1.0,-0.26060141988781876,0.09894618427717596,-0.09801144113085833,-0.08642429494927734,4,-0.5,-0.08652274292269461
2024-06-12,95.2716064961035,3.338,3.382,2728.17,-0.051437308435736004,0.19999999999999973,-0.017283192850790385,-0.02789018176527648,-1.0,1.0,-1.0,-1.0,-0.2606412767416208,0.1229362519154633,-0.19581155251762167,-0.0717853454047216,4,-0.5,-0.10132548068712519
2024-06-13,95.15021358728598,3.33,3.345,2754.89,-0.051437308435736004,0.18399999999999972,-0.019082531678488834,-0.037723997698055886,-1.0,1.0,-1.0,-1.0,-0.2606811314492642,0.11312188701227184,-0.2162497139877938,-0.09711967398459853,4,-0.5,-0.11523215810234617
2024-06-14,95.60400389593596,3.324,3.302,2758.42,-0.051437308435736004,0.2070000000000003,-0.022005892875365696,-0.028582213227437342,-1.0,1.0,-1.0,-1.0,-0.2607209840052041,0.12728434439704017,-0.24943530517098103,-0.07360204332154453,4,-0.5,-0.11411849702517238
2024-06-17,95.32913860447816,3.315,3.283,2744.1,-0.051437308435736004,0.18800000000000017,-0.019501758830346994,-0.011834937755921898,-1.0,1.0,-1.0,-1.0,-0.2607608344039133,0.11562208240230928,-0.22110423690071881,-0.030483325273162425,4,-0.5,-0.09918157854387132
2024-06-18,95.12590985837323,3.325,3.279,2763.92,-0.051437308435736004,0.16699999999999982,-0.029796078125785996,-0.026153294571964237,-1.0,1.0,-1.0,-1.0,-0.26080068263988226,0.10272598006506845,-0.3378790028021888,-0.06737937346952376,4,-0.5,-0.1408332697116316
2024-06-19,95.0185830548992,3.314,3.231,2797.33,-0.051437308435736004,0.15300000000000002,-0.03484758646274155,-0.030903290451463016,-1.0,1.0,-1.0,-1.0,-0.26084052870761903,0.0941321063034719,-0.3952177075531394,-0.07963606941781863,4,-0.5,-0.1603905498437763
2024-06-20,94.95461571914733,3.336,3.269,2807.63,-0.051437308435736004,0.15300000000000002,-0.04648839343612643,-0.04023760003086352,-1.0,1.0,-1.0,-1.0,-0.2608803726016493,0.09414998888021338,-0.5272521960702727,-0.10371510704098394,4,-0.5,-0.19942442170817318
2024-06-21,94.92387739512232,3.33,3.255,2784.26,-0.051437308435736004,0.17700000000000005,-0.04742004493250551,-0.030791451069963144,-1.0,1.0,-1.0,-1.0,-0.26092021431651624,0.10893857515302754,-0.5378253561076336,-0.07938611115368922,4,-0.5,-0.19229827660620288
2024-06-24,94.60590544010287,3.343,3.264,2764.73,-0.051437308435736004,0.1589999999999998,-0.04577070896956226,-0.020121177872593494,-1.0,1.0,-1.0,-1.0,-0.26096005384678045,0.09787849619683986,-0.519135799332657,-0.05188849932416532,4,-0.5,-0.1835264640766907
2024-06-25,94.47029213630172,3.346,3.271,2774.39,-0.051437308435736004,0.1679999999999997,-0.05177147927363812,-0.03231227111332977,-1.0,1.0,-1.0,-1.0,-0.26099989118701994,0.10343799214982752,-0.5871725128097443,-0.08334693072626877,4,-0.5,-0.20702033564330136
2024-06-26,94.73083098668974,3.348,3.278,2792.05,-0.051437308435736004,0.15500000000000025,-0.04431981823835596,-0.040257967385066526,-1.0,1.0,-1.0,-1.0,-0.2610397263318302,0.0954519173074012,-0.5026833713824912,-0.10386724853621986,4,-0.5,-0.193034607235785
2024-06-27,94.66798880712626,3.348,3.3,2784.06,-0.051437308435736004,0.15399999999999991,-0.04635820413957603,-0.04942203440040096,-1.0,1.0,-1.0,-1.0,-0.2610795592758238,0.09485406054657312,-0.5258168912447249,-0.12754161292942906,4,-0.5,-0.20489600072585118
2024-06-28,94.66911759282544,3.328,3.266,2797.82,-0.051437308435736004,0.17799999999999994,-0.03835221403710953,-0.045275114805812006,-1.0,1.0,-1.0,-1.0,-0.26111939001363077,0.10965654119554781,-0.4350574623612805,-0.11686794390748773,4,-0.5,-0.17584706377171283
2024-07-01,95.09857145198669,3.309,3.312,2804.31,-0.13338735756262166,0.20099999999999962,-0.03545042080969818,-0.05913271075354498,-1.0,1.0,-1.0,-1.0,-0.6770104913304433,0.12384742312921948,-0.4021955508425686,-0.15267481914107,4,-0.5,-0.2770083595462156
2024-07-02,95.28190279744416,3.261,3.289,2780.86,-0.13338735756262166,0.24399999999999977,-0.02807546548847295,-0.04835848362242601,-1.0,1.0,-1.0,-1.0,-0.6768859289629161,0.15036652745788864,-0.3185861503644431,-0.1248868432481471,4,-0.5,-0.24249809877940443
2024-07-03,94.80737465660816,3.254,3.274,2794.01,-0.13338735756262166,0.2469999999999999,-0.032429184561444835,-0.0528298263818795,-1.0,1.0,-1.0,-1.0,-0.6767617702626412,0.15223982500322567,-0.3680496569824093,-0.1364669049661772,4,-0.5,-0.25725962680200054
2024-07-04,94.61427119770669,3.23,3.234,2824.94,-0.13338735756262166,0.278,-0.03479580308939667,-0.06668448615774863,-1.0,1.0,-1.0,-1.0,-0.6766380138938278,0.17137261588504157,-0.39496569594251524,-0.17229622285420007,4,-0.5,-0.26813182920137535
2024-07-05,95.0318995457816,3.216,3.227,2862.23,-0.13338735756262166,0.3089999999999997,-0.03161949204779724,-0.08357983901071314,-1.0,1.0,-1.0,-1.0,-0.6765146585265657,0.19050898011239328,-0.3589719873741416,-0.21599921897197588,4,-0.5,-0.26524422119007246
2024-07-08,95.10747626754107,3.209,3.212,2857.76,-0.13338735756262166,0.3540000000000001,-0.025679788910117907,-0.07132036370980122,-1.0,1.0,-1.0,-1.0,-0.6763917028367926,0.2182794480904165,-0.2916000493847976,-0.184359795690539,4,-0.5,-0.23351802495542817
2024-07-09,95.06344787376388,3.201,3.191,2867.38,-0.13338735756262166,0.3580000000000001,-0.02058903268013612,-0.0636577267827873,-1.0,1.0,-1.0,-1.0,-0.676269145506262,0.22077226718407908,-0.23384816597618546,-0.16459127725031159,4,-0.5,-0.21348408038716998
2024-07-10,94.79577620132352,3.201,3.198,2867.99,-0.13338735756262166,0.36099999999999977,-0.03016717048393769,-0.0666763839285387,-1.0,1.0,-1.0,-1.0,-0.6761469852225102,0.22264865183512855,-0.34269701904394084,-0.17243694716210684,4,-0.5,-0.24215807489835733
2024-07-11,94.64274678803424,3.216,3.234,2891.35,-0.13338735756262166,0.34799999999999986,-0.0385722473348995,-0.08152179418248277,-1.0,1.0,-1.0,-1.0,-0.6760252206788251,0.2146573797175847,-0.4382259772366417,-0.21087834564058042,4,-0.5,-0.2776180409596156
2024-07-12,94.86828098835306,3.201,3.177,2857.0,-0.13338735756262166,0.3889999999999998,-0.03753422505579085,-0.06833513464032784,-1.0,1.0,-1.0,-1.0,-0.6759038505742134,0.23997301227572457,-0.426483553910282,-0.17680908853223684,4,-0.5,-0.2598058701852519
2024-07-15,95.01669441410488,3.192,3.177,2860.92,-0.13338735756262166,0.43100000000000005,-0.03535316309437686,-0.07750519019117838,-1.0,1.0,-1.0,-1.0,-0.6757828736133698,0.2659059713975226,-0.40175675663151195,-0.20058202528665972,4,-0.5,-0.2530539210335047
2024-07-16,94.64195561594478,3.181,3.137,2866.09,-0.13338735756262166,0.484,-0.033862519510261535,-0.0703320908367017,-1.0,1.0,-1.0,-1.0,-0.6756622885066451,0.29862287569279067,-0.3848749730424953,-0.18206088080474656,4,-0.5,-0.23599381666527408
2024-07-17,94.39982624157128,3.193,3.139,2843.29,-0.13338735756262166,0.43599999999999994,-0.038144698985905556,-0.054462390373202434,-1.0,1.0,-1.0,-1.0,-0.675542093970015,0.26903035104909456,-0.4335946040302224,-0.1410143678915202,4,-0.5,-0.24528017871066574
2024-07-18,94.59390655818056,3.202,3.138,2824.35,-0.13338735756262166,0.4249999999999998,-0.04125166314885753,-0.043097459289178346,-1.0,1.0,-1.0,-1.0,-0.6754222887250492,0.262266638246006,-0.46895081885827516,-0.11161490851516123,4,-0.5,-0.2484303444631199
2024-07-19,94.81472986045245,3.216,3.156,2795.46,-0.13338735756262166,0.35799999999999965,-0.03728578266383309,-0.03578400621638135,-1.0,1.0,-1.0,-1.0,-0.6753028714988804,0.22094755195491927,-0.4239180130947751,-0.09269646657729563,4,-0.5,-0.24274244980400794
2024-07-22,94.42848659149853,3.219,3.145,2763.51,-0.13338735756262166,0.3730000000000002,-0.05019348887593811,-0.006964361525944832,-1.0,1.0,-1.0,-1.0,-0.6751838410241742,0.23023128760146186,-0.570660714319245,-0.01804495033270819,4,-0.5,-0.2584145545186664
2024-07-23,94.35025903256188,3.229,3.171,2774.29,-0.13338735756262166,0.359,-0.05859107833591981,-0.018482293080273958,-1.0,1.0,-1.0,-1.0,-0.6750651960390978,0.22161637817888333,-0.6660455215590368,-0.04789964483798983,4,-0.5,-0.2918484960643103
2024-07-24,94.63066726900507,3.217,3.131,2758.71,-0.13338735756262166,0.363,-0.0558995939048037,-0.014725251236494902,-1.0,1.0,-1.0,-1.0,-0.6749469352872909,0.22411205468452436,-0.6353897324278467,-0.03817162177495898,4,-0.5,-0.28109905870139307
2024-07-25,94.5844826342102,3.203,3.128,2710.65,-0.13338735756262166,0.33899999999999997,-0.06099145127851813,-0.0027527941598604125,-1.0,1.0,-1.0,-1.0,-0.6748290575178347,0.20932144225371277,-0.6931495519008886,-0.0071375763704212385,4,-0.5,-0.29144868588385797
2024-07-26,94.47151271784054,3.193,3.108,2731.9,-0.13338735756262166,0.359,-0.06100431137639273,-0.009557435164139323,-1.0,1.0,-1.0,-1.0,-0.674711561485223,0.22169729549004533,-0.6931786356892088,-0.024786709071195276,4,-0.5,-0.2927449026888954
2024-07-29,94.46264012461867,3.156,3.046,2765.53,-0.13338735756262166,0.395,-0.061020758203062186,-0.010774035258103713,-1.0,1.0,-1.0,-1.0,-0.6745944459493318,0.24395423066153468,-0.6932487507636471,-0.027948374598578025,4,-0.5,-0.28795933516250555
2024-07-30,94.77291989717544,3.155,3.052,2738.19,-0.13338735756262166,0.39300000000000024,-0.046663522370151256,0.006167636389190746,-1.0,1.0,-1.0,1.0,-0.6744777096753902,0.2427445678410147,-0.5301522543603356,0.016002716261146,4,0.0,-0.23647066998339128
2024-07-31,94.58730305067628,3.152,3.064,2770.69,-0.13338735756262166,0.399,-0.047728108659419455,-5.927840830363684e-05,-1.0,1.0,-1.0,-1.0,-0.6743613514339515,0.24647589847054635,-0.542255057673071,-0.00015384018928126227,4,-0.5,-0.24257358770643936
2024-08-01,94.63808535809532,3.137,3.01,2777.68,-0.1156275256601158,0.387,-0.04747922428476237,-0.01720738917769836,-1.0,1.0,-1.0,-1.0,-0.5845288355363147,0.23908889583161003,-0.5394369359886309,-0.04466731048406358,4,-0.5,-0.2323860465443498
2024-08-02,95.7018542044805,3.124,2.976,2676.19,-0.1156275256601158,0.3819999999999997,-0.037242783807649005,0.02546161577426883,-1.0,1.0,-1.0,1.0,-0.5844842112311238,0.23602588269759125,-0.42318759625152064,0.06610756038824024,4,0.0,-0.1763845910992032
2024-08-05,94.95802690388044,3.083,2.878,2441.55,-0.1156275256601158,0.4379999999999997,-0.049644355410180196,0.13407325240047502,-1.0,1.0,-1.0,1.0,-0.5844397764963892,0.27064959082251755,-0.5641014220975289,0.34811562960689585,4,0.0,-0.13244399454112615
2024-08-06,95.36793394788666,3.112,2.993,2522.15,-0.1156275256601158,0.41100000000000003,-0.04207564233854555,0.10429264154803594,-1.0,1.0,-1.0,1.0,-0.5843955307993841,0.2539904946669611,-0.47813639780702283,0.2708183872734186,4,0.0,-0.1344307616665068
2024-08-07,94.67874335437408,3.104,3.001,2568.41,-0.1156275256601158,0.3900000000000001,-0.05329362461949749,0.09577346116988536,-1.0,1.0,-1.0,1.0,-0.5843514736093263,0.24103863010245735,-0.6055817007244602,0.24872506399296473,4,0.0,-0.17504237005959106
2024-08-08,94.52674740421264,3.093,2.997,2556.73,-0.1156275256601158,0.40100000000000025,-0.05219755301652196,0.08677698282337182,-1.0,1.0,-1.0,1.0,-0.5843076043973696,0.2478624626931771,-0.5931035182655786,0.22539045226765203,4,0.0,-0.17603955192552978
2024-08-09,94.30017887439844,3.092,3.012,2588.43,-0.1156275256601158,0.40200000000000014,-0.04782005479253648,0.07445086178638154,-1.0,1.0,-1.0,1.0,-0.5842639226365943,0.2485058499358227,-0.5433716825152117,0.19340412979201774,4,0.0,-0.1714314063559914
2024-08-12,94.7958688961062,3.084,3.0,2618.3,-0.1156275256601158,0.41400000000000015,-0.039262953329133765,0.06414253642500174,-1.0,1.0,-1.0,1.0,-0.5842204278019989,0.2559486212622994,-0.44618600370532113,0.16665317335280186,4,0.0,-0.1519511592230547
2024-08-13,95.02547784662733,3.072,2.974,2621.5,-0.1156275256601158,0.403,-0.03155960659202872,0.05151788184265743,-1.0,1.0,-1.0,1.0,-0.5841771193704915,0.24917331525113381,-0.3587059341237194,0.13387636803398814,4,0.0,-0.13995834255227224
2024-08-14,94.67471681620395,3.049,2.945,2644.5,-0.1156275256601158,0.41700000000000026,-0.035925157232063576,0.03657132761208086,-1.0,1.0,-1.0,1.0,-0.5841339968208801,0.2578540131742527,-0.4083802299797752,0.09505440999619803,4,0.0,-0.15990145090755112
2024-08-16,95.2543168602644,3.06,2.973,2697.23,-0.1156275256601158,0.41400000000000015,-0.02595221305306783,0.02933341894133555,-1.0,1.0,-1.0,1.0,-0.584091059633865,0.2560236859243686,-0.2950735325028641,0.0762575499084752,4,0.0,-0.13672083907597132
2024-08-19,95.23824060456433,3.055,2.985,2674.36,-0.1156275256601158,0.41999999999999993,-0.021723453653851088,0.03648116571328895,-1.0,1.0,-1.0,1.0,-0.5840483072920297,0.2597585894221035,-0.24704949601287896,0.09485810990334895,4,0.0,-0.11912027599486405
2024-08-20,96.5067480433482,3.058,2.999,2696.63,-0.1156275256601158,0.41800000000000015,-0.009903994800190219,0.026141398625271567,-1.0,1.0,-1.0,1.0,-0.5840057392798326,0.2585461932686982,-0.1126625965368367,0.06798676433741115,4,0.0,-0.09253384455263998
2024-08-21,96.8293957709312,3.052,2.997,2701.13,-0.1156275256601158,0.43699999999999983,-0.005275175683666866,0.02193415904811115,-1.0,1.0,-1.0,1.0,-0.5839633550835978,0.2703216406664982,-0.060023568902530924,0.057056857440840394,4,0.0,-0.07915210646969752
2024-08-22,96.786644386534,3.042,2.98,2707.67,-0.1156275256601158,0.4200000000000004,-0.0017779663616019903,0.001366009484729952,-1.0,1.0,-1.0,1.0,-0.5839211541915073,0.25983016710594187,-0.02023593210842219,0.003554168375306228,4,0.0,-0.08519318770467033
2024-08-23,96.68823059739334,3.05,3.005,2701.69,-0.1156275256601158,0.4400000000000004,0.0003788609861619108,0.008001872815914843,-1.0,1.0,1.0,1.0,-0.5838791360935923,0.2722262051136635,0.004313135822290708,0.020824356028290913,4,0.5,-0.0716288597823368
2024-08-26,96.1352156925192,3.039,2.974,2698.01,-0.1156275256601158,0.43199999999999994,-0.00281057837223031,0.0007746495876175818,-1.0,1.0,-1.0,1.0,-0.5838373002817251,0.26730039477276674,-0.032005452330281,0.0020164279541547395,4,0.0,-0.08663148247127116
2024-08-27,97.26188762905932,3.055,3.073,2689.25,-0.1156275256601158,0.4549999999999996,0.0073771629556489415,0.0025422068439739237,-1.0,1.0,1.0,1.0,-0.5837956462496099,0.2815536981720464,0.08402790581494654,0.006618892157966159,4,0.5,-0.0528987875261627
2024-08-28,96.80574202931702,3.049,3.054,2689.83,-0.1156275256601158,0.46499999999999986,0.005070278306268605,0.007649000274930165,-1.0,1.0,1.0,1.0,-0.5837541734927757,0.2877628633656568,0.05776635197607227,0.019919329783266566,4,0.5,-0.05457640709194501
2024-08-29,96.5768608192604,3.059,3.075,2662.28,-0.1156275256601158,0.44899999999999984,0.0009297363283815585,0.00690541690405265,-1.0,1.0,1.0,1.0,-0.5837128815085673,0.27788392301098447,0.010595364554803017,0.01798687575800053,4,0.5,-0.06931167954619481
2024-08-30,96.54968571441684,3.06,3.088,2674.31,-0.1156275256601158,0.45100000000000007,0.0015590754562531117,0.010758874663180013,-1.0,1.0,1.0,1.0,-0.5836717697961368,0.2791441540319626,0.017771973541330848,0.02803027341397319,4,0.5,-0.06468134220221754
2024-09-02,96.5858680529883,3.063,3.121,2681.0,-0.09187875423488376,0.476,-0.00945330859987692,0.0028477141824356234,-1.0,1.0,-1.0,1.0,-0.463806937408023,0.29463796754467053,-0.10778697695690796,0.00742084985071977,4,0.0,-0.06738377424238516
2024-09-03,96.3863038000564,3.056,3.12,2664.63,-0.09187875423488376,0.47799999999999976,-0.009851337858295395,0.013600489135580533,-1.0,1.0,-1.0,1.0,-0.46382267767515406,0.29589596046605043,-0.11235472172719056,0.03544912261158901,4,0.0,-0.0612080790811763
2024-09-04,96.27941780974449,3.028,3.052,2580.8,-0.09187875423488376,0.4979999999999998,-0.01379221822482446,0.052200631053193405,-1.0,1.0,-1.0,1.0,-0.4638384743882349,0.30829438337065856,-0.15734055874711497,0.13608314373044403,4,0.0,-0.044200376508561824
2024-09-05,96.05666909420648,3.021,3.03,2575.5,-0.09187875423488376,0.4940000000000002,-0.016126179084239745,0.06004001744812473,-1.0,1.0,-1.0,1.0,-0.46385432741025173,0.30583646704867334,-0.18401181399552238,0.1565462668359653,4,0.0,-0.046370851880283864
2024-09-06,96.33926063391338,3.014,2.99,2544.28,-0.09187875423488376,0.4860000000000002,-0.013567779352348097,0.07118146242476588,-1.0,1.0,-1.0,1.0,-0.46387023660459165,0.3009029236960803,-0.15485797357860304,0.18562457314610584,4,0.0,-0.03305017833525214
2024-09-09,96.70709484936891,3.01,3.032,2535.93,-0.09187875423488376,0.4870000000000001,-0.009477929771831484,0.07057499446708064,-1.0,1.0,-1.0,1.0,-0.4638862018350413,0.3015412639623863,-0.10820614191226367,0.18407145324819368,4,0.0,-0.021619906634181257
2024-09-10,96.24184299137887,2.991,3.01,2523.43,-0.09187875423488376,0.5269999999999997,-0.016692574193960752,0.09161232440618398,-1.0,1.0,-1.0,1.0,-0.4639022229657854,0.3263227128646795,-0.190620004254571,0.23896932440002727,4,0.0,-0.02230754748891242
2024-09-11,95.95153323629026,2.941,2.943,2513.37,-0.09187875423488376,0.5870000000000002,-0.020402372186689277,0.10244952129029411,-1.0,1.0,-1.0,1.0,-0.46391829986140537,0.3634792543285311,-0.2330379085840532,0.2672652625040984,4,0.0,-0.01655292290320727
2024-09-12,96.12677269223067,2.941,2.97,2572.09,-0.09187875423488376,0.573,-0.017722062133220362,0.07043229763918496,-1.0,1.0,-1.0,1.0,-0.4639344323868778,0.3548170373608969,-0.20247215968098223,0.18376870164447742,4,0.0,-0.03195521326562143
2024-09-13,96.05652569575398,2.896,2.928,2575.41,-0.09187875423488376,0.6720000000000002,-0.014326029991159395,0.07268202857844727,-1.0,1.0,-1.0,1.0,-0.463950620407573,0.4161043429394534,-0.1637142260196679,0.18966728066137978,4,0.0,-0.0054733057066019275
2024-09-19,96.496451383681,2.898,2.979,2580.8,-0.09187875423488376,0.6639999999999997,-0.009052443491512463,0.06036371273717077,-1.0,1.0,-1.0,1.0,-0.4639668637892537,0.41113690851289514,-0.10347607136959493,0.15754854090906087,4,0.0,0.00031062856577684234
2024-09-20,96.2314837457403,2.886,2.989,2593.37,-0.09187875423488376,0.7210000000000001,-0.013013908286911402,0.06358957697199447,-1.0,1.0,-1.0,1.0,-0.4639831623980739,0.44639922744333116,-0.1487964502991291,0.16599521656881056,4,0.0,-9.629217126532613e-05
2024-09-23,96.35588703129804,2.886,3.022,2602.01,-0.09187875423488376,0.7359999999999998,-0.009922149046382778,0.049972493769743276,-1.0,1.0,-1.0,1.0,-0.4639995161005765,0.45565025116716606,-0.11347587951848058,0.13047258287118704,4,0.0,0.002161859604824009
2024-09-24,95.94107319369824,2.88,3.026,2631.68,-0.09187875423488376,0.7490000000000001,-0.0187932962432944,0.036292861320327816,-1.0,1.0,-1.0,1.0,-0.4640159247636932,0.4636578589625544,-0.21498293130356372,0.09477514046948826,4,0.0,-0.03014146415880356
2024-09-25,95.8328441049776,2.865,2.997,2596.32,-0.09187875423488376,0.7679999999999998,-0.018764624805647223,0.06453472292487128,-1.0,1.0,-1.0,1.0,-0.4640323882547421,0.4753719882775286,-0.21470596679010875,0.16855330093579463,4,0.0,-0.008703266457881907
2024-09-26,96.33838377203293,2.853,3.001,2671.57,-0.09187875423488376,0.7919999999999998,-0.014701393587579048,0.04749731699570692,-1.0,1.0,-1.0,1.0,-0.46404890644142693,0.4901703536016872,-0.16825635978487488,0.12407739194188254,4,0.0,-0.004514380170683018
2024-09-27,96.16307067675378,2.845,3.0,2649.78,-0.09187875423488376,0.819,-0.015464618889852844,0.04982417265528266,-1.0,1.0,-1.0,1.0,-0.4640654791918352,0.5068122381605001,-0.17703535529841594,0.13017939669520237,4,0.0,-0.001027299908637161
2024-09-30,96.72574130776393,2.826,2.992,2593.27,-0.09187875423488376,0.8260000000000001,-0.011375782049268146,0.06357898948647335,-1.0,1.0,-1.0,1.0,-0.4640821063744373,0.5110725887439247,-0.13026081838825074,0.16614484426077716,4,0.0,0.020718627060503453
2024-10-02,97.88714257304494,2.809,2.932,2561.69,-0.18081718160446325,0.8439999999999999,-0.0021704105913187277,0.08171849389946452,-1.0,1.0,-1.0,1.0,-0.9128824282591754,0.5221302283853012,-0.024859239623254148,0.2135763850651925,4,0.0,-0.05050876360798397
2024-10-04,97.2808937065624,2.827,2.996,2569.71,-0.18081718160446325,0.8450000000000002,-0.004535798493848553,0.061267822977896666,-1.0,1.0,-1.0,1.0,-0.9124537925609152,0.5226691468782279,-0.051965314880516485,0.16015397382378946,4,0.0,-0.07039899668485358
2024-10-07,96.62835576131428,2.861,3.101,2610.38,-0.18081718160446325,0.7969999999999997,-0.004055097181701939,0.032041650951538395,-1.0,1.0,-1.0,1.0,-0.9120266272329767,0.4929211963397188,-0.04647023135928567,0.08377351532899815,4,0.0,-0.09545053673088635
2024-10-08,95.8341262485767,2.852,3.077,2594.36,-0.18081718160446325,0.7989999999999999,-0.013839123319275615,0.03605343396883785,-1.0,1.0,-1.0,1.0,-0.9116009254989174,0.49409966259604876,-0.15863225178816406,0.0942808248873663,4,0.0,-0.12046317245091659
2024-10-10,95.81499406092205,2.866,3.088,2599.16,-0.18081718160446325,0.794,-0.01790714662553139,0.023459622892488596,-1.0,1.0,-1.0,1.0,-0.9111766806248192,0.49095152028403394,-0.20531156367656775,0.06136031128287197,4,0.0,-0.14104410318362023
2024-10-11,95.72783219292084,2.856,3.085,2596.91,-0.18081718160446325,0.8050000000000002,-0.011836723903430268,0.023497927948855774,-1.0,1.0,-1.0,1.0,-0.9107538859189483,0.4976925677183336,-0.13574679754175553,0.06147320207692849,4,0.0,-0.12183372841636046
2024-10-14,95.79746757415153,2.857,3.087,2623.29,-0.18081718160446325,0.8999999999999999,-0.010820252555149068,0.014527509495661062,-1.0,1.0,-1.0,1.0,-0.9103325347314191,0.5563199781961237,-0.1241215557173259,0.03801369801950356,4,0.0,-0.11003010355827944
2024-10-15,95.37799210789576,2.849,3.05,2633.45,-0.18081718160446325,0.895,-0.007773038376696739,0.010432839856685694,-1.0,1.0,-1.0,1.0,-0.9099126204538606,0.5531259121823635,-0.08918951081008838,0.027305199282102687,4,0.0,-0.1046677549498707
2024-10-16,95.21981655870478,2.842,3.008,2610.36,-0.18081718160446325,0.8799999999999999,-0.01698824042416991,0.01817149479273987,-1.0,1.0,-1.0,1.0,-0.9094941365190872,0.5437605542709222,-0.19497395656420272,0.04756909772048874,4,0.0,-0.12828461027296972
2024-10-17,95.11245324744004,2.85,3.028,2609.3,-0.18081718160446325,0.8729999999999998,-0.017728014539841297,0.01274117382612626,-1.0,1.0,-1.0,1.0,-0.9090770764007714,0.5393440336287516,-0.20351312386220846,0.033360826993281814,4,0.0,-0.1349713349102366
2024-10-18,95.01831284278305,2.862,3.072,2593.82,-0.18081718160446325,0.851,-0.017039066583139473,0.02858898450024995,-1.0,1.0,-1.0,1.0,-0.9086614336131212,0.5256723642148105,-0.1956515018836472,0.0748710225358876,4,0.0,-0.1259423871865176
2024-10-21,94.59895038265144,2.862,3.054,2604.92,-0.18081718160446325,0.8420000000000001,-0.02798862239938238,0.03454401233660871,-1.0,1.0,-1.0,1.0,-0.9082472017105584,0.5200375654811756,-0.32144106040737075,0.09048426484152325,4,0.0,-0.15479160794880756
2024-10-22,94.82781797135002,2.879,3.13,2570.7,-0.18081718160446325,0.8490000000000002,-0.027225316683265888,0.03753684797741996,-1.0,1.0,-1.0,1.0,-0.9078343742874023,0.5242825050717308,-0.31273553131519677,0.09834267697435334,4,0.0,-0.14948618088912874
2024-10-23,94.26289616993724,2.879,3.128,2599.62,-0.18081718160446325,0.8599999999999999,-0.026634908061298646,0.02013058666237974,-1.0,1.0,-1.0,1.0,-0.9074229449775552,0.5309919066771585,-0.306014106119274,0.052751070298234136,4,0.0,-0.15742351853035913
2024-10-24,94.27207573399194,2.853,3.074,2581.03,-0.18081718160446325,0.8849999999999998,-0.02248242014016455,0.04404190917693146,-1.0,1.0,-1.0,1.0,-0.9070129074541906,0.5463319978371118,-0.258362089400289,0.1154308580097391,4,0.0,-0.12590303525190719
2024-10-25,94.24621464766516,2.851,3.054,2583.27,-0.18081718160446325,0.9020000000000001,-0.024809018177939457,0.05080166410904535,-1.0,1.0,-1.0,1.0,-0.9066042554294458,0.5567221116553782,-0.2851580623648944,0.1331715162068465,4,0.0,-0.12546717248302885
2024-10-28,94.08562730803592,2.873,3.117,2612.43,-0.18081718160446325,0.8939999999999997,-0.02818955087348929,0.021349672515457704,-1.0,1.0,-1.0,1.0,-0.9061969826541155,0.5516846973711067,-0.3240753503610132,0.05597765844307814,4,0.0,-0.15565249430023598
2024-10-29,94.0013598663648,2.867,3.118,2617.8,-0.18081718160446325,0.8820000000000001,-0.024555851982929866,-0.0006168328888772889,-1.0,1.0,-1.0,-1.0,-0.9057910829173503,0.5441863984643079,-0.28236035742987836,-0.0016176601951915692,4,-0.5,-0.1613956755195281
2024-10-30,94.32403706543876,2.87,3.105,2593.79,-0.18081718160446325,0.891,-0.023042481051096075,0.005797982716037847,-1.0,1.0,-1.0,1.0,-0.9053865500463567,0.5496418536855647,-0.265016021945586,0.015208675199611214,4,0.0,-0.15138801077669167
2024-10-31,94.2256687086446,2.875,3.1,2556.15,-0.18081718160446325,0.863,-0.024640175648464435,0.02359197092537109,-1.0,1.0,-1.0,1.0,-0.9049833779061001,0.5322861812867923,-0.2834505483446241,0.06189675760602526,4,0.0,-0.14856274683947665
2024-11-01,94.3812695489313,2.875,3.09,2542.36,-0.11102031355880634,0.8679999999999999,-0.029142962656423244,0.022191154552046302,-1.0,1.0,-1.0,1.0,-0.5556340646003523,0.5352849903425534,-0.335309768026495,0.05823354600403876,4,0.0,-0.07435632407006378
2024-11-04,94.52481685414506,2.87,3.096,2588.97,-0.11102031355880634,0.891,-0.026902709161481297,-0.01507107030298524,-1.0,1.0,-1.0,-1.0,-0.5556156487000977,0.549372348802839,-0.3095947329154658,-0.03955816620735281,4,-0.5,-0.08884904975501932
2024-11-05,94.89178205935292,2.858,3.073,2576.88,-0.11102031355880634,0.891,-0.015745566570437575,-0.01588924846224611,-1.0,1.0,-1.0,-1.0,-0.5555973591477508,0.5492762317681104,-0.18124335098481162,-0.04171518718978455,4,-0.5,-0.05731991638855914
2024-11-06,94.35152994741284,2.867,3.134,2563.51,-0.11102031355880634,0.8780000000000001,-0.025163283513601087,-0.009651821719100687,-1.0,1.0,-1.0,-1.0,-0.5555791956174189,0.5411729692681447,-0.2897079136201767,-0.02534532797489385,4,-0.5,-0.08236486698608618
2024-11-07,93.98270807924034,2.858,3.098,2564.63,-0.11102031355880634,0.8820000000000001,-0.026858447724467105,-0.02036074350537387,-1.0,1.0,-1.0,-1.0,-0.5555611577842824,0.543547622566823,-0.3092851103317241,-0.05347878184136282,4,-0.5,-0.09369435684763659
2024-11-08,93.3007647116592,2.847,3.049,2561.15,-0.11102031355880634,0.8839999999999999,-0.038013411819046716,-0.007749222483213705,-1.0,1.0,-1.0,-1.0,-0.5555432453245902,0.544688641236576,-0.4377881674755535,-0.02035838689177286,4,-0.5,-0.11725028961383514
2024-11-11,94.27733654204737,2.858,3.038,2531.66,-0.11102031355880634,0.8289999999999997,-0.02138499846428843,0.013008160538619182,-1.0,1.0,-1.0,1.0,-0.5555254579156551,0.5107344505129758,-0.2463392530894811,0.03418168668920558,4,0.0,-0.0642371434507387
2024-11-12,93.85749919950128,2.855,3.014,2482.57,-0.11102031355880634,0.8380000000000001,-0.03479923649419714,0.04017497387474059,-1.0,1.0,-1.0,1.0,-0.5555077952358495,0.5162102869003257,-0.40091753543252745,0.10558821695838358,4,0.0,-0.08365670670241693
2024-11-13,93.78848362230492,2.875,3.067,2417.08,-0.11102031355880634,0.8180000000000001,-0.04589340840255929,0.1137980827494415,-1.0,1.0,-1.0,1.0,-0.5554902569646014,0.5038302786413851,-0.5287500825433554,0.2991088090615452,4,0.0,-0.07032531295125664
2024-11-14,93.45803613004962,2.873,3.074,2418.86,-0.11102031355880634,0.8489999999999998,-0.0640941795965908,0.08880331976526723,-1.0,1.0,-1.0,1.0,-0.5554728427823894,0.522850683023758,-0.7382887697322021,0.23344118534132893,4,0.0,-0.13436743603737614
2024-11-15,93.68398568765942,2.893,3.084,2416.86,-0.11102031355880634,0.8380000000000001,-0.0597162793609769,0.07700756069493454,-1.0,1.0,-1.0,1.0,-0.555455552370739,0.5160082605229681,-0.6877611922406686,0.20246208555502643,4,0.0,-0.13118659963335325
2024-11-18,93.82899900386582,2.894,3.063,2469.07,-0.11102031355880634,0.8399999999999999,-0.05950683452241545,0.05340732718588238,-1.0,1.0,-1.0,1.0,-0.5554383854122182,0.5171709997832786,-0.6852525178084417,0.14043876351473414,4,0.0,-0.14577028498066177
2024-11-19,94.39644046098364,2.89,3.036,2471.95,-0.11102031355880634,0.875,-0.05237689781804278,0.0491183458581656,-1.0,1.0,-1.0,1.0,-0.5554213415904329,0.538634855780516,-0.6031222701356082,0.12918373801767158,4,0.0,-0.12268125448196338
2024-11-20,94.37736361640398,2.886,3.017,2482.29,-0.11102031355880634,0.907,-0.046791569952756795,0.046892656864547355,-1.0,1.0,-1.0,1.0,-0.5554044205900229,0.5582325348195358,-0.5388207965465879,0.12335250573796952,4,0.0,-0.10316004414477636
2024-11-21,94.55919527288034,2.872,2.978,2480.63,-0.11102031355880634,0.9199999999999999,-0.040226958849133077,0.060875252150241116,-1.0,1.0,-1.0,1.0,-0.5553876220966578,0.5661260449504704,-0.4632705650955512,0.16016058368060512,4,0.0,-0.07309288964028338
2024-11-22,94.20090170380672,2.866,2.976,2501.24,-0.11102031355880634,0.8839999999999999,-0.03778308488662496,0.06127785712242055,-1.0,1.0,-1.0,1.0,-0.5553709457970326,0.5438848678931429,-0.43517648048415686,0.1612463644679349,4,0.0,-0.07135404848002791
2024-11-25,94.04420882107426,2.853,2.92,2534.34,-0.11102031355880634,0.8969999999999998,-0.055537347877682386,0.05193827141157065,-1.0,1.0,-1.0,1.0,-0.5553543913788633,0.5517884822327894,-0.6396129620349292,0.13669427179264892,4,0.0,-0.12662114984708855
2024-11-26,94.14193335579492,2.854,2.903,2520.36,-0.11102031355880634,0.887,-0.05279855149665913,0.05119567158780218,-1.0,1.0,-1.0,1.0,-0.5553379585308837,0.5455477172309956,-0.6080428501203095,0.13476368708088285,4,0.0,-0.1207673510848287
2024-11-27,94.01641250046843,2.846,2.88,2503.06,-0.11102031355880634,0.883,-0.05996048788226904,0.06525053870074665,-1.0,1.0,-1.0,1.0,-0.5553216469428399,0.5430005596203725,-0.6904218859905521,0.1717880359150635,4,0.0,-0.132738734349489
2024-11-28,94.22638674747148,2.802,2.788,2504.67,-0.11102031355880634,0.9129999999999998,-0.05492652278793653,0.07733308049090361,-1.0,1.0,-1.0,1.0,-0.5553054563054871,0.5613469806375133,-0.6324115472185105,0.20362723439211367,4,0.0,-0.10568569712359265
2024-11-29,94.30729923261704,2.779,2.751,2455.91,-0.11102031355880634,0.9410000000000003,-0.05603468904601616,0.10334245006010384,-1.0,1.0,-1.0,1.0,-0.5552893863105852,0.5784453072200384,-0.6451142113703182,0.27213997800029593,4,0.0,-0.08745457811514228
2024-12-02,94.15848411522906,2.754,2.697,2454.48,-0.062003913029418545,0.948,-0.05311939826615841,0.10554197266892913,-1.0,1.0,-1.0,1.0,-0.3101666852274272,0.5826275595902249,-0.6115215499276616,0.2779585950197432,4,0.0,-0.015275520136280168
2024-12-03,93.90284148878033,2.754,2.713,2500.1,-0.062003913029418545,0.9529999999999998,-0.05353453724020696,0.08389109143066693,-1.0,1.0,-1.0,1.0,-0.3102089102575447,0.5855772632359981,-0.6162678009764796,0.22096736657988938,4,0.0,-0.0299830203545342
2024-12-04,93.87648903039032,2.758,2.765,2464.0,-0.062003913029418545,0.9580000000000002,-0.051111670352510075,0.0929271776086826,-1.0,1.0,-1.0,1.0,-0.3102511352926593,0.5885238147702687,-0.5883635650011311,0.24479697841131456,4,0.0,-0.016323476778051772
2024-12-05,93.20841787379624,2.739,2.738,2441.85,-0.062003913029418545,0.9570000000000003,-0.0549120478076377,0.11124112170460254,-1.0,1.0,-1.0,1.0,-0.31029336032338334,0.5877847745693996,-0.6320662340057104,0.29306595639428673,4,0.0,-0.015377215841351849
2024-12-06,92.87260979691854,2.743,2.744,2428.16,-0.062003913029418545,0.9130000000000003,-0.06523556170758571,0.10880973297104884,-1.0,1.0,-1.0,1.0,-0.31033558534035466,0.5606603623536095,-0.7507283484362285,0.28668600926040866,4,0.0,-0.05342939054064125
2024-12-09,92.5985341422525,2.723,2.677,2360.58,-0.062003913029418545,0.9300000000000002,-0.07154306852995518,0.15316067736756173,-1.0,1.0,-1.0,1.0,-0.31037781033423656,0.5709912155822812,-0.8230446049931985,0.40353678301811763,4,0.0,-0.03972360418175906
2024-12-10,91.7583554574799,2.717,2.645,2417.84,-0.062003913029418545,0.9219999999999997,-0.08202015753102643,0.1197381469303354,-1.0,1.0,-1.0,1.0,-0.3104200352957177,0.5659755693461922,-0.9430767304574554,0.3154989751673654,4,0.0,-0.09300555530990388
2024-12-11,92.1081413036578,2.712,2.692,2442.51,-0.062003913029418545,0.883,-0.06721281881436436,0.10394672354613896,-1.0,1.0,-1.0,1.0,-0.3104622602155121,0.5419515523732231,-0.7726260019520188,0.2739169988681314,4,0.0,-0.0668049277315441
2024-12-12,91.94546038886678,2.706,2.7,2482.12,-0.062003913029418545,0.8679999999999999,-0.07118289278142331,0.07520707668272514,-1.0,1.0,-1.0,1.0,-0.3105044850843588,0.5326689437016249,-0.8180024100452099,0.19821205190104865,4,0.0,-0.0994064748817238
2024-12-13,92.0289566911502,2.694,2.676,2494.46,-0.062003913029418545,0.867,-0.06380939873501745,0.06892874930275308,-1.0,1.0,-1.0,1.0,-0.3105467098930223,0.5319798309494161,-0.733126520840372,0.18169323482627436,4,0.0,-0.08250004123942593
2024-12-16,92.04721161028188,2.691,2.721,2488.97,-0.062003913029418545,0.8850000000000002,-0.06396329169250414,0.0696447201388639,-1.0,1.0,-1.0,1.0,-0.310588934632292,0.5429406924323383,-0.7347501588653814,0.18360864553055617,4,0.0,-0.07969743888369472
2024-12-17,91.9111851982068,2.704,2.79,2456.81,-0.062003913029418545,0.8559999999999999,-0.05655122450226013,0.08406160228797518,-1.0,1.0,-1.0,1.0,-0.3106311592929823,0.5250795540093919,-0.649550308310204,0.22164602745387704,4,0.0,-0.05336397153497934
2024-12-18,91.90669857808676,2.664,2.738,2484.43,-0.062003913029418545,0.911,-0.06789184109555091,0.08258036984171593,-1.0,1.0,-1.0,1.0,-0.3106733838659327,0.5587210150478212,-0.7796076255772485,0.21776970797507209,4,0.0,-0.07844757160507196
2024-12-19,92.18824565932748,2.685,2.814,2435.93,-0.062003913029418545,0.8759999999999999,-0.05891605684091772,0.09701152644462877,-1.0,1.0,-1.0,1.0,-0.3107156083420073,0.5371768288975497,-0.6764571510775289,0.2558539428903229,4,0.0,-0.04853549690791589
2024-12-20,91.51452140013642,2.692,2.873,2404.15,-0.062003913029418545,0.8889999999999998,-0.06737935199810163,0.09550925605297622,-1.0,1.0,-1.0,1.0,-0.31075783271209534,0.545064183062099,-0.7734380624268782,0.2519204940714687,4,0.0,-0.07180280450135144
2024-12-23,91.27448497211736,2.689,2.844,2442.01,-0.062003913029418545,0.7949999999999999,-0.0669179927347523,0.08002692700763617,-1.0,1.0,-1.0,1.0,-0.3108000569671105,0.48738707239699774,-0.7679578261140713,0.21111263803977684,4,0.0,-0.09506454316110177
2024-12-24,91.39188123803822,2.696,2.876,2440.52,-0.062003913029418545,0.7929999999999997,-0.07747987054524064,0.08774578611452064,-1.0,1.0,-1.0,1.0,-0.3108422810979912,0.4861180993735049,-0.8887883832249345,0.23150437669103208,4,0.0,-0.12050204706459716
2024-12-26,91.1215764451077,2.7,2.904,2429.67,-0.062003913029418545,0.7829999999999999,-0.08192245228065964,0.08948791636876148,-1.0,1.0,-1.0,1.0,-0.3108845050957007,0.4799489825628274,-0.9392694015056904,0.23612988827172898,4,0.0,-0.13351875894170867
2024-12-27,90.56080659647787,2.695,2.876,2404.77,-0.062003913029418545,0.7920000000000003,-0.08592881009026332,0.10204727246161063,-1.0,1.0,-1.0,1.0,-0.31092672895122636,0.48542353643719194,-0.9846196199790257,0.2692974982947031,4,0.0,-0.13520632854958925
2024-12-30,89.8591304684308,2.688,2.855,2399.49,-0.062003913029418545,0.774,-0.08844092697094741,0.11974016048543064,-1.0,1.0,-1.0,1.0,-0.3109689526555803,0.4743557202242549,-1.0,0.3160098259321338,4,0.0,-0.1301508516247979
2024-12-31,90.23609384135588,2.688,2.855,,-0.062003913029418545,0.766,-0.0882215778929103,,-1.0,1.0,-1.0,,-0.3110111761997988,0.4694202720710779,-1.0,,3,,
2025-01-02,90.35112860426692,2.659,2.749,2398.94,-0.0253392630501086,0.794,-0.08268182044872407,0.12445599260408471,-1.0,1.0,-1.0,1.0,-0.12712621556074122,0.48653693883619215,-0.9457081625146622,0.3284749646291715,4,0.0,-0.06445561865250996
2025-01-03,90.55309654175969,2.649,2.754,2441.92,-0.0253392630501086,0.81,-0.08212022930561158,0.10508248792247248,-1.0,1.0,-1.0,1.0,-0.12715086745675555,0.4962930475873991,-0.9388096029178835,0.27736960579914327,4,0.0,-0.07307445424702416
2025-01-06,90.6574035085667,2.653,2.817,2488.64,-0.0253392630501086,0.8069999999999999,-0.08333560519031824,0.08439394264639827,-1.0,1.0,-1.0,1.0,-0.1271755146119018,0.49440811893186754,-0.95220036847803,0.22279067310307407,4,0.0,-0.09054427276374755
2025-01-07,90.30226462591077,2.643,2.794,2492.1,-0.0253392630501086,0.7910000000000004,-0.08825511641803807,0.09454438199583887,-1.0,1.0,-1.0,1.0,-0.12720015702888804,0.48456509378858736,-1.0,0.24961549534503263,4,0.0,-0.098254891973817
2025-01-08,91.24745349747052,2.635,2.796,2521.05,-0.0253392630501086,0.7990000000000004,-0.08035384110874588,,-1.0,1.0,-1.0,,-0.12722479471041998,0.4894224796254974,-0.9171252534622337,,3,,
2025-01-09,91.48632755346556,2.624,2.778,2521.9,-0.0253392630501086,0.8420000000000001,-0.0780427050931971,0.0992347231453769,-1.0,1.0,-1.0,1.0,-0.1272494276592007,0.5157015892461033,-0.8903732208569594,0.26202702841500347,4,0.0,-0.05997350771376331
2025-01-10,91.19957006110528,2.636,2.837,2515.78,-0.0253392630501086,0.835,-0.0757936181775305,0.07581614387379286,-1.0,1.0,-1.0,1.0,-0.12727405587793073,0.5113571631708975,-0.8643883179333139,0.20021974774779902,4,0.0,-0.07002136572313702
2025-01-13,91.1677977400044,2.663,2.871,2489.56,-0.0253392630501086,0.7880000000000003,-0.07124291992788301,0.07176064610169768,-1.0,1.0,-1.0,1.0,-0.12729867936930805,0.48253539183139765,-0.8122500495813443,0.1895382348779801,4,0.0,-0.06686877556031864
2025-01-14,90.51682266258118,2.65,2.841,2497.4,-0.0253392630501086,0.81,-0.07835617004865725,0.0720347451442144,-1.0,1.0,-1.0,1.0,-0.1273232981360282,0.4959604275557522,-0.89297274148235,0.19029072207547568,4,0.0,-0.08351122249678755
2025-01-15,90.92659273911408,2.653,2.86,2496.81,-0.0253392630501086,0.802,-0.07154549940731503,0.06676337282013592,-1.0,1.0,-1.0,1.0,-0.1273479121807841,0.491018506157662,-0.8151130670603057,0.17639328777683697,4,0.0,-0.06876229632664771
2025-01-16,91.03184030795524,2.631,2.802,2527.49,-0.0253392630501086,0.7930000000000001,-0.06864174592595695,0.05494480079383962,-1.0,1.0,-1.0,1.0,-0.12737252150626613,0.4854682720055309,-0.7818361924752526,0.14519276673088558,4,0.0,-0.06963691881127557
2025-01-17,91.38134653690318,2.618,2.813,2523.55,-0.0253392630501086,0.8090000000000002,-0.06811933726173791,0.0499166645630633,-1.0,1.0,-1.0,1.0,-0.1273971261151622,0.49521753998576645,-0.7757000472090526,0.13192922146447886,4,0.0,-0.06898760296849238
2025-01-20,91.34533054133294,2.628,2.868,2520.05,-0.0253392630501086,0.7669999999999999,-0.06299513422916636,0.04311163199734477,-1.0,1.0,-1.0,1.0,-0.12742172601015775,0.46947718572839564,-0.7172340897999141,0.1139646330101871,4,0.0,-0.06530349926787227
2025-01-21,91.20409242876946,2.616,2.818,2518.03,-0.0253392630501086,0.7549999999999999,-0.06741766997836152,0.041824014742649886,-1.0,1.0,-1.0,1.0,-0.1274463211939355,0.46210543832711254,-0.7674129968234711,0.11058139997211466,4,0.0,-0.08054311992954485
2025-01-22,92.01721747015591,2.624,2.827,2547.06,-0.0253392630501086,0.7279999999999998,-0.0598864420390095,0.02897331224639025,-1.0,1.0,-1.0,1.0,-0.12747091166917593,0.4455615837896982,-0.681607332621606,0.07661968765460242,4,0.0,-0.07172424321162034
2025-01-23,92.1388035480922,2.632,2.837,2515.49,-0.0253392630501086,0.7370000000000001,-0.05578064828747653,0.03165865133880423,-1.0,1.0,-1.0,1.0,-0.1274954974385568,0.45104914052359013,-0.6348389247796558,0.08373739962002995,4,0.0,-0.05688697051864812
2025-01-24,91.9641251486214,2.627,2.859,2536.8,-0.0253392630501086,0.7450000000000001,-0.053868428502732435,0.00021285385991827444,-1.0,1.0,-1.0,1.0,-0.1275200785047534,0.4559221409717576,-0.6130544953767783,0.0005631222000536561,4,0.0,-0.0710223276774301
2025-01-31,92.1896714651282,2.631,2.859,2517.37,-0.0253392630501086,0.7430000000000003,-0.04237002007255075,0.010479726866384598,-1.0,1.0,-1.0,1.0,-0.1275446548704386,0.4546758813546512,-0.48223857648539276,0.027730817605017825,4,0.0,-0.03184413309904058
2025-02-03,91.2377825564844,2.644,2.835,2453.95,-0.014489877432342101,0.7210000000000001,-0.053273690787139394,0.054587876366135504,-1.0,1.0,-1.0,1.0,-0.07294903353485852,0.44119734262141247,-0.6063232299086272,0.1444719284955929,4,0.0,-0.02340074808162009
2025-02-04,90.30127201190054,2.654,2.844,2481.69,-0.014489877432342101,0.6750000000000003,-0.06704322869074808,0.035228301331245715,-1.0,1.0,-1.0,1.0,-0.07296356672832151,0.41304510859580057,-0.7628722928670064,0.09325288564738735,4,0.0,-0.082384466338035
2025-02-05,90.58188238452684,2.659,2.818,2509.27,-0.014489877432342101,0.6790000000000003,-0.06597749483245963,0.032026044986998306,-1.0,1.0,-1.0,1.0,-0.07297809702856574,0.4154882012418009,-0.7505951314211959,0.08479269020196291,4,0.0,-0.08082308425149946
2025-02-06,91.08050471623456,2.66,2.796,2536.75,-0.014489877432342101,0.685,-0.059071542022156365,0.02152890251340942,-1.0,1.0,-1.0,1.0,-0.07299262443731784,0.4191537300314052,-0.6719621127032986,0.05701185849196483,4,0.0,-0.06719728715431161
2025-02-07,91.2261539305007,2.672,2.836,2521.92,-0.014489877432342101,0.6749999999999998,-0.05454126908564483,0.025975276805458414,-1.0,1.0,-1.0,1.0,-0.07300714895630268,0.41303124605642694,-0.6204030022083344,0.06880027335658113,4,0.0,-0.05289465793790726
2025-02-10,91.37266037449416,2.673,2.83,2521.27,-0.014489877432342101,0.645,-0.05553695912123757,0.027395003547965688,-1.0,1.0,-1.0,1.0,-0.07302167058724349,0.39467755097248536,-0.6316953606317396,0.07257507263303728,4,0.0,-0.059366101903365116
2025-02-11,91.0944826561941,2.673,2.849,2539.05,-0.014489877432342101,0.6760000000000002,-0.05857005826857975,0.03172070275893333,-1.0,1.0,-1.0,1.0,-0.0730361893318617,0.4136430338160312,-0.6661335131597882,0.0840511061620328,4,0.0,-0.06036889062839648
2025-02-12,91.06341126939758,2.674,2.879,2548.39,-0.014489877432342101,0.657,-0.05816017281944408,0.0180328313284593,-1.0,1.0,-1.0,1.0,-0.07305070519187712,0.40201783619496434,-0.6614148060277686,0.04779183624932359,4,0.0,-0.07116395969383944
2025-02-13,91.18535500874256,2.672,2.872,2583.17,-0.014489877432342101,0.6639999999999997,-0.06073361832360735,0.003948727008137462,-1.0,1.0,-1.0,1.0,-0.07306521816900778,0.40630053434439545,-0.6905975518099866,0.0104674230345495,4,0.0,-0.08672370315001236
2025-02-14,90.97620204128266,2.666,2.846,2591.05,-0.014489877432342101,0.6720000000000002,-0.061151175305330874,0.02050891730783018,-1.0,1.0,-1.0,1.0,-0.07307972826497004,0.41119339336739763,-0.6952580811053426,0.05437680921449421,4,0.0,-0.0756919016971052
2025-02-17,91.29792560300456,2.668,2.869,2610.42,-0.014489877432342101,0.665,-0.05744580769814345,0.03531150940721634,-1.0,1.0,-1.0,1.0,-0.07309423548147857,0.40690947362411345,-0.6530806854808843,0.09364190746869144,4,0.0,-0.05640588496738949
2025-02-18,91.36741887979892,2.668,2.878,2626.81,-0.014489877432342101,0.7029999999999998,-0.0642607878387258,0.026073357107040458,-1.0,1.0,-1.0,1.0,-0.07310873982024631,0.4301517018976608,-0.7304340059322482,0.06915718760071221,4,0.0,-0.07605846406353037
2025-02-19,91.31351550644489,2.66,2.873,2671.52,-0.014489877432342101,0.7050000000000001,-0.05970057608562396,0.00438784616134015,-1.0,1.0,-1.0,1.0,-0.07312324128298453,0.4313653028790222,-0.6785285959949109,0.011640841677232772,4,0.0,-0.07716142318041011
2025-02-20,91.57936565674144,2.655,2.888,2654.06,-0.014489877432342101,0.7120000000000002,-0.059214391527827814,0.022298745805881988,-1.0,1.0,-1.0,1.0,-0.07313773987140279,0.4356364568733505,-0.6729373753165017,0.05916992661214597,4,0.0,-0.062817182925602
2025-02-21,91.42084702256048,2.648,2.856,2654.58,-0.014489877432342101,0.7359999999999998,-0.06406313488768323,0.030529997629601624,-1.0,1.0,-1.0,1.0,-0.07315223558720896,0.4503023264671917,-0.7279206196865218,0.08102742898119591,4,0.0,-0.06743577495633578
2025-02-24,91.70963151349156,2.638,2.825,2645.27,-0.014489877432342101,0.7789999999999999,-0.06023885783206051,0.05189064221760766,-1.0,1.0,-1.0,1.0,-0.07316672843210921,0.4765788855464697,-0.6843917126057683,0.13774308593950912,4,0.0,-0.035809117387974654
2025-02-25,92.03206904034587,2.63,2.797,2630.29,-0.014489877432342101,0.8240000000000003,-0.05847993495760395,0.05264050399848582,-1.0,1.0,-1.0,1.0,-0.07318121840780807,0.504061192864118,-0.6643508717989277,0.13975774555504092,4,0.0,-0.023428287946894215
2025-02-26,91.98648954292364,2.624,2.752,2641.09,-0.014489877432342101,0.815,-0.052173027149039264,0.047613390445687645,-1.0,1.0,-1.0,1.0,-0.07319570551600829,0.49851136124529505,-0.5926976964208154,0.12643357676315453,4,0.0,-0.010237115982093523
2025-02-27,91.94241430870814,2.623,2.754,2621.75,-0.014489877432342101,0.8259999999999996,-0.0546241611089302,0.06848957222660651,-1.0,1.0,-1.0,1.0,-0.07321018975841105,0.5051914332071736,-0.6205204371795853,0.1818964928229506,4,0.0,-0.0016606752269680211
2025-02-28,91.74908993711304,2.62,2.706,2532.78,-0.014489877432342101,0.8300000000000001,-0.05710331930387991,0.11747629102830268,-1.0,1.0,-1.0,1.0,-0.07322467113671577,0.5075882253971173,-0.6486396809781251,0.3120195007612557,4,0.0,0.024435843510883043
2025-03-04,90.60789609783288,2.615,2.703,2528.92,-0.051034857337302945,0.859,-0.06866144287644005,0.1125826162668961,-1.0,1.0,-1.0,1.0,-0.2579452272970631,0.5252620034300586,-0.7797487299455647,0.2990464122992289,4,0.0,-0.05334638537833508
2025-03-05,90.32764187484511,2.627,2.773,2558.13,-0.051034857337302945,0.8590000000000004,-0.06846383996644789,0.0926113943604857,-1.0,1.0,-1.0,1.0,-0.2579855326356715,0.5252010040070143,-0.7773279673683837,0.24602696944359004,4,0.0,-0.06602138163836271
2025-03-06,90.24034755997974,2.639,2.806,2576.16,-0.051034857337302945,0.8270000000000004,-0.07095346679338466,0.08307018077930134,-1.0,1.0,-1.0,1.0,-0.25802583360202225,0.5055880225949566,-0.805380420007196,0.22070948933136048,4,0.0,-0.08427718542072529
2025-03-07,91.07851780223942,2.621,2.773,2563.48,-0.051034857337302945,0.8730000000000002,-0.06522081109249722,0.09545096757523808,-1.0,1.0,-1.0,1.0,-0.25806613019536717,0.5336436541848635,-0.740179460894499,0.2536326717328875,4,0.0,-0.05274231629302881
2025-03-10,90.74779779358956,2.63,2.801,2570.39,-0.051034857337302945,0.847,-0.07096446199834094,0.07747950731522689,-1.0,1.0,-1.0,1.0,-0.2581064224149634,0.5176951323644768,-0.8051500341188482,0.20590782548103664,4,0.0,-0.08491337467207453
2025-03-11,90.48595542179363,2.616,2.76,2537.6,-0.051034857337302945,0.8740000000000001,-0.07216404741509219,0.08748119102283941,-1.0,1.0,-1.0,1.0,-0.25814671026007385,0.5341312998968238,-0.8185283666174895,0.2325173158421184,4,0.0,-0.07750661528465527
2025-03-12,90.00509363609355,2.615,2.763,2574.82,-0.051034857337302945,0.8719999999999999,-0.07736725266508504,0.08396378901830857,-1.0,1.0,-1.0,1.0,-0.2581869937299672,0.5328436373906477,-0.8772203309642873,0.22319764696297192,4,0.0,-0.09484151008515873
2025-03-13,90.3425115011196,2.604,2.77,2573.64,-0.051034857337302945,0.8919999999999999,-0.07257235804647788,0.08275121797357521,-1.0,1.0,-1.0,1.0,-0.2582272728239174,0.5449907716912615,-0.8226169889220092,0.22000357721231104,4,0.0,-0.0789624782105885
2025-03-14,90.42636415261128,2.61,2.813,2566.36,-0.051034857337302945,0.859,-0.07072249662485852,0.09086789337480955,-1.0,1.0,-1.0,1.0,-0.2582675475412044,0.5247691809416477,-0.8014426615876361,0.241611774668687,4,0.0,-0.07333231337962645
2025-03-17,90.18002114007447,2.609,2.805,2610.69,-0.051034857337302945,0.8540000000000001,-0.0764280564790969,0.06303864505634277,-1.0,1.0,-1.0,1.0,-0.25830781788111346,0.5216575650990495,-0.8657948775432571,0.16764247398269527,4,0.0,-0.10870066408565646
2025-03-18,90.52469225683969,2.602,2.788,2612.34,-0.051034857337302945,0.8450000000000002,-0.07020387774475978,0.05853678049096274,-1.0,1.0,-1.0,1.0,-0.25834808384293545,0.5161067885142815,-0.7950897386820698,0.1556961802102665,4,0.0,-0.09540871345011433
2025-03-19,90.55781566253364,2.602,2.811,2628.62,-0.051034857337302945,0.8400000000000003,-0.0665756477478352,0.054242129595504486,-1.0,1.0,-1.0,1.0,-0.2583883454259669,0.5130018803671428,-0.7538551436556132,0.1442978803927941,4,0.0,-0.0887359320804108
2025-03-20,90.31104331636055,2.59,2.792,2637.1,-0.051034857337302945,0.8170000000000002,-0.0722088193417223,0.05962755447758479,-1.0,1.0,-1.0,1.0,-0.2584286026295096,0.49891332485798706,-0.8174144470648721,0.15865053632977036,4,0.0,-0.1045697971266561
2025-03-21,89.96220377214395,2.592,2.805,2643.13,-0.051034857337302945,0.8029999999999999,-0.0799988344195981,0.049262149665569514,-1.0,1.0,-1.0,1.0,-0.2584688554528712,0.4903271476571031,-0.9052264181635702,0.13109446589383364,4,0.0,-0.13556841501637615
2025-03-24,89.60661083809379,2.603,2.816,2632.07,-0.051034857337302945,0.758,-0.0904868850067766,0.060241330841200876,-1.0,1.0,-1.0,1.0,-0.25850910389536447,0.4628273030257693,-1.0,0.16033802243629974,4,0.0,-0.15883594460832384
2025-03-25,89.68134832927477,2.611,2.821,2615.81,-0.051034857337302945,0.734,-0.09152495397169869,0.07009365030371842,-1.0,1.0,-1.0,1.0,-0.25854934795630796,0.44815826641001383,-1.0,0.1865890405866945,4,0.0,-0.15595051023989992
2025-03-26,89.49282204925737,2.615,2.839,2643.94,-0.051034857337302945,0.734,-0.09323251148967593,0.06910566516662098,-1.0,1.0,-1.0,1.0,-0.25858958763502554,0.4481435068414706,-1.0,0.18398700702732596,4,0.0,-0.15661476844155725
2025-03-27,89.86659777766242,2.617,2.838,2607.15,-0.051034857337302945,0.734,-0.08762689362436138,0.06839658020385683,-1.0,1.0,-1.0,1.0,-0.25862982293084646,0.4481288613769401,-0.9890983699731901,0.1821270002652359,4,0.0,-0.15436808281546516
2025-03-28,89.74999872218076,2.621,2.842,2557.98,-0.051034857337302945,0.7360000000000002,-0.08156051233437278,0.09621564367794651,-1.0,1.0,-1.0,1.0,-0.25867005384310554,0.4493348323170549,-0.9202265608210151,0.25623241937227337,4,0.0,-0.11833234074369808
2025-03-31,89.75056465852548,2.607,2.771,2481.12,-0.051034857337302945,0.754,-0.07856537168300903,0.12425516445628425,-1.0,1.0,-1.0,1.0,-0.25871028037114285,0.4603038397616119,-0.8861002469976589,0.3309244797643507,4,0.0,-0.0883955519607098
2025-04-01,89.49033373469139,2.622,2.787,2521.39,0.1192884942563896,0.7240000000000002,-0.0789768759882481,0.11790290011257927,1.0,1.0,-1.0,1.0,0.604636221076508,0.4419777809134974,-0.8904015236963143,0.31402952280601665,4,0.5,0.11756050027492694
2025-04-02,89.49837541381468,2.622,2.767,2505.86,0.1192884942563896,0.698,-0.07784882150800154,0.14625463562522167,1.0,1.0,-1.0,1.0,0.6045651981119271,0.4261007726577993,-0.8773672359894662,0.38954822445329,4,0.5,0.13571173980838752
2025-04-03,89.68528652317563,2.592,2.738,2486.7,0.1192884942563896,0.7290000000000001,-0.08597232079524542,0.15004060788599177,1.0,1.0,-1.0,1.0,0.6044944069504185,0.44501230057905283,-0.9684272047042566,0.39963386114514415,4,0.5,0.12017834099258971
2025-04-04,89.54094758095718,2.558,2.692,2465.42,0.1192884942563896,0.77,-0.08271375219814647,0.15894848721570026,1.0,1.0,-1.0,1.0,0.6044238469357779,0.4700158836451327,-0.931306541286331,0.42335294399505286,4,0.5,0.14162153332240812
2025-04-07,91.4335805452389,2.525,2.648,2328.2,0.1192884942563896,0.815,-0.057709897537450594,0.22900033885530124,1.0,1.0,-1.0,1.0,0.6043535174142467,0.49744485727825527,-0.6497407787044842,0.6098001518680929,4,0.5,0.26546443696402766
2025-04-08,90.17242693814012,2.535,2.686,2334.23,0.1192884942563896,0.8049999999999997,-0.07314681151534685,0.2207352969298736,1.0,1.0,-1.0,1.0,0.6042834177345011,0.49130545853886265,-0.8233127893719521,0.587679319025392,4,0.5,0.21498885148170097
2025-04-09,90.03671137440907,2.536,2.732,2293.7,0.1192884942563896,0.8199999999999998,-0.07006681160711103,0.2315135210885083,1.0,1.0,-1.0,1.0,0.6042135472476398,0.5004192718683134,-0.7884659214075885,0.6162361080992712,4,0.5,0.23310075145190895
2025-04-10,89.11664842468974,2.536,2.702,2445.06,0.1192884942563896,0.8479999999999999,-0.07992813306858793,0.1731850431465642,1.0,1.0,-1.0,1.0,0.6041439053071731,0.5174553960964997,-0.8990850018680426,0.46095540922377487,4,0.5,0.1708674271898513
2025-04-11,90.17106282963718,2.513,2.696,2432.72,0.1192884942563896,0.8600000000000003,-0.0677292447605291,0.17661245399908831,1.0,1.0,-1.0,1.0,0.6040744912690117,0.5247219186548933,-0.7617184298982022,0.4700497502740827,4,0.5,0.20928193257494637
2025-04-14,90.26967107943054,2.499,2.691,2455.89,0.1192884942563896,0.8969999999999998,-0.06781375607597795,0.1729801218796777,1.0,1.0,-1.0,1.0,0.604005304491455,0.5472256051510803,-0.76252297882119,0.46035931894843996,4,0.5,0.2122668124424463
2025-04-15,91.64723016276446,2.492,2.664,2477.41,0.1192884942563896,0.9089999999999998,-0.048692322486777684,0.1516562685720526,1.0,1.0,-1.0,1.0,0.6039363443351804,0.5544695840547622,-0.5475393408762133,0.4036103509691145,4,0.5,0.25361923462071095
2025-04-16,92.02977380020016,2.467,2.629,2447.43,0.1192884942563896,0.9329999999999998,-0.04650557345989892,0.1798890867394695,1.0,1.0,-1.0,1.0,0.6038676101632323,0.5690211265369971,-0.5229845007372956,0.47871528520152684,4,0.5,0.28215488029111513
2025-04-17,91.5823807138306,2.467,2.645,2470.41,0.1192884942563896,0.9249999999999998,-0.052283316824081716,0.15715680621763095,1.0,1.0,-1.0,1.0,0.6037991013410103,0.5640583232899663,-0.5879637573343512,0.418216737961121,4,0.5,0.24952760131443663
2025-04-18,91.99868233741394,2.424,2.62,2483.42,0.1192884942563896,0.996,-0.04441298685852768,0.1595708938387233,1.0,1.0,-1.0,1.0,0.603730817236259,0.6072330313376139,-0.49949922051182405,0.42463442404888346,4,0.5,0.2840247630277331
2025-04-21,91.86394474658,2.416,2.602,2488.42,0.1192884942563896,1.0060000000000002,-0.04414305856140732,0.15559308935243654,1.0,1.0,-1.0,1.0,0.6036627572190566,0.6132038344762633,-0.49650741285287125,0.4140467364369997,4,0.5,0.2836014788198621
2025-04-22,91.8559371700454,2.415,2.621,2486.64,0.1192884942563896,1.0430000000000001,-0.0458309174167848,0.1620138323881656,1.0,1.0,-1.0,1.0,0.6035949206618042,0.6356092485036359,-0.5155298047337773,0.43112386809379566,4,0.5,0.2886995581313646
2025-04-23,91.86638463227624,2.412,2.598,2525.56,0.1192884942563896,1.0190000000000001,-0.03923334604523987,0.13523284819776588,1.0,1.0,-1.0,1.0,0.6035273069392154,0.620850852286796,-0.44137384418399134,0.3598733657856306,4,0.5,0.28571942020691266
2025-04-24,91.6397160150251,2.411,2.623,2522.33,0.1192884942563896,1.033,-0.038056243914085464,0.13209643061863252,1.0,1.0,-1.0,1.0,0.6034599154283047,0.6292400158999635,-0.4281904622720163,0.3515434720712561,4,0.5,0.28901323528187695
2025-04-25,91.34848197910767,2.394,2.576,2546.3,0.1192884942563896,1.061,-0.034613552303527584,0.10792712374650038,1.0,1.0,-1.0,1.0,0.6033927455083774,0.646138049535821,-0.38951780084112053,0.2872494618683778,4,0.5,0.28681561401786393
2025-04-28,91.10499126926368,2.393,2.588,2548.86,0.1192884942563896,1.0580000000000003,-0.031468565311725705,0.09728204255075741,1.0,1.0,-1.0,1.0,0.6033257965610191,0.64415568487408,-0.35419006769522565,0.25894639191229146,4,0.5,0.28805945141304123
2025-04-29,90.64986336187756,2.39,2.603,2565.42,0.1192884942563896,1.0299999999999998,-0.04206703506139675,0.10336711561086538,1.0,1.0,-1.0,1.0,0.6032590679700848,0.6269706335313503,-0.4735301356805914,0.27517167548797683,4,0.5,0.25796781032720517
2025-04-30,90.64732094132243,2.374,2.563,2556.61,0.1192884942563896,1.073,-0.050012526240180044,0.09529360249660812,1.0,1.0,-1.0,1.0,0.6031925591216886,0.6529809683966197,-0.5629877434962115,0.25370852594877125,4,0.5,0.23672357749271697
2025-05-02,91.42997140944244,2.374,2.593,2559.79,0.00631619018563385,1.0989999999999998,-0.03481858547065375,0.11140567188396247,1.0,1.0,-1.0,1.0,0.03194455810499288,0.6686221905640077,-0.3920132670022888,0.2966310760800276,4,0.5,0.15129613943668485
2025-05-07,90.7524543555352,2.35,2.603,2573.8,0.00631619018563385,1.1139999999999999,-0.04550134422014018,0.1007029196352746,1.0,1.0,-1.0,1.0,0.0319507546013709,0.6775568430298844,-0.5123270638493485,0.26816219847028105,4,0.5,0.11633568306304697
2025-05-08,92.96344482942574,2.346,2.622,2579.48,0.00631619018563385,1.126,-0.022279270080026947,0.11848188665042723,1.0,1.0,-1.0,1.0,0.03195694989685623,0.6846562212465584,-0.25091127173166367,0.31552940292877946,4,0.5,0.19530782558513263
2025-05-09,93.07262178598457,2.346,2.67,2577.27,0.00631619018563385,1.1389999999999998,-0.027522025860514887,0.10268829447600243,1.0,1.0,-1.0,1.0,0.031963143992146406,0.6923525730104518,-0.31001779945626273,0.2734976163378538,4,0.5,0.1719488834710473
2025-05-12,92.42861535388636,2.341,2.685,2607.33,0.00631619018563385,1.1349999999999998,-0.029088963759326347,0.0993387616651363,1.0,1.0,-1.0,1.0,0.03196933688793833,0.6897165786011636,-0.32773149645113464,0.26460529417334255,4,0.5,0.16463992830282748
2025-05-13,92.9453632952699,2.348,2.722,2608.42,0.00631619018563385,1.133,-0.024849249410134,0.1084043935799977,1.0,1.0,-1.0,1.0,0.03197552858492821,0.6882988050167115,-0.2800239352595698,0.2887800123026319,4,0.5,0.18225760266117547
2025-05-14,91.81737127552886,2.319,2.718,2640.57,0.00631619018563385,1.1510000000000002,-0.033671773535873584,0.09435189685149627,1.0,1.0,-1.0,1.0,0.031981719083811595,0.6990186264530088,-0.3795075299204313,0.2513747221489584,4,0.5,0.1507168844413369
2025-05-15,91.74023123391908,2.314,2.727,2621.36,0.00631619018563385,1.1480000000000001,-0.03532793635485465,0.09636454115681342,1.0,1.0,-1.0,1.0,0.03198790838528334,0.6969844552658968,-0.3982360931968841,0.25676602201040544,4,0.5,0.14687557311617538
2025-05-16,92.74989289823095,2.288,2.676,2626.87,0.00631619018563385,1.1720000000000002,-0.021536981631914642,0.09380551719349527,1.0,1.0,-1.0,1.0,0.031994096490037656,0.7113255531098409,-0.24283101398819967,0.2499768483959703,4,0.5,0.1876163710019123
2025-05-19,93.04624512604936,2.295,2.747,2603.42,0.00631619018563385,1.146,-0.025892236655018053,0.11219143955213745,1.0,1.0,-1.0,1.0,0.03200028339876806,0.6953359686300541,-0.29199730818462,0.29899829125880395,4,0.5,0.18358430877575152
2025-05-20,92.76072902312482,2.281,2.713,2601.8,0.00631619018563385,1.1629999999999998,-0.035997539580193916,0.11895577654652978,1.0,1.0,-1.0,1.0,0.032006469112167396,0.7054291910739527,-0.4060205812105241,0.31704922131941166,4,0.5,0.16211607507375192
2025-05-21,93.08843215844044,2.281,2.76,2625.58,0.00631619018563385,1.169,-0.028476735315383195,0.09611616714648036,1.0,1.0,-1.0,1.0,0.032012653630927874,0.7088431005615947,-0.3212552614320037,0.25620473225171037,4,0.5,0.16895130625305732
2025-05-22,93.36884762080346,2.28,2.755,2593.67,0.00631619018563385,1.1670000000000003,-0.02199528745297652,0.11299923913632344,1.0,1.0,-1.0,1.0,0.03201883695574101,0.7074072023231146,-0.2481909109205374,0.30123347571386794,4,0.5,0.19811715101804656
2025-05-23,93.9600552569662,2.282,2.766,2592.09,0.00631619018563385,1.1760000000000002,-0.01634038498037338,0.11385460848983264,1.0,1.0,-1.0,1.0,0.03202501908729765,0.712633349400814,-0.1844254724157096,0.3035391311228396,4,0.5,0.2159430067988104
2025-05-26,93.8292999011121,2.28,2.766,2644.4,0.00631619018563385,1.1800000000000002,-0.016432604707807386,0.09438194708939804,1.0,1.0,-1.0,1.0,0.032031200026287995,0.7148254455220472,-0.18550998715069203,0.25165397339776097,4,0.5,0.20325015794885104
2025-05-27,94.53888490867904,2.276,2.709,2637.22,0.00631619018563385,1.1500000000000004,-0.006394219671217449,0.10288589413121854,1.0,1.0,-1.0,1.0,0.032037379773401556,0.696443801038339,-0.07220269241645601,0.27435662580863224,4,0.5,0.23265877855097922
2025-05-28,94.49557236659372,2.27,2.706,2670.15,0.00631619018563385,1.154,-0.02113184804772761,0.08003431824051756,1.0,1.0,-1.0,1.0,0.03204355832932721,0.6986557939104552,-0.23867145985128713,0.2134499037423762,4,0.5,0.1763694490327179
2025-05-29,94.16472930079824,2.276,2.76,2720.64,0.00631619018563385,1.1590000000000003,-0.02020544140417524,0.06683149071066652,1.0,1.0,-1.0,1.0,0.03204973569475315,0.7014694130299369,-0.228259915334556,0.17826600123204775,4,0.5,0.17088130865554543
2025-05-30,93.61141775023856,2.276,2.786,2697.67,0.00631619018563385,1.1580000000000004,-0.026045284574306216,0.06617902791885388,1.0,1.0,-1.0,1.0,0.032055911870366896,0.7006521347779506,-0.2942928752518976,0.17655326526717988,4,0.5,0.15374210916589995
2025-06-02,94.04858391370168,2.271,2.793,2698.97,-0.03380091261536225,1.1600000000000001,-0.016170170195602296,0.06383291200384615,-1.0,1.0,-1.0,1.0,-0.17157670250979384,0.7016493885682761,-0.18275424399157253,0.17032141091455746,4,0.0,0.1294099632453668
2025-06-04,94.02078786284868,2.293,2.894,2770.84,-0.03380091261536225,1.1269999999999998,-0.01849411927264466,0.028386576850563935,-1.0,1.0,-1.0,1.0,-0.1716070967601505,0.6815004894116045,-0.20906754613484127,0.07575684867622103,4,0.0,0.09414567379820843
2025-06-05,94.09356405196571,2.284,2.891,2812.05,-0.03380091261536225,1.1400000000000001,-0.017705513458279754,0.004654847334684395,-1.0,1.0,-1.0,1.0,-0.17163748583993813,0.6891648077140787,-0.20019918884231216,0.01242524312395506,4,0.0,0.08243834403894588
2025-06-09,95.11542196045758,2.278,2.867,2855.77,-0.03380091261536225,1.1389999999999998,-0.0017986870598747373,0.0028690322431940626,-1.0,1.0,-1.0,1.0,-0.1716678697516332,0.6883648071791626,-0.02034284150633965,0.007659947169225089,4,0.0,0.12600351077260372
2025-06-10,95.1319142452246,2.277,2.831,2871.85,-0.03380091261536225,1.125,-0.00461104193150863,-0.0012772955373275274,-1.0,1.0,-1.0,-1.0,-0.1716982484977105,0.6797188290050662,-0.052162568195257025,-0.0034109342440000858,4,-0.5,0.11311176951702465
2025-06-11,95.01241666303704,2.283,2.837,2907.04,-0.03380091261536225,1.1280000000000001,-0.010678151947768555,-0.026406557367437668,-1.0,1.0,-1.0,-1.0,-0.17172862208064313,0.6813449624930438,-0.12082606920316333,-0.07053227477933884,4,-0.5,0.07956449910747464
2025-06-12,94.27950066680653,2.285,2.827,2920.03,-0.03380091261536225,1.13,-0.016847954017738864,-0.043583739224586256,-1.0,1.0,-1.0,-1.0,-0.17175899050290222,0.6823657720265205,-0.1906834964810546,-0.11643794089767084,4,-0.5,0.05087133603622321
2025-06-13,94.59278503610396,2.292,2.819,2894.62,-0.03380091261536225,1.1180000000000003,-0.004598754229811597,-0.03267397584089061,-1.0,1.0,-1.0,-1.0,-0.1717893537669573,0.6749410537849073,-0.052060683864141394,-0.08731044451650903,4,-0.5,0.09094514290932487
2025-06-16,94.37310455728878,2.298,2.864,2946.66,-0.03380091261536225,1.092,-0.00263919564831383,-0.04047567430892776,-1.0,1.0,-1.0,-1.0,-0.17181971187527614,0.6590842268937275,-0.029884350710399892,-0.10818132657539896,4,-0.5,0.08729970943316312
2025-06-17,94.56203386999644,2.279,2.868,2950.3,-0.03380091261536225,1.084,-0.003120299411897065,-0.05463157508901535,-1.0,1.0,-1.0,-1.0,-0.1718500648303247,0.6541008816886668,-0.03534039011549242,-0.14604771807599226,4,-0.5,0.07521567716671435
2025-06-18,94.9200996715794,2.29,2.876,2972.19,-0.03380091261536225,1.0590000000000002,-0.003178015396525069,-0.055623752094374874,-1.0,1.0,-1.0,-1.0,-0.1718804126345672,0.6388765646773645,-0.03600260170526938,-0.14873186394204907,4,-0.5,0.07056542159886972
2025-06-19,94.15219089393038,2.295,2.874,2977.74,-0.03380091261536225,1.0390000000000001,-0.01223061961386307,-0.04867160704953527,-1.0,1.0,-1.0,-1.0,-0.1719107552904661,0.6266841304267646,-0.13858948299711576,-0.13017056457828524,4,-0.5,0.04650333189022439
2025-06-20,93.76447697955408,2.292,2.867,3021.84,-0.03380091261536225,1.0700000000000003,-0.022211076367923965,-0.06690090489757594,-1.0,1.0,-1.0,-1.0,-0.17194109280048214,0.6452373665302069,-0.25173661228646105,-0.178961654971718,4,-0.5,0.010649501617886428
2025-06-23,94.50532530664748,2.307,2.873,3014.47,-0.03380091261536225,1.0420000000000003,-0.0072669567519358935,-0.0640438222515598,-1.0,1.0,-1.0,-1.0,-0.17197142516707425,0.6282249900357366,-0.08238224694156002,-0.1713549254286263,4,-0.5,0.05062909812461902
2025-06-24,93.64362392097392,2.297,2.823,3103.64,-0.03380091261536225,1.041,-0.017235485697064235,-0.0842245614582485,-1.0,1.0,-1.0,-1.0,-0.17200175239269966,0.6274954129050818,-0.19543629952576375,-0.22539535520082785,4,-0.5,0.008665501446447642
2025-06-25,94.54667195878288,2.298,2.82,3108.25,-0.03380091261536225,1.032,-0.006363242741255881,-0.07868235244787036,-1.0,1.0,-1.0,-1.0,-0.17203207447981386,0.6219492180359074,-0.07217124065255216,-0.21060651550115922,4,-0.5,0.04178484685059555
2025-06-26,94.71928506798908,2.294,2.788,3079.56,-0.03380091261536225,1.0299999999999998,-0.009297077676180265,-0.06900867759657395,-1.0,1.0,-1.0,-1.0,-0.17206239143087057,0.6206242381154646,-0.10547181118570642,-0.18475173266384895,4,-0.5,0.03958457570875968
2025-06-27,94.79795665920636,2.304,2.785,3055.94,-0.03380091261536225,1.0110000000000001,-0.005587665730459435,-0.06779408525538855,-1.0,1.0,-1.0,-1.0,-0.17209270324832174,0.6090669225294976,-0.06340507112896474,-0.18153783898698458,4,-0.5,0.04800782729130663
2025-06-30,94.85832448281664,2.302,2.805,3071.7,-0.03380091261536225,1.0230000000000001,-0.002816923766612689,-0.06766119234025122,-1.0,1.0,-1.0,-1.0,-0.17212300993461763,0.6161811744261207,-0.03197207742062568,-0.1812197518055705,4,-0.5,0.05771658381632674
2025-07-01,94.93780642894244,2.301,2.784,3089.65,0.0430962788154527,1.013,-0.0008504755333067493,-0.06363242507174927,1.0,1.0,-1.0,-1.0,0.21948994582583028,0.6100486437224973,-0.00965513238265282,-0.17046513025101598,4,0.0,0.1623545817286647
2025-07-02,94.99506079495474,2.31,2.832,3075.06,0.0430962788154527,1.0259999999999998,0.0004258504374519134,-0.05602370216339633,1.0,1.0,1.0,-1.0,0.2195224641711749,0.6177615709235986,0.004835628375706948,-0.15011397794696965,4,0.5,0.1730014213808777
2025-07-03,94.55413805503254,2.302,2.814,3116.27,0.0430962788154527,1.028,-0.003902719885573447,-0.07737464488923185,1.0,1.0,-1.0,-1.0,0.2195549794869019,0.6188491322652284,-0.044326749803656834,-0.20736542964917282,4,0.0,0.14667798307482519
2025-07-04,94.65362606467704,2.311,2.828,3054.28,0.0430962788154527,1.032,0.0005042876858674106,-0.06472090461239624,1.0,1.0,1.0,-1.0,0.21958749177180467,0.6211386237794135,0.005728964223538006,-0.17348948810122675,4,0.5,0.16824139791838236
2025-07-07,94.20182580226373,2.313,2.84,3059.47,0.0430962788154527,1.033,-0.0028458525632810705,-0.0633307951339444,1.0,1.0,-1.0,-1.0,0.21962000102468232,0.6216218498451532,-0.03233792208440147,-0.16979880122585259,4,0.0,0.1597762818898954
2025-07-08,94.22982676124786,2.31,2.847,3114.95,0.0430962788154527,1.0379999999999998,-0.0053027482587788555,-0.07495700769699482,1.0,1.0,-1.0,-1.0,0.2196525072443392,0.6245096157669728,-0.06027037725971636,-0.20101141780481677,4,0.0,0.14572008198669473
2025-07-09,94.18719446860672,2.309,2.854,3133.74,0.0430962788154527,1.0389999999999997,-0.0050916831500753545,-0.08263688545618049,1.0,1.0,-1.0,-1.0,0.21968501042958513,0.6249900415965441,-0.057885171430236866,-0.22165080576517626,4,0.0,0.14128476870767903
2025-07-10,93.83574625612322,2.295,2.814,3183.23,0.0430962788154527,1.033,-0.008841965656673167,-0.09289586205624076,1.0,1.0,-1.0,-1.0,0.2197175105792353,0.6212633609846681,-0.10054455386016348,-0.2492158095260083,4,0.0,0.12280512704443289
2025-07-11,93.84247952934048,2.303,2.823,3175.77,0.0430962788154527,1.0060000000000002,-0.013296320960077601,-0.08527260321703306,1.0,1.0,-1.0,-1.0,0.21975000769211042,0.6049224164170366,-0.15123206956614424,-0.22880991712169174,4,0.0,0.11115760935532776
2025-07-14,93.78855498434444,2.313,2.886,3202.03,0.0430962788154527,0.948,-0.015797061958285674,-0.10878475129400993,1.0,1.0,-1.0,-1.0,0.21978250176703634,0.5699718201287411,-0.1797172796576261,-0.291951934353199,4,0.0,0.07952127697123809
2025-07-15,93.62710347646694,2.308,2.877,3215.28,0.0430962788154527,0.9460000000000002,-0.012527289348360782,-0.10867660572827131,1.0,1.0,-1.0,-1.0,0.21981499280284444,0.568696148532614,-0.14255207287056093,-0.29171410524256675,4,0.0,0.08856124080558268
2025-07-16,93.46783687570284,2.307,2.877,3186.38,0.0430962788154527,0.923,-0.012190936524471674,-0.09183835075492532,1.0,1.0,-1.0,-1.0,0.21984748079837144,0.5548065082363055,-0.13875750696560055,-0.24656390440505083,4,0.0,0.0973331444160064
2025-07-17,93.1290650765134,2.317,2.905,3192.29,0.0430962788154527,0.899,-0.020226292354573516,-0.08337748630353836,1.0,1.0,-1.0,-1.0,0.21987996575245924,0.5403273251286912,-0.23026733223348822,-0.2238931024533201,4,0.0,0.07651171404858556
2025-07-18,92.9363607338306,2.315,2.873,3188.07,0.0430962788154527,0.8940000000000001,-0.023092615528811145,-0.08225761685289792,1.0,1.0,-1.0,-1.0,0.21991244766395524,0.537271309018033,-0.26295524467509884,-0.22093005324218645,4,0.0,0.06832461469117573
2025-07-21,92.88302621434256,2.311,2.855,3210.81,0.0430962788154527,0.8900000000000001,-0.0232036221891736,-0.08624452091322368,1.0,1.0,-1.0,-1.0,0.21994492653171197,0.5348182880948104,-0.26427553021198347,-0.23168388231487164,4,0.0,0.0647009505249168
2025-07-22,92.77637348620786,2.314,2.839,3169.94,0.0430962788154527,0.887,-0.021532842106736894,-0.07138122428432223,1.0,1.0,-1.0,-1.0,0.21997740235458732,0.5329677416601472,-0.24529988933509178,-0.19179510813810277,4,0.0,0.07896253663538497
2025-07-23,93.044592722502,2.314,2.83,3183.77,0.0430962788154527,0.9020000000000001,-0.017030372917481884,-0.06402250811038393,1.0,1.0,-1.0,-1.0,0.22000987513144435,0.541927337064532,-0.1940528162027343,-0.17205874910781546,4,0.0,0.09895641172135664
2025-07-24,93.39525088004484,2.316,2.849,3190.45,0.0430962788154527,0.8850000000000002,-0.015648916752552644,-0.08414984942998999,1.0,1.0,-1.0,-1.0,0.2200423448611516,0.5316669790681849,-0.17835320658463513,-0.22619527691874394,4,0.0,0.08679021010648935
2025-07-25,94.13345987561031,2.318,2.855,3196.05,0.0430962788154527,0.8740000000000001,-0.009339045598784068,-0.08501242091128791,1.0,1.0,-1.0,-1.0,0.22007481154258252,0.5250162851580797,-0.1064638971063457,-0.22855904576799485,4,0.0,0.10251703845658043
2025-07-28,93.75102631458124,2.31,2.829,3209.52,0.0430962788154527,0.871,-0.009458271046188571,-0.08853266168580622,1.0,1.0,-1.0,-1.0,0.22010727517461603,0.523173026183657,-0.10784866803693914,-0.2380698244911783,4,0.0,0.0993404522075389
2025-07-29,93.77043487914422,2.3,2.823,3230.57,0.0430962788154527,0.8930000000000002,-0.00668961934616874,-0.10241675986260866,1.0,1.0,-1.0,-1.0,0.22013973575613616,0.5363383786556221,-0.07629697212520735,-0.2754558555791181,4,0.0,0.1011813216768582
2025-07-30,93.1053293382462,2.295,2.797,3254.47,0.0430962788154527,0.907,-0.01586163547378927,-0.1144711863535701,1.0,1.0,-1.0,-1.0,0.22017219328603208,0.5446924457368194,-0.18094823918626493,-0.307930302805323,4,0.0,0.0689965242578159
2025-07-31,93.88657856917392,2.297,2.785,3245.44,0.0430962788154527,0.919,-0.009837332703182433,-0.11957426151269683,1.0,1.0,-1.0,-1.0,0.22020464776319817,0.5518399664095787,-0.11225010261389853,-0.3217117407634985,4,0.0,0.08452069269884493
2025-08-01,93.53801448587666,2.303,2.832,3119.41,0.0618168260635183,0.9159999999999999,-0.009474866661997261,-0.09610227049090864,1.0,1.0,-1.0,-1.0,0.31589230724729517,0.5499809730795597,-0.1081397756357568,-0.2586098993850244,4,0.0,0.12478090132651844
2025-08-04,92.7092950028925,2.266,2.778,3147.75,0.0618168260635183,0.9630000000000001,-0.017545279990444307,-0.09485305329382492,1.0,1.0,-1.0,-1.0,0.31592550725751717,0.5781229641753198,-0.20029569331928876,-0.25529687021520786,4,0.0,0.10961397697458508
2025-08-05,93.54479081228368,2.267,2.766,3198.0,0.0618168260635183,0.9500000000000002,-0.011541234133326306,-0.1185624352484144,1.0,1.0,-1.0,-1.0,0.3159587132196833,0.5702471406677629,-0.13178503073627207,-0.3191645403330502,4,0.0,0.108814070704531
2025-08-06,93.45953784920609,2.269,2.779,3198.14,0.0618168260635183,0.9339999999999997,-0.01196483889702904,-0.13746093228426742,1.0,1.0,-1.0,-1.0,0.31599192511619123,0.5605786659880961,-0.1366542150201759,-0.37009273964357997,4,0.0,0.09245590911013286
2025-08-07,93.18333138456693,2.263,2.772,3227.68,0.0618168260635183,0.9300000000000002,-0.01372947844113348,-0.1398862750863581,1.0,1.0,-1.0,-1.0,0.31602514292948064,0.5581154982931111,-0.15684539491633712,-0.37667670749461885,4,0.0,0.08515463470290897
2025-08-08,93.385201754163,2.263,2.776,3210.01,0.0618168260635183,0.8930000000000002,-0.011471520515565103,-0.12744175406018182,1.0,1.0,-1.0,-1.0,0.31605836664203296,0.5358634104969909,-0.13108141347243946,-0.3432214657650362,4,0.0,0.09440472447538709
2025-08-11,93.3478839033922,2.266,2.781,3206.77,0.0618168260635183,0.8889999999999998,-0.015150512045626563,-0.13628708184586363,1.0,1.0,-1.0,-1.0,0.3160915962363715,0.5334173203176497,-0.1731601933817232,-0.36709778536132875,4,0.0,0.07731273445274231
2025-08-12,93.31657063277954,2.27,2.801,3189.91,0.0618168260635183,0.8820000000000001,-0.013525551818612591,-0.1198563165800632,1.0,1.0,-1.0,-1.0,0.31612483169506106,0.5291741394581807,-0.15462412676570506,-0.3228945119820826,4,0.0,0.09194508310136353
2025-08-13,93.10785207985936,2.265,2.809,3224.37,0.0618168260635183,0.8719999999999999,-0.016301467671790526,-0.13304153541501107,1.0,1.0,-1.0,-1.0,0.316158073000708,0.5231351540997214,-0.18640118306618997,-0.35847021963904846,4,0.0,0.07360545609879773
2025-08-14,93.44635451315024,2.261,2.787,3225.66,0.0618168260635183,0.863,-0.023850150333131204,-0.17162343923207105,1.0,1.0,-1.0,-1.0,0.31619132013596,0.5176998503365644,-0.2727744629169979,-0.46247047558247434,4,0.0,0.024661557993263056
2025-08-18,93.55734504604833,2.266,2.837,3177.28,0.0618168260635183,0.8170000000000002,-0.014860407610232329,-0.2601124013396127,1.0,1.0,-1.0,-1.0,0.3162245730835064,0.49008412153447856,-0.16999804893149223,-0.7008478793065095,4,0.0,-0.01613430840500421
2025-08-19,93.47491974703549,2.268,2.858,3151.56,0.0618168260635183,0.8440000000000003,-0.020049237500206374,-0.21198585596293346,1.0,1.0,-1.0,-1.0,0.3162578318260771,0.5062509609235928,-0.22940713651729053,-0.5711854430007124,4,0.0,0.005479053307916759
2025-08-20,93.26589964447948,2.267,2.853,3130.09,0.0618168260635183,0.8370000000000002,-0.015034962441122346,-0.18593472772757147,1.0,1.0,-1.0,-1.0,0.3162910963464436,0.5020252508894252,-0.17207264480444734,-0.5010272688488138,4,0.0,0.0363041083956519
2025-08-21,92.7641315709684,2.266,2.845,3141.74,0.0618168260635183,0.827,-0.01882278393269754,-0.19388768832603606,1.0,1.0,-1.0,-1.0,0.31632436662741803,0.49600364406724723,-0.21547182152798564,-0.5224865183921319,4,0.0,0.018592417693636953
2025-08-22,92.86406680198066,2.269,2.86,3168.73,0.0618168260635183,0.823,-0.01534630988863217,-0.1901193623950143,1.0,1.0,-1.0,-1.0,0.31635764265185345,0.4935822465454901,-0.1757157591815909,-0.5123637935157892,4,0.0,0.030465084124990854
2025-08-25,92.77903021239628,2.258,2.852,3209.86,0.0618168260635183,0.8260000000000001,-0.021505184547365275,-0.19186207026996477,1.0,1.0,-1.0,-1.0,0.31639092440264377,0.4953583244279777,-0.2462882849105946,-0.5170910385181722,4,0.0,0.012092481350463674
2025-08-26,93.45101103024056,2.25,2.86,3179.36,0.0618168260635183,0.8220000000000001,-0.016707690717608692,-0.18381324564491863,1.0,1.0,-1.0,-1.0,0.3164242118627233,0.4929377050975825,-0.19138857619509625,-0.49543551397131697,4,0.0,0.03063445669847313
2025-08-27,93.12817278997804,2.24,2.825,3187.16,0.0618168260635183,0.8089999999999997,-0.01647023632126121,-0.17704822660468697,1.0,1.0,-1.0,-1.0,0.3164575050150669,0.48512400735715655,-0.18871158721894243,-0.47724311048209456,4,0.0,0.033906703667796606
2025-08-28,92.82994695344765,2.244,2.815,3196.32,0.0618168260635183,0.8159999999999998,-0.025781042373355767,-0.15713482758614483,1.0,1.0,-1.0,-1.0,0.3164908038426899,0.4893018587530021,-0.2954514953675233,-0.42361607506644144,4,0.0,0.021681273040431784
2025-08-29,93.22841369609404,2.248,2.815,3186.01,0.0618168260635183,0.8069999999999999,-0.021329004952833408,-0.1614592508287685,1.0,1.0,-1.0,-1.0,0.31652410832864797,0.48388810947735905,-0.24448387347693973,-0.4353233100826962,4,0.0,0.03015125856159276
2025-09-01,93.24601693482944,2.253,2.847,3142.93,0.046935045080668446,0.8049999999999997,-0.03437159003438772,-0.14099264057601396,1.0,1.0,-1.0,-1.0,0.24035764605330148,0.4826725274744081,-0.3940458380094019,-0.38019570485365334,4,0.0,-0.012802842333836412
2025-09-02,92.92420262597572,2.258,2.87,3172.35,0.046935045080668446,0.794,-0.04116648818981794,-0.15064243419037734,1.0,1.0,-1.0,-1.0,0.24039118657218023,0.4760638073599854,-0.4719950946926734,-0.40626940484175367,4,0.0,-0.04045237640056537
2025-09-03,93.16357527359476,2.268,2.913,3184.42,0.046935045080668446,0.774,-0.03815219149459104,-0.15682168235836216,1.0,1.0,-1.0,-1.0,0.24042472486948432,0.4640644312728563,-0.4374914912312659,-0.42298503340085325,4,0.0,-0.03899684212244463
2025-09-04,93.00663371899472,2.269,2.883,3200.83,0.046935045080668446,0.7809999999999997,-0.038820863659156934,-0.1597726480475199,1.0,1.0,-1.0,-1.0,0.24045826094259912,0.46825185627454174,-0.44521487477139987,-0.4309942530561451,4,0.0,-0.04187475265260103
2025-09-05,93.11331398279737,2.27,2.855,3205.12,0.046935045080668446,0.7690000000000001,-0.03193851587126861,-0.16271506694146004,1.0,1.0,-1.0,-1.0,0.24049179478891805,0.4610508033278774,-0.3663472797201276,-0.4389802551351483,4,0.0,-0.025946234184620123
2025-09-08,93.02691725761872,2.269,2.848,3219.59,0.046935045080668446,0.786,-0.04451832870580308,-0.1619916779267434,1.0,1.0,-1.0,-1.0,0.24052532640584284,0.47123243546583854,-0.5106831730497714,-0.43707764245422914,4,0.0,-0.05900076340807979
2025-09-09,92.98759370896563,2.266,2.818,3260.05,0.046935045080668446,0.7829999999999999,-0.04024022773224978,-0.17338453809360324,1.0,1.0,-1.0,-1.0,0.24055885579078337,0.46942407509782885,-0.4616606617905062,-0.4678610111469793,4,0.0,-0.054884685512218326
2025-09-10,93.26656178049096,2.275,2.833,3314.53,0.046935045080668446,0.7840000000000003,-0.034877527513723194,-0.19977293528369328,1.0,1.0,-1.0,-1.0,0.24059238294115765,0.47001367113630177,-0.4001973661579774,-0.5390914018086915,4,0.0,-0.057170678472302366
2025-09-11,93.16537405677386,2.273,2.813,3344.2,0.046935045080668446,0.7869999999999999,-0.03568162404662534,-0.20153609889695215,1.0,1.0,-1.0,-1.0,0.24062590785439175,0.4718015843964542,-0.4094840446377142,-0.5438715679471768,4,0.0,-0.06023203008351126
2025-09-12,93.00798504781751,2.277,2.813,3395.54,0.046935045080668446,0.786,-0.03774708687256112,-0.21163294654595144,1.0,1.0,-1.0,-1.0,0.2406594305279199,0.47119184535966535,-0.4332449832707833,-0.5711305018804343,4,0.0,-0.07313105231590811
2025-09-15,93.0383722242572,2.278,2.821,3407.31,0.046935045080668446,0.778,-0.03535210214243456,-0.22193791247346656,1.0,1.0,-1.0,-1.0,0.24069295095918442,0.4663879149204909,-0.40581687584933,-0.5989384950399327,4,0.0,-0.07441862625239684
2025-09-16,92.9042664897696,2.266,2.804,3449.62,0.046935045080668446,0.762,-0.03568499566968342,-0.27032465166052716,1.0,1.0,-1.0,-1.0,0.24072646914563567,0.45679234232646915,-0.40969844921129844,-0.7294251708320719,4,0.0,-0.11040120214281639
2025-09-17,93.2002158641637,2.266,2.787,3413.4,0.046935045080668446,0.7549999999999999,-0.030188282544209244,-0.26222517197901796,1.0,1.0,-1.0,-1.0,0.24075998508473193,0.45259377718176563,-0.3466529208711571,-0.7074959854652664,4,0.0,-0.09019878601748148
2025-09-18,93.37942389031303,2.262,2.756,3461.3,0.046935045080668446,0.7519999999999998,-0.031204906618521377,-0.2890765387324646,1.0,1.0,-1.0,-1.0,0.2407934987739397,0.45079385750121265,-0.35838907942228493,-0.7797992236539911,4,0.0,-0.11165023670028093
2025-09-19,93.22701929377772,2.276,2.815,3445.24,0.046935045080668446,0.734,-0.03664918319905297,-0.28907313455155587,1.0,1.0,-1.0,-1.0,0.24082701021073333,0.44000611612224916,-0.42097584263427423,-0.7796474815501275,4,0.0,-0.1299475494628548
2025-09-22,92.71034527817493,2.283,2.833,3468.65,0.046935045080668446,0.7080000000000002,-0.037384155541192676,-0.3039863821058204,1.0,1.0,-1.0,-1.0,0.2408605193925952,0.4244279459182472,-0.4294763524087571,-0.8196809592729298,4,0.0,-0.14596721159271114
2025-09-23,92.65330052263188,2.285,2.813,3486.19,0.046935045080668446,0.6559999999999997,-0.034978626205385055,-0.31678496723700245,1.0,1.0,-1.0,-1.0,0.24089402631701556,0.393272075133474,-0.40190200475816534,-0.853959138025868,4,0.0,-0.15542376033338595
2025-09-24,92.68838250036296,2.291,2.848,3472.14,0.046935045080668446,0.6499999999999999,-0.03642472808995567,-0.29029232057870485,1.0,1.0,-1.0,-1.0,0.2409275309814926,0.38969280493035174,-0.4185770222472013,-0.7823981512548079,4,0.0,-0.14258870939754123
2025-09-25,92.79886724557332,2.303,2.885,3471.11,0.046935045080668446,0.593,-0.03450239420621237,-0.29502568279079655,1.0,1.0,-1.0,-1.0,0.24096103338353253,0.35554457043053905,-0.39654759994885536,-0.7949972744130542,4,0.0,-0.1487598176369595
2025-09-26,92.66542556015804,2.318,2.943,3386.05,0.046935045080668446,0.5800000000000001,-0.040510802745552965,-0.26868462189946496,1.0,1.0,-1.0,-1.0,0.24099453352064926,0.3477763033258878,-0.4656566567100593,-0.7239302085708018,4,0.0,-0.150204007108581
2025-09-29,91.86898904502556,2.322,2.939,3431.21,0.046935045080668446,0.5640000000000001,-0.046393047961093004,-0.27595478040883625,1.0,1.0,-1.0,-1.0,0.24102803139036472,0.33821004534588833,-0.5333045377775711,-0.7434144156101189,4,0.0,-0.17437021916285925
2025-09-30,92.36658423754008,2.325,2.951,3424.6,0.046935045080668446,0.5609999999999999,-0.042283222685964184,-0.26902045329226437,1.0,1.0,-1.0,-1.0,0.24106152699020858,0.3364388920845003,-0.4861085847184544,-0.7246467999103962,4,0.0,-0.15831374138853543
2025-10-01,92.28994701370756,2.326,2.96,3455.83,0.0771308856174823,0.5539999999999998,-0.038798962954573746,-0.2671602343926915,1.0,1.0,-1.0,-1.0,0.39617343968580043,0.3322693069575512,-0.4461077939874367,-0.7195539634723699,4,0.0,-0.10930475270411374
2025-10-02,92.03347840672292,2.314,2.959,3549.21,0.0771308856174823,0.5510000000000002,-0.040453059984429274,-0.30958998570233337,1.0,1.0,-1.0,-1.0,0.39619752260273056,0.33049866209780243,-0.4651791149621548,-0.8336287383119326,4,0.0,-0.1430279171433886
2025-10-10,92.70963378230718,2.318,2.964,3610.6,0.0771308856174823,0.5350000000000001,-0.03839443330060721,-0.298247648940057,1.0,1.0,-1.0,-1.0,0.3962216298920716,0.32093136985415716,-0.44156318158103003,-0.8029219299169388,4,0.0,-0.13183302793793503
2025-10-13,91.48492467370454,2.303,2.904,3584.55,0.0771308856174823,0.5420000000000003,-0.049871202228568556,-0.29447632547641034,1.0,1.0,-1.0,-1.0,0.3962457615004258,0.3251597907417615,-0.573571542236628,-0.7926156024399053,4,0.0,-0.1611953981085865
2025-10-14,91.0501398164268,2.298,2.871,3561.81,0.0771308856174823,0.528,-0.06046922286038825,-0.307669214994886,1.0,1.0,-1.0,-1.0,0.39626991737452716,0.31679105209571207,-0.6953982941677502,-0.8279309293179443,4,0.0,-0.20256706350386383
2025-10-15,91.0161186977684,2.295,2.856,3657.28,0.0771308856174823,0.5140000000000002,-0.07277858928655156,-0.3499725047929088,1.0,1.0,-1.0,-1.0,0.3962940974612416,0.3084222890623825,-0.836737960770712,-0.9414064315899147,4,0.0,-0.2683570014592507
2025-10-16,91.10240058884096,2.311,2.908,3748.37,0.0771308856174823,0.516,-0.06561845006775524,-0.3704880267474761,1.0,1.0,-1.0,-1.0,0.39631830170756643,0.30965328505717127,-0.7543003653434458,-0.9961305021356176,4,0.0,-0.26111482017858145
2025-10-17,91.3781323988728,2.304,2.885,3748.89,0.0771308856174823,0.5570000000000004,-0.05586603786506483,-0.3446839915590973,1.0,1.0,-1.0,-1.0,0.3963425300606295,0.3342858062840944,-0.6421731978019555,-0.9264158376550031,4,0.0,-0.20949017477805867
2025-10-20,91.38648009960257,2.31,2.892,3814.69,0.0771308856174823,0.5419999999999998,-0.04752129805005545,-0.37071954517433275,1.0,1.0,-1.0,-1.0,0.3963667824676897,0.325312887343674,-0.5462810557633003,-0.9959324431990447,4,0.0,-0.20513345728774535
2025-10-21,91.31152429776029,2.321,2.904,3823.84,0.0771308856174823,0.5449999999999999,-0.04814218279036098,-0.37134683740584556,1.0,1.0,-1.0,-1.0,0.3963910588761355,0.3271427138623988,-0.5534452756974256,-0.9971561344496915,4,0.0,-0.20676690935214573
2025-10-22,91.22305598883742,2.308,2.869,3883.68,0.0771308856174823,0.548,-0.04820141166386538,-0.38518088103698433,1.0,1.0,-1.0,-1.0,0.39641535923348564,0.32897250591482186,-0.5541528092252755,-1.0,4,0.0,-0.20719123601924203
2025-10-23,90.81905768048507,2.324,2.912,3845.56,0.0771308856174823,0.5330000000000004,-0.053367100186460625,-0.36848998084532636,1.0,1.0,-1.0,-1.0,0.39643968348738773,0.31999780159859864,-0.6135382978292656,-0.9885288658073825,4,0.0,-0.22140741963766544
2025-10-24,90.4481634675815,2.318,2.913,3941.59,0.0771308856174823,0.5310000000000001,-0.05307095390675798,-0.3923294215826523,1.0,1.0,-1.0,-1.0,0.3964640315856187,0.3188272122279476,-0.6101332950945658,-1.0,4,0.0,-0.22371051282024987
2025-10-27,90.46604649637912,2.33,2.959,4042.83,0.0771308856174823,0.512,-0.05121347379102836,-0.43353679893294833,1.0,1.0,-1.0,-1.0,0.3964884034760838,0.3074502776473202,-0.5887898459022636,-1.0,4,0.0,-0.2212127911947149
2025-10-28,90.55761538395728,2.336,2.935,4010.41,0.0771308856174823,0.5140000000000002,-0.049073627735158,-0.42237149435186516,1.0,1.0,-1.0,-1.0,0.3965127991068165,0.3086823635797338,-0.5642112887380597,-1.0,4,0.0,-0.21475403151287736
2025-10-29,90.34251638241231,2.372,2.984,4081.15,0.0771308856174823,0.4900000000000002,-0.050461455374843034,-0.4462071188608165,1.0,1.0,-1.0,-1.0,0.3965372184259784,0.2943013096339255,-0.5801830808169207,-1.0,4,0.0,-0.2223361381892542
2025-10-30,90.53070258514528,2.449,3.05,4086.89,0.0771308856174823,0.41300000000000026,-0.04395733241910538,-0.4500623250516259,1.0,1.0,-1.0,-1.0,0.396561661381858,0.24808713390856882,-0.5054454448872449,-1.0,4,0.0,-0.2151991623992045
2025-10-31,91.27161149913836,2.438,3.061,4107.5,0.0771308856174823,0.44099999999999984,-0.03822300196511641,-0.46311633556824083,1.0,1.0,-1.0,-1.0,0.39658612792287135,0.26493977004614055,-0.4395664830921603,-1.0,4,0.0,-0.19451014628078708
2025-11-03,91.08831778785866,2.448,3.086,4221.87,0.04476891646013605,0.43100000000000005,-0.034258085353961576,-0.4815528773580373,1.0,1.0,-1.0,-1.0,0.23022258814472676,0.25896528571538474,-0.3940314282333174,-1.0,4,0.0,-0.22621088859330146
2025-11-04,91.06457282123644,2.446,3.082,4121.74,0.04476891646013605,0.40700000000000003,-0.034616177877967225,-0.4687268602315602,1.0,1.0,-1.0,-1.0,0.2302555277102132,0.24457807030175754,-0.3982116264145949,-1.0,4,0.0,-0.23084450710065602
2025-11-05,90.58961922771658,2.46,3.125,4004.42,0.04476891646013605,0.391,-0.03957103420823227,-0.44402271278917393,1.0,1.0,-1.0,-1.0,0.23028846436166286,0.2349961085426803,-0.45526562509599044,-1.0,4,0.0,-0.2474952630479118
2025-11-06,90.00098814538337,2.505,3.203,4026.45,0.04476891646013605,0.3680000000000003,-0.04438464677189646,-0.4394842717702556,1.0,1.0,-1.0,-1.0,0.23032139809783264,0.22120517116037144,-0.5106888866961932,-1.0,4,0.0,-0.26479057935949724
2025-11-07,90.04108787545285,2.529,3.226,3953.76,0.04476891646013605,0.3380000000000001,-0.043043150728080626,-0.42097275450342964,1.0,1.0,-1.0,-1.0,0.23035432891748478,0.20320344212159525,-0.49530046499372066,-1.0,4,0.0,-0.26543567348866015
2025-11-10,89.4445339301174,2.523,3.23,4073.24,0.04476891646013605,0.347,-0.05311735656678618,-0.46131862499116516,1.0,1.0,-1.0,-1.0,0.2303872568193868,0.2086458426549674,-0.611225265119645,-1.0,4,0.0,-0.2930480414113227
2025-11-11,89.44571201610967,2.506,3.201,4106.39,0.04476891646013605,0.3690000000000002,-0.05206076447181651,-0.48212207679855046,1.0,1.0,-1.0,-1.0,0.23042018180231122,0.22190649515940625,-0.5990739392218707,-1.0,4,0.0,-0.2866868155650383
2025-11-12,88.84418325338568,2.54,3.282,4150.39,0.04476891646013605,0.33499999999999996,-0.06045855225285912,-0.5054695222197292,1.0,1.0,-1.0,-1.0,0.23045310386503587,0.20149099287780528,-0.695651090781873,-1.0,4,0.0,-0.315926748509758
2025-11-13,88.69354058202714,2.537,3.267,4170.63,0.04476891646013605,0.3330000000000002,-0.06367534877402381,-0.4904869903193481,1.0,1.0,-1.0,-1.0,0.23048602300634366,0.2003191384240415,-0.732573657683644,-1.0,4,0.0,-0.32544212406331474
2025-11-14,88.48866212790224,2.537,3.317,4011.57,0.04476891646013605,0.3210000000000002,-0.06986267381662348,-0.46212332107920867,1.0,1.0,-1.0,-1.0,0.23051893922502262,0.1931309474406377,-0.8035897961971655,-1.0,4,0.0,-0.3449849773828763
2025-11-17,89.04936801526205,2.52,3.301,4089.25,0.04476891646013605,0.347,-0.057836574596505486,-0.4803441660057728,1.0,1.0,-1.0,-1.0,0.23055185251986596,0.2088055982813588,-0.6652269260569499,-1.0,4,0.0,-0.3064673688139313
2025-11-18,89.23967601694693,2.486,3.268,3953.62,0.04476891646013605,0.3719999999999999,-0.05178506965533902,-0.44641739621500925,1.0,1.0,-1.0,-1.0,0.23058476288967195,0.22388168728476962,-0.5956329059039065,-1.0,4,0.0,-0.28529161393236624
2025-11-19,88.81373732314908,2.478,3.281,3929.51,0.04476891646013605,0.3689999999999998,-0.049286966467762205,-0.44661835980095355,1.0,1.0,-1.0,-1.0,0.230617670333244,0.22210856336416132,-0.5669227090540067,-1.0,4,0.0,-0.27854911883915034
2025-11-20,88.93915343004353,2.475,3.325,4004.85,0.04476891646013605,0.383,-0.05828836056191555,-0.4815909125706434,1.0,1.0,-1.0,-1.0,0.2306505748493906,0.23056817093312323,-0.6704242070233092,-1.0,4,0.0,-0.3023013653101988
2025-11-21,88.83374763501783,2.45,3.271,3853.26,0.04476891646013605,0.4049999999999998,-0.05501104733247786,-0.4601852293318348,1.0,1.0,-1.0,-1.0,0.23068347643692522,0.24384538653438678,-0.6327178758245225,-1.0,4,0.0,-0.28954725321330266
2025-11-24,88.60502168377728,2.458,3.289,3846.06,0.04476891646013605,0.4169999999999998,-0.05685353844163288,-0.4822490476124228,1.0,1.0,-1.0,-1.0,0.23071637509466641,0.2511036272019789,-0.6538847700577537,-1.0,4,0.0,-0.2930161919402771
2025-11-25,88.48049470306348,2.459,3.264,3857.78,0.04476891646013605,0.41400000000000015,-0.054730395218269834,-0.48199553369459547,1.0,1.0,-1.0,-1.0,0.23074927082143787,0.24933030085064117,-0.6294571861025955,-1.0,4,0.0,-0.28734440360762914
2025-11-26,88.35557829649507,2.457,3.251,3960.87,0.04476891646013605,0.43599999999999994,-0.05855792876766408,-0.507354521107596,1.0,1.0,-1.0,-1.0,0.23078216361606826,0.26261294291658266,-0.6734394182207958,-1.0,4,0.0,-0.2950110779220362
2025-11-27,88.85994914494113,2.522,3.351,3986.91,0.04476891646013605,0.37200000000000033,-0.05441244085428831,-0.5022149332605244,1.0,1.0,-1.0,-1.0,0.2308150534773911,0.22409670658896047,-0.6257583215170865,-1.0,4,0.0,-0.2927116403626837
2025-11-28,88.77197515259907,2.517,3.344,3926.59,0.04476891646013605,0.3730000000000002,-0.061432360400310415,-0.4874040518930578,1.0,1.0,-1.0,-1.0,0.23084794040424517,0.22473159513037966,-0.7064249271079449,-1.0,4,0.0,-0.31271134789333
2025-12-01,88.67997683822747,2.544,3.387,3920.37,-0.05053443972844545,0.3420000000000001,-0.062267128633244795,-0.4866045158891709,-1.0,1.0,-1.0,-1.0,-0.2606138800800991,0.2060856040104839,-0.715951613606627,-1.0,4,-0.5,-0.44261997241906054
2025-12-02,88.46401915563352,2.535,3.346,3994.93,-0.05053443972844545,0.33699999999999974,-0.06663013726252665,-0.5059534969881242,-1.0,1.0,-1.0,-1.0,-0.26065027959872084,0.20310388046356528,-0.7659966386212135,-1.0,4,-0.5,-0.45588575943909226
2025-12-03,88.46449094780432,2.541,3.368,4036.3,-0.05053443972844545,0.3250000000000002,-0.06282851449325566,-0.5099018218429473,-1.0,1.0,-1.0,-1.0,-0.2606866762595419,0.1959023760286394,-0.7222146071363471,-1.0,4,-0.5,-0.4467497268418124
2025-12-04,88.38501929184592,2.524,3.376,4028.51,-0.05053443972844545,0.3290000000000002,-0.06206248805927661,-0.4999433324302424,-1.0,1.0,-1.0,-1.0,-0.26072307006066514,0.1983443470335436,-0.713339646037007,-1.0,4,-0.5,-0.4439295922660321
2025-12-05,88.24347694734301,2.509,3.358,4100.05,-0.05053443972844545,0.3450000000000002,-0.06470379531922266,-0.5229974202947747,-1.0,1.0,-1.0,-1.0,-0.26075946100020037,0.20802181499706957,-0.7436012305270698,-1.0,4,-0.5,-0.44908471913255016
2025-12-08,88.19320066144635,2.521,3.401,4154.85,-0.05053443972844545,0.3250000000000002,-0.0639394980629433,-0.5484423431758692,-1.0,1.0,-1.0,-1.0,-0.26079584907626385,0.1959932519958727,-0.7347291442419238,-1.0,4,-0.5,-0.44988293533057877
2025-12-09,88.38311436475699,2.535,3.453,4143.55,-0.05053443972844545,0.2669999999999999,-0.06401931902497626,-0.5565959189953272,-1.0,1.0,-1.0,-1.0,-0.26083223428697866,0.16104326366022115,-0.7355573585779117,-1.0,4,-0.5,-0.4588365823011673
2025-12-10,88.31541311481332,2.544,3.371,4135.0,-0.05053443972844545,0.23499999999999988,-0.0656439446806365,-0.5705899638133421,-1.0,1.0,-1.0,-1.0,-0.2608686166304745,0.1417670805229642,-0.7541166838493184,-1.0,4,-0.5,-0.4683045549892072
2025-12-11,88.1826197323408,2.578,3.378,4110.62,-0.05053443972844545,0.17600000000000016,-0.06556947538536217,-0.5701389425289661,-1.0,1.0,-1.0,-1.0,-0.26090499610488754,0.10619417845241544,-0.7531554459406982,-1.0,4,-0.5,-0.47696656589829256
2025-12-12,88.23394808341679,2.582,3.409,4167.16,-0.05053443972844545,0.17200000000000015,-0.06226885868963539,-0.5665840175572419,-1.0,1.0,-1.0,-1.0,-0.2609413727083608,0.10379996961582837,-0.7151736941541645,-1.0,4,-0.5,-0.4680787743116742
2025-12-15,88.06329404162497,2.557,3.325,4090.59,-0.05053443972844545,0.20100000000000007,-0.06392416538565193,-0.5517031682585185,-1.0,1.0,-1.0,-1.0,-0.2609777464390437,0.12132312129308416,-0.734098731582414,-1.0,4,-0.5,-0.4684383391820934
2025-12-16,87.92712360661271,2.555,3.313,3999.13,-0.05053443972844545,0.18399999999999972,-0.058329707600981884,-0.5393208887228436,-1.0,1.0,-1.0,-1.0,-0.2610141172950924,0.11108239421854271,-0.6698194947016335,-1.0,4,-0.5,-0.4549378044445458
2025-12-17,88.0112787509632,2.557,3.324,4056.41,-0.05053443972844545,0.18599999999999994,-0.05376379311733803,-0.5595645771083777,-1.0,1.0,-1.0,-1.0,-0.26105048527466934,0.11231042755084883,-0.6173881893561657,-1.0,4,-0.5,-0.44153206176999654
2025-12-18,87.73483320546195,2.545,3.312,3994.51,-0.05053443972844545,0.17799999999999994,-0.05395430508570609,-0.5768135668243837,-1.0,1.0,-1.0,-1.0,-0.26108685037594387,0.10749972943928433,-0.6195754166755811,-1.0,4,-0.5,-0.44329063440306016
2025-12-19,87.76447380631019,2.567,3.342,4020.55,-0.05053443972844545,0.1499999999999999,-0.04450175803880896,-0.5643041295783904,-1.0,1.0,-1.0,-1.0,-0.26112321259709154,0.09060675312540024,-0.5110733002696927,-1.0,4,-0.5,-0.420397439935346
2025-12-22,87.77360059104554,2.558,3.359,4105.93,-0.05053443972844545,0.15400000000000036,-0.048202556913396144,-0.5727660711370722,-1.0,1.0,-1.0,-1.0,-0.26115957193629463,0.09304042883387068,-0.5536052975900329,-1.0,4,-0.5,-0.4304311101731142
2025-12-23,87.64555059084911,2.553,3.379,4117.32,-0.05053443972844545,0.15300000000000002,-0.04789473268918076,-0.5604094325470491,-1.0,1.0,-1.0,-1.0,-0.2611959283917417,0.09245366165804995,-0.5501021016639344,-1.0,4,-0.5,-0.4297110920994065
2025-12-24,87.25549465864988,2.554,3.345,4108.62,-0.05053443972844545,0.14000000000000012,-0.05326273903964296,-0.5525349327898408,-1.0,1.0,-1.0,-1.0,-0.261232281961628,0.08461417803434296,-0.6117614175547166,-1.0,4,-0.5,-0.4470948803705004
2025-12-26,88.52297789510396,2.559,3.374,4129.68,-0.05053443972844545,0.13199999999999967,-0.03903945955270416,-0.558570951851404,-1.0,1.0,-1.0,-1.0,-0.26126863264415506,0.07979429846062487,-0.4484543746926433,-1.0,4,-0.5,-0.4074821772190434
2025-12-29,89.68970520934818,2.55,3.354,4220.56,-0.05053443972844545,0.15400000000000036,-0.02446673913923636,-0.5862240601940789,-1.0,1.0,-1.0,-1.0,-0.26130498043753086,0.09311083092729144,-0.2811115563721713,-1.0,4,-0.5,-0.36232642647060265
2025-12-30,90.21807118281254,2.556,3.385,4214.17,-0.05053443972844545,0.1080000000000001,-0.01854416385527724,-0.580169399306085,-1.0,1.0,-1.0,-1.0,-0.2613413253399699,0.06531113215556056,-0.21311046414926268,-1.0,4,-0.5,-0.352285164333418
2025-12-31,90.14595505554932,2.556,3.385,,-0.05053443972844545,0.129,-0.02240255541219316,,-1.0,1.0,-1.0,,-0.2613776673496929,0.07802540976316871,-0.25750515629627596,,3,,
2026-01-02,90.19063273125268,2.551,3.386,4309.63,-0.02066447960063785,0.14100000000000001,-0.014572091826300593,-0.6246956428297878,-1.0,1.0,-1.0,-1.0,-0.10690125286304507,0.08529973230557598,-0.1675357982476394,-1.0,4,-0.5,-0.2972843297012771
2026-01-05,89.6725052783108,2.552,3.396,4457.52,-0.02066447960063785,0.137,-0.017707081488652854,-0.6459310868808361,-1.0,1.0,-1.0,-1.0,-0.10692027502919521,0.08289560796732476,-0.20362362282809254,-1.0,4,-0.5,-0.30691207247249075
2026-01-06,89.38052573383017,2.545,3.398,4525.48,-0.02066447960063785,0.15100000000000025,-0.02225382230196704,-0.659272517520666,-1.0,1.0,-1.0,-1.0,-0.1069392938294386,0.09138385530551975,-0.2559627127344008,-1.0,4,-0.5,-0.3178795378145799
2026-01-07,89.46916410437971,2.523,3.354,4551.06,-0.02066447960063785,0.17700000000000005,-0.018300588979351495,-0.6636047272018906,-1.0,1.0,-1.0,-1.0,-0.10695830926555053,0.10713854265163993,-0.2105387608572541,-1.0,4,-0.5,-0.3025896318677912
2026-01-08,89.3412818835398,2.517,3.341,4552.37,-0.02066447960063785,0.17799999999999994,-0.013557856985563888,-0.6753937115844396,-1.0,1.0,-1.0,-1.0,-0.10697732133930467,0.10776365576727863,-0.1560111371834362,-1.0,4,-0.5,-0.28880620068886553
2026-01-09,89.35517301979652,2.521,3.386,4586.32,-0.02066447960063785,0.16700000000000026,-0.005624091014937882,-0.6903017448127461,-1.0,1.0,-1.0,-1.0,-0.1069963300524732,0.10112285071233472,-0.06473120520971909,-1.0,4,-0.5,-0.2676511711374644
2026-01-12,89.02813102982968,2.523,3.392,4624.79,-0.02066447960063785,0.16500000000000004,-0.013477101703824879,,-1.0,1.0,-1.0,,-0.10701533540682673,0.0999303461017929,-0.15515127686388658,,3,,
2026-01-13,88.37247057961613,2.526,3.412,4692.64,-0.02066447960063785,0.133,-0.02214300606961661,-0.7240083507525286,-1.0,1.0,-1.0,-1.0,-0.10703433740413437,0.08056520593163542,-0.25496834643833394,-1.0,4,-0.5,-0.3203593694777082
2026-01-14,87.99059594579327,2.525,3.418,4723.1,-0.02066447960063785,0.12400000000000011,-0.028706436266905833,-0.7128007485539778,-1.0,1.0,-1.0,-1.0,-0.10705333604616361,0.07512775995793368,-0.3306051240858571,-1.0,4,-0.5,-0.3406326750435218
2026-01-15,87.65980546747882,2.558,3.493,4797.55,-0.02066447960063785,0.0950000000000002,-0.033624129406239156,-0.7104489944158089,-1.0,1.0,-1.0,-1.0,-0.1070723313346805,0.05756872099261764,-0.3873034557743612,-1.0,4,-0.5,-0.359201766529106
2026-01-16,88.1124286893043,2.556,3.488,4840.74,-0.02066447960063785,0.08699999999999974,-0.024548941236723465,-0.7194618730726492,-1.0,1.0,-1.0,-1.0,-0.10709132327144946,0.05273109115049287,-0.282826837209831,-1.0,4,-0.5,-0.33429676733269686
2026-01-19,87.893084961499,2.58,3.565,4904.66,-0.02066447960063785,0.054999999999999716,-0.03745395297961718,-0.7270302921827974,-1.0,1.0,-1.0,-1.0,-0.10711031185823344,0.0333423260101255,-0.43156432700681935,-1.0,4,-0.5,-0.37633307821373185
2026-01-20,87.81440109684898,2.601,3.653,4885.75,-0.02066447960063785,0.02300000000000013,-0.0409640266759661,-0.731310219242024,-1.0,1.0,-1.0,-1.0,-0.1071292970967938,0.013945935150836093,-0.4720631385146533,-1.0,4,-0.5,-0.3913116251151527
2026-01-21,87.60453446038815,2.598,3.602,4909.93,-0.02066447960063785,0.038000000000000256,-0.04021742297779163,-0.7298767904521548,-1.0,1.0,-1.0,-1.0,-0.10714827898889041,0.023045681890658403,-0.46351479164861586,-1.0,4,-0.5,-0.38690434718671196
2026-01-22,87.85642086251214,2.598,3.558,4952.53,-0.02066447960063785,0.06499999999999995,-0.03699783887911856,-0.7427525690840998,-1.0,1.0,-1.0,-1.0,-0.10716725753628162,0.03942798411007852,-0.42646854674334106,-1.0,4,-0.5,-0.37355195504238603
2026-01-23,87.95528668513523,2.615,3.59,4990.07,-0.02066447960063785,0.0349999999999997,-0.0287071397076879,-0.75211974702224,-1.0,1.0,-1.0,-1.0,-0.1071862327407242,0.021234666237350874,-0.33096421262053216,-1.0,4,-0.5,-0.3542289447809764
2026-01-26,87.73327938121601,2.614,3.544,4949.59,-0.02066447960063785,0.039000000000000146,-0.03575121195728048,-0.7390108277743458,-1.0,1.0,-1.0,-1.0,-0.10720520460397343,0.023666172819500574,-0.4122365414400809,-1.0,4,-0.5,-0.3739438933061384
2026-01-27,89.22286269848115,2.647,3.53,5084.85,-0.02066447960063785,-0.016000000000000014,-0.020072023788864968,-0.7572788151144317,-1.0,-1.0,-1.0,-1.0,-0.10722417312778305,-0.009711149023818257,-0.23149396596699434,-1.0,4,-1.0,-0.3371073220296489
2026-01-28,88.50582170754048,2.672,3.518,5170.81,-0.02066447960063785,-0.05400000000000027,-0.031973039745762044,-0.7737627090098735,-1.0,-1.0,-1.0,-1.0,-0.1072431383139053,-0.03278173656945771,-0.3688129198557659,-1.0,4,-1.0,-0.37720944868478223
2026-01-29,89.78466192369183,2.684,3.557,5221.25,-0.02066447960063785,-0.05600000000000005,-0.01723300729721622,-0.7835780942329102,-1.0,-1.0,-1.0,-1.0,-0.1072621001640909,-0.034002727729376445,-0.19882837820758872,-1.0,4,-1.0,-0.33502330152526405
2026-01-30,89.86247653461399,2.694,3.607,5224.36,-0.02066447960063785,-0.07799999999999985,-0.01481930601148651,-0.7929754525415098,-1.0,-1.0,-1.0,-1.0,-0.10728105868008898,-0.04737048959463964,-0.17101790631407063,-1.0,4,-1.0,-0.3314173636471998
2026-02-02,89.58187160811477,2.706,3.603,4949.67,-0.0220894235717006,-0.08199999999999985,-0.026822732246104763,-0.7264611548457253,-1.0,-1.0,-1.0,-1.0,-0.114698894437353,-0.04980977976019564,-0.3095995846932349,-1.0,4,-1.0,-0.3685270647226959
2026-02-03,88.3315742744441,2.723,3.661,5288.08,-0.0220894235717006,-0.09099999999999975,-0.042198551025824926,-0.8089076154394694,-1.0,-1.0,-1.0,-1.0,-0.11471903263393006,-0.05528783651025406,-0.4871249549211814,-1.0,4,-1.0,-0.41428295601634135
2026-02-04,88.73084121766561,2.728,3.712,5371.1,-0.0220894235717006,-0.10100000000000042,-0.0357910255166729,-0.8183692850147943,-1.0,-1.0,-1.0,-1.0,-0.11473916732103245,-0.06137576521456738,-0.41321999748126764,-1.0,4,-1.0,-0.3973337325042169
2026-02-05,88.65308771027132,2.716,3.687,5163.57,-0.0220894235717006,-0.08500000000000041,-0.039117238871929416,-0.7846534949864917,-1.0,-1.0,-1.0,-1.0,-0.11475929850047883,-0.051663265966902766,-0.4516795948936172,-1.0,4,-1.0,-0.4045255398402497
2026-02-06,87.98254515777396,2.716,3.71,5089.14,-0.0220894235717006,-0.07200000000000006,-0.0363306493823039,-0.7994098863616397,-1.0,-1.0,-1.0,-1.0,-0.11477942617408632,-0.04377062954155316,-0.41956413193564285,-1.0,4,-1.0,-0.3945285469128206
2026-02-09,87.49770758737453,2.711,3.754,5298.04,-0.0220894235717006,-0.05699999999999994,-0.0315389528153176,-0.8311971611331792,-1.0,-1.0,-1.0,-1.0,-0.1147995503436705,-0.0346587140446665,-0.36428973180163166,-1.0,4,-1.0,-0.3784369990474922
2026-02-10,87.63450561396958,2.69,3.681,5301.69,-0.0220894235717006,-0.03100000000000014,-0.033079399283738375,-0.8170737634659078,-1.0,-1.0,-1.0,-1.0,-0.1148196710110453,-0.01885325486355702,-0.38214507417168164,-1.0,4,-1.0,-0.378954500011571
2026-02-11,87.94821655801458,2.682,3.639,5354.49,-0.0220894235717006,-0.021999999999999797,-0.03499558957058735,-0.8144917270919829,-1.0,-1.0,-1.0,-1.0,-0.11483978817802327,-0.013382407045011833,-0.4043433468885607,-1.0,4,-1.0,-0.38314138552789895
2026-02-12,88.07230586342118,2.671,3.618,5522.27,-0.0220894235717006,0.001000000000000334,-0.0351834968804523,-0.8463284914572573,-1.0,1.0,-1.0,-1.0,-0.11485990184641529,0.000608412393738815,-0.4065760923947839,-1.0,4,-0.5,-0.3802068954618651
2026-02-13,88.72792482332595,2.662,3.571,5507.01,-0.0220894235717006,0.01100000000000012,-0.02937165005450204,-0.8405390833214559,-1.0,1.0,-1.0,-1.0,-0.11488001201803069,0.0066938656894898994,-0.3394767317497967,-1.0,4,-0.5,-0.36191571951958434
2026-02-19,88.93970000329986,2.665,3.588,5677.25,-0.0220894235717006,0.008000000000000007,-0.023938626780082295,-0.8637969652415619,-1.0,1.0,-1.0,-1.0,-0.11490011869467735,0.0048692332953262415,-0.2767379292430919,-1.0,4,-0.5,-0.34669220366061076
2026-02-20,88.491041825626,2.65,3.54,5808.53,-0.0220894235717006,0.02400000000000002,-0.028654766400536325,-0.8767457395809455,-1.0,1.0,-1.0,-1.0,-0.11492022187816153,0.014610588824900888,-0.33131908975788454,-1.0,4,-0.5,-0.35790718070278627
2026-02-23,88.51406641301163,2.653,3.578,5846.09,-0.0220894235717006,0.019000000000000128,-0.029732821237515417,-0.8732357348206689,-1.0,1.0,-1.0,-1.0,-0.114940321570288,0.011569006059435895,-0.34384582126020324,-1.0,4,-0.5,-0.36180428419276384
2026-02-24,88.94279516789626,2.656,3.593,5969.64,-0.0220894235717006,0.009999999999999787,-0.02260454412901325,-0.8943834251164813,-1.0,1.0,-1.0,-1.0,-0.11496041777285992,0.0060901584132677265,-0.2614645456706219,-1.0,4,-0.5,-0.34258370125755355
2026-02-25,88.78194882267883,2.652,3.556,6083.86,-0.0220894235717006,0.016000000000000014,-0.02794471636447149,-0.9010882350267565,-1.0,1.0,-1.0,-1.0,-0.114980510487679,0.00974618262782319,-0.32329433965513577,-1.0,4,-0.5,-0.3571321668787479
2026-02-26,89.22957957923869,2.643,3.47,6307.27,-0.0220894235717006,0.025000000000000355,-0.023676353263875072,-0.9232927541010826,-1.0,1.0,-1.0,-1.0,-0.11500059971654536,0.015231416396255528,-0.27396884751803885,-1.0,4,-0.5,-0.34343450770958217
2026-02-27,89.90509937682208,2.644,3.446,6244.13,-0.0220894235717006,0.016000000000000014,-0.015544148032891059,-0.8948342236051311,-1.0,1.0,-1.0,-1.0,-0.11502068546125761,0.009750034898213121,-0.17990726928946127,-1.0,4,-0.5,-0.32129447996312643
2026-03-03,89.5161974447757,2.723,3.594,5791.91,0.0054999313941963,-0.06800000000000006,-0.022786394604803917,-0.8368515732491039,1.0,-1.0,-1.0,-1.0,0.028643577253822074,-0.04144594124406654,-0.2637827885369746,-1.0,4,-0.5,-0.3191462881318048
2026-03-04,88.04195308517842,2.732,3.632,5093.54,0.0054999313941963,-0.08400000000000007,-0.03766009756025657,-0.7137666200734972,1.0,-1.0,-1.0,-1.0,0.028648747646902957,-0.05120816848048913,-0.4360249180793052,-1.0,4,-0.5,-0.36464608472822285
2026-03-05,87.22727624759884,2.727,3.589,5583.9,0.0054999313941963,-0.08899999999999997,-0.050110323601884055,-0.8082343174946597,1.0,-1.0,-1.0,-1.0,0.028653917107224983,-0.05426712017128678,-0.5801942621452754,-1.0,4,-0.5,-0.4014518663023343
2026-03-06,88.12430518675379,2.742,3.616,5584.87,0.0054999313941963,-0.1120000000000001,-0.04338871614013673,-0.8184870493459158,1.0,-1.0,-1.0,-1.0,0.028659085635292684,-0.06830482914801236,-0.5024171308814187,-1.0,4,-0.5,-0.3855157185985346
2026-03-09,87.73341837887995,2.831,3.739,5251.87,0.0054999313941963,-0.20699999999999985,-0.047338833324088725,-0.7663524929238449,1.0,-1.0,-1.0,-1.0,0.028664253231610128,-0.12626652073746664,-0.548191764522273,-1.0,4,-0.5,-0.41144850800703237
2026-03-10,86.50748580491481,2.816,3.629,5532.59,0.0054999313941963,-0.19299999999999962,-0.06093149835444578,-0.8168140265885426,1.0,-1.0,-1.0,-1.0,0.028669419896680932,-0.11774977390750722,-0.7055427166067673,-1.0,4,-0.5,-0.4486557676543984
2026-03-11,87.56013212755896,2.801,3.608,5609.95,0.0054999313941963,-0.18100000000000005,-0.04673178629590957,-0.8673842931247238,1.0,-1.0,-1.0,-1.0,0.028674585631008265,-0.11045021603731676,-0.5411573322006726,-1.0,4,-0.5,-0.4057332406517453
2026-03-12,87.91698660786783,2.806,3.649,5583.25,0.0054999313941963,-0.19099999999999984,-0.030148327391841256,-0.8676587099874984,1.0,-1.0,-1.0,-1.0,0.028679750435094836,-0.11657522470357894,-0.3491816399199575,-1.0,4,-0.5,-0.3592692785471104
2026-03-13,87.36135314352855,2.828,3.701,5487.24,0.0054999313941963,-0.20100000000000007,-0.03339052399421849,-0.837388874049599,1.0,-1.0,-1.0,-1.0,0.028684914309442897,-0.12270252574804548,-0.3867954843526479,-1.0,4,-0.5,-0.3702032739478126
2026-03-16,87.02641677507413,2.818,3.68,5549.85,0.0054999313941963,-0.17900000000000027,-0.03626492559143646,-0.8373909822515888,1.0,-1.0,-1.0,-1.0,0.028690077254554257,-0.10929383190023842,-0.42015332482508283,-1.0,4,-0.5,-0.37518926986769174
2026-03-17,86.50988045320554,2.819,3.692,5640.48,0.0054999313941963,-0.19799999999999995,-0.051463335174871894,-0.8621234578938501,1.0,-1.0,-1.0,-1.0,0.02869523927093028,-0.1209184006560039,-0.5962522457361148,-1.0,4,-0.5,-0.42211885178029707
2026-03-18,86.67606118251263,2.81,3.606,5925.03,0.0054999313941963,-0.18000000000000016,-0.04590647138070025,-0.8995281119326393,1.0,-1.0,-1.0,-1.0,0.028700400359071863,-0.10994735656426756,-0.5319108286529581,-1.0,4,-0.5,-0.40328944621453844
2026-03-19,87.22434066640068,2.843,3.693,5763.22,0.0054999313941963,-0.22699999999999987,-0.036711221907121505,-0.894917593829367,1.0,-1.0,-1.0,-1.0,0.028705560519479464,-0.1386824881551856,-0.4254273948244431,-1.0,4,-0.5,-0.3838510806150373
2026-03-20,86.2781753322997,2.894,3.736,5781.2,0.0054999313941963,-0.2789999999999999,-0.0422895915996806,-0.8866716448327939,1.0,-1.0,-1.0,-1.0,0.028710719752653092,-0.17048297680560864,-0.49012329214941774,-1.0,4,-0.5,-0.4079738873005933
2026-03-23,86.69230163806702,2.99,3.879,5405.75,0.0054999313941963,-0.3860000000000001,-0.04124304364147413,-0.8308619626191339,1.0,-1.0,-1.0,-1.0,0.0287158780590923,-0.2359054692723079,-0.4780475967607007,-1.0,4,-0.5,-0.4213092969934791
2026-03-24,85.76507017803306,2.964,3.835,5553.92,0.0054999313941963,-0.3540000000000001,-0.05292404761507008,-0.853775432214057,1.0,-1.0,-1.0,-1.0,0.028721035439296196,-0.2163865550564331,-0.6134491336358104,-1.0,4,-0.5,-0.45027866331323685
2026-03-25,86.41094916180766,2.985,3.859,5642.21,0.0054999313941963,-0.3759999999999999,-0.04269351322307724,-0.8549812785191175,1.0,-1.0,-1.0,-1.0,0.02872619189376344,-0.22987380601610408,-0.49491588252859103,-1.0,4,-0.5,-0.4240158741627329
2026-03-26,86.63254143649189,2.987,3.865,5460.46,0.0054999313941963,-0.38500000000000023,-0.04394714395749322,-0.8234466638960085,1.0,-1.0,-1.0,-1.0,0.028731347422992257,-0.2354161576586082,-0.5094950663645551,-1.0,4,-0.5,-0.42904496915004275
2026-03-27,86.17202258261527,3.002,3.915,5438.87,0.0054999313941963,-0.3999999999999999,-0.04964293284919208,-0.8154323250529321,1.0,-1.0,-1.0,-1.0,0.028736502027480397,-0.24462913036285458,-0.5755533763756392,-1.0,4,-0.5,-0.44786150117775336
2026-03-30,86.25005999729811,3.01,3.891,5277.3,0.0054999313941963,-0.41999999999999993,-0.04600899727557817,-0.7816547747577736,1.0,-1.0,-1.0,-1.0,0.02874165570772519,-0.25690251814034454,-0.5334621589348688,-1.0,4,-0.5,-0.44040575534187204
2026-03-31,85.99357371115556,3.016,3.879,5052.46,0.0054999313941963,-0.42399999999999993,-0.0451170548632609,-0.7338314324484723,1.0,-1.0,-1.0,-1.0,0.028746808464223512,-0.2593913199194799,-0.5231635400465992,-1.0,4,-0.5,-0.43845201287546387
2026-04-01,84.81744321961338,2.96,3.689,5478.7,-0.13776811301317385,-0.35699999999999976,-0.054927878944953434,-0.8029372376858567,-1.0,-1.0,-1.0,-1.0,-0.7199516859479059,-0.21844079073446399,-0.6369217956520767,-1.0,4,-1.0,-0.6438285680836117
2026-04-02,85.91327852760253,3.0,3.804,5234.05,-0.13776811301317385,-0.3889999999999998,-0.04292441527153912,-0.7722515559976698,-1.0,-1.0,-1.0,-1.0,-0.7198231824764194,-0.23806118075915095,-0.49778414671453636,-1.0,4,-1.0,-0.6139171274875267
2026-04-03,85.34412318057161,2.992,3.747,5377.3,-0.13776811301317385,-0.3769999999999998,-0.04746683015714748,-0.7825561606219982,-1.0,-1.0,-1.0,-1.0,-0.7196950265660139,-0.2307569122841428,-0.550496260379652,-1.0,4,-1.0,-0.6252370498074522
2026-04-06,86.02209943569584,2.99,3.725,5450.33,-0.13776811301317385,-0.3730000000000002,-0.04372209037587549,-0.8083784866053018,-1.0,-1.0,-1.0,-1.0,-0.7195672172063333,-0.2283478213504581,-0.5071142933623379,-1.0,4,-1.0,-0.6137573329797823
2026-04-07,85.98849753033538,2.996,3.754,5494.78,-0.13776811301317385,-0.375,-0.042814475469884705,-0.837540666139584,-1.0,-1.0,-1.0,-1.0,-0.7194397533909445,-0.2296115876965162,-0.4966373448696436,-1.0,4,-1.0,-0.611422171489276
2026-04-08,85.81312466478575,2.924,3.628,5872.34,-0.13776811301317385,-0.3169999999999997,-0.04486235589195875,-0.9301031204096184,-1.0,-1.0,-1.0,-1.0,-0.7193126341173178,-0.19413342092345232,-0.5204365198122415,-1.0,4,-1.0,-0.6084706437132529
2026-04-09,87.29780381765892,2.925,3.66,5778.01,-0.13776811301317385,-0.30299999999999994,-0.02480531068245373,-0.8990889959886504,-1.0,-1.0,-1.0,-1.0,-0.7191858583868077,-0.18559360292617258,-0.28781682001216935,-1.0,4,-1.0,-0.5481490703312875
2026-04-10,87.01399344739383,2.932,3.686,5858.87,-0.13776811301317385,-0.31000000000000005,-0.02815152337165383,-0.9228447632382577,-1.0,-1.0,-1.0,-1.0,-0.7190594252046346,-0.18991573662366346,-0.3267035876146108,-1.0,4,-1.0,-0.5589196873607272
2026-04-13,87.184522480751,2.942,3.715,5808.62,-0.13776811301317385,-0.3500000000000001,-0.0282799050942959,-0.9265464908530343,-1.0,-1.0,-1.0,-1.0,-0.7189333335798649,-0.2144586358457832,-0.32825413105663614,-1.0,4,-1.0,-0.565411525120571
2026-04-14,86.44368362782055,2.922,3.658,5967.75,-0.13776811301317385,-0.3640000000000003,-0.03520288994096621,-0.9612877935673696,-1.0,-1.0,-1.0,-1.0,-0.7188075825253927,-0.22307560263541493,-0.40867319123235746,-1.0,4,-1.0,-0.5876390940982913
2026-04-15,86.78278262018353,2.919,3.655,6091.39,-0.13776811301317385,-0.39400000000000013,-0.05220456793054762,-1.0423408618676733,-1.0,-1.0,-1.0,-1.0,-0.7186821710579211,-0.24150144998314582,-0.6060592608399916,-1.0,4,-1.0,-0.6415607204702647
2026-04-16,87.30794622604392,2.92,3.675,6226.05,-0.13776811301317385,-0.3849999999999998,-0.0322822115235768,-1.0601800305429445,-1.0,-1.0,-1.0,-1.0,-0.7185570981979431,-0.23602487895749075,-0.37483679183780577,-1.0,4,-1.0,-0.5823546922483098
2026-04-17,87.3390297139323,2.935,3.717,6191.92,-0.13776811301317385,-0.399,-0.030420052622148752,-1.0718789820892896,-1.0,-1.0,-1.0,-1.0,-0.718432362969724,-0.2446483667153137,-0.35327676667626684,-1.0,4,-1.0,-0.5790893740903261
2026-04-20,86.91844288393837,2.923,3.688,6219.09,-0.13776811301317385,-0.387,-0.024975927159881728,-1.0124339312940276,-1.0,-1.0,-1.0,-1.0,-0.7183079644012822,-0.23733058915283217,-0.29010961137719704,-1.0,4,-1.0,-0.5614370412328278
2026-04-21,87.09439371193675,2.917,3.655,6388.47,-0.13776811301317385,-0.4039999999999999,-0.03471604871807177,-1.0422048301796352,-1.0,-1.0,-1.0,-1.0,-0.7181839015243711,-0.24779698872360587,-0.40330861235299953,-1.0,4,-1.0,-0.5923223756502441
2026-04-22,87.44299191477685,2.933,3.697,6417.93,-0.13776811301317385,-0.4339999999999997,-0.03181447550408656,-1.0410864147953744,-1.0,-1.0,-1.0,-1.0,-0.7180601733744613,-0.2662401983165389,-0.36966236486340703,-1.0,4,-1.0,-0.5884906841386017
2026-04-23,87.11290701023654,2.975,3.791,6475.81,-0.13776811301317385,-0.4830000000000001,-0.05074169293730879,-1.0510200366670954,-1.0,-1.0,-1.0,-1.0,-0.7179367789907221,-0.296343517141243,-0.5896038338887696,-1.0,4,-1.0,-0.6509710325051836
2026-04-24,87.07824319334433,2.987,3.817,6475.63,-0.13776811301317385,-0.52,-0.0553050914214861,-1.0680474057491702,-1.0,-1.0,-1.0,-1.0,-0.7178137174160036,-0.31908911122618816,-0.6426223763672965,-1.0,4,-1.0,-0.6698813012523721
2026-04-27,86.90986330748713,2.986,3.82,6615.03,-0.13776811301317385,-0.5190000000000001,-0.0523673752499203,-1.0789602039364385,-1.0,-1.0,-1.0,-1.0,-0.7176909876968197,-0.31851980565506316,-0.6084989447040653,-1.0,4,-1.0,-0.661177434513987
2026-04-28,87.45266121757845,2.998,3.861,6641.02,-0.13776811301317385,-0.5740000000000003,-0.0506766222209718,-1.0829089237054308,-1.0,-1.0,-1.0,-1.0,-0.7175685888833286,-0.35231794425015406,-0.5888735065400591,-1.0,4,-1.0,-0.6646900099183854
2026-04-29,87.47302742567862,2.996,3.843,6690.9,-0.13776811301317385,-0.5800000000000001,-0.048978133153862125,-1.0883804233204166,-1.0,-1.0,-1.0,-1.0,-0.7174465200293171,-0.3560441670001186,-0.5691656437103902,-1.0,4,-1.0,-0.6606640826849565
2026-04-30,87.48478467249299,3.02,3.923,6598.87,-0.13776811301317385,-0.605,-0.04875656063432032,-1.08012602062323,-1.0,-1.0,-1.0,-1.0,-0.7173247801921816,-0.37143339704873585,-0.5666207879658175,-1.0,4,-1.0,-0.6638447413016837
2026-05-04,86.77546429434472,3.024,3.932,6936.99,-0.09858441667172399,-0.6120000000000001,-0.05701126813836499,-1.1171251425412796,-1.0,-1.0,-1.0,-1.0,-0.5133072934369514,-0.3757731419623781,-0.6625338501831327,-1.0,4,-1.0,-0.6379035713956156
2026-05-06,87.55893891564898,3.016,3.932,7384.56,-0.09858441667172399,-0.605,-0.04555260444840581,-1.178928256462458,-1.0,-1.0,-1.0,-1.0,-0.5133097670477603,-0.37151759260773665,-0.5294140073986972,-1.0,4,-1.0,-0.6035603417635486
2026-05-07,88.20266782112218,2.997,3.888,7490.05,-0.09858441667172399,-0.6029999999999998,-0.035044455091337134,-1.183894147987522,-1.0,-1.0,-1.0,-1.0,-0.5133123028869601,-0.3703320400621083,-0.40734979620884637,-1.0,4,-1.0,-0.5727485347894787
2026-05-08,88.54672754145842,3.008,3.909,7498.0,-0.09858441667172399,-0.6150000000000002,-0.02848218417785109,-1.1846701179275034,-1.0,-1.0,-1.0,-1.0,-0.5133149008219547,-0.3777438649793193,-0.33113198767911917,-1.0,4,-1.0,-0.5555476883700983
2026-05-11,87.59773160104932,3.022,3.95,7822.24,-0.09858441667172399,-0.6319999999999997,-0.03424932724265428,-1.2226087506440468,-1.0,-1.0,-1.0,-1.0,-0.5133175607204998,-0.38822663703303106,-0.3982426104931729,-1.0,4,-1.0,-0.574946702061676
2026-05-12,87.16500812589283,3.066,4.056,7643.15,-0.09858441667172399,-0.6919999999999997,-0.03917341547070485,-1.2145676596805277,-1.0,-1.0,-1.0,-1.0,-0.5133202824507013,-0.4251197685764507,-0.4555564380742318,-1.0,4,-1.0,-0.598499122275346
2026-05-13,86.63185659165737,3.068,4.044,7844.01,-0.09858441667172399,-0.694,-0.05390573252103614,-1.235904959316329,-1.0,-1.0,-1.0,-1.0,-0.5133230658810133,-0.4263844233598203,-0.6268849619712,-1.0,4,-1.0,-0.6416481128030084
2026-05-14,86.04882917907246,3.08,4.085,7981.41,-0.09858441667172399,-0.73,-0.053220601740520124,-1.2502916815054692,-1.0,-1.0,-1.0,-1.0,-0.5133259108802383,-0.4485341715884391,-0.6189247626668263,-1.0,4,-1.0,-0.6451962112838759
2026-05-15,86.30201133234375,3.138,4.217,7493.18,-0.09858441667172399,-0.7919999999999998,-0.07435344542997235,-1.1940054452826458,-1.0,-1.0,-1.0,-1.0,-0.5133288173175254,-0.48665124380249375,-0.8644730936693599,-1.0,4,-1.0,-0.7161132886973447
2026-05-18,86.01289148312216,3.147,4.239,7516.04,-0.09858441667172399,-0.8009999999999997,-0.07888288185872039,-1.195828704343062,-1.0,-1.0,-1.0,-1.0,-0.5133317850623695,-0.49220218047653214,-0.9168445077128927,-1.0,4,-1.0,-0.7305946183129486
2026-05-19,85.80030566836426,3.153,4.21,7271.66,-0.09858441667172399,-0.8119999999999998,-0.07441405162480219,-1.1476578918876914,-1.0,-1.0,-1.0,-1.0,-0.5133348139846093,-0.49898029452353565,-0.8646900683475321,-1.0,4,-1.0,-0.7192512942139193
2026-05-20,85.84645504248334,3.163,4.198,7208.95,-0.09858441667172399,-0.815,-0.07945153503086644,-1.134658635580494,-1.0,-1.0,-1.0,-1.0,-0.5133379039544271,-0.5008420686717879,-0.9229266841873635,-1.0,4,-1.0,-0.7342766642033947
2026-05-21,85.50028072105968,3.165,4.174,7815.59,-0.09858441667172399,-0.8460000000000001,-0.07128185008113874,-1.201605653920983,-1.0,-1.0,-1.0,-1.0,-0.5133410548423475,-0.519904358715052,-0.8278595800182852,-1.0,4,-1.0,-0.7152762483939211
2026-05-22,85.79381030699501,3.161,4.128,7847.71,-0.09858441667172399,-0.847,-0.0670141467537464,-1.2086085024256203,-1.0,-1.0,-1.0,-1.0,-0.5133442665192358,-0.5205305989665354,-0.7781839002334753,-1.0,4,-1.0,-0.7030146914298117
2026-05-26,85.19433469750503,3.144,4.073,8047.51,-0.09858441667172399,-0.8560000000000003,-0.08497160928712777,-1.2313297034388853,-1.0,-1.0,-1.0,-1.0,-0.5133475388562977,-0.5260713503038233,-0.9863032722816538,-1.0,4,-1.0,-0.7564305403604437
2026-05-27,85.48466593341678,3.157,4.102,8228.7,-0.09858441667172399,-0.8620000000000001,-0.08475961493030493,-1.2592020782420916,-1.0,-1.0,-1.0,-1.0,-0.5133508717250771,-0.5297671715786824,-0.9834416545921316,-1.0,4,-1.0,-0.7566399244739728
2026-05-28,85.81836546204667,3.177,4.147,8185.29,-0.09858441667172399,-0.8959999999999999,-0.07779033833393179,-1.2608551276759774,-1.0,-1.0,-1.0,-1.0,-0.5133542649974561,-0.5506628611916631,-0.9023144606228362,-1.0,4,-1.0,-0.7415828967029888
2026-05-29,85.53446545969742,3.174,4.068,8476.15,-0.09858441667172399,-0.8929999999999998,-0.08463052526450099,-1.2765945132582053,-1.0,-1.0,-1.0,-1.0,-0.513357718545653,-0.548819997333772,-0.9812602772124563,-1.0,4,-1.0,-0.7608594982729704
2026-06-01,85.65958498862078,3.197,4.174,8788.38,-0.14055714114901935,-0.9170000000000003,-0.08617662504073031,-1.3338765332226827,-1.0,-1.0,-1.0,-1.0,-0.7317904379747664,-0.5635643406925005,-0.9987587799392778,-1.0,4,-1.0,-0.8235283896516361
2026-06-02,85.1526316121727,3.193,4.135,8801.49,-0.14055714114901935,-0.911,-0.09842443564582037,-1.3319765252238265,-1.0,-1.0,-1.0,-1.0,-0.7316593286888428,-0.5598730949178984,-1.0,-1.0,4,-1.0,-0.8228831059016852
2026-06-04,85.08047143697446,3.23,4.229,8639.41,-0.14055714114901935,-0.9500000000000002,-0.0978796415007972,-1.300930096969976,-1.0,-1.0,-1.0,-1.0,-0.7315285685439302,-0.5838260810150504,-1.0,-1.0,4,-1.0,-0.8288386623897451
2026-06-05,84.41212693455594,3.239,4.254,8160.59,-0.14055714114901935,-0.9630000000000001,-0.11330015504086344,-1.25319113825453,-1.0,-1.0,-1.0,-1.0,-0.7313981565342647,-0.5917959952608542,-1.0,-1.0,4,-1.0,-0.8307985379487797
2026-06-08,83.75261935705318,3.263,4.348,7484.41,-0.14055714114901935,-0.9929999999999999,-0.12068553401728277,-1.1620475398400796,-1.0,-1.0,-1.0,-1.0,-0.7312680916579537,-0.6102026128653352,-1.0,-1.0,4,-1.0,-0.8353676761308222
2026-06-09,83.6159854358252,3.249,4.273,8096.93,-0.14055714114901935,-0.9730000000000003,-0.11881097275100405,-1.2116578307411479,-1.0,-1.0,-1.0,-1.0,-0.7311383729169576,-0.5978901904186045,-1.0,-1.0,4,-1.0,-0.8322571408338906
2026-06-10,85.12494731249328,3.25,4.273,7730.82,-0.14055714114901935,-0.9740000000000002,-0.09503221502846149,-1.1717864996997824,-1.0,-1.0,-1.0,-1.0,-0.7310089993170711,-0.5984821243605851,-1.0,-1.0,4,-1.0,-0.832372780919414
2026-06-11,84.92709034636458,3.257,4.3,7763.95,-0.14055714114901935,-0.9860000000000002,-0.1020183711225755,-1.1771810065604045,-1.0,-1.0,-1.0,-1.0,-0.7308799698679037,-0.6058291007647334,-1.0,-1.0,4,-1.0,-0.8341772676581592
2026-06-12,84.57625137633457,3.239,4.195,8123.62,-0.14055714114901935,-0.9459999999999997,-0.1058623946855084,-1.179705344310458,-1.0,-1.0,-1.0,-1.0,-0.7307512835828622,-0.5812385726949117,-1.0,-1.0,4,-1.0,-0.8279974640694435
2026-06-15,84.83230452742616,3.238,4.118,8545.98,-0.14055714114901935,-0.9540000000000002,-0.10361322960957065,-1.209707242213769,-1.0,-1.0,-1.0,-1.0,-0.7306229394791317,-0.5861382446719043,-1.0,-1.0,4,-1.0,-0.8291902960377591
2026-06-16,85.33598235327169,3.263,4.11,8726.6,-0.14055714114901935,-0.9849999999999999,-0.10849492359698587,-1.216474323343499,-1.0,-1.0,-1.0,-1.0,-0.7304949365776567,-0.6051588797179406,-1.0,-1.0,4,-1.0,-0.8339134540738993
2026-06-17,85.19063824821654,3.268,4.071,8864.24,-0.14055714114901935,-0.9909999999999997,-0.11037295134742653,-1.2262687840408877,-1.0,-1.0,-1.0,-1.0,-0.7303672739031248,-0.608817386829037,-1.0,-1.0,4,-1.0,-0.8347961651830405
2026-06-18,85.34948774964441,3.283,4.118,9063.84,-0.14055714114901935,-1.0,-0.10725313731519126,-1.2396374899472473,-1.0,-1.0,-1.0,-1.0,-0.7302399504839466,-0.6143157068693206,-1.0,-1.0,4,-1.0,-0.8361389143383168
2026-06-19,84.88279493411027,3.3,4.171,9052.42,-0.14055714114901935,-1.0149999999999997,-0.10499235994674727,-1.2389582350808412,-1.0,-1.0,-1.0,-1.0,-0.7301129653522381,-0.6234942831978971,-1.0,-1.0,4,-1.0,-0.8384018121375338
2026-06-22,84.32055172442709,3.31,4.195,9114.55,-0.14055714114901935,-1.0180000000000002,-0.11495557703894832,-1.2570981961251997,-1.0,-1.0,-1.0,-1.0,-0.729986317543804,-0.6252999931091143,-1.0,-1.0,4,-1.0,-0.8388215776632296
2026-06-23,84.31141472404295,3.303,4.171,8203.84,-0.14055714114901935,-1.005,-0.11273886138591571,-1.128490011802892,-1.0,-1.0,-1.0,-1.0,-0.7298600060981186,-0.6172826672718822,-1.0,-1.0,4,-1.0,-0.8367856683425002
2026-06-24,84.34844819205652,3.306,4.171,8471.02,-0.14055714114901935,-1.0270000000000001,-0.11429965063007508,-1.1589840663465625,-1.0,-1.0,-1.0,-1.0,-0.7297340300583087,-0.6307550746321525,-1.0,-1.0,4,-1.0,-0.8401222761726153
2026-06-25,84.43664497771893,3.301,4.144,8930.3,-0.14055714114901935,-1.0110000000000001,-0.11703399205323617,-1.2015909341234454,-1.0,-1.0,-1.0,-1.0,-0.7296083884711358,-0.620894265102087,-1.0,-1.0,4,-1.0,-0.8376256633933057
2026-06-26,84.02006097003583,3.294,4.117,8411.21,-0.14055714114901935,-0.9990000000000001,-0.11385693367931893,-1.1378407164403908,-1.0,-1.0,-1.0,-1.0,-0.729483080386979,-0.6134950472330696,-1.0,-1.0,4,-1.0,-0.8357445319050121
2026-06-29,84.02105932476297,3.304,4.144,8394.65,-0.14055714114901935,-1.012,-0.10971860037511849,-1.1238886807979456,-1.0,-1.0,-1.0,-1.0,-0.7293581048598168,-0.6214443464760788,-1.0,-1.0,4,-1.0,-0.8377006128339739
2026-06-30,84.15442719675504,3.298,4.091,8476.48,-0.14055714114901935,-0.9910000000000001,-0.1160026553348752,-1.1313112422900364,-1.0,-1.0,-1.0,-1.0,-0.729233460947211,-0.6085223064615904,-1.0,-1.0,4,-1.0,-0.8344389418522004
2026-07-01,83.83243277077983,3.34,4.205,8303.41,-0.1777269707687354,-1.0429999999999997,-0.11067638392245716,-1.0946506575896149,-1.0,-1.0,-1.0,-1.0,-0.9217193037745824,-0.6404071141634892,-1.0,-1.0,4,-1.0,-0.890531604484518
2026-07-02,83.53544514946584,3.335,4.183,7648.09,-0.1777269707687354,-1.037,-0.12382256114807255,-1.0094360766113775,-1.0,-1.0,-1.0,-1.0,-0.9213630182890811,-0.6366799134022191,-1.0,-1.0,4,-1.0,-0.889510732922825
2026-07-03,83.49893861433794,3.335,4.197,8088.34,-0.1777269707687354,-1.041,-0.1260837026903232,-1.0783567887835912,-1.0,-1.0,-1.0,-1.0,-0.9210077621817048,-0.639091186259653,-1.0,-1.0,4,-1.0,-0.8900247371103395
2026-07-06,84.19536497505227,3.337,4.203,8051.33,-0.1777269707687354,-1.0330000000000004,-0.11860798287003327,-1.0821900575712065,-1.0,-1.0,-1.0,-1.0,-0.9206535314807178,-0.6341385551832922,-1.0,-1.0,4,-1.0,-0.8886980216660025
2026-07-07,84.69644536000229,3.338,4.213,7656.31,-0.1777269707687354,-1.036,-0.11331082387772273,-1.025938990182243,-1.0,-1.0,-1.0,-1.0,-0.9203003222352429,-0.6359379281882109,-1.0,-1.0,4,-1.0,-0.8890595626058635
2026-07-08,85.08627573499744,3.341,4.245,7246.79,-0.1777269707687354,-1.04,-0.10955625767770716,-0.9693807963134872,-1.0,-1.0,-1.0,-1.0,-0.9199481305151223,-0.6383496177243134,-1.0,-1.0,4,-1.0,-0.889574437059859
2026-07-09,86.0365871273793,3.341,4.25,7291.91,-0.1777269707687354,-1.0310000000000001,-0.09905226112006638,-0.9768811011840832,-1.0,-1.0,-1.0,-1.0,-0.9195969524107787,-0.632785444280303,-1.0,-1.0,4,-1.0,-0.8880955991727704
2026-07-10,86.32703137475109,3.339,4.23,7475.94,-0.1777269707687354,-1.037,-0.09102978522455452,-0.9883330900735747,-1.0,-1.0,-1.0,-1.0,-0.919246784033079,-0.6364258442167255,-1.0,-1.0,4,-1.0,-0.8889181570624511
2026-07-13,86.10287388822675,3.349,4.263,6806.93,-0.1777269707687354,-1.0380000000000003,-0.09468139779698692,-0.9161973252488338,-1.0,-1.0,-1.0,-1.0,-0.9188976215131975,-0.6369971868917438,-1.0,-1.0,4,-1.0,-0.8889737021012354
2026-07-14,86.29577180873454,3.375,4.333,6856.83,-0.1777269707687354,-1.0619999999999998,-0.08765896080003532,-0.926443537463121,-1.0,-1.0,-1.0,-1.0,-0.918549461002481,-0.6516735666110032,-0.9906688737831586,-1.0,4,-1.0,-0.8902229753491607
2026-07-15,86.99054958581931,3.368,4.327,7284.41,-0.1777269707687354,-1.0579999999999998,-0.07993727644584325,-0.9679233472890221,-1.0,-1.0,-1.0,-1.0,-0.9182022986723157,-0.649169014908154,-0.9031544843998379,-1.0,4,-1.0,-0.8676314494950769
2026-07-16,87.07817156695042,3.364,4.297,6820.6,-0.1777269707687354,-1.0549999999999997,-0.07847799353614793,-0.8931602651049944,-1.0,-1.0,-1.0,-1.0,-0.9178561307139932,-0.6472796453187735,-0.8864424934600265,-1.0,4,-1.0,-0.8628945673731983
2026-07-20,87.51394423669872,3.38,4.336,6516.27,-0.1777269707687354,-1.085,-0.0697477301945284,-0.8381657217807365,-1.0,-1.0,-1.0,-1.0,-0.91751095333858,-0.6656245768317897,-0.7877228572058298,-1.0,4,-1.0,-0.8427145968440499
2026-07-21,87.62294870413066,3.373,4.328,6747.95,-0.1777269707687354,-1.0700000000000003,-0.06857469180093378,-0.8740886324268775,-1.0,-1.0,-1.0,-1.0,-0.9171667627767855,-0.6563679315637891,-0.7743803735865571,-1.0,4,-1.0,-0.836978766981783
2026-07-22,88.00169345191803,3.38,4.394,6797.7,-0.1777269707687354,-1.0669999999999997,-0.06368677541061185,-0.8734393359985672,-1.0,-1.0,-1.0,-1.0,-0.9168235552788342,-0.6544746400555737,-0.7191367672871994,-1.0,4,-1.0,-0.8226087406554018
2026-07-23,87.72272975618054,3.381,4.392,7096.89,-0.1777269707687354,-1.073,-0.06513886658636014,-0.9129422142611895,-1.0,-1.0,-1.0,-1.0,-0.9164813271143348,-0.6580995679215724,-0.7354739470488892,-1.0,4,-1.0,-0.8275137105211992
2026-07-24,88.50151841909015,3.391,4.447,6690.62,-0.1777269707687354,-1.084,-0.05459767733754273,-0.8674210692915644,-1.0,-1.0,-1.0,-1.0,-0.9161400745721546,-0.664786291399535,-0.6164711073295235,-1.0,4,-1.0,-0.7993493683253032
2026-07-27,88.67403451461966,3.375,4.333,6755.75,-0.1777269707687354,-1.0579999999999998,-0.0490192148844919,-0.8638954665253363,-1.0,-1.0,-1.0,-1.0,-0.9157997939602922,-0.6487925134523854,-0.5535243941416169,-1.0,4,-1.0,-0.7795291753885737
2026-07-28,88.66191549540014,3.37,4.289,6023.66,-0.1777269707687354,-1.0550000000000002,-0.047084531693657006,-0.749559329974755,-1.0,-1.0,-1.0,-1.0,-0.9154604816057519,-0.6469055145995888,-0.5317247980168578,-1.0,4,-1.0,-0.7735226985555497
2026-07-29,88.64483795598609,3.365,4.257,5663.24,-0.1777269707687354,-1.0540000000000003,-0.04670311750137568,-0.6796329248383752,-1.0,-1.0,-1.0,-1.0,-0.9151221338544191,-0.6462455925674625,-0.527465438844278,-1.0,4,-1.0,-0.7722082913165399
2026-07-30,89.53503974110968,3.38,4.311,5593.56,-0.1777269707687354,-1.0659999999999998,-0.03556195717349109,-0.6856632757184394,-1.0,-1.0,-1.0,-1.0,-0.9147847470709376,-0.6535517720333504,-0.40170072265016826,-1.0,4,-1.0,-0.742509310438614
2026-07-31,89.88308297088334,3.365,4.261,6595.45,-0.1777269707687354,-1.0510000000000002,-0.034569122178156775,-0.8427939881596395,-1.0,-1.0,-1.0,-1.0,-0.9144483176385861,-0.644310267251206,-0.390549565577508,-1.0,4,-1.0,-0.737327037616825
2026-08-03,90.22362683443308,3.358,4.264,6257.45,-0.24277019985924306,-1.0420000000000003,-0.034549165767095324,-0.7868107812017362,-1.0,-1.0,-1.0,-1.0,-1.0,-0.638751382764941,-0.3903878054517622,-1.0,4,-1.0,-0.7572847970541758
2026-08-04,90.55026685902938,3.357,4.26,6358.95,-0.24277019985924306,-1.0390000000000001,-0.03880842982230881,-0.800347597045488,-1.0,-1.0,-1.0,-1.0,-1.0,-0.6368722104842609,-0.43857734195962234,-1.0,4,-1.0,-0.7688623881109709
2026-08-05,90.60881949679,3.344,4.15,6598.26,-0.24277019985924306,-1.0339999999999998,-0.034091058395773643,-0.8263645846600558,-1.0,-1.0,-1.0,-1.0,-1.0,-0.6337692894938405,-0.3853295816094114,-1.0,4,-1.0,-0.754774717775813
2026-08-06,90.73462264356304,3.368,4.195,6296.38,-0.24277019985924306,-1.068,-0.03291060180900285,-0.7770762728215161,-1.0,-1.0,-1.0,-1.0,-1.0,-0.6545575164272607,-0.3720503086208692,-1.0,4,-1.0,-0.7566519562620324
2026-08-07,91.17225600867866,3.367,4.208,6258.77,-0.24277019985924306,-1.072,-0.02098078543748194,-0.766834244201195,-1.0,-1.0,-1.0,-1.0,-1.0,-0.6569561873390272,-0.23723399694173453,-1.0,4,-1.0,-0.7235475460701903
2026-08-10,91.01408083200492,3.384,4.239,6299.66,-0.24277019985924306,-1.0869999999999997,-0.031073213798303634,-0.7795647295027184,-1.0,-1.0,-1.0,-1.0,-1.0,-0.6660896362914303,-0.35141356538425667,-1.0,4,-1.0,-0.7543758004189217
2026-08-11,91.33978915845827,3.395,4.301,6345.53,-0.24277019985924306,-1.092,-0.023781426269440686,-0.8276267466415927,-1.0,-1.0,-1.0,-1.0,-1.0,-0.6690925207745839,-0.2690029922637736,-1.0,4,-1.0,-0.7345238782595893
2026-08-12,91.36796116839317,3.397,4.294,6579.04,-0.24277019985924306,-1.1309999999999998,-0.014573854517551332,-0.8584809261370653,-1.0,-1.0,-1.0,-1.0,-1.0,-0.6929100104370594,-0.1648866879725098,-1.0,4,-1.0,-0.7144491746023922
2026-08-13,91.35891763199716,3.396,4.298,6813.34,-0.24277019985924306,-1.129,-0.02364446915733609,-0.8789168407287331,-1.0,-1.0,-1.0,-1.0,-1.0,-0.6916072386761168,-0.26756398704795364,-1.0,4,-1.0,-0.7397928064310176
2026-08-14,91.35187841772404,3.402,4.313,6977.94,-0.24277019985924306,-1.133,-0.022809746877674897,-0.9029043534609229,-1.0,-1.0,-1.0,-1.0,-1.0,-0.6939784389520649,-0.2581702708864762,-1.0,4,-1.0,-0.7380371774596353
2026-08-18,91.29544171969948,3.425,4.382,6869.83,-0.24277019985924306,-1.162,-0.020467997936521876,-0.8841757477548988,-1.0,-1.0,-1.0,-1.0,-1.0,-0.7116480593493045,-0.2317131124768104,-1.0,4,-1.0,-0.7358402929565286
2026-08-19,91.5772731056983,3.396,4.337,6471.17,-0.24277019985924306,-1.133,-0.019549762523159764,-0.8259628743836601,-1.0,-1.0,-1.0,-1.0,-1.0,-0.6938088560404625,-0.22136388041786528,-1.0,4,-1.0,-0.7287931841145819
2026-08-20,91.98458395679992,3.404,4.323,6852.58,-0.24277019985924306,-1.138,-0.014712203993690665,-0.8827210236754511,-1.0,-1.0,-1.0,-1.0,-1.0,-0.696789894644597,-0.16662292409316662,-1.0,4,-1.0,-0.7158532046844409
2026-08-21,92.49085715070242,3.416,4.376,6912.95,-0.24277019985924306,-1.146,-0.008887899988789805,-0.8994037609544693,-1.0,-1.0,-1.0,-1.0,-1.0,-0.7016038057306271,-0.10068089302086507,-1.0,4,-1.0,-0.7005711746878731
2026-08-24,93.10827766661744,3.407,4.335,6696.96,-0.24277019985924306,-1.142,4.57089038086167e-06,-0.8529961097589651,-1.0,-1.0,1.0,-1.0,-1.0,-0.6990727116776632,5.1788358809293854e-05,-1.0,4,-0.5,-0.6747552308297134
2026-08-25,93.36119057855149,3.409,4.32,6742.74,-0.24277019985924306,-1.1479999999999997,-0.0009117826633495696,-0.8599687900315955,-1.0,-1.0,-1.0,-1.0,-1.0,-0.702660697816306,-0.010332542253988638,-1.0,4,-1.0,-0.6782483100175736
2026-08-26,93.14025598502674,3.413,4.288,6808.21,-0.24277019985924306,-1.1469999999999998,-0.0044680783535024915,-0.8781837519957045,-1.0,-1.0,-1.0,-1.0,-1.0,-0.7019644788035985,-0.05064361165998822,-1.0,4,-1.0,-0.6881520226158966
2026-08-27,93.05500160229136,3.399,4.238,6912.37,-0.24277019985924306,-1.1310000000000002,-0.004502428898090827,-0.8958149918187972,-1.0,-1.0,-1.0,-1.0,-1.0,-0.6920963016555995,-0.051043303663975956,-1.0,4,-1.0,-0.6857849013298938
2026-08-28,93.32298625888626,3.423,4.284,6788.88,-0.24277019985924306,-1.1560000000000001,0.00061189728328781,-0.8887042213792191,-1.0,-1.0,1.0,-1.0,-1.0,-0.70730653672711,0.006938298367530424,-1.0,4,-0.5,-0.6750920595898948
2026-08-31,93.65313084196852,3.441,4.313,6820.02,-0.24277019985924306,-1.1749999999999998,0.009537807806226262,-0.8925256178337848,-1.0,-1.0,1.0,-1.0,-1.0,-0.718834290656601,0.10816583512527697,-1.0,4,-0.5,-0.652667113882831
2026-09-01,93.82384699938892,3.458,4.371,6835.8,-0.31174744885125083,-1.189,0.010282279489177704,-0.8897226312496316,-1.0,-1.0,1.0,-1.0,-1.0,-0.7272944840612404,0.11662627400320118,-1.0,4,-0.5,-0.6526670525145098
2026-09-02,94.0730534497246,3.475,4.418,6562.72,-0.31174744885125083,-1.217,0.013850998074119047,-0.8404578286817017,-1.0,-1.0,1.0,-1.0,-1.0,-0.7443018759627652,0.1571248969523068,-1.0,4,-0.5,-0.6467942447526146
2026-09-03,94.13914416220962,3.46,4.367,6579.48,-0.31174744885125083,-1.21,0.007336592028057254,-0.8478357961834078,-1.0,-1.0,1.0,-1.0,-1.0,-0.7399052515057825,0.08323957413941266,-1.0,4,-0.5,-0.6641664193415924
2026-09-04,94.67631054732551,3.46,4.367,6687.21,-0.31174744885125083,-1.2199999999999998,0.016487069935990917,-0.8644265086672932,-1.0,-1.0,1.0,-1.0,-1.0,-0.7458993411174822,0.18708063747670262,-1.0,4,-0.5,-0.639704675910195
2026-09-07,94.92491775639918,3.46,4.367,6995.39,-0.31174744885125083,-1.2159999999999997,0.02231694773729398,-0.9074112126250358,-1.0,-1.0,1.0,-1.0,-1.0,-0.7433355626298496,0.2532515759867951,-1.0,4,-0.5,-0.6225209966607637
